ClienteID,NombreCliente,FechaDesembolso,Monto,Sucursal,DiasAtraso,EtapaCredito,Sexo,SegmentoEdad,UltimaActualizacion
1,Brandon Russell,2025-07-11,16225,104,35,0SANA,F,36-45,2025-07-28 22:33:40
2,Steven Johnson,2023-09-17,18230,101,97,1_30D,F,36-45,2025-08-11 14:17:30
3,Evelyn Christian,2025-01-21,15877,105,0,0SANA,M,36-45,2025-08-01 00:12:32
4,George Cook,2023-12-07,8263,104,42,0SANA,M,56+,2025-08-31 06:16:46
5,Aaron Graham,2024-01-13,13935,102,93,0SANA,M,36-45,2025-08-09 16:18:36
6,Kyle Jones,2024-07-08,596,105,10,1_30D,F,36-45,2025-08-19 18:48:52
7,Jerome Whitehead,2024-05-08,6164,101,93,1_30D,M,26-35,2025-08-08 16:10:11
8,Charles Tyler,2024-01-03,1442,101,42,31_60D,F,36-45,2025-09-02 10:16:50
9,Thomas Berry,2024-03-04,611,104,74,61_90D,M,46-55,2025-09-01 11:42:31
10,Ryan Mack,2024-08-05,3981,103,61,1_30D,F,46-55,2025-08-23 03:38:43
11,Robert Clark,2023-10-07,18247,103,33,0SANA,F,36-45,2025-09-04 17:49:23
12,Kelsey Pacheco,2024-10-03,3394,105,9,0SANA,F,36-45,2025-08-01 14:04:09
13,James Hammond,2025-07-27,3825,101,89,31_60D,F,46-55,2025-08-02 02:35:26
14,Melinda Little,2025-01-12,15444,101,45,0SANA,M,26-35,2025-08-21 17:39:03
15,Stefanie Tucker,2023-12-10,17976,101,47,0SANA,F,26-35,2025-08-16 08:59:38
16,Jade Johnson,2025-05-24,8485,104,52,0SANA,M,36-45,2025-08-04 03:41:52
17,Catherine Wilkins,2024-08-28,18731,101,7,31_60D,M,56+,2025-08-11 13:07:28
18,Mary Jackson,2025-01-19,13239,102,34,1_30D,F,18-25,2025-08-30 20:40:27
19,James Jones,2023-08-28,6984,105,35,1_30D,M,36-45,2025-08-02 19:57:06
20,Kenneth Rogers,2023-12-26,16923,102,10,0SANA,F,46-55,2025-08-16 18:52:04
21,Brandon Fuller,2023-09-09,18230,104,76,0SANA,F,36-45,2025-08-30 02:53:31
22,Harold Perez,2024-04-05,7148,101,59,0SANA,F,36-45,2025-09-04 20:52:44
23,Misty Stout,2025-01-26,18043,102,94,1_30D,F,18-25,2025-08-09 06:58:31
24,Wendy Maynard,2024-07-23,4695,101,20,1_30D,F,36-45,2025-08-03 02:52:26
25,Cynthia Webb,2024-08-20,2928,104,72,1_30D,M,56+,2025-08-08 08:12:45
26,William Wallace,2024-12-10,8528,105,72,0SANA,F,18-25,2025-08-10 16:34:56
27,Amanda Taylor,2023-09-13,3752,101,80,31_60D,F,26-35,2025-08-02 09:09:43
28,David Bell,2023-12-20,18266,104,37,31_60D,F,36-45,2025-08-24 12:30:09
29,Jeffrey Fisher,2024-10-28,12394,105,90,0SANA,M,18-25,2025-08-27 16:30:09
30,Arthur Kelly,2025-03-18,2838,104,8,0SANA,F,18-25,2025-08-03 00:13:12
31,Jeffrey Smith,2023-10-29,17472,101,21,0SANA,M,46-55,2025-08-28 14:39:47
32,Angel Benson,2024-04-08,10396,103,12,31_60D,M,46-55,2025-08-08 21:28:56
33,William Baker,2024-12-01,12894,104,11,1_30D,F,26-35,2025-08-06 17:04:34
34,Paul Rogers,2024-04-03,17721,101,46,1_30D,F,18-25,2025-08-17 05:39:59
35,Mark Booker,2025-03-31,3124,104,-5,31_60D,M,26-35,2025-07-28 11:38:20
36,Jennifer Robbins,2024-01-24,1942,103,74,0SANA,F,18-25,2025-08-08 02:06:52
37,Jacqueline Young,2025-08-23,9518,102,33,1_30D,M,26-35,2025-08-12 22:36:28
38,Shawn Brown,2024-06-01,10110,105,40,31_60D,F,18-25,2025-08-01 17:05:39
39,Kimberly Thomas,2025-08-04,14529,105,76,1_30D,F,46-55,2025-08-03 00:20:38
40,Sydney Parsons,2024-09-02,16131,105,-2,0SANA,M,46-55,2025-08-11 12:22:26
41,Cameron Proctor,2024-04-20,10481,103,84,31_60D,F,18-25,2025-08-02 18:15:26
42,Lori Pham,2025-04-06,18273,105,10,31_60D,F,46-55,2025-08-03 08:45:46
43,Antonio Taylor,2025-07-11,11918,101,29,1_30D,M,46-55,2025-08-02 18:35:59
44,Hannah Pitts,2024-05-20,11460,101,63,0SANA,F,26-35,2025-08-11 20:53:38
45,Veronica Barnett,2025-04-21,8450,103,81,31_60D,M,18-25,2025-08-11 05:50:23
46,Rick Johnson,2024-01-21,8947,102,32,0SANA,F,36-45,2025-09-01 02:03:12
47,Shelby Robertson,2024-01-05,3816,105,18,31_60D,F,36-45,2025-08-18 08:41:37
48,Jonathan Gardner,2023-10-27,17834,103,81,1_30D,M,26-35,2025-08-02 16:10:17
49,Steven Peterson,2023-12-08,18037,105,16,1_30D,F,26-35,2025-09-04 06:44:28
50,Jonathan Harris,2023-12-18,9247,102,38,31_60D,F,26-35,2025-08-04 11:24:28
51,James Mays,2024-03-25,3758,103,54,1_30D,M,26-35,2025-08-22 06:11:53
52,Craig Gonzalez,2024-06-18,10073,104,94,31_60D,M,56+,2025-08-20 17:14:54
53,Stephanie Lee DDS,2024-02-26,9387,101,58,31_60D,F,46-55,2025-08-30 09:34:04
54,Evan Peterson,2024-02-24,7078,101,2,0SANA,M,26-35,2025-08-04 23:17:19
55,Tanya Lamb,2025-02-05,10696,104,89,61_90D,F,56+,2025-08-17 12:09:21
56,Rachel Webb,2025-01-12,8492,101,78,1_30D,F,56+,2025-08-12 19:03:03
57,Paula Scott,2025-05-16,1829,103,50,0SANA,M,46-55,2025-08-24 20:22:33
58,Laura Tucker,2024-04-04,16640,103,96,1_30D,M,36-45,2025-07-29 02:29:23
59,Danny Mason,2023-10-30,5126,105,68,61_90D,M,36-45,2025-08-22 12:44:32
60,Mark Villanueva,2025-06-09,10229,105,13,0SANA,F,36-45,2025-08-12 12:51:09
61,Lisa Simpson,2025-04-04,14887,101,1,31_60D,M,36-45,2025-08-10 07:04:30
62,Barbara Williams,2023-11-08,5536,101,73,1_30D,M,56+,2025-08-05 03:27:41
63,Heidi Caldwell,2024-11-24,9034,101,85,1_30D,F,36-45,2025-09-01 05:08:45
64,Ian Townsend,2024-06-21,15351,103,20,1_30D,M,18-25,2025-08-26 19:48:07
65,Paul Hoover,2025-06-17,19593,102,64,0SANA,M,18-25,2025-08-06 02:44:22
66,William Brown,2025-08-07,3021,104,49,0SANA,F,56+,2025-08-01 21:00:23
67,Jonathan Calderon,2023-12-21,10205,103,18,0SANA,F,46-55,2025-08-21 17:18:42
68,Justin Richardson,2023-12-30,5974,102,59,0SANA,M,56+,2025-09-01 08:21:20
69,Barbara Baker,2024-11-08,6527,102,79,0SANA,M,18-25,2025-07-31 10:13:22
70,Erica Raymond,2024-01-01,12023,101,75,0SANA,F,36-45,2025-09-02 06:16:32
71,James Rodriguez,2024-10-10,9938,105,63,0SANA,M,36-45,2025-08-31 21:54:28
72,Tracey Nguyen,2025-01-24,17146,102,51,61_90D,M,46-55,2025-08-05 10:14:10
73,Deborah Gonzales,2024-09-15,15101,105,-5,0SANA,M,18-25,2025-08-13 03:40:33
74,Danielle Vaughn,2024-11-12,17995,101,6,0SANA,F,56+,2025-08-11 18:59:04
75,Susan Hill,2024-09-15,9730,101,54,0SANA,M,36-45,2025-09-04 20:01:37
76,Catherine Smith,2025-02-27,14810,103,18,1_30D,F,46-55,2025-09-02 16:13:30
77,Morgan Woods,2024-10-05,15303,105,30,0SANA,F,46-55,2025-09-04 11:26:23
78,Zachary Thomas,2023-11-14,1722,105,11,61_90D,M,46-55,2025-08-12 08:26:46
79,Stephanie Walker,2025-05-25,6784,105,12,61_90D,M,18-25,2025-08-01 21:20:42
80,Julie Lam,2024-07-18,938,101,27,61_90D,M,36-45,2025-08-27 14:10:09
81,Patricia Roberts,2024-11-08,3087,104,53,0SANA,F,46-55,2025-09-04 13:19:09
82,Vicki Flores,2025-06-17,11546,101,34,0SANA,F,18-25,2025-08-10 02:22:50
83,Michael Brown,2024-02-09,8069,102,45,31_60D,F,18-25,2025-08-13 09:56:22
84,Christopher Perry,2025-01-07,12721,103,-4,1_30D,M,56+,2025-08-21 16:26:43
85,Lawrence Crawford,2025-08-03,18786,101,52,1_30D,M,26-35,2025-08-04 20:19:08
86,Anthony Warren,2025-02-17,19125,101,-3,61_90D,M,46-55,2025-08-26 03:27:40
87,Tammy Franco,2024-06-18,3363,101,53,0SANA,M,46-55,2025-07-28 10:14:06
88,Sean Mcdonald,2023-12-03,19425,102,51,0SANA,M,18-25,2025-08-24 09:09:08
89,Brandon Ramos,2025-03-25,12804,103,97,0SANA,M,18-25,2025-09-02 03:16:06
90,Diana Lee,2024-02-04,2169,103,34,31_60D,M,46-55,2025-08-09 23:04:49
91,Andrea Ayers,2024-12-31,9825,103,95,0SANA,M,26-35,2025-08-22 20:23:23
92,Rick Rodriguez,2024-03-12,5706,104,84,61_90D,M,36-45,2025-08-15 11:21:52
93,Pamela Graham,2025-03-18,4642,101,29,1_30D,F,36-45,2025-08-21 17:27:22
94,Johnny Lee,2025-04-02,8963,101,61,1_30D,F,26-35,2025-08-06 01:50:11
95,David Johnson,2024-10-25,15132,102,45,0SANA,M,18-25,2025-08-15 03:45:46
96,Angel Ho,2024-05-15,12065,103,70,0SANA,F,46-55,2025-08-08 04:18:53
97,Matthew Payne,2024-12-03,10135,105,19,31_60D,F,46-55,2025-08-03 04:07:01
98,Todd Cross,2025-02-13,4497,104,0,1_30D,F,56+,2025-08-08 02:29:19
99,Jessica Carter,2025-07-29,17863,101,62,0SANA,F,26-35,2025-08-02 02:40:49
100,Brian Lambert,2024-06-12,12625,104,-5,0SANA,M,18-25,2025-08-28 22:22:04
101,Christy Johnson,2023-11-21,18394,104,57,0SANA,F,46-55,2025-08-01 04:44:58
102,Christian Walker,2025-02-23,821,105,82,31_60D,F,18-25,2025-07-30 04:04:19
103,Matthew Hamilton,2024-01-26,5362,102,37,1_30D,F,18-25,2025-07-29 21:27:25
104,Jeanette Terrell,2023-11-18,18880,103,82,31_60D,M,18-25,2025-08-09 08:03:03
105,Andrew Taylor DDS,2024-09-28,9015,101,15,0SANA,F,56+,2025-08-10 01:04:23
106,Beth Stevens,2025-06-08,12411,104,61,31_60D,F,26-35,2025-08-16 15:21:40
107,Kristen Smith,2024-01-23,9690,105,23,61_90D,M,56+,2025-08-10 09:11:30
108,Donna Lewis,2024-04-21,16001,101,78,61_90D,M,26-35,2025-08-16 06:59:27
109,Ashley Gallegos,2025-02-07,1843,102,7,1_30D,F,46-55,2025-08-26 18:30:44
110,Leslie Nguyen,2025-02-25,19412,103,7,0SANA,F,56+,2025-07-30 06:30:26
111,Michael Chung,2024-06-20,1901,101,54,0SANA,M,56+,2025-08-13 15:54:26
112,Cameron Alvarez,2025-04-16,17308,103,-5,31_60D,F,18-25,2025-08-31 13:59:54
113,Abigail Mccormick,2023-12-02,16332,101,86,0SANA,F,18-25,2025-08-14 07:55:47
114,Andrew Thomas,2024-12-05,15720,103,83,0SANA,F,46-55,2025-08-20 08:50:05
115,Timothy Stanley,2023-09-04,15795,101,-5,0SANA,M,46-55,2025-07-28 04:15:27
116,Christian Murray,2024-02-27,16066,105,31,61_90D,F,18-25,2025-08-11 16:50:35
117,Michael Howard,2024-10-26,5818,101,62,0SANA,M,36-45,2025-08-10 08:33:41
118,Sally Montoya,2023-10-12,12651,105,71,0SANA,F,26-35,2025-08-15 18:46:44
119,Jeffrey Powers,2024-11-23,18878,102,73,0SANA,F,26-35,2025-08-05 20:13:49
120,Adam Murphy,2025-06-04,7744,101,88,0SANA,F,36-45,2025-08-08 01:39:00
121,Richard Briggs,2025-06-25,9152,103,30,0SANA,F,36-45,2025-08-15 18:42:29
122,Austin Middleton,2024-06-04,18398,104,87,0SANA,M,36-45,2025-08-16 22:23:18
123,Calvin Sparks,2024-04-24,13423,102,75,0SANA,M,46-55,2025-08-24 06:03:52
124,Lisa Saunders,2024-07-03,4731,104,41,0SANA,F,36-45,2025-08-02 13:24:01
125,Sarah Baker,2024-07-16,15617,104,81,0SANA,M,56+,2025-08-04 16:31:12
126,William Richardson,2024-07-27,1952,102,47,61_90D,F,56+,2025-08-03 05:09:23
127,Sarah Mcdowell,2025-06-10,1263,105,48,1_30D,F,26-35,2025-07-29 19:47:12
128,Hannah Vaughn,2024-05-14,6379,101,54,31_60D,F,18-25,2025-08-19 18:30:45
129,Gregory Blake,2023-12-25,16541,104,77,0SANA,F,26-35,2025-08-02 06:28:05
130,Angela Ball,2025-03-26,1730,102,24,0SANA,F,36-45,2025-08-27 07:30:31
131,Jill Garcia,2025-06-27,4012,101,24,1_30D,F,56+,2025-08-25 11:05:56
132,Nichole Gonzalez,2024-11-28,15307,103,6,0SANA,F,46-55,2025-09-03 22:39:25
133,Andrea Harris,2025-06-03,5171,105,47,31_60D,F,26-35,2025-08-09 19:39:12
134,Richard Campbell,2023-12-10,9173,102,99,31_60D,F,18-25,2025-08-24 07:34:02
135,Victoria Martin,2024-04-14,19447,104,44,0SANA,F,36-45,2025-08-31 08:23:55
136,Nicholas Duran,2023-12-22,8709,101,79,0SANA,M,56+,2025-08-07 12:45:39
137,Megan Deleon,2023-11-25,13900,103,39,0SANA,F,56+,2025-08-09 12:10:28
138,Brian Cooke,2025-08-02,12985,102,19,31_60D,F,36-45,2025-08-28 16:24:27
139,Debra Orozco,2025-02-09,11349,105,32,0SANA,M,36-45,2025-08-25 22:47:20
140,Anthony Scott,2025-06-05,11302,102,49,61_90D,M,18-25,2025-08-08 09:32:09
141,Jason Oliver,2024-06-15,13942,105,13,0SANA,F,46-55,2025-08-30 13:38:33
142,Kristen Wilson,2024-03-04,8621,101,25,0SANA,F,36-45,2025-08-23 16:19:20
143,Vanessa Rivera,2025-05-21,9623,103,-5,0SANA,M,26-35,2025-08-06 22:04:46
144,Margaret Gill,2023-09-15,6150,105,48,1_30D,M,46-55,2025-08-31 02:56:36
145,Jessica Young,2023-08-29,11215,104,41,1_30D,F,26-35,2025-08-03 07:38:24
146,Brian Garcia,2024-12-30,12714,102,41,31_60D,F,26-35,2025-08-21 20:29:05
147,Sara Roth,2024-02-09,11243,101,16,0SANA,F,36-45,2025-08-21 22:28:15
148,Heather Craig,2023-09-28,4669,101,98,0SANA,F,46-55,2025-08-21 01:31:25
149,Brandi Smith,2024-04-10,15813,105,40,0SANA,M,36-45,2025-09-03 15:21:51
150,Thomas Aguirre,2025-08-03,19506,104,70,0SANA,F,26-35,2025-08-06 06:28:50
151,Ryan Thompson,2025-04-24,18615,101,81,1_30D,F,36-45,2025-08-12 03:44:16
152,Christopher Henson,2025-08-16,18559,101,34,0SANA,F,36-45,2025-08-09 20:45:09
153,Ana Johnson,2024-01-24,10832,105,9,1_30D,M,18-25,2025-07-28 18:30:22
154,Jennifer Carroll,2025-04-21,19831,105,32,31_60D,M,56+,2025-08-01 16:55:40
155,Kimberly Lopez,2024-01-07,7201,105,23,0SANA,M,36-45,2025-08-22 00:39:50
156,Kyle Mueller,2025-01-18,15470,102,57,0SANA,F,26-35,2025-07-28 13:09:49
157,Alexander Thomas,2024-07-08,16047,103,4,31_60D,M,18-25,2025-08-06 08:18:44
158,Tyrone Simmons,2023-10-13,19727,105,97,61_90D,M,36-45,2025-08-15 17:00:31
159,Jay Cline PhD,2024-06-23,17325,105,75,61_90D,M,18-25,2025-08-03 19:24:14
160,Maxwell Pierce,2025-07-28,5218,105,79,0SANA,F,26-35,2025-08-29 10:47:21
161,Amy Lane,2025-01-25,12271,102,1,61_90D,F,46-55,2025-08-17 21:39:02
162,Keith Montoya,2025-01-26,6231,102,8,31_60D,M,26-35,2025-08-12 08:52:51
163,Joseph Diaz,2025-03-13,11458,104,31,1_30D,M,56+,2025-09-02 18:57:20
164,Shannon Davis,2025-03-22,10028,101,66,1_30D,M,56+,2025-09-04 13:44:37
165,Joseph Collins,2024-09-29,15819,103,11,31_60D,M,18-25,2025-08-29 04:14:01
166,Michael Moore,2024-05-20,17496,104,88,0SANA,F,36-45,2025-08-03 17:41:03
167,Annette Klein,2025-03-07,7544,101,91,1_30D,M,18-25,2025-08-22 00:52:33
168,Rebecca Andrade,2025-06-27,4921,104,80,31_60D,F,46-55,2025-08-01 07:49:41
169,Felicia White,2025-04-11,11052,102,72,0SANA,F,18-25,2025-08-19 12:45:12
170,Valerie Barrett,2025-02-02,15485,105,18,1_30D,F,46-55,2025-08-08 01:37:45
171,Andrew Hernandez,2023-10-24,11413,104,39,31_60D,F,18-25,2025-09-03 09:26:18
172,Brandy Mccarthy,2023-10-23,5689,103,99,0SANA,M,36-45,2025-08-12 12:30:28
173,Holly Fisher,2024-11-04,11376,103,60,31_60D,F,46-55,2025-08-17 16:19:17
174,Jason White,2025-06-24,12157,101,78,1_30D,M,36-45,2025-09-04 07:19:26
175,Mary Pierce,2024-12-02,12015,103,79,0SANA,F,18-25,2025-08-02 10:19:13
176,Tammy Zamora DDS,2023-12-08,6160,102,55,31_60D,M,56+,2025-08-05 10:34:53
177,Peter Harding,2023-12-31,13110,103,31,0SANA,M,18-25,2025-08-15 04:53:58
178,Jordan Rios,2024-02-06,10456,104,42,31_60D,M,46-55,2025-08-10 08:37:19
179,Samantha Mendoza,2023-11-22,18679,103,30,1_30D,M,36-45,2025-08-27 17:59:16
180,Robert Marshall,2024-08-13,16631,104,92,0SANA,F,46-55,2025-09-02 17:37:57
181,Diane Ryan,2025-04-24,17615,104,50,0SANA,F,18-25,2025-08-31 22:32:59
182,Laurie Hartman,2024-12-09,5451,105,59,1_30D,F,18-25,2025-08-19 15:57:38
183,Christopher Brooks,2025-05-02,14665,102,93,0SANA,F,18-25,2025-08-08 07:58:03
184,Katherine Watson,2024-09-28,13453,101,57,0SANA,F,56+,2025-08-29 16:01:31
185,Christopher Garcia,2025-03-22,15237,104,12,31_60D,M,26-35,2025-08-10 05:11:30
186,Angel Berry,2024-02-06,5806,105,75,61_90D,M,18-25,2025-08-20 17:05:14
187,Katie Marquez,2025-01-10,694,103,65,0SANA,F,46-55,2025-07-29 21:39:29
188,Katherine Fox,2025-04-18,5921,103,46,61_90D,M,56+,2025-08-19 04:07:51
189,Mark Fox,2025-05-06,19966,101,41,1_30D,F,18-25,2025-08-22 05:56:38
190,Todd Welch,2025-08-17,17641,102,51,1_30D,M,18-25,2025-09-01 08:06:29
191,Steven Hines,2024-08-04,18189,102,43,1_30D,F,56+,2025-08-05 01:24:45
192,Gail Castillo,2023-10-31,12343,104,44,31_60D,M,56+,2025-08-12 10:24:19
193,Nicholas Pittman,2024-09-12,3893,104,79,0SANA,F,36-45,2025-08-15 16:55:00
194,Michelle Thomas,2023-11-23,17338,102,83,31_60D,M,56+,2025-07-31 18:14:06
195,Brenda Aguirre,2024-06-23,18775,102,39,61_90D,F,18-25,2025-08-31 04:53:25
196,Michael Garner,2025-02-15,3526,102,39,0SANA,M,46-55,2025-08-15 22:33:37
197,Justin Wright,2025-01-28,6864,101,-3,1_30D,F,18-25,2025-09-04 13:06:17
198,Catherine Bird,2024-02-17,10908,101,72,1_30D,M,56+,2025-08-29 21:07:27
199,Abigail Moore,2025-02-25,10205,103,63,0SANA,F,56+,2025-08-11 23:35:11
200,Michael Little,2025-05-11,9436,101,20,31_60D,F,56+,2025-08-10 11:13:41
201,Jeffery Allison,2025-02-21,16265,102,16,61_90D,F,56+,2025-08-20 10:34:00
202,Fernando Little,2024-11-20,7462,102,29,31_60D,M,26-35,2025-08-06 02:54:09
203,Melissa Baird,2023-12-17,1104,104,39,31_60D,M,18-25,2025-08-15 13:01:48
204,Adrian Johnson,2025-05-31,6615,101,95,0SANA,F,36-45,2025-08-14 15:01:12
205,Holly Osborne,2024-05-30,6983,102,92,0SANA,F,56+,2025-08-01 21:20:47
206,Kimberly Nunez,2024-01-30,11739,102,59,0SANA,F,56+,2025-08-23 00:53:21
207,Monica Short,2024-11-29,1632,101,29,61_90D,M,46-55,2025-08-29 17:07:21
208,Mary Johnson,2024-08-31,3121,105,9,31_60D,F,36-45,2025-08-22 07:24:17
209,Jerry Cabrera,2024-07-14,13801,103,86,61_90D,M,46-55,2025-08-31 09:12:25
210,Jessica Massey,2025-08-12,4843,104,34,0SANA,M,56+,2025-07-30 13:27:33
211,Matthew Martinez,2025-05-31,12523,101,48,31_60D,F,36-45,2025-08-20 16:30:38
212,Heather Collins,2025-03-05,11778,103,17,31_60D,F,18-25,2025-08-31 20:51:13
213,Daniel Williams,2023-09-29,3378,102,59,0SANA,F,56+,2025-08-27 11:16:50
214,Vanessa Smith,2025-07-21,1424,102,81,0SANA,F,46-55,2025-09-03 08:20:53
215,Mr. Michael Brown,2024-01-25,9842,104,57,31_60D,M,46-55,2025-08-23 21:56:37
216,Gregory Murphy,2023-10-10,2691,105,24,1_30D,M,36-45,2025-09-03 23:49:45
217,John Foster,2024-03-16,8613,103,31,0SANA,M,36-45,2025-09-02 19:45:47
218,Todd Garcia,2023-11-22,3012,103,60,0SANA,F,36-45,2025-08-29 23:37:38
219,Michael Richardson,2024-08-10,1139,105,77,0SANA,F,18-25,2025-08-26 10:45:25
220,Sean Henderson,2023-10-04,13282,102,38,1_30D,M,56+,2025-08-31 19:50:10
221,Tammy Hickman,2024-04-27,3554,104,74,1_30D,M,18-25,2025-08-10 19:24:34
222,Jermaine Williams,2024-07-03,12360,101,75,1_30D,F,26-35,2025-08-07 21:38:35
223,Timothy Arroyo,2024-05-14,2271,104,25,0SANA,F,56+,2025-08-19 23:28:37
224,Roy Dennis,2025-04-20,7395,102,48,31_60D,M,36-45,2025-08-13 13:39:52
225,Arthur Obrien,2024-07-13,5838,101,6,1_30D,F,36-45,2025-09-03 04:17:18
226,Jeremy Porter,2023-11-12,15352,101,58,0SANA,M,36-45,2025-08-09 16:42:21
227,Daniel Mitchell,2025-07-29,12937,101,52,0SANA,F,26-35,2025-08-22 22:55:48
228,Brittany Jacobs,2024-05-19,17428,101,40,1_30D,M,18-25,2025-08-05 19:22:57
229,Joseph Glenn,2025-02-15,16245,101,63,61_90D,F,18-25,2025-08-16 02:15:46
230,Sara Clark,2024-05-15,14678,103,72,0SANA,M,46-55,2025-08-13 23:31:56
231,John Walker,2024-12-02,14942,103,12,0SANA,M,26-35,2025-08-20 06:22:06
232,Ricardo Gonzalez,2025-07-21,14278,102,27,31_60D,M,18-25,2025-08-12 05:33:57
233,Mr. Mark Ford,2024-08-25,18523,102,14,0SANA,M,56+,2025-07-29 09:56:08
234,Jessica Mcintyre,2025-04-16,2094,102,76,0SANA,F,36-45,2025-08-16 22:08:10
235,James Owens,2025-04-15,8602,104,16,61_90D,F,56+,2025-08-02 00:46:55
236,Seth Richard,2024-03-09,7841,104,16,31_60D,F,18-25,2025-08-21 00:20:24
237,Justin Moreno,2024-06-13,19722,101,1,0SANA,M,56+,2025-08-12 22:23:23
238,Anthony Horton,2024-12-29,12841,101,99,0SANA,F,26-35,2025-08-25 18:45:52
239,Jill Lynch,2025-05-12,10701,103,6,61_90D,F,56+,2025-09-04 05:25:34
240,Paula Thompson,2024-08-31,9022,101,35,0SANA,M,46-55,2025-09-04 17:26:22
241,Susan Butler,2025-02-21,19427,103,1,0SANA,M,36-45,2025-09-03 00:15:29
242,Angela Cruz,2025-04-10,1381,102,45,0SANA,M,26-35,2025-08-23 16:36:45
243,John Chen,2024-08-29,15186,104,28,0SANA,F,56+,2025-08-21 08:18:57
244,Christopher Lyons,2023-09-15,13371,104,92,0SANA,F,26-35,2025-08-24 02:17:44
245,Vincent Yates,2023-11-10,6471,103,30,0SANA,M,46-55,2025-07-29 07:02:14
246,Christopher Adams,2025-07-30,19985,105,2,0SANA,M,46-55,2025-09-04 05:22:59
247,Robert Phillips,2024-08-26,8985,103,75,31_60D,F,46-55,2025-08-22 21:33:22
248,Amber Dillon,2025-01-26,8825,103,75,0SANA,M,18-25,2025-08-15 11:58:19
249,Patricia Carr,2024-01-15,7749,105,35,0SANA,M,18-25,2025-08-02 14:18:05
250,Christopher Cook,2025-05-15,11329,103,92,31_60D,F,18-25,2025-09-04 20:29:26
251,Candace Williams,2024-06-27,14861,102,87,61_90D,M,46-55,2025-08-01 17:12:33
252,Gregory Miller,2025-07-28,9301,105,11,0SANA,M,36-45,2025-08-15 23:12:15
253,Jessica Davis,2025-03-28,13417,102,86,0SANA,M,56+,2025-08-09 17:07:45
254,Amber Sandoval,2024-09-23,7121,105,91,1_30D,M,18-25,2025-09-01 16:57:20
255,Jennifer Moore,2024-01-15,2990,105,57,0SANA,F,36-45,2025-08-15 22:09:48
256,Carolyn Hubbard,2025-02-28,6033,104,69,61_90D,F,46-55,2025-08-15 04:47:51
257,Nancy Krueger,2025-01-03,15429,102,8,61_90D,M,18-25,2025-08-31 17:52:39
258,Emily Reynolds,2024-08-20,3858,102,-5,0SANA,F,18-25,2025-08-07 03:19:53
259,Suzanne Thomas,2025-03-01,9156,103,54,0SANA,M,26-35,2025-08-03 13:48:10
260,Patrick Gibbs,2024-04-13,19968,103,19,31_60D,F,56+,2025-08-14 22:57:08
261,Virginia Matthews,2025-04-20,6222,102,51,0SANA,F,36-45,2025-08-08 14:05:39
262,Christina Moreno,2024-11-26,12231,105,97,31_60D,F,56+,2025-08-12 19:10:40
263,Steven Wilson,2024-10-31,14928,101,70,1_30D,M,26-35,2025-08-15 00:10:46
264,Christopher Smith,2023-09-08,10070,103,36,0SANA,M,56+,2025-08-23 03:58:21
265,Lori Barnett,2023-11-28,2043,104,78,1_30D,F,26-35,2025-08-07 03:05:47
266,Mark Hall,2024-08-17,6809,103,15,0SANA,F,56+,2025-08-02 07:05:55
267,Tamara Carney,2024-11-21,8706,105,22,0SANA,M,56+,2025-08-02 21:46:57
268,Derrick Hoffman,2024-12-25,13413,103,60,0SANA,M,56+,2025-08-23 02:24:09
269,Vincent Williamson,2024-08-10,13428,101,23,0SANA,F,46-55,2025-07-28 20:37:38
270,Mrs. Michelle Davis,2024-08-05,14454,104,93,0SANA,F,26-35,2025-08-07 08:32:45
271,Vanessa Jones,2024-09-16,16858,101,19,0SANA,M,36-45,2025-08-28 03:32:29
272,Jonathan Graham,2025-05-06,9753,102,57,0SANA,F,56+,2025-09-02 14:07:06
273,Philip Walsh,2025-06-19,7587,104,50,31_60D,F,56+,2025-08-18 05:49:28
274,Geoffrey Alexander,2024-07-16,7729,104,76,0SANA,F,26-35,2025-08-19 09:14:58
275,Julie Turner,2025-01-14,9584,105,12,0SANA,M,18-25,2025-08-06 16:34:52
276,Karen Bell,2025-04-22,9053,102,93,61_90D,M,46-55,2025-08-11 04:47:42
277,Crystal Howard,2023-12-20,9797,101,61,0SANA,F,26-35,2025-09-02 16:05:50
278,Dawn Andrews,2024-07-28,10962,102,92,0SANA,F,56+,2025-09-04 04:52:46
279,Adam Reeves,2023-09-16,11182,104,54,0SANA,F,56+,2025-08-16 07:13:14
280,Jerry Hughes,2024-12-02,19962,102,49,1_30D,M,26-35,2025-08-26 08:54:36
281,Christopher Leonard,2025-07-30,10702,101,97,0SANA,M,26-35,2025-07-31 10:55:07
282,Jesse Thomas,2025-06-19,19173,102,30,1_30D,F,36-45,2025-07-29 13:46:14
283,Kimberly Doyle,2025-04-17,6586,105,37,0SANA,F,56+,2025-08-14 15:31:51
284,James Green,2024-07-18,7927,102,58,1_30D,M,26-35,2025-08-01 12:33:42
285,Sara Compton,2024-06-28,18012,102,12,0SANA,M,26-35,2025-08-21 08:17:34
286,Michael Mcdaniel,2025-08-08,2162,103,17,1_30D,M,56+,2025-08-31 17:15:21
287,Thomas Terrell,2025-02-14,6977,103,79,1_30D,M,56+,2025-08-14 17:11:18
288,Kyle Moore,2024-06-09,3154,103,81,31_60D,M,18-25,2025-09-05 16:48:00
289,Jill Reeves,2025-03-16,10905,104,12,0SANA,F,56+,2025-08-29 10:50:15
290,Michael Delgado,2024-10-14,13639,104,37,0SANA,F,46-55,2025-08-05 07:31:41
291,William Brown,2025-02-06,10486,101,74,0SANA,M,18-25,2025-08-01 05:20:22
292,Casey Nelson,2025-05-12,9940,101,54,0SANA,M,56+,2025-09-05 20:03:53
293,Michael Valdez Jr.,2025-06-02,14338,104,46,0SANA,M,18-25,2025-08-13 21:04:54
294,Carrie Hill,2023-11-24,13647,101,81,0SANA,F,26-35,2025-08-13 04:23:59
295,John James,2025-03-30,13154,101,58,0SANA,M,36-45,2025-08-21 04:53:29
296,William Benson,2024-01-22,12002,102,3,61_90D,F,36-45,2025-07-28 01:49:04
297,Chad Hall,2025-05-18,17556,104,22,31_60D,F,46-55,2025-08-20 01:11:24
298,Zoe Turner,2023-11-05,4550,104,-5,61_90D,M,18-25,2025-08-24 09:08:58
299,Jacob Oconnell,2024-07-30,3499,104,-1,1_30D,M,46-55,2025-08-23 19:18:08
300,Ralph Stephens,2023-11-13,2925,101,54,1_30D,M,36-45,2025-08-14 09:43:00
301,Mr. David Marshall,2024-11-10,10004,105,73,1_30D,F,26-35,2025-08-30 23:22:00
302,Brian Snyder,2024-03-19,18643,105,6,1_30D,M,26-35,2025-08-09 07:53:26
303,Lisa Howell,2025-04-14,14059,105,46,0SANA,F,46-55,2025-08-23 05:57:05
304,Vanessa Anderson,2023-11-27,5476,104,90,0SANA,M,18-25,2025-08-13 14:51:40
305,Alejandro Chung,2024-03-25,18639,102,23,31_60D,F,46-55,2025-09-04 13:48:27
306,Joshua Castillo,2023-12-10,16706,103,94,0SANA,F,56+,2025-08-08 09:21:43
307,Donna Randolph,2024-12-07,19043,101,40,0SANA,F,56+,2025-08-01 05:03:46
308,James Burton,2024-07-01,2057,103,41,61_90D,M,46-55,2025-08-09 13:31:11
309,Marcus Serrano,2024-03-02,3247,101,97,31_60D,M,26-35,2025-09-02 15:50:31
310,Michael Keith,2025-05-03,15688,104,9,31_60D,F,26-35,2025-08-08 13:13:44
311,Elizabeth Valencia,2024-10-12,4844,103,90,1_30D,F,26-35,2025-09-04 02:02:08
312,Joshua Myers,2025-03-03,7884,102,50,1_30D,F,56+,2025-08-19 10:45:21
313,Christian Dodson,2025-04-03,12085,104,36,0SANA,F,36-45,2025-08-27 08:23:56
314,Tina Rodriguez,2023-09-11,516,105,51,1_30D,F,36-45,2025-08-07 08:06:38
315,Anthony Potter,2025-03-04,19829,103,56,1_30D,F,46-55,2025-08-20 13:15:22
316,Peter Cunningham,2025-07-16,19225,102,96,0SANA,F,18-25,2025-08-28 10:40:18
317,Jeanette Swanson,2025-04-21,16263,104,-5,31_60D,F,46-55,2025-07-30 05:13:47
318,Mary Jackson,2024-09-06,5476,104,73,0SANA,F,36-45,2025-09-04 12:36:32
319,Randy Villarreal,2025-07-09,691,101,39,0SANA,M,26-35,2025-08-21 05:53:44
320,Jason Ramos,2023-09-16,8408,102,55,31_60D,M,26-35,2025-07-30 04:57:25
321,Christina Rivera,2024-03-28,11628,105,24,1_30D,F,46-55,2025-09-03 17:32:49
322,Lauren Cannon,2024-03-12,12168,105,45,1_30D,F,56+,2025-08-30 23:27:47
323,Mark Wood,2024-03-29,7954,104,96,1_30D,F,56+,2025-09-04 09:18:15
324,Brooke Crawford,2023-12-10,18119,101,53,0SANA,F,46-55,2025-09-01 06:37:11
325,Casey Bowman,2025-01-16,13625,102,75,61_90D,F,18-25,2025-08-24 11:35:42
326,Mary Long,2025-08-23,16997,101,94,1_30D,M,18-25,2025-08-03 04:27:14
327,Daniel Murphy II,2024-07-29,2946,104,7,0SANA,F,56+,2025-08-14 09:19:12
328,Shane Martinez,2024-05-01,15632,102,56,1_30D,F,26-35,2025-08-24 09:23:29
329,Chad Aguilar,2024-09-24,3125,104,88,0SANA,M,46-55,2025-08-01 19:28:34
330,Paul Morse,2025-05-27,5897,103,84,1_30D,F,26-35,2025-09-04 09:36:05
331,Wesley Watkins,2024-05-17,4528,105,21,31_60D,F,18-25,2025-08-22 03:01:58
332,Stephanie Blanchard,2023-10-01,6639,101,28,31_60D,F,56+,2025-08-11 20:15:01
333,Danielle Roy,2024-01-18,3592,102,23,0SANA,F,46-55,2025-08-12 07:14:03
334,Dalton Myers,2024-02-10,6380,103,67,31_60D,F,46-55,2025-08-26 09:07:49
335,Susan Medina,2024-04-30,12755,103,55,1_30D,F,36-45,2025-08-09 08:03:10
336,Raymond Irwin,2023-10-16,8290,102,10,31_60D,F,36-45,2025-09-05 05:50:43
337,Sara Henderson,2024-10-18,11487,104,86,0SANA,F,18-25,2025-08-04 02:40:23
338,Hunter Ramsey,2025-05-27,19483,104,44,0SANA,M,56+,2025-08-13 04:27:18
339,Amanda Blake,2024-10-29,8973,104,96,31_60D,F,36-45,2025-08-08 15:40:00
340,Paula Bird,2023-11-04,1187,104,11,31_60D,M,36-45,2025-08-29 20:54:02
341,Alicia Smith,2024-12-11,10614,103,26,0SANA,F,56+,2025-08-07 04:54:33
342,Amy Brown,2024-07-22,7891,104,84,0SANA,F,36-45,2025-07-31 13:54:05
343,Anna Rogers,2024-03-17,10580,102,41,0SANA,M,56+,2025-08-20 14:26:06
344,David Lopez,2024-02-12,14109,103,45,0SANA,F,36-45,2025-08-06 21:33:14
345,Alexander Jones,2025-03-22,17984,104,27,0SANA,F,26-35,2025-09-04 07:19:19
346,Gary Taylor,2023-12-30,16670,104,24,0SANA,F,18-25,2025-08-26 23:01:25
347,Troy Harmon,2025-05-16,6585,102,82,0SANA,F,18-25,2025-08-17 02:14:15
348,Meagan Young,2023-10-31,3417,103,84,0SANA,F,36-45,2025-08-10 12:02:41
349,Joel Keller,2025-02-10,3251,103,-2,0SANA,F,18-25,2025-08-05 18:07:43
350,Sergio Liu,2024-05-31,9913,103,45,0SANA,F,36-45,2025-08-10 15:33:34
351,Jerry Ferguson,2024-05-30,10166,101,49,0SANA,F,56+,2025-08-25 03:13:43
352,Brenda Walker,2024-02-26,19662,103,12,1_30D,M,46-55,2025-08-10 06:53:03
353,Seth Baker,2023-10-18,8923,105,46,0SANA,F,18-25,2025-08-05 17:43:03
354,Anna Young,2024-07-14,16327,103,42,0SANA,M,56+,2025-08-06 12:50:02
355,Jacqueline Cox,2023-12-07,10117,105,64,31_60D,F,26-35,2025-08-05 06:13:28
356,Cynthia Stark,2025-07-09,3773,103,36,31_60D,M,26-35,2025-08-27 11:52:09
357,Arthur Rodgers,2025-06-02,16039,102,51,0SANA,M,36-45,2025-08-29 09:26:29
358,Raymond Holt,2023-11-13,1826,105,98,0SANA,F,56+,2025-08-05 21:52:27
359,Kelli Sanchez,2024-03-01,16615,101,99,0SANA,F,18-25,2025-07-28 10:15:38
360,Suzanne Dalton,2025-03-20,3057,103,69,1_30D,M,26-35,2025-08-07 16:40:05
361,Jeffrey Williams,2025-05-18,16380,102,58,0SANA,F,26-35,2025-08-31 07:50:46
362,Amy Rodriguez,2024-04-03,6116,103,40,0SANA,F,18-25,2025-08-06 23:51:17
363,Jeanette Mills,2025-08-09,7046,105,42,1_30D,M,18-25,2025-08-19 17:39:23
364,Michelle Smith,2025-06-12,17806,104,0,0SANA,F,36-45,2025-07-29 09:15:24
365,Mary Hayden,2024-06-11,11087,102,39,61_90D,F,26-35,2025-08-13 00:37:01
366,Brittany Mckay,2025-07-14,5091,105,66,0SANA,M,56+,2025-08-13 18:53:12
367,Latasha Dean,2025-06-08,14395,101,32,31_60D,F,18-25,2025-07-28 20:59:50
368,Melissa Wyatt,2024-04-17,4165,101,64,0SANA,F,46-55,2025-08-17 01:15:04
369,Todd Griffin,2025-08-10,14305,103,-3,1_30D,F,26-35,2025-08-25 08:34:28
370,Denise Mason,2023-10-13,9486,102,-2,0SANA,F,36-45,2025-08-19 13:58:03
371,Max Owen,2025-01-06,16610,102,7,1_30D,M,36-45,2025-08-21 13:13:45
372,Bryce Marshall,2025-04-20,16433,105,20,61_90D,F,56+,2025-08-06 21:50:47
373,William Howell,2025-03-04,8987,105,98,31_60D,F,26-35,2025-08-29 00:29:21
374,Linda Parker,2025-06-22,4392,101,-2,0SANA,F,56+,2025-07-30 18:46:24
375,Stephanie Henson,2024-11-15,9411,102,64,0SANA,F,56+,2025-08-17 00:23:15
376,Sheila Johnston,2023-12-21,2674,101,15,31_60D,M,56+,2025-08-30 00:03:45
377,Craig Walker,2024-09-29,18930,104,30,1_30D,M,36-45,2025-08-27 09:53:21
378,Emily Davis,2023-08-26,11460,102,29,1_30D,M,56+,2025-08-24 04:38:27
379,Danielle Foster,2025-07-28,1782,102,12,0SANA,F,56+,2025-08-11 21:56:04
380,Emily Herrera,2024-06-20,19755,102,-5,0SANA,F,36-45,2025-09-02 13:56:35
381,Michele Campbell,2024-08-17,17064,101,28,0SANA,F,18-25,2025-08-17 18:23:59
382,Leslie Quinn,2024-10-09,19703,104,41,0SANA,M,26-35,2025-08-30 11:09:57
383,Ashley Vega,2025-07-22,12587,103,10,0SANA,F,26-35,2025-08-02 08:38:16
384,Stephen Taylor,2024-05-09,3380,103,28,1_30D,F,36-45,2025-08-24 05:55:35
385,Julia Krueger,2023-10-31,12987,101,0,31_60D,M,36-45,2025-08-21 23:42:19
386,Denise Pham,2025-05-05,6673,105,98,31_60D,M,26-35,2025-08-11 20:09:02
387,Logan Roberson,2024-09-25,11070,102,55,0SANA,F,46-55,2025-07-31 00:42:56
388,Gail Stewart,2024-05-20,12722,102,77,61_90D,M,46-55,2025-08-23 14:10:41
389,Elizabeth Wright,2024-10-15,9126,105,95,61_90D,F,18-25,2025-08-30 23:47:27
390,Latasha Brown,2024-04-10,16840,102,45,1_30D,F,26-35,2025-08-06 00:18:18
391,Jacqueline Barton,2024-09-19,10919,105,54,31_60D,F,56+,2025-08-15 22:20:12
392,Deborah Richard,2025-04-04,2983,103,90,1_30D,F,18-25,2025-08-26 06:41:16
393,Michael Lewis,2024-05-08,2149,101,61,1_30D,F,36-45,2025-08-16 07:11:21
394,Daniel Shelton,2023-11-27,11764,105,75,0SANA,F,46-55,2025-08-01 04:18:25
395,Melinda Anderson,2024-09-20,4821,105,80,31_60D,F,46-55,2025-08-07 04:00:43
396,Brad Kelly,2023-10-23,13842,101,65,0SANA,M,36-45,2025-08-24 22:12:01
397,Trevor Olsen,2023-11-13,4360,105,12,31_60D,M,46-55,2025-08-08 02:25:33
398,Aimee Gordon,2024-06-16,11787,103,-4,0SANA,F,46-55,2025-08-04 19:25:46
399,Mike Kim,2024-04-17,19462,105,97,1_30D,F,26-35,2025-08-12 14:47:03
400,Edward Evans,2023-10-07,8199,105,46,0SANA,F,18-25,2025-09-02 07:30:53
401,Amy Kline,2024-09-23,13928,101,-2,61_90D,M,46-55,2025-09-05 11:34:29
402,Stacey Perez,2024-05-06,2701,104,86,1_30D,M,46-55,2025-08-05 02:39:16
403,Helen Wilkinson,2024-04-27,626,104,50,0SANA,M,26-35,2025-08-06 07:39:49
404,William Orozco,2024-11-09,18907,101,33,1_30D,F,56+,2025-08-09 19:00:59
405,Sandra Andrews,2024-10-28,11051,104,93,31_60D,F,56+,2025-08-27 08:44:22
406,Joe Jackson,2025-01-11,9699,104,50,61_90D,F,46-55,2025-08-24 02:15:23
407,Brittany Thomas,2024-01-19,2024,101,56,61_90D,F,56+,2025-08-15 03:29:41
408,Kristen Kelley,2025-04-07,8785,101,35,0SANA,M,46-55,2025-07-28 18:00:32
409,Kelly Brown,2024-02-09,13371,105,44,0SANA,M,56+,2025-09-04 08:22:22
410,John Mendoza,2024-06-27,691,101,80,1_30D,M,18-25,2025-08-18 22:58:09
411,Tracy Monroe,2024-05-05,10243,101,58,1_30D,F,46-55,2025-08-01 13:10:29
412,Catherine Fisher,2024-12-29,11080,102,21,31_60D,F,18-25,2025-08-20 20:36:35
413,Mr. Michael Zhang,2024-11-10,1045,105,14,61_90D,M,18-25,2025-08-19 07:09:50
414,Steven Reyes,2024-10-14,12507,101,68,0SANA,M,18-25,2025-08-25 09:23:29
415,Natalie Johnston,2025-02-08,768,101,64,0SANA,M,36-45,2025-08-23 00:19:45
416,Carrie Berger,2024-01-21,1038,105,47,31_60D,M,18-25,2025-08-26 17:02:27
417,Kathryn Powell,2025-04-15,955,105,95,0SANA,F,26-35,2025-08-26 19:31:33
418,Leonard Mueller,2024-12-04,17820,105,70,61_90D,F,46-55,2025-08-08 21:42:10
419,Julia Campbell,2025-06-16,12419,101,35,61_90D,M,56+,2025-08-01 16:37:43
420,Brian Perez,2024-08-08,1758,101,5,61_90D,F,36-45,2025-09-01 15:26:23
421,Mia Beard,2024-06-30,15393,103,56,1_30D,M,36-45,2025-08-22 11:12:26
422,Jacqueline Bowen,2024-12-18,13752,105,24,0SANA,F,26-35,2025-08-08 06:16:47
423,Jonathan Stuart,2024-06-15,16603,103,2,0SANA,F,18-25,2025-08-04 07:35:54
424,Phillip Campos,2024-09-30,4061,102,2,1_30D,M,56+,2025-08-09 05:48:51
425,Linda Mullins,2024-02-09,7599,103,90,61_90D,F,56+,2025-09-02 01:40:45
426,Jordan Clark,2024-01-14,1213,105,87,61_90D,M,26-35,2025-08-04 00:45:22
427,Keith Morrison,2024-12-30,7810,105,55,61_90D,M,56+,2025-07-28 10:13:15
428,Matthew Gonzalez,2025-03-04,16585,105,34,0SANA,M,26-35,2025-08-11 22:56:58
429,Richard May,2024-03-11,10484,105,3,0SANA,F,56+,2025-08-27 03:16:29
430,Kiara Paul,2024-06-02,8458,101,71,61_90D,F,18-25,2025-08-31 17:50:51
431,Jason Webster,2025-05-09,1618,104,85,0SANA,F,18-25,2025-08-24 18:30:25
432,Chelsea Garcia,2023-10-11,5485,101,60,31_60D,M,56+,2025-08-30 04:22:01
433,David Wade,2024-09-13,2755,105,16,61_90D,F,36-45,2025-08-11 14:05:42
434,Michael Russell,2025-04-18,560,102,70,0SANA,M,56+,2025-07-30 19:58:01
435,Marie Nash,2025-04-15,10456,101,86,0SANA,F,56+,2025-08-27 19:20:47
436,Tina Travis,2023-12-15,16551,105,14,0SANA,M,18-25,2025-08-18 03:47:29
437,Jasmine Brandt,2025-04-03,19379,101,24,0SANA,M,56+,2025-08-11 14:11:38
438,Terri Stark,2023-12-24,11170,101,14,0SANA,F,36-45,2025-08-18 19:19:20
439,Heidi Santana,2024-10-01,14143,104,50,31_60D,M,46-55,2025-08-10 02:28:04
440,Samuel Smith,2025-02-26,12150,102,60,0SANA,M,36-45,2025-08-16 04:21:55
441,Christopher Pearson,2024-09-08,5001,104,54,31_60D,F,36-45,2025-08-23 21:31:02
442,Courtney Alvarado,2024-04-27,16614,105,62,0SANA,F,56+,2025-08-22 05:07:03
443,Deborah Martin,2023-11-23,18486,104,26,0SANA,F,36-45,2025-08-09 11:31:12
444,Kelly Cuevas,2024-04-30,4296,101,19,61_90D,M,36-45,2025-08-31 11:29:26
445,Elizabeth Mitchell,2024-11-19,17300,102,3,1_30D,F,18-25,2025-08-12 04:39:13
446,Austin Brown,2024-07-13,7203,103,34,1_30D,M,18-25,2025-08-20 05:00:26
447,Terri Meadows,2025-01-16,3356,104,21,1_30D,F,26-35,2025-08-30 04:27:59
448,Amanda Sheppard,2025-05-23,9838,104,78,0SANA,M,46-55,2025-08-16 13:01:29
449,Katie Carr DDS,2025-03-31,3033,101,65,0SANA,M,18-25,2025-08-02 04:38:17
450,Derek Rogers,2024-09-23,4810,103,88,31_60D,F,46-55,2025-08-22 18:09:00
451,Marcus Grant,2025-06-08,18442,104,62,31_60D,M,18-25,2025-08-29 04:37:16
452,Cindy Lane,2024-06-08,10932,101,6,1_30D,F,36-45,2025-09-04 10:25:57
453,Danielle Jackson,2024-05-23,2184,104,-3,1_30D,F,56+,2025-08-01 16:21:15
454,Luke Williams,2024-08-24,18323,101,59,1_30D,F,46-55,2025-08-19 14:04:13
455,Joseph Johnson,2025-08-19,11104,101,59,1_30D,F,26-35,2025-08-18 02:24:50
456,Dr. Jacob Kelly,2024-10-16,15501,102,45,61_90D,M,18-25,2025-08-18 03:59:53
457,Joshua Diaz,2023-10-26,2580,104,41,61_90D,M,36-45,2025-08-07 09:42:53
458,Morgan Wilson,2023-09-04,5500,104,16,61_90D,F,18-25,2025-07-31 08:22:26
459,Summer Thompson,2024-03-12,17988,101,60,31_60D,F,46-55,2025-07-30 01:14:25
460,Dawn Hunt,2024-02-26,17465,104,61,61_90D,M,46-55,2025-08-29 08:43:26
461,Melvin Stanley,2024-09-23,11681,105,37,0SANA,F,36-45,2025-09-02 04:01:40
462,Michael Brady,2024-06-10,12794,105,3,31_60D,M,56+,2025-08-14 21:33:16
463,Laura Salas,2024-03-16,15987,103,81,31_60D,F,26-35,2025-08-17 19:32:12
464,Johnny Austin,2024-05-26,13818,105,15,0SANA,M,56+,2025-08-29 05:52:36
465,Jessica Kelly,2024-11-06,10348,104,72,31_60D,F,56+,2025-08-15 23:53:56
466,Scott Willis DDS,2024-12-04,10732,101,45,0SANA,F,26-35,2025-08-18 20:24:03
467,Kristen Patel,2025-01-20,7384,101,96,0SANA,M,18-25,2025-08-10 16:09:58
468,Thomas Snyder,2024-02-19,6584,103,59,31_60D,F,56+,2025-08-21 22:38:07
469,Bruce Thompson,2023-11-06,4443,104,69,0SANA,M,18-25,2025-08-14 03:01:12
470,Charles Nunez MD,2025-02-26,14607,104,-2,31_60D,F,36-45,2025-09-05 14:10:15
471,Robert Dickerson,2024-01-03,16673,103,87,31_60D,F,26-35,2025-08-20 03:42:23
472,Jeffrey Brandt,2024-03-14,13320,101,25,0SANA,M,46-55,2025-08-14 12:42:13
473,Jessica Mccarthy,2023-09-27,10481,105,69,1_30D,F,36-45,2025-08-25 13:31:32
474,Carrie Kent,2024-05-08,15206,102,15,1_30D,M,18-25,2025-08-27 03:02:10
475,William Mills,2024-07-20,14487,104,91,31_60D,M,46-55,2025-08-20 11:07:59
476,Matthew Smith,2025-04-17,1321,102,30,0SANA,M,18-25,2025-08-09 23:46:15
477,Virginia Osborne,2024-08-14,8726,101,35,0SANA,F,36-45,2025-09-03 13:54:05
478,Andrew Chandler,2025-08-07,12810,104,63,1_30D,M,46-55,2025-07-28 20:13:03
479,Karen James,2024-05-31,5873,104,44,1_30D,M,46-55,2025-09-05 14:42:10
480,Anthony Patterson,2024-06-13,12445,102,75,0SANA,M,46-55,2025-08-20 03:14:42
481,Joseph Hess,2023-10-11,2289,103,70,0SANA,F,18-25,2025-07-29 15:43:25
482,Amy Walters,2023-10-12,2897,101,62,31_60D,M,18-25,2025-08-10 15:51:19
483,Alicia Simon,2024-02-08,829,103,54,0SANA,F,46-55,2025-08-24 23:36:09
484,Christian Macias,2024-02-15,19768,101,-5,0SANA,M,46-55,2025-08-07 16:29:16
485,Sally Ortiz,2025-06-22,4208,103,87,0SANA,M,26-35,2025-08-05 12:15:00
486,Darryl Soto,2024-12-30,17646,103,9,61_90D,M,26-35,2025-08-08 15:53:54
487,James Pittman,2024-10-01,15261,103,-2,0SANA,F,36-45,2025-07-31 11:52:45
488,Joseph Huffman,2024-09-21,12433,105,-4,0SANA,M,26-35,2025-07-30 23:39:31
489,Edward Brown,2023-09-05,10426,102,10,0SANA,F,46-55,2025-08-30 07:50:18
490,Joshua Stevens,2024-03-17,889,102,12,31_60D,M,26-35,2025-08-26 00:13:44
491,Brandon Fisher,2024-08-08,16059,102,7,0SANA,M,46-55,2025-08-25 14:18:02
492,Cynthia George,2025-05-02,12583,101,15,0SANA,F,56+,2025-07-29 04:01:09
493,Jonathan James,2025-02-12,13005,101,48,31_60D,F,56+,2025-08-16 09:15:46
494,Hector Davidson,2024-12-17,5102,101,37,0SANA,M,36-45,2025-08-20 23:10:25
495,Samantha James,2025-07-16,10565,104,15,0SANA,F,18-25,2025-08-15 06:32:34
496,Joseph Medina,2023-10-11,18391,105,93,1_30D,F,56+,2025-08-02 20:44:50
497,John Cunningham,2023-10-12,6071,104,29,0SANA,M,46-55,2025-08-21 15:53:31
498,Gregg Johnson,2023-12-25,3241,102,10,0SANA,F,26-35,2025-08-02 23:29:42
499,Oscar Bennett,2024-09-09,5515,103,25,0SANA,M,36-45,2025-08-20 09:32:05
500,Douglas Cannon,2024-12-10,13938,105,92,0SANA,M,36-45,2025-08-04 08:21:52
501,Robert Webb,2023-10-13,4809,104,94,31_60D,F,18-25,2025-09-04 03:40:58
502,John Keller,2025-01-30,6043,104,97,0SANA,M,46-55,2025-08-12 06:56:18
503,Ethan Harris,2024-04-18,15301,104,86,1_30D,F,46-55,2025-08-27 02:38:04
504,Daniel Arnold,2024-01-08,17587,104,27,61_90D,M,18-25,2025-07-31 09:37:46
505,Shelly Miles,2025-03-10,13850,102,37,31_60D,M,26-35,2025-08-08 10:28:24
506,Misty Woods,2024-09-05,8418,104,7,0SANA,M,36-45,2025-08-25 20:19:40
507,Timothy Brown,2024-02-21,14296,101,10,0SANA,F,18-25,2025-08-03 07:09:54
508,Eric Sanders,2024-01-24,19053,104,14,1_30D,F,18-25,2025-08-10 15:18:46
509,Clinton Ramirez,2024-03-10,13026,101,94,0SANA,M,26-35,2025-08-24 15:55:27
510,Mary Garcia,2023-09-28,3293,103,3,0SANA,F,26-35,2025-08-05 07:18:31
511,Susan Jones,2023-10-05,17506,105,29,0SANA,F,46-55,2025-08-23 14:57:43
512,Erin Arias,2025-06-06,11404,104,94,1_30D,F,18-25,2025-08-02 09:58:22
513,Jamie Holden,2023-10-31,7801,103,80,61_90D,F,18-25,2025-08-03 02:26:52
514,Daniel Miller,2025-03-06,5735,105,84,0SANA,F,56+,2025-08-17 15:27:26
515,Brenda Osborne,2025-07-13,12231,104,10,0SANA,F,18-25,2025-08-25 00:47:44
516,Ronald Shea,2024-04-25,10684,103,72,31_60D,M,46-55,2025-08-24 03:23:16
517,Bryan Oliver,2024-08-07,5684,101,33,1_30D,M,18-25,2025-08-08 20:02:54
518,Amy Wise,2024-11-16,8774,104,59,1_30D,F,18-25,2025-08-25 19:57:42
519,Matthew Banks,2025-05-16,2841,103,65,61_90D,M,26-35,2025-08-02 04:14:05
520,Robert Patterson,2024-10-04,3855,103,93,0SANA,M,46-55,2025-08-15 08:14:58
521,Adam Sutton,2025-04-19,18850,102,57,0SANA,M,36-45,2025-08-21 03:40:24
522,Grant Knapp,2023-11-10,13858,104,49,0SANA,M,18-25,2025-08-29 07:46:45
523,Jake Lane,2023-11-11,10059,104,36,0SANA,F,56+,2025-08-14 12:54:03
524,John Holmes,2024-04-10,12237,103,95,31_60D,M,46-55,2025-08-01 16:39:59
525,Jay Williams,2024-01-19,11896,105,84,0SANA,M,56+,2025-08-28 21:11:47
526,Dawn Moore,2024-11-18,17225,104,5,0SANA,F,56+,2025-07-28 08:45:23
527,Carlos Taylor,2024-05-03,9237,104,89,61_90D,F,18-25,2025-08-14 15:21:50
528,Ellen Jarvis,2025-06-12,6540,104,87,0SANA,M,36-45,2025-08-06 03:19:05
529,Joseph Velasquez,2023-11-23,5258,102,55,1_30D,M,18-25,2025-08-14 19:03:06
530,Sarah Black,2024-06-04,6395,103,32,0SANA,M,46-55,2025-09-01 09:06:59
531,Scott Walton,2024-01-05,6305,101,94,1_30D,F,26-35,2025-08-26 04:45:29
532,Dana Figueroa,2025-03-31,15793,103,31,31_60D,M,56+,2025-08-03 16:38:42
533,Megan Thompson,2025-07-24,11558,101,99,31_60D,F,18-25,2025-08-31 10:18:58
534,Amanda Day,2024-07-13,5385,102,97,0SANA,M,56+,2025-08-05 15:12:44
535,Calvin Walker,2025-07-26,10528,102,70,0SANA,F,26-35,2025-08-31 20:37:07
536,Brandon Dorsey,2023-10-20,19364,104,32,0SANA,M,18-25,2025-08-31 07:23:06
537,Stephen Williams,2025-05-31,5351,103,36,61_90D,F,46-55,2025-07-29 09:58:04
538,Kellie Anderson,2025-04-30,4207,101,91,0SANA,M,36-45,2025-08-21 19:38:25
539,Jennifer Vargas,2025-08-10,1190,103,6,0SANA,M,18-25,2025-08-26 23:17:30
540,Kathleen Cameron,2023-12-28,5135,102,95,1_30D,M,36-45,2025-08-10 17:13:02
541,Karen Wood,2023-11-26,14678,105,-5,0SANA,F,26-35,2025-08-26 19:14:25
542,Daisy Dominguez,2024-03-17,2478,103,73,31_60D,F,26-35,2025-07-29 19:27:50
543,Nicole Calderon,2024-11-28,9561,102,32,0SANA,F,36-45,2025-08-05 19:50:01
544,Logan Brown,2025-05-04,19641,102,83,0SANA,M,46-55,2025-08-11 08:44:01
545,Stanley Kent,2024-08-09,16612,105,87,0SANA,F,36-45,2025-08-18 12:15:00
546,Tamara Olson,2025-04-23,8513,105,27,0SANA,M,46-55,2025-08-22 01:00:35
547,John George,2023-11-01,17380,101,58,0SANA,F,46-55,2025-07-31 12:41:20
548,Melissa Dennis,2024-10-14,6543,104,88,0SANA,F,46-55,2025-09-03 08:46:12
549,David Green,2025-07-20,3517,102,88,0SANA,M,56+,2025-08-14 09:18:40
550,Cameron Ortiz,2024-03-21,17314,101,33,61_90D,M,46-55,2025-08-20 09:44:17
551,Christopher Parrish,2025-06-22,18423,105,63,0SANA,F,26-35,2025-09-02 22:31:31
552,Patrick Bryant,2024-12-13,8139,103,51,0SANA,M,36-45,2025-08-20 03:27:23
553,Tammy Martin,2024-06-13,8686,103,53,0SANA,M,18-25,2025-08-06 18:05:29
554,Jennifer Dyer,2024-05-28,6928,104,-3,0SANA,F,26-35,2025-08-18 21:03:24
555,Luis Villarreal,2024-01-15,14668,101,61,61_90D,F,56+,2025-08-20 08:17:34
556,Heidi Rogers,2023-10-15,3666,103,15,31_60D,F,46-55,2025-08-14 18:18:11
557,Elizabeth Rose,2024-02-06,9634,105,66,31_60D,F,26-35,2025-08-02 21:55:51
558,Francis Hill,2024-08-06,19942,101,37,0SANA,F,36-45,2025-08-23 22:55:02
559,Jane Gonzalez,2025-07-23,12001,102,10,0SANA,M,18-25,2025-08-05 12:58:01
560,Linda Johnson,2025-07-25,15001,105,33,0SANA,M,46-55,2025-09-01 02:29:13
561,Dr. Samantha Cervantes,2023-12-19,9556,101,95,0SANA,F,46-55,2025-07-30 07:01:54
562,Rebecca Fletcher,2024-01-01,17083,105,30,1_30D,F,26-35,2025-08-09 17:54:20
563,Dr. Elizabeth Ayala MD,2025-02-14,10627,105,24,0SANA,F,18-25,2025-08-28 09:05:29
564,Sharon Gallagher,2023-12-31,5721,105,17,31_60D,F,26-35,2025-08-01 15:20:55
565,Ian Alvarez,2025-04-24,12764,101,82,0SANA,M,36-45,2025-08-22 21:27:07
566,Ms. Tracey Thomas,2023-11-21,13589,101,-3,31_60D,M,46-55,2025-08-29 22:42:24
567,Anthony Williams,2025-05-18,17778,102,78,1_30D,M,36-45,2025-08-05 03:56:18
568,Jennifer Miller,2023-08-31,2169,103,17,31_60D,F,26-35,2025-07-31 15:34:51
569,Tracy Martin,2025-05-25,7131,104,64,31_60D,M,56+,2025-08-25 12:09:34
570,Dalton King,2024-01-15,17509,101,0,31_60D,F,46-55,2025-07-31 10:37:29
571,Hunter Smith,2025-04-15,13960,104,7,0SANA,M,56+,2025-09-04 10:08:18
572,Marc Burns,2024-09-16,19286,102,-1,0SANA,M,18-25,2025-08-03 10:19:16
573,Jeremy Lewis,2025-07-16,10640,104,18,0SANA,M,18-25,2025-08-12 14:51:04
574,David Jones,2025-03-13,8150,105,9,0SANA,M,26-35,2025-08-03 12:41:24
575,Linda Hamilton,2024-07-20,14676,104,47,0SANA,M,46-55,2025-09-01 11:21:33
576,Crystal Ortega,2024-06-19,19213,102,70,1_30D,M,26-35,2025-08-30 06:14:49
577,Jonathan Baker,2024-10-15,12805,103,97,61_90D,M,36-45,2025-08-29 17:00:47
578,Valerie Campbell,2024-11-29,11793,101,56,0SANA,M,36-45,2025-09-02 10:47:37
579,Casey Hale,2024-06-13,522,101,34,1_30D,F,46-55,2025-08-08 20:11:20
580,Brianna Brown,2024-12-27,3619,104,-5,31_60D,F,46-55,2025-08-12 12:28:07
581,John Schneider,2024-01-06,13226,103,90,1_30D,M,26-35,2025-08-07 23:02:05
582,Danielle Ruiz,2023-12-13,4065,104,58,31_60D,M,36-45,2025-08-15 17:12:42
583,Connor Carroll,2024-06-30,8306,104,80,0SANA,M,26-35,2025-08-01 00:58:49
584,Benjamin Harris,2023-10-30,1005,103,2,1_30D,M,46-55,2025-07-28 03:12:51
585,Katelyn Carpenter,2024-05-26,8714,105,45,0SANA,M,46-55,2025-08-17 07:10:37
586,Kathleen Robinson,2025-02-28,11291,104,91,61_90D,M,46-55,2025-08-27 02:19:05
587,Patricia Cox,2024-01-22,3123,102,39,0SANA,M,26-35,2025-08-31 16:28:36
588,Omar Castillo,2024-01-08,8763,103,0,0SANA,M,56+,2025-08-19 14:49:49
589,Michael May,2025-01-10,3969,102,90,61_90D,F,18-25,2025-09-01 10:18:33
590,Jon Snow,2024-02-15,3951,103,92,0SANA,F,26-35,2025-08-07 12:35:32
591,Lawrence Roberts,2025-05-24,13258,103,96,0SANA,F,26-35,2025-08-22 09:52:34
592,Latoya Cook,2024-11-07,5473,103,65,0SANA,M,36-45,2025-08-18 13:59:20
593,Kevin Johnson,2025-04-23,13813,102,95,61_90D,M,46-55,2025-08-17 02:22:27
594,Michael Parker,2024-05-06,10093,101,60,0SANA,M,46-55,2025-08-02 16:51:19
595,Ryan Thomas,2024-04-06,7371,105,62,0SANA,F,26-35,2025-07-28 04:31:27
596,Amy Chan,2025-05-18,7171,102,48,31_60D,M,26-35,2025-08-04 10:43:19
597,Morgan Chen,2023-10-23,16723,104,97,1_30D,M,56+,2025-08-17 21:25:47
598,Seth Meyers,2024-12-30,2574,102,46,0SANA,F,46-55,2025-08-26 09:09:29
599,Jessica Thompson,2023-09-15,11778,101,95,0SANA,F,26-35,2025-09-01 01:24:29
600,Steven Johnson,2024-11-25,4919,101,76,1_30D,M,56+,2025-09-03 13:44:18
601,Christopher Smith,2025-04-11,16877,104,49,0SANA,F,46-55,2025-09-03 17:17:55
602,Autumn Edwards,2023-09-09,12527,103,1,61_90D,F,56+,2025-08-30 17:02:48
603,William Davis,2024-01-06,570,105,-2,0SANA,M,36-45,2025-08-02 20:40:24
604,Larry Malone,2024-05-27,17623,101,51,0SANA,M,46-55,2025-08-20 20:50:04
605,Lonnie Branch,2023-10-18,1931,105,71,31_60D,F,36-45,2025-08-31 23:29:45
606,Bradley Wilson,2024-12-10,8249,101,9,0SANA,M,46-55,2025-08-10 00:15:53
607,Darren Jones,2025-05-26,2659,105,23,1_30D,M,18-25,2025-08-02 16:34:44
608,Amanda Bennett,2024-10-02,18076,104,69,1_30D,M,56+,2025-08-17 19:35:03
609,Samantha Hobbs,2025-06-21,17376,105,63,1_30D,F,36-45,2025-08-22 01:26:10
610,Jacob Wheeler,2024-07-03,3858,103,63,0SANA,F,56+,2025-08-21 00:15:28
611,Patricia Lopez,2025-05-10,11144,101,29,61_90D,M,26-35,2025-09-04 22:53:27
612,Jasmine Edwards,2024-12-03,16835,102,58,1_30D,F,18-25,2025-08-04 10:05:13
613,James Watson,2024-11-23,961,103,27,31_60D,M,18-25,2025-08-21 07:24:13
614,Denise Green,2024-07-10,15820,104,15,0SANA,M,26-35,2025-08-05 15:49:39
615,Katrina Martin,2025-03-11,4865,105,61,31_60D,M,18-25,2025-08-28 08:13:03
616,James Williams,2025-05-02,16217,103,58,0SANA,M,36-45,2025-08-09 06:06:42
617,Carol Peterson,2024-01-21,6913,102,96,0SANA,F,18-25,2025-08-03 16:54:18
618,Gerald Crawford,2024-02-09,2235,105,55,31_60D,M,18-25,2025-08-08 22:40:14
619,Raymond Pitts,2025-04-19,11276,105,41,0SANA,F,56+,2025-09-01 04:15:14
620,Robert Walton,2024-09-15,12757,104,-1,0SANA,M,26-35,2025-08-01 20:40:30
621,Deborah Franco,2024-12-16,6496,102,23,0SANA,M,36-45,2025-08-30 08:52:58
622,Kenneth Perez,2024-07-13,8335,104,1,0SANA,F,18-25,2025-08-10 05:00:52
623,Amber Wolf,2024-10-08,13899,101,5,31_60D,F,56+,2025-08-12 15:38:10
624,Crystal Fisher,2025-06-01,16901,104,-4,1_30D,M,18-25,2025-07-31 04:26:12
625,Melissa Smith,2024-10-21,12629,104,66,0SANA,F,26-35,2025-08-26 11:23:29
626,Kimberly Ball,2025-01-04,2205,101,27,1_30D,F,26-35,2025-08-26 11:22:22
627,Charles Sharp,2025-02-12,10550,105,46,1_30D,M,36-45,2025-08-24 04:26:10
628,Amber Murphy,2024-08-29,1663,101,70,0SANA,F,36-45,2025-07-31 20:30:22
629,Michael Gutierrez,2024-06-05,7063,104,3,1_30D,M,18-25,2025-08-05 21:54:44
630,Jaime Crawford,2024-01-28,10822,103,79,1_30D,F,18-25,2025-08-10 00:00:03
631,Diamond Mendez,2023-12-18,7743,105,47,1_30D,F,26-35,2025-08-08 05:40:09
632,David Rodriguez,2024-08-10,17156,104,64,31_60D,M,18-25,2025-08-15 09:04:13
633,Dr. Joseph Navarro,2023-08-31,5711,105,14,0SANA,M,46-55,2025-07-29 18:34:37
634,Matthew Hart,2023-12-11,12409,105,48,61_90D,M,36-45,2025-09-05 08:52:15
635,Steven Wells,2023-09-13,19263,103,83,1_30D,F,56+,2025-08-18 23:06:44
636,Alexis Brewer,2024-07-19,1970,103,34,0SANA,M,26-35,2025-07-30 21:00:58
637,Valerie Becker,2025-01-11,12473,101,69,1_30D,F,18-25,2025-08-20 02:12:35
638,Kevin Chavez,2023-08-27,9182,103,35,0SANA,M,26-35,2025-08-10 00:17:37
639,Jeremy Barrett,2025-07-22,7113,105,98,0SANA,F,26-35,2025-08-16 07:30:18
640,Michael Irwin,2024-10-04,6723,101,2,1_30D,M,26-35,2025-08-08 19:38:53
641,Erika Dawson,2024-07-11,2444,104,20,0SANA,F,36-45,2025-08-07 22:40:39
642,Zachary Frazier,2025-02-09,17940,103,37,0SANA,M,46-55,2025-08-01 06:34:03
643,Tyler Nelson,2025-04-17,1260,104,19,0SANA,M,46-55,2025-09-01 20:32:17
644,Sydney Carey,2025-03-21,13812,104,74,1_30D,F,46-55,2025-08-23 14:00:02
645,Troy Brown,2023-12-10,2692,105,-3,0SANA,M,18-25,2025-07-28 02:07:46
646,David Smith,2024-01-10,7070,102,41,0SANA,F,18-25,2025-09-03 07:54:39
647,Brandon Thompson,2025-02-26,19373,104,4,31_60D,M,36-45,2025-08-27 13:29:26
648,Nancy Bass,2023-09-23,3718,105,36,0SANA,F,18-25,2025-08-13 09:50:24
649,Leonard Arias,2025-01-04,18277,105,39,0SANA,F,46-55,2025-08-24 23:00:52
650,Frank Ryan,2024-08-16,4934,104,0,0SANA,M,18-25,2025-08-23 19:46:27
651,Rhonda Valdez,2024-07-26,3143,101,35,31_60D,M,46-55,2025-08-31 19:52:51
652,Ronald Delacruz,2024-05-17,4340,103,46,31_60D,F,26-35,2025-07-31 03:26:08
653,Shannon Clayton,2024-05-08,5834,105,11,0SANA,M,46-55,2025-08-03 00:25:47
654,Ryan Kelly,2023-09-09,18563,105,47,0SANA,M,18-25,2025-08-06 17:39:16
655,Rebecca Mata,2023-11-17,2187,105,35,1_30D,F,18-25,2025-08-05 18:29:40
656,Kelly Gilbert,2025-05-21,15559,105,53,0SANA,F,56+,2025-08-01 00:19:14
657,Randall Summers,2023-11-16,13762,101,30,0SANA,F,56+,2025-08-28 10:24:41
658,Keith Rogers,2025-02-22,19123,105,3,31_60D,M,26-35,2025-08-02 03:18:28
659,Rebecca Patterson DVM,2024-07-10,15499,104,40,0SANA,F,18-25,2025-09-04 03:19:42
660,Adam Becker MD,2023-12-26,6744,101,83,0SANA,F,18-25,2025-09-05 17:19:14
661,Courtney Campos,2025-05-19,5555,103,3,0SANA,F,36-45,2025-08-06 10:37:09
662,Richard White,2024-08-20,16020,101,62,1_30D,F,18-25,2025-08-18 21:27:08
663,Renee Walsh,2024-07-27,3795,102,60,0SANA,F,26-35,2025-08-04 15:43:17
664,Rachel Green,2024-08-24,6061,104,-3,0SANA,M,56+,2025-08-08 07:35:46
665,Mrs. Nancy Davis,2024-05-11,13650,105,8,0SANA,F,26-35,2025-08-04 13:53:49
666,Christine Khan,2024-05-22,9474,103,86,0SANA,F,26-35,2025-08-26 20:40:49
667,Mark Maxwell,2025-02-20,13620,105,52,0SANA,M,26-35,2025-08-17 12:12:28
668,Jessica Lopez,2025-05-10,2404,104,65,61_90D,M,36-45,2025-08-29 06:26:14
669,Chad Walker,2025-01-27,15384,103,14,0SANA,M,56+,2025-07-31 10:26:02
670,Brooke Robertson,2024-02-13,5859,105,91,31_60D,F,46-55,2025-08-25 23:41:47
671,Beverly Perez,2025-01-01,15377,102,41,0SANA,M,18-25,2025-07-28 02:39:12
672,Cynthia Oliver,2025-04-17,3277,101,61,31_60D,F,26-35,2025-09-05 18:30:52
673,Sherry Everett,2024-03-06,19887,105,49,0SANA,F,18-25,2025-08-28 22:32:43
674,Amber Robinson,2023-09-18,4371,102,58,0SANA,F,26-35,2025-08-15 11:37:35
675,William Simon,2025-01-11,12157,105,78,0SANA,F,36-45,2025-08-11 09:49:24
676,Wendy Sherman,2024-05-05,2671,101,23,0SANA,F,18-25,2025-08-13 19:50:38
677,Christopher Walker,2024-10-19,1697,104,93,0SANA,M,36-45,2025-08-02 02:35:33
678,John Stephens,2024-08-08,16393,101,45,0SANA,M,56+,2025-08-29 23:13:42
679,John Wood,2023-11-17,16700,105,0,1_30D,F,46-55,2025-08-01 05:24:44
680,Ashley Yates,2024-08-06,9833,104,55,61_90D,F,18-25,2025-08-09 20:48:09
681,Michael Bond,2023-11-29,13230,101,89,1_30D,F,36-45,2025-08-06 15:01:34
682,Shannon Smith,2023-11-12,14668,105,3,31_60D,F,56+,2025-08-27 13:11:36
683,Nicole Eaton,2025-06-21,5606,101,56,1_30D,F,46-55,2025-08-21 20:55:08
684,Christopher Gordon,2023-12-26,11995,104,74,61_90D,F,36-45,2025-09-01 11:44:30
685,Jennifer Fletcher,2024-02-06,1987,104,83,1_30D,M,18-25,2025-08-14 00:44:37
686,Bryan Rogers,2023-11-18,1690,105,5,61_90D,M,46-55,2025-08-17 14:05:08
687,Steven Flores,2024-03-28,12129,104,20,31_60D,M,46-55,2025-08-30 01:24:18
688,Bonnie Raymond,2024-05-25,9259,104,-3,31_60D,F,36-45,2025-08-15 15:00:26
689,Meagan Osborne,2025-06-09,5546,101,26,1_30D,F,26-35,2025-08-14 21:46:20
690,Nancy Jordan,2025-01-04,19107,104,48,0SANA,M,18-25,2025-09-04 12:08:31
691,Jeremy Le,2024-01-05,6570,101,53,0SANA,M,46-55,2025-08-03 14:47:39
692,Karen Roman,2025-07-06,18195,103,74,1_30D,M,46-55,2025-08-30 08:44:29
693,John Cole,2023-12-15,12589,102,59,0SANA,F,56+,2025-09-01 20:58:52
694,Becky Powell,2025-04-27,10049,103,71,1_30D,F,26-35,2025-08-10 17:31:12
695,Mikayla Jones,2024-09-01,14029,105,7,0SANA,M,46-55,2025-08-22 15:21:12
696,Brittany Garza,2024-07-07,1848,105,43,1_30D,F,36-45,2025-08-18 21:20:46
697,Justin Meyer,2023-09-16,8719,101,84,1_30D,M,46-55,2025-08-01 14:30:05
698,Christine Walker,2024-03-24,980,104,4,0SANA,F,36-45,2025-08-07 17:13:08
699,Cynthia Hicks MD,2025-04-20,6447,103,-3,1_30D,F,56+,2025-08-14 20:47:49
700,Brenda Thompson,2023-11-21,13568,104,7,31_60D,F,26-35,2025-08-26 08:22:24
701,Christian Jones,2023-12-05,18181,104,64,0SANA,F,26-35,2025-09-05 00:07:05
702,Timothy Shaw,2024-05-24,3494,102,93,0SANA,F,36-45,2025-08-18 11:46:50
703,Luis Lee,2023-09-04,11719,105,57,1_30D,F,26-35,2025-08-25 21:38:14
704,Michelle Rangel,2023-11-30,15134,105,84,31_60D,F,56+,2025-08-06 10:28:45
705,Allen Watson,2023-12-07,4424,103,16,0SANA,M,56+,2025-08-22 12:10:48
706,Nicholas Taylor,2025-02-10,3873,102,14,0SANA,M,46-55,2025-08-29 15:52:54
707,Nancy White,2024-07-15,3535,104,7,1_30D,M,18-25,2025-08-01 10:51:19
708,Ethan Pugh,2024-04-29,2552,104,59,1_30D,F,36-45,2025-08-16 21:15:17
709,Jeremy Dorsey,2025-06-25,4497,101,71,31_60D,M,36-45,2025-07-31 02:09:21
710,Pamela Brooks,2024-09-29,6440,102,61,0SANA,M,36-45,2025-09-01 11:00:03
711,Alexandra Holmes,2024-09-02,7563,101,75,0SANA,F,18-25,2025-08-22 00:12:23
712,Teresa Carey,2025-06-16,12378,105,59,61_90D,M,36-45,2025-09-05 10:42:45
713,Robert Thomas,2025-02-11,18647,105,50,0SANA,M,18-25,2025-08-02 16:26:20
714,Ryan Brown,2024-10-30,3991,102,76,0SANA,F,36-45,2025-08-02 02:10:49
715,Emily Little,2025-08-01,18666,102,18,1_30D,M,46-55,2025-08-09 10:10:45
716,Ricky Kelley,2023-09-14,11528,105,73,31_60D,F,36-45,2025-08-29 11:59:31
717,Andrew Hudson,2024-02-13,2893,105,35,31_60D,F,18-25,2025-07-29 18:07:34
718,Sandy Rodriguez,2024-06-01,5973,105,42,1_30D,F,56+,2025-09-04 07:31:46
719,William Miller,2025-03-20,5147,105,14,61_90D,M,36-45,2025-08-19 19:42:58
720,Kelly Thomas,2023-09-19,11969,103,36,31_60D,F,46-55,2025-08-02 21:59:03
721,Amber Robinson,2024-03-05,14792,105,62,1_30D,F,36-45,2025-08-12 15:44:22
722,Lauren Skinner,2024-05-16,17694,105,11,0SANA,M,36-45,2025-08-11 18:02:28
723,Michael Cherry,2024-05-18,17454,104,61,0SANA,M,36-45,2025-08-27 00:20:36
724,Arthur Taylor Jr.,2024-02-07,3108,103,66,0SANA,F,46-55,2025-09-02 15:27:44
725,Brittney Leonard,2023-11-15,8575,104,32,0SANA,M,46-55,2025-08-19 09:40:21
726,Brandon Zhang,2025-07-12,791,103,47,0SANA,F,36-45,2025-08-10 21:28:59
727,Sherri Ramirez,2025-04-17,17261,101,11,31_60D,F,46-55,2025-09-02 04:04:05
728,Philip Zamora,2025-06-24,18783,103,48,31_60D,F,26-35,2025-08-10 01:27:41
729,Cody Kennedy,2024-10-13,10772,102,35,61_90D,M,36-45,2025-08-04 15:36:19
730,Sara Davis,2024-03-10,1906,103,61,0SANA,F,46-55,2025-08-13 10:59:43
731,Jason Cruz,2023-10-25,17226,101,10,0SANA,M,26-35,2025-09-02 04:48:02
732,Kyle Fischer,2024-08-18,2460,103,40,31_60D,M,56+,2025-08-30 13:53:08
733,James Black,2025-07-09,17344,103,58,31_60D,M,18-25,2025-08-12 16:09:26
734,Christina Brown,2024-09-12,19151,102,9,31_60D,M,56+,2025-08-06 00:29:51
735,Emma Williams,2025-02-22,18469,103,27,0SANA,M,18-25,2025-09-03 07:04:39
736,Karen Jenkins,2024-06-09,12634,105,77,0SANA,F,26-35,2025-08-12 02:16:26
737,James Warren,2024-06-10,8708,103,73,31_60D,F,26-35,2025-08-29 19:50:17
738,Larry Knox,2024-08-05,17615,105,38,0SANA,M,56+,2025-08-29 15:38:46
739,Carol Duncan,2024-03-17,14519,104,87,0SANA,F,18-25,2025-08-21 14:18:38
740,Sarah Johnson,2024-05-30,2762,101,39,31_60D,M,46-55,2025-08-16 20:47:52
741,Elizabeth Ross,2025-05-08,18459,105,90,0SANA,M,18-25,2025-07-27 23:31:38
742,Adam Young,2025-07-23,10553,105,36,0SANA,F,56+,2025-08-20 19:22:29
743,Kathryn Yang,2025-06-03,5771,101,48,31_60D,F,26-35,2025-08-30 00:11:54
744,Riley Daniels,2024-04-16,7305,104,99,61_90D,M,36-45,2025-08-28 14:24:24
745,Tammy Nelson,2024-03-07,4296,104,86,1_30D,M,36-45,2025-08-17 10:42:31
746,Stephanie Williams,2023-10-22,7564,105,25,31_60D,M,46-55,2025-08-03 03:47:39
747,Michelle Mckay,2024-01-01,2670,102,8,0SANA,F,46-55,2025-08-29 16:13:08
748,Michael Johnson,2025-01-14,12786,101,-5,0SANA,F,26-35,2025-08-06 06:51:56
749,Charles Spears,2025-01-03,1430,104,85,1_30D,M,26-35,2025-08-31 01:18:48
750,Gina Martinez,2024-11-20,5828,104,55,0SANA,F,56+,2025-08-26 19:37:25
751,Stanley Hill,2024-01-20,5903,105,4,0SANA,F,18-25,2025-08-09 04:22:31
752,Eric Collins,2023-08-26,13333,102,74,0SANA,M,18-25,2025-08-26 06:16:00
753,Angela Smith,2024-07-18,3636,102,43,1_30D,M,36-45,2025-08-26 19:54:26
754,Kelly Mcdaniel,2025-01-22,18803,103,44,61_90D,F,56+,2025-08-03 03:12:47
755,Ashley Terrell,2023-09-17,6262,102,9,0SANA,M,46-55,2025-08-24 18:50:55
756,Brandon Morales,2024-08-03,9134,103,69,0SANA,F,18-25,2025-08-02 11:13:54
757,James Wilson,2025-08-18,3593,103,25,0SANA,M,36-45,2025-08-11 20:41:43
758,Jeffrey Gonzalez,2024-06-05,11127,105,41,0SANA,F,46-55,2025-08-09 13:15:11
759,Christina Pitts,2024-01-10,16983,103,43,0SANA,F,56+,2025-09-04 22:47:51
760,Larry Huerta,2024-04-29,18687,102,12,0SANA,M,26-35,2025-08-19 08:22:15
761,Taylor Horton,2025-01-21,12056,105,72,61_90D,F,26-35,2025-08-18 22:58:20
762,Rhonda Miller,2024-12-28,6172,102,70,1_30D,F,26-35,2025-08-21 13:09:40
763,Tonya Johnson,2025-08-06,17965,105,70,0SANA,F,46-55,2025-08-01 21:42:45
764,Shane Caldwell,2025-08-06,18994,102,79,0SANA,M,18-25,2025-07-31 11:28:03
765,Terry Daniels,2024-02-20,13688,104,48,31_60D,F,36-45,2025-08-07 21:18:14
766,Susan Phillips,2024-04-25,4100,102,17,31_60D,F,36-45,2025-08-04 05:25:10
767,Candace Blackburn,2023-11-03,10602,104,83,61_90D,M,46-55,2025-08-12 10:47:59
768,Heidi Salas,2025-04-10,15629,101,34,31_60D,F,56+,2025-08-29 00:26:53
769,Diana Johnson,2025-01-10,9380,104,30,0SANA,F,26-35,2025-08-11 01:51:13
770,Melinda Jones,2025-05-07,12079,105,79,0SANA,F,56+,2025-08-24 04:25:50
771,Lauren King,2025-01-13,10254,101,17,0SANA,M,26-35,2025-08-19 00:22:12
772,Jasmine Park,2024-01-20,17476,104,76,31_60D,M,18-25,2025-08-30 23:18:29
773,Matthew Hamilton,2024-04-17,7705,105,75,61_90D,F,36-45,2025-08-08 08:04:40
774,Clinton James,2023-09-04,1859,104,72,61_90D,M,18-25,2025-08-23 12:14:38
775,Alexander Smith,2025-02-23,18812,105,87,0SANA,M,46-55,2025-08-02 17:53:56
776,Bryan Adams,2024-09-07,4092,104,7,1_30D,F,46-55,2025-08-20 08:28:07
777,Alicia Wells,2024-01-15,18213,103,84,0SANA,M,26-35,2025-08-09 14:29:05
778,Tara Kramer,2024-09-14,8415,104,23,31_60D,M,26-35,2025-08-11 01:43:54
779,Matthew Lee,2024-10-04,9624,102,35,0SANA,F,56+,2025-08-19 06:58:23
780,Jeffery Houston,2025-01-15,9446,104,42,31_60D,F,18-25,2025-07-30 03:13:43
781,Erika Young,2024-08-06,15712,104,2,0SANA,F,56+,2025-08-10 10:59:52
782,Richard Long,2024-08-22,15346,104,43,31_60D,F,36-45,2025-08-18 17:36:17
783,Sarah Williams,2025-07-05,2712,104,-5,0SANA,M,18-25,2025-08-31 20:29:46
784,Nicholas Bradley,2024-03-26,19738,104,9,0SANA,F,46-55,2025-07-28 10:53:06
785,Michael Ross,2023-11-28,1944,101,56,61_90D,F,46-55,2025-08-18 18:46:49
786,Christopher Dyer,2025-06-26,16765,102,98,1_30D,M,46-55,2025-08-27 15:17:00
787,Brian Newton,2024-04-04,15972,105,20,0SANA,M,26-35,2025-08-18 11:54:36
788,Alisha Wilson,2025-04-27,8534,101,92,31_60D,M,26-35,2025-08-17 00:32:35
789,David Morales,2024-02-29,9226,103,85,0SANA,M,18-25,2025-07-31 12:52:56
790,Wesley Espinoza,2023-12-24,18151,103,63,0SANA,M,36-45,2025-07-30 13:12:14
791,Mercedes Rowe,2025-02-16,2362,103,61,0SANA,M,18-25,2025-08-30 16:20:37
792,Mercedes Fisher,2024-07-22,3944,101,73,61_90D,M,26-35,2025-08-26 18:13:35
793,Matthew Hensley,2024-04-21,18485,101,65,0SANA,F,56+,2025-08-12 19:26:29
794,Aimee Price,2023-10-27,19225,103,83,0SANA,M,56+,2025-08-21 18:07:38
795,Debra Flynn,2024-10-07,13447,105,99,1_30D,F,56+,2025-08-11 01:56:35
796,Melissa Vargas,2023-11-16,18834,102,34,1_30D,M,18-25,2025-08-22 15:13:33
797,Mrs. Amanda Harris,2025-07-20,4241,103,56,0SANA,M,36-45,2025-08-21 17:11:53
798,Margaret Baxter,2025-08-14,6819,105,10,1_30D,M,56+,2025-08-04 10:21:31
799,Connor Tucker,2024-12-18,17583,103,8,1_30D,M,18-25,2025-08-09 07:10:35
800,Anna Kidd,2024-03-28,6724,104,93,0SANA,M,56+,2025-08-04 18:41:01
801,Jennifer Ferrell,2023-10-05,13613,104,96,0SANA,M,18-25,2025-08-28 19:30:09
802,Rebecca Burns,2025-01-25,2451,105,93,1_30D,M,36-45,2025-08-17 20:39:55
803,Andrew Wright,2025-07-12,1611,103,-1,0SANA,F,18-25,2025-08-18 10:20:36
804,Mary Lopez,2025-05-30,19331,105,70,0SANA,F,26-35,2025-07-30 01:35:24
805,Jennifer Cunningham,2024-07-10,609,101,22,31_60D,F,56+,2025-08-02 04:22:07
806,Brandon George,2025-07-02,16127,105,23,1_30D,M,26-35,2025-08-19 12:38:06
807,Derek Snyder,2024-02-16,12008,103,78,1_30D,F,56+,2025-08-16 21:51:34
808,Jonathan Schultz,2025-07-21,15198,104,82,0SANA,F,26-35,2025-08-15 14:56:23
809,John Flores,2024-09-05,1442,102,45,0SANA,M,26-35,2025-08-13 19:19:42
810,Adrian Keith,2025-07-19,18401,105,10,31_60D,F,56+,2025-08-20 17:12:18
811,Scott Mitchell,2024-04-08,8464,105,29,0SANA,M,56+,2025-09-03 23:43:01
812,William Shea,2023-09-24,8236,104,46,0SANA,M,18-25,2025-08-16 19:37:44
813,Austin Walton,2024-04-17,16151,105,-4,1_30D,F,36-45,2025-08-21 06:30:12
814,Christopher Bautista,2024-06-10,12983,104,46,0SANA,F,26-35,2025-09-02 05:28:29
815,Edward Stephens,2024-04-12,7674,103,18,0SANA,F,56+,2025-08-28 12:26:36
816,Nicolas Fox,2024-04-08,15330,104,78,0SANA,M,46-55,2025-09-02 03:18:02
817,Sara Cobb,2023-12-14,16399,101,-1,0SANA,F,18-25,2025-07-29 01:25:12
818,Jason Doyle,2024-12-09,9208,101,61,0SANA,M,18-25,2025-09-02 01:09:10
819,Kathleen Galvan,2024-04-19,15968,101,92,31_60D,F,46-55,2025-08-16 17:19:26
820,Michael Humphrey,2023-11-01,19108,103,21,31_60D,M,36-45,2025-09-05 02:27:06
821,Ricky Ward,2024-08-06,11219,103,45,1_30D,F,26-35,2025-08-25 03:09:27
822,Christopher Richmond,2025-02-17,2287,105,91,1_30D,M,18-25,2025-09-04 14:35:08
823,Jason Davis,2024-04-12,11636,104,45,1_30D,F,56+,2025-08-31 03:01:37
824,Lindsey Calderon,2023-10-27,16271,104,31,31_60D,F,46-55,2025-09-02 17:49:59
825,Daniel Miller,2025-05-29,3436,101,60,0SANA,F,18-25,2025-08-24 10:40:39
826,William Reyes,2024-11-10,11113,104,66,0SANA,F,46-55,2025-08-25 02:31:26
827,Rhonda Orr,2024-06-09,5080,104,34,31_60D,M,56+,2025-08-20 16:00:01
828,Stephanie Marquez,2023-10-21,18949,102,91,31_60D,F,46-55,2025-08-04 14:53:15
829,Ricardo Coleman,2024-03-18,4200,101,10,0SANA,M,46-55,2025-08-31 12:01:42
830,Michael Bowers,2024-01-30,7141,104,18,0SANA,F,36-45,2025-08-31 02:20:31
831,Jonathan Wolf,2024-01-28,14840,105,35,0SANA,M,18-25,2025-08-08 10:34:20
832,Dawn Richards,2023-10-15,3986,103,45,31_60D,M,18-25,2025-09-02 05:40:18
833,Susan Gonzalez,2025-05-25,1205,104,17,61_90D,M,26-35,2025-08-21 10:39:53
834,Benjamin Bullock,2024-12-09,11552,103,-4,0SANA,F,36-45,2025-08-16 02:33:24
835,Kyle West,2024-10-18,19502,101,21,31_60D,F,46-55,2025-08-24 11:29:43
836,Timothy James,2023-12-27,18805,105,44,31_60D,F,26-35,2025-08-13 21:16:20
837,Jackie Fernandez,2025-06-29,17579,104,39,31_60D,M,36-45,2025-08-05 13:55:27
838,John Garcia,2025-07-26,2326,102,95,0SANA,F,18-25,2025-08-26 19:52:40
839,Felicia White,2024-06-15,7308,102,49,61_90D,F,36-45,2025-08-16 02:47:49
840,Jared Frederick,2025-07-31,14108,101,34,0SANA,M,26-35,2025-08-22 02:59:35
841,Kevin Stewart,2024-10-09,6943,102,67,0SANA,F,26-35,2025-09-01 08:13:04
842,Michelle Rodriguez,2025-04-22,4193,103,-4,0SANA,M,26-35,2025-08-19 11:22:13
843,Cathy Odonnell,2025-03-22,7214,102,15,0SANA,F,56+,2025-08-03 15:51:28
844,Ronald Reese,2024-09-03,18615,105,60,0SANA,M,26-35,2025-07-28 15:22:59
845,Jennifer Wilson,2024-12-26,7528,103,89,0SANA,M,46-55,2025-08-24 07:00:29
846,Christopher Clayton,2024-04-04,3815,103,54,0SANA,F,46-55,2025-08-28 15:51:46
847,Stephen Quinn,2023-12-09,19271,105,68,0SANA,M,56+,2025-08-12 13:27:52
848,Brett Valdez,2025-06-26,14771,105,17,61_90D,M,26-35,2025-08-09 01:07:00
849,Jason Madden,2025-04-03,16570,105,47,1_30D,F,56+,2025-08-21 21:54:30
850,David Tucker,2023-12-28,4534,105,39,0SANA,F,26-35,2025-08-14 02:34:04
851,Hayden Weaver,2024-08-08,19728,105,90,1_30D,F,26-35,2025-08-09 20:34:31
852,Susan Norris,2024-01-17,15291,105,57,61_90D,F,36-45,2025-08-23 09:28:04
853,Alan Lawrence,2024-05-08,19049,104,25,0SANA,M,56+,2025-08-05 20:05:30
854,Roberta Ferrell,2024-03-19,15048,104,40,1_30D,M,36-45,2025-08-31 06:09:18
855,Kristi Williamson,2024-05-12,2778,103,99,1_30D,M,26-35,2025-08-24 00:14:51
856,Justin Riley,2023-12-28,19509,101,97,1_30D,F,18-25,2025-09-03 16:08:42
857,Meredith Jimenez,2025-06-23,2411,102,31,61_90D,M,36-45,2025-09-01 10:03:48
858,Jerry Dalton,2025-05-21,4698,103,90,0SANA,F,46-55,2025-08-17 07:16:43
859,Kevin Roberson,2024-09-28,10668,104,47,0SANA,F,26-35,2025-08-10 05:36:20
860,Adam Boyle,2023-11-20,18106,105,21,0SANA,F,26-35,2025-08-23 06:41:13
861,Colin Jones,2024-01-04,18434,105,96,0SANA,F,56+,2025-08-16 13:06:12
862,Alexis Morgan MD,2024-05-18,7270,101,78,61_90D,M,26-35,2025-07-28 05:24:54
863,Melissa Robinson,2025-08-11,2218,101,18,0SANA,F,26-35,2025-07-31 02:50:03
864,Darlene Clark,2025-07-20,2024,102,0,1_30D,F,26-35,2025-07-31 23:35:48
865,Julie Gregory,2025-01-21,11780,105,93,61_90D,F,56+,2025-08-16 13:52:21
866,Brianna Sparks,2024-01-24,18905,104,14,0SANA,F,26-35,2025-08-14 19:17:32
867,Nancy Jones,2023-10-23,2458,102,49,0SANA,F,36-45,2025-08-22 18:44:29
868,Matthew Peterson,2024-11-21,1944,104,71,0SANA,M,18-25,2025-08-11 21:42:55
869,Christopher Parker,2024-06-22,4592,102,-3,0SANA,M,18-25,2025-08-23 04:09:46
870,Joseph Mendoza,2025-07-20,12265,105,15,0SANA,F,26-35,2025-07-28 08:40:25
871,Teresa Novak,2024-04-15,4286,104,16,31_60D,F,26-35,2025-08-07 16:04:04
872,Karen Smith,2024-01-29,4797,103,49,0SANA,F,18-25,2025-08-08 13:05:49
873,Lisa Patterson,2023-12-15,8372,102,-5,31_60D,M,26-35,2025-08-30 13:21:29
874,Jeffrey Mcintyre,2024-06-12,701,103,70,31_60D,F,18-25,2025-08-17 07:28:05
875,Dustin Clark,2025-08-02,2060,102,25,0SANA,M,18-25,2025-09-01 00:28:26
876,Anthony Miller,2025-03-09,3075,102,89,0SANA,M,46-55,2025-09-03 01:42:17
877,Matthew Schmidt,2025-06-12,16430,104,26,1_30D,F,46-55,2025-09-03 18:41:31
878,Keith Turner,2025-08-13,10985,104,61,0SANA,M,26-35,2025-09-02 07:19:43
879,Jordan Gray,2024-12-20,16935,101,62,31_60D,F,36-45,2025-08-12 03:22:33
880,Dr. Cynthia Wood,2025-07-13,3420,102,80,0SANA,M,18-25,2025-08-07 18:29:22
881,Kristine Fleming,2025-03-07,14151,103,95,31_60D,F,18-25,2025-08-16 08:02:44
882,April Smith,2024-01-12,7855,101,62,0SANA,M,56+,2025-09-04 09:19:33
883,Catherine Lewis,2025-06-06,11771,102,44,0SANA,M,56+,2025-09-01 14:38:35
884,Lisa Bailey,2025-05-03,10220,103,82,0SANA,M,56+,2025-08-17 04:38:32
885,Christina Hernandez,2024-02-04,19346,101,54,0SANA,F,36-45,2025-09-04 16:17:10
886,Michael Scott,2025-04-25,2537,105,-2,31_60D,F,36-45,2025-09-04 21:11:23
887,Ms. Jillian Mccoy,2025-06-22,14031,104,77,0SANA,M,26-35,2025-08-10 10:35:40
888,Ronnie Barnes,2024-10-05,10333,105,-2,0SANA,M,18-25,2025-08-12 16:49:20
889,Katherine Best,2024-08-30,19249,102,50,61_90D,F,46-55,2025-08-31 21:08:07
890,Miss Ashley Garcia,2024-02-20,4501,103,82,0SANA,F,18-25,2025-08-20 02:38:46
891,Dorothy Wilkinson,2024-10-04,8280,103,89,0SANA,M,26-35,2025-08-01 11:30:00
892,Michael Hall,2025-01-14,8605,105,8,1_30D,M,36-45,2025-08-21 21:20:25
893,Edward Ellison,2025-07-29,14575,104,25,0SANA,F,46-55,2025-08-17 11:56:14
894,Michael Ryan,2024-08-11,1479,103,29,0SANA,M,18-25,2025-08-04 15:12:23
895,Kenneth Garcia,2025-04-28,5560,103,74,0SANA,F,56+,2025-08-03 12:48:51
896,Cheryl Weaver,2025-08-25,11854,104,12,61_90D,F,56+,2025-08-13 21:06:21
897,Steven Moreno,2023-11-22,9304,101,48,0SANA,M,18-25,2025-07-30 05:10:42
898,Michael Allen,2024-01-11,7960,105,97,0SANA,M,26-35,2025-08-14 14:43:36
899,Austin Higgins,2025-08-18,10323,104,94,31_60D,F,56+,2025-08-31 16:06:29
900,Joshua Anderson,2025-06-14,17732,103,59,0SANA,M,36-45,2025-07-28 14:32:03
901,Matthew Phillips,2025-07-11,5534,105,52,0SANA,F,18-25,2025-08-03 23:32:08
902,Brent Campos,2024-03-23,8608,105,45,0SANA,M,26-35,2025-08-12 03:23:59
903,Barbara Sheppard,2024-06-12,12828,101,30,1_30D,F,36-45,2025-08-28 13:41:12
904,Michael Kennedy,2024-04-01,10339,105,61,1_30D,F,36-45,2025-07-29 02:58:39
905,Angela Ramirez,2024-01-04,4481,104,70,1_30D,M,56+,2025-08-29 17:43:06
906,Mr. Daniel Merritt PhD,2024-11-10,11759,101,7,0SANA,F,26-35,2025-08-25 02:25:57
907,Caroline Garcia,2023-09-24,6531,105,74,0SANA,F,18-25,2025-08-29 23:09:04
908,Paul Allen,2024-10-26,2672,103,7,1_30D,F,18-25,2025-08-06 18:15:13
909,Jason Wilson,2024-04-30,18614,104,34,0SANA,M,46-55,2025-08-21 16:14:34
910,Zachary Mcdonald,2024-11-24,11648,105,3,0SANA,F,46-55,2025-08-16 02:47:42
911,Antonio West,2023-11-02,6534,102,97,31_60D,F,46-55,2025-09-03 12:44:58
912,Elizabeth Dalton,2025-02-26,12483,103,54,0SANA,M,26-35,2025-08-12 11:55:07
913,Robert Hill,2025-04-25,18191,105,9,31_60D,M,18-25,2025-07-29 18:42:55
914,Jennifer Anderson,2025-01-29,11832,102,11,0SANA,F,26-35,2025-08-03 05:09:38
915,Caroline Fowler,2024-01-15,2437,104,57,0SANA,M,26-35,2025-08-05 04:52:16
916,Alexander Francis,2024-05-27,1031,105,10,0SANA,F,18-25,2025-07-30 17:20:07
917,Lauren Miller,2024-11-05,19159,102,66,0SANA,F,36-45,2025-08-30 07:59:32
918,Amanda Cross,2023-09-15,15918,104,62,0SANA,M,26-35,2025-08-22 18:46:21
919,Michael Anderson,2024-10-23,17631,102,34,0SANA,M,26-35,2025-08-23 13:58:04
920,Brandy Wheeler,2024-10-22,8333,104,90,1_30D,M,26-35,2025-08-02 00:39:25
921,William Hernandez,2023-12-17,1433,101,42,31_60D,M,46-55,2025-08-18 04:36:52
922,Michael Avery,2025-02-19,8694,104,81,31_60D,F,36-45,2025-07-29 02:38:02
923,Julia Solis,2024-09-27,7560,101,37,1_30D,M,56+,2025-08-24 16:12:19
924,Kathleen Davis,2023-09-08,13604,102,63,61_90D,F,18-25,2025-08-05 03:52:49
925,Sarah Christensen,2024-12-04,19437,104,57,1_30D,M,26-35,2025-09-02 19:03:09
926,Jeremy Williamson Jr.,2024-08-22,15625,104,41,0SANA,F,26-35,2025-09-03 08:07:25
927,Danielle Murphy,2024-12-21,7953,105,16,0SANA,F,18-25,2025-08-04 12:44:31
928,Lauren Johnson,2024-08-21,2543,103,28,61_90D,F,18-25,2025-08-27 01:41:21
929,Teresa Vasquez,2025-05-29,3317,103,51,31_60D,F,18-25,2025-08-06 21:55:47
930,Ethan Buck,2024-03-13,3491,104,75,0SANA,F,36-45,2025-08-08 09:48:32
931,Jason Tran,2024-10-02,859,103,42,1_30D,F,46-55,2025-08-16 01:33:26
932,Ryan Lang,2024-05-28,2330,101,69,0SANA,M,18-25,2025-08-08 15:19:07
933,William Thomas,2024-09-07,14681,101,4,31_60D,F,46-55,2025-08-01 13:07:08
934,Kelly Medina,2023-10-20,10387,103,32,1_30D,M,46-55,2025-08-16 20:37:46
935,Terry Lynch,2025-07-05,15359,103,22,31_60D,F,26-35,2025-08-10 10:06:15
936,Sean Steele,2024-10-16,7114,105,0,0SANA,M,56+,2025-08-02 02:57:28
937,Karen Reed,2023-10-04,2370,101,78,0SANA,F,26-35,2025-07-28 21:39:47
938,Eric Price DDS,2025-02-02,18518,101,92,31_60D,F,36-45,2025-08-30 21:49:42
939,Andrea Sutton,2024-03-13,14300,101,53,0SANA,M,18-25,2025-08-07 14:56:45
940,Scott Tran,2025-02-27,15141,101,85,0SANA,M,56+,2025-08-28 15:52:02
941,Richard Johnson,2025-04-26,3806,102,23,0SANA,F,36-45,2025-08-10 13:42:03
942,Taylor Martinez,2025-03-08,1462,103,60,0SANA,M,36-45,2025-08-31 23:20:32
943,Nicole Arias,2024-04-08,13368,103,56,0SANA,M,18-25,2025-08-27 18:03:51
944,John Page,2025-03-06,11343,104,42,0SANA,F,36-45,2025-08-10 20:27:05
945,Joshua Pena,2024-07-18,6043,105,24,0SANA,F,56+,2025-08-18 10:40:57
946,Shawn Grimes,2025-06-18,8317,102,44,0SANA,F,18-25,2025-07-28 19:10:55
947,Cynthia Robinson,2024-09-28,18593,102,15,0SANA,F,36-45,2025-08-30 18:09:29
948,James Fernandez,2024-02-04,10917,102,98,0SANA,M,46-55,2025-08-11 16:13:56
949,Regina Hale,2024-12-17,16666,102,55,0SANA,M,56+,2025-08-15 07:49:46
950,Melissa Griffin,2024-07-30,15775,105,46,31_60D,M,26-35,2025-08-20 17:19:03
951,Jared Shaffer,2024-08-01,18741,101,27,0SANA,M,26-35,2025-08-25 05:20:26
952,Anthony Ray,2023-10-03,10668,102,6,61_90D,M,18-25,2025-09-04 19:31:24
953,Anthony Lowery,2025-07-14,10444,102,34,0SANA,F,26-35,2025-08-29 05:02:48
954,Samantha Mathis,2025-08-12,7833,101,61,1_30D,M,26-35,2025-08-24 04:04:30
955,Jason Weber,2024-02-08,9713,105,26,0SANA,M,36-45,2025-08-05 19:50:07
956,Paul Santos,2024-07-23,557,102,13,0SANA,M,36-45,2025-08-27 05:30:18
957,Christopher Johnson,2023-12-23,583,105,83,1_30D,F,18-25,2025-08-11 13:31:32
958,Amy Gonzalez,2025-08-07,15232,104,19,0SANA,F,18-25,2025-09-04 10:07:30
959,Donald Hale,2023-09-30,5288,101,12,31_60D,M,36-45,2025-08-01 00:01:30
960,Brian Dillon,2024-10-12,8129,101,70,0SANA,M,56+,2025-09-04 15:43:49
961,David Daniel,2024-12-13,1407,105,53,61_90D,F,36-45,2025-08-02 14:11:06
962,Joseph Scott,2024-10-20,8897,103,33,0SANA,F,56+,2025-08-12 06:15:12
963,Angela Smith,2025-01-28,2603,103,90,0SANA,M,18-25,2025-08-01 14:58:02
964,Leah Blackwell,2024-09-01,4339,104,63,31_60D,M,26-35,2025-09-02 13:00:50
965,Amy Kerr,2023-10-03,19276,105,45,0SANA,F,56+,2025-09-05 21:06:14
966,Megan Curtis,2024-12-03,774,105,66,0SANA,F,18-25,2025-08-12 04:12:21
967,Lisa Rowland,2025-06-14,14959,101,26,1_30D,M,56+,2025-08-27 05:39:59
968,Tammy Mitchell,2025-02-22,5701,103,26,0SANA,F,46-55,2025-09-04 06:16:26
969,Danielle Barton,2024-11-30,15594,101,29,31_60D,F,26-35,2025-08-10 02:47:06
970,Christian Thompson,2024-03-27,14143,105,70,31_60D,F,46-55,2025-08-08 08:11:26
971,Nicholas Gomez,2025-03-12,2419,103,98,0SANA,F,36-45,2025-08-08 00:40:41
972,Ashley Garcia,2024-11-12,16600,104,38,1_30D,M,46-55,2025-08-06 09:34:47
973,Pamela Anderson,2025-08-07,16809,104,45,0SANA,F,18-25,2025-07-29 19:13:25
974,Christopher Clayton,2024-09-26,3388,105,75,1_30D,M,26-35,2025-08-15 10:47:54
975,Carly Johnson,2025-07-11,16911,104,93,0SANA,M,56+,2025-08-08 17:36:34
976,Lori Trevino,2024-01-16,19176,105,9,31_60D,M,26-35,2025-08-22 13:40:37
977,Tammy Lewis,2024-03-18,19828,103,25,31_60D,F,36-45,2025-08-04 10:13:30
978,Joann Thornton,2025-02-17,13879,102,68,31_60D,F,36-45,2025-07-28 20:40:16
979,Jacob Garcia,2024-12-16,8112,103,11,0SANA,M,18-25,2025-08-24 22:40:41
980,Shawn Harris,2024-02-16,7545,104,79,0SANA,F,36-45,2025-08-17 06:22:07
981,James Hawkins,2024-01-10,6340,104,53,31_60D,F,56+,2025-08-02 16:17:42
982,Zachary Huffman,2024-01-17,4598,105,92,0SANA,M,26-35,2025-09-02 05:09:54
983,Ronald Sanchez,2025-06-11,11627,103,53,61_90D,F,56+,2025-08-19 00:23:52
984,Robert Coleman,2024-06-05,7252,104,31,1_30D,F,36-45,2025-08-30 06:45:00
985,Curtis Ward,2024-04-26,6622,102,28,0SANA,F,18-25,2025-08-03 06:07:21
986,Matthew Brown,2024-05-23,13291,101,-4,0SANA,M,18-25,2025-08-05 21:22:35
987,Jeffrey Bentley,2024-04-13,3209,105,26,0SANA,M,26-35,2025-08-03 15:24:12
988,Michael Logan,2025-03-07,6380,104,35,0SANA,M,18-25,2025-08-14 20:56:34
989,William Wagner,2024-01-19,8116,105,42,31_60D,F,26-35,2025-08-15 22:40:01
990,Annette Alvarez,2025-04-09,2374,101,75,31_60D,M,18-25,2025-08-25 01:03:20
991,Alejandra Trevino,2024-09-07,13113,101,66,31_60D,M,46-55,2025-08-10 09:58:01
992,Deanna Bryan,2024-09-24,3699,102,52,0SANA,F,26-35,2025-08-19 02:07:51
993,Alan Brooks,2024-11-24,3552,102,65,31_60D,F,46-55,2025-09-01 22:50:22
994,William Johnson,2023-12-01,1026,104,15,0SANA,F,18-25,2025-09-02 02:03:01
995,Micheal Lane,2023-09-14,5511,103,72,0SANA,M,26-35,2025-08-05 09:15:37
996,Felicia Townsend,2023-12-18,19343,101,62,1_30D,M,46-55,2025-08-15 05:16:38
997,Sabrina Guerra,2025-02-11,17560,104,7,0SANA,M,36-45,2025-09-03 14:04:09
998,Nicole Morgan,2024-07-26,14630,101,-1,61_90D,F,18-25,2025-08-09 16:49:28
999,Amanda Hale,2024-05-19,14541,105,56,61_90D,M,26-35,2025-08-19 10:45:10
1000,Jonathan Sanchez,2025-01-19,6663,104,17,31_60D,F,26-35,2025-08-26 03:49:26
1001,Mrs. Andrea James,2023-11-27,18142,105,75,0SANA,M,46-55,2025-08-17 22:43:30
1002,Jessica Campbell,2023-09-23,2605,104,72,31_60D,F,46-55,2025-08-12 19:33:53
1003,Jackie Hayden,2024-06-22,2580,103,92,1_30D,F,46-55,2025-08-29 01:11:05
1004,Ashley Long MD,2024-10-29,9140,101,65,1_30D,M,18-25,2025-08-16 05:28:05
1005,Justin Griffin,2024-11-24,3707,105,26,0SANA,M,18-25,2025-08-04 16:02:37
1006,Robert Myers,2024-10-26,19818,104,37,1_30D,F,26-35,2025-08-18 19:08:28
1007,Lynn Marquez,2024-12-27,11555,103,40,0SANA,M,18-25,2025-08-03 04:09:11
1008,Edward Morris,2024-05-14,2610,103,17,0SANA,M,36-45,2025-08-28 10:23:07
1009,Joseph Murray,2025-02-12,3546,105,84,1_30D,F,46-55,2025-07-28 04:12:39
1010,Brenda Castillo,2024-09-17,3924,102,5,31_60D,F,36-45,2025-08-18 14:03:48
1011,Michael Blanchard,2025-01-17,17340,102,44,0SANA,F,26-35,2025-08-21 01:24:42
1012,Scott Valenzuela,2024-01-12,16351,105,79,0SANA,M,26-35,2025-08-14 13:08:26
1013,Annette Morris,2025-02-02,13279,103,10,1_30D,M,46-55,2025-08-06 07:32:50
1014,Michael Hoffman,2025-05-23,1764,105,49,0SANA,M,26-35,2025-08-16 05:31:44
1015,Travis Hamilton,2024-02-21,7876,101,51,0SANA,M,36-45,2025-08-05 01:54:36
1016,Lindsey Clark,2025-04-06,876,105,70,31_60D,F,26-35,2025-08-25 16:40:31
1017,Patricia Figueroa,2024-05-07,16702,103,58,0SANA,M,26-35,2025-08-24 21:13:12
1018,Gina Kennedy,2025-06-27,4860,102,95,0SANA,M,18-25,2025-08-11 01:22:01
1019,Gail Anderson,2025-08-24,14028,102,-4,0SANA,M,26-35,2025-09-04 15:05:10
1020,Angela Lewis,2024-10-14,16574,102,76,1_30D,F,56+,2025-09-04 21:11:30
1021,Paul Duncan,2023-12-23,3493,101,55,0SANA,F,46-55,2025-09-02 22:26:38
1022,Matthew Carter,2024-11-09,13250,101,54,0SANA,F,36-45,2025-08-04 04:25:28
1023,Michael Smith,2025-02-12,10233,104,38,0SANA,M,26-35,2025-08-31 07:20:31
1024,Breanna Fowler,2023-09-17,16260,104,21,1_30D,M,46-55,2025-07-28 18:16:35
1025,Michael Braun,2023-08-28,4920,105,41,31_60D,M,18-25,2025-08-13 14:23:53
1026,Nichole Smith,2025-02-22,578,102,10,0SANA,F,36-45,2025-08-11 05:55:56
1027,Richard Ritter,2024-09-05,16739,105,8,31_60D,F,46-55,2025-08-27 19:47:39
1028,Ashley Parker,2024-09-05,19510,102,99,0SANA,F,56+,2025-08-21 03:14:02
1029,Sean Atkins,2023-10-15,5238,102,91,0SANA,M,26-35,2025-08-31 23:24:59
1030,Mr. Robert Bernard DDS,2023-12-05,14530,102,34,31_60D,M,18-25,2025-08-03 01:15:36
1031,Nicholas Buck,2024-11-19,675,103,63,0SANA,F,46-55,2025-08-10 09:08:15
1032,Sally Harmon,2025-08-08,3387,101,15,0SANA,M,26-35,2025-08-21 04:15:26
1033,Joshua King,2024-04-08,2402,101,27,0SANA,F,36-45,2025-08-21 19:05:39
1034,Tina Brown,2023-11-26,12291,104,73,31_60D,M,46-55,2025-08-08 07:45:06
1035,Regina King,2025-06-04,14049,103,39,0SANA,F,46-55,2025-08-21 15:05:22
1036,Barbara Thornton,2025-05-08,2424,105,5,0SANA,F,36-45,2025-08-31 19:12:02
1037,Joshua Barr,2025-01-28,13068,103,-3,1_30D,F,46-55,2025-08-30 05:46:47
1038,Tony Gamble,2024-10-13,14433,105,98,31_60D,M,26-35,2025-07-30 21:04:08
1039,Brian Mahoney,2024-08-06,8827,103,60,1_30D,F,18-25,2025-09-05 14:50:07
1040,Amanda Ross,2024-08-23,8353,105,65,0SANA,F,26-35,2025-09-01 13:49:46
1041,James Campbell,2024-08-03,15893,102,80,61_90D,F,26-35,2025-08-13 11:19:46
1042,Jill Boyer,2024-02-12,8973,103,13,0SANA,F,18-25,2025-08-09 14:58:33
1043,Lisa Rice DDS,2024-06-30,4439,102,48,31_60D,M,26-35,2025-08-05 03:03:36
1044,Miguel Burnett,2023-10-30,10197,102,-2,0SANA,F,26-35,2025-08-24 10:19:16
1045,Melissa Jones,2024-01-13,9494,102,-2,0SANA,F,36-45,2025-08-03 20:44:40
1046,Connie Huff,2024-05-11,18410,101,89,0SANA,F,18-25,2025-07-30 08:30:54
1047,Sarah Hamilton,2024-04-17,16296,102,64,31_60D,M,36-45,2025-09-01 06:44:36
1048,Christopher Mcdonald,2024-11-30,11522,104,23,0SANA,M,46-55,2025-09-03 04:04:56
1049,Jennifer Campbell,2024-09-18,2972,104,94,31_60D,F,36-45,2025-09-02 13:29:16
1050,Andrew Stone,2024-07-03,15228,101,64,0SANA,F,36-45,2025-08-30 18:26:42
1051,Sabrina Duncan,2025-04-22,12951,103,68,0SANA,M,26-35,2025-08-19 10:46:39
1052,Tamara Delacruz,2024-02-08,2983,104,92,0SANA,M,18-25,2025-08-28 03:51:15
1053,Dylan Jones,2025-04-29,4459,101,68,31_60D,F,26-35,2025-08-06 02:40:34
1054,Jessica Murphy,2025-04-13,1965,104,25,0SANA,M,26-35,2025-08-30 10:40:39
1055,Steven Bridges,2025-01-27,15357,102,44,61_90D,F,56+,2025-09-03 18:39:07
1056,Lindsey Shah,2023-11-20,1136,101,70,0SANA,F,46-55,2025-08-23 15:22:46
1057,Paul Buchanan,2024-02-16,10669,103,93,0SANA,F,56+,2025-08-08 05:26:36
1058,Erica Ali,2025-03-26,2500,101,85,31_60D,M,46-55,2025-09-03 11:51:17
1059,Zachary Buck,2025-02-25,15595,101,94,1_30D,F,56+,2025-09-03 08:09:11
1060,Terri Morris,2025-07-31,10338,104,76,61_90D,M,46-55,2025-08-17 20:57:15
1061,Shannon Moore,2025-05-12,3135,104,12,1_30D,F,56+,2025-08-10 20:17:37
1062,Aaron Key,2025-06-13,4557,102,71,0SANA,F,18-25,2025-08-23 19:38:59
1063,Molly Carter,2025-04-30,9114,102,25,0SANA,M,46-55,2025-07-28 19:28:49
1064,Kristen Smith,2025-04-03,16939,105,65,31_60D,M,46-55,2025-08-01 03:15:58
1065,Gary Clark,2025-05-25,10176,105,44,61_90D,F,56+,2025-08-12 06:17:40
1066,Jeffrey Miller,2023-11-06,7825,105,50,1_30D,F,56+,2025-07-28 23:21:53
1067,Kelly Atkins,2024-08-21,9843,102,41,0SANA,M,46-55,2025-08-30 17:36:07
1068,Melissa Johnson,2024-04-09,5665,102,55,0SANA,M,36-45,2025-08-31 17:27:46
1069,Jenna Jones,2024-06-21,15723,102,92,0SANA,M,26-35,2025-08-22 07:59:32
1070,Wayne Cole,2024-10-10,14416,105,31,0SANA,F,18-25,2025-08-31 18:14:59
1071,Daniel Warner,2025-01-01,2321,102,83,0SANA,M,56+,2025-08-12 21:38:04
1072,William Hartman,2024-09-11,9145,102,11,61_90D,M,36-45,2025-08-27 01:01:57
1073,Cody Price,2023-09-26,10494,103,26,0SANA,M,56+,2025-08-09 00:21:42
1074,Jordan Gomez,2024-12-21,16439,101,17,0SANA,M,36-45,2025-08-08 05:51:28
1075,Sharon Lee,2024-05-15,17125,105,0,31_60D,F,56+,2025-09-02 10:02:22
1076,Kristin Manning,2025-02-21,6097,105,79,0SANA,F,26-35,2025-08-14 14:58:21
1077,Roy Gibbs,2024-10-17,7736,102,7,31_60D,M,18-25,2025-08-05 23:27:13
1078,Hannah Peterson,2024-08-03,17170,104,69,61_90D,M,18-25,2025-08-13 23:59:11
1079,Brett Moore,2025-02-11,10319,104,71,31_60D,M,56+,2025-08-13 10:42:19
1080,Paul Nichols,2024-09-07,14326,104,75,31_60D,M,56+,2025-08-26 03:58:16
1081,Tammy Rodriguez,2023-11-14,12950,101,97,31_60D,M,26-35,2025-08-27 04:01:52
1082,Mario Perez,2024-06-08,11592,103,1,1_30D,M,18-25,2025-08-22 07:56:56
1083,Amy Parker,2024-04-18,9213,105,66,0SANA,F,26-35,2025-08-08 18:54:22
1084,Rebecca Houston,2023-09-20,959,102,83,1_30D,M,56+,2025-09-04 14:23:17
1085,Scott Santana,2025-08-25,1368,104,24,0SANA,M,26-35,2025-08-31 20:32:02
1086,William Adams,2023-10-16,13951,104,87,0SANA,F,26-35,2025-08-11 22:21:11
1087,Dawn Blankenship,2024-07-31,3402,105,33,31_60D,M,46-55,2025-07-31 18:36:05
1088,Vernon Padilla,2024-06-27,12361,102,41,0SANA,M,46-55,2025-09-01 04:45:49
1089,Benjamin Valencia,2023-09-11,13386,104,66,1_30D,F,26-35,2025-08-15 08:56:53
1090,Joshua Patton,2025-05-05,18818,105,32,1_30D,F,56+,2025-08-07 20:34:15
1091,David Barnes,2024-12-14,5609,102,74,1_30D,M,18-25,2025-08-15 15:06:12
1092,Christina Smith,2024-03-15,19328,101,2,61_90D,M,46-55,2025-09-02 18:54:25
1093,Daniel Anderson,2024-10-03,2646,104,30,31_60D,F,18-25,2025-07-29 11:17:21
1094,Mrs. Alison King,2024-03-30,14296,102,7,31_60D,M,56+,2025-08-23 00:19:51
1095,Vincent Andrews,2024-12-31,13343,105,89,31_60D,F,18-25,2025-08-06 02:34:48
1096,Grace Spencer,2024-10-14,537,104,15,0SANA,F,26-35,2025-08-18 20:11:48
1097,Aaron Spencer,2025-08-02,3319,105,29,0SANA,M,56+,2025-08-10 20:31:05
1098,Peter Solomon,2024-03-07,17089,105,90,0SANA,M,46-55,2025-08-09 18:12:08
1099,Megan Lee,2024-12-03,2520,104,26,1_30D,F,56+,2025-07-29 18:32:00
1100,Vanessa Payne,2024-03-25,9211,103,43,0SANA,M,56+,2025-08-30 21:47:30
1101,Amber Smith,2025-01-26,10235,104,-5,0SANA,F,18-25,2025-08-16 07:16:39
1102,Devon Day,2025-01-01,3564,101,-5,31_60D,F,26-35,2025-08-17 09:12:30
1103,James Walker,2023-10-12,2252,103,21,0SANA,F,18-25,2025-08-12 14:15:21
1104,Kevin Roman,2024-09-30,19518,104,65,1_30D,F,46-55,2025-08-16 05:30:28
1105,Brandon Stewart,2025-05-20,8494,104,78,0SANA,M,36-45,2025-08-08 00:10:16
1106,Louis Melton,2024-11-13,15918,103,63,0SANA,F,26-35,2025-08-16 09:22:30
1107,Christopher Miller DDS,2025-04-24,13165,104,7,1_30D,M,26-35,2025-08-25 19:59:33
1108,Pamela Stevenson,2025-07-06,15249,101,2,0SANA,F,18-25,2025-08-08 03:16:50
1109,Kevin Rowe,2024-08-20,16345,102,29,0SANA,M,46-55,2025-09-03 03:42:41
1110,Derek Christian,2024-01-11,12332,101,31,31_60D,M,26-35,2025-08-09 03:58:04
1111,Abigail Robinson,2023-12-07,16235,103,64,0SANA,F,36-45,2025-08-03 00:18:07
1112,Edward Green,2024-04-14,2685,102,90,1_30D,M,36-45,2025-08-27 18:10:12
1113,Cynthia Gutierrez,2024-01-31,8469,104,37,0SANA,F,26-35,2025-08-15 17:26:22
1114,Ian Bush,2025-03-28,7914,104,69,0SANA,M,26-35,2025-08-13 07:11:27
1115,Eric Wiggins,2024-09-23,4425,102,86,0SANA,M,36-45,2025-08-07 09:43:01
1116,Lindsey Flynn,2024-09-19,908,104,36,0SANA,F,46-55,2025-08-06 05:56:49
1117,Brian Zamora,2024-11-02,8332,102,90,31_60D,M,36-45,2025-08-28 23:23:42
1118,Nicholas Smith,2025-02-22,14688,101,2,0SANA,F,26-35,2025-07-29 00:59:56
1119,Alisha Lewis,2024-03-30,19112,101,37,31_60D,M,56+,2025-08-22 10:45:31
1120,Caleb Ramirez,2024-03-28,14084,105,73,1_30D,F,18-25,2025-08-05 05:56:20
1121,Sheryl Porter,2024-05-17,1845,103,35,31_60D,M,18-25,2025-08-27 22:34:21
1122,Douglas Cobb,2025-04-13,3875,105,37,1_30D,F,46-55,2025-08-07 18:54:04
1123,Danielle Boyd,2024-03-23,6517,105,74,0SANA,M,18-25,2025-07-29 19:49:11
1124,Andrew Jensen,2024-09-25,19378,105,12,1_30D,F,56+,2025-08-12 08:55:37
1125,Sarah Roberts,2025-05-27,16167,105,72,0SANA,F,56+,2025-08-19 06:53:26
1126,Cheryl Lane,2024-02-08,5459,101,92,1_30D,M,56+,2025-08-07 16:40:28
1127,Charles Winters,2023-11-16,1960,102,99,0SANA,M,18-25,2025-08-07 02:43:10
1128,Michael Leonard,2023-08-26,782,104,24,0SANA,M,46-55,2025-09-05 01:13:09
1129,Courtney Roman,2024-11-23,15916,103,56,1_30D,M,46-55,2025-08-29 19:55:50
1130,Julie Taylor,2025-07-01,19850,101,74,1_30D,M,36-45,2025-08-05 02:30:50
1131,Felicia Gross,2024-07-27,12939,101,79,1_30D,M,56+,2025-08-22 10:48:47
1132,Lori Johnson,2024-08-26,9816,102,80,1_30D,F,18-25,2025-08-18 17:05:41
1133,Cody Jones,2024-04-13,17932,103,9,61_90D,M,26-35,2025-08-02 03:40:54
1134,Daniel Moss,2024-10-18,9890,104,59,31_60D,F,26-35,2025-08-13 20:47:03
1135,Madeline Anderson,2024-08-25,17624,102,8,31_60D,M,18-25,2025-07-31 23:49:35
1136,William Moore,2024-11-10,7530,101,71,61_90D,F,26-35,2025-08-25 00:53:31
1137,Ricardo Mccoy,2024-04-18,8392,104,78,0SANA,M,18-25,2025-08-05 16:35:41
1138,Loretta Sanchez,2023-11-25,14226,103,-5,31_60D,F,36-45,2025-08-05 17:22:58
1139,Matthew Owen,2024-07-03,6228,101,73,0SANA,M,56+,2025-08-16 05:11:24
1140,John Thomas,2025-04-23,5828,101,52,31_60D,F,26-35,2025-08-01 11:30:45
1141,James Jackson,2024-03-24,18029,104,18,0SANA,F,56+,2025-08-28 13:23:54
1142,Michael Mosley,2023-09-27,1124,105,84,0SANA,M,36-45,2025-08-30 07:31:35
1143,Robert Guzman,2025-08-02,821,101,77,1_30D,M,18-25,2025-08-30 15:16:01
1144,Kimberly Mccoy,2025-07-27,3688,105,13,0SANA,M,26-35,2025-09-05 15:10:15
1145,Julie Rowe,2024-05-02,4000,102,99,31_60D,F,36-45,2025-08-18 04:53:25
1146,Miguel Reese,2025-03-24,15606,103,38,0SANA,F,36-45,2025-08-24 13:57:12
1147,Scott Maxwell,2024-02-27,18125,104,36,0SANA,F,36-45,2025-08-19 13:16:43
1148,Mary Escobar,2024-07-26,5323,105,68,0SANA,F,56+,2025-08-20 02:32:18
1149,Kent Bowen,2024-10-25,10239,104,59,0SANA,M,36-45,2025-08-21 10:35:30
1150,Ian Sandoval,2024-07-12,6310,104,21,61_90D,M,46-55,2025-08-18 20:29:18
1151,Kathy Sanchez,2025-03-26,15420,105,16,0SANA,F,26-35,2025-08-13 21:40:54
1152,Anthony Burns,2024-11-11,6200,101,89,31_60D,F,46-55,2025-08-29 07:10:01
1153,Michael Roberts,2025-01-15,17056,105,18,0SANA,M,26-35,2025-08-12 14:48:45
1154,Paul Mann,2023-12-07,12414,103,82,61_90D,F,18-25,2025-08-09 03:00:52
1155,James King,2024-12-09,12623,103,47,0SANA,M,18-25,2025-08-12 19:58:36
1156,Mary Hall,2024-08-02,2025,105,42,0SANA,F,46-55,2025-08-27 13:11:53
1157,Lauren Bennett,2024-04-27,15561,101,14,31_60D,F,26-35,2025-08-01 10:06:40
1158,Kevin Johnson,2023-10-30,4104,103,-2,0SANA,F,56+,2025-08-28 14:16:12
1159,Eric Greene,2024-03-30,19582,102,-3,0SANA,M,18-25,2025-08-17 16:27:37
1160,Wesley Mcdonald,2025-05-08,4623,105,46,31_60D,M,56+,2025-07-31 21:53:00
1161,Sarah Henry,2024-03-25,10340,102,28,61_90D,M,26-35,2025-08-21 12:13:55
1162,Lawrence Martin,2025-08-06,9843,103,-5,31_60D,F,36-45,2025-08-23 00:21:56
1163,Jill Fleming,2025-04-11,15248,102,41,31_60D,F,56+,2025-08-14 05:08:43
1164,Cheryl Dalton,2024-08-15,14391,104,97,31_60D,F,46-55,2025-09-03 06:29:55
1165,Rachel Reynolds,2025-06-18,5594,102,14,1_30D,M,26-35,2025-08-02 04:43:22
1166,Daniel King,2025-05-09,16267,103,-2,61_90D,M,46-55,2025-08-07 22:21:47
1167,Tyler Vasquez,2024-02-06,5227,102,29,31_60D,F,36-45,2025-08-13 06:36:50
1168,Brittany Krueger,2023-09-26,15038,105,8,0SANA,M,18-25,2025-07-29 15:08:27
1169,Taylor Cox,2024-08-10,12022,101,82,0SANA,M,36-45,2025-08-29 15:43:09
1170,Kenneth Hughes,2024-07-12,4734,104,66,1_30D,M,56+,2025-08-20 12:52:12
1171,Kristin Green,2025-01-24,7330,102,36,0SANA,M,26-35,2025-09-01 07:59:32
1172,Denise Vazquez,2024-10-18,8185,105,47,1_30D,M,26-35,2025-08-01 14:16:32
1173,Keith Perez,2025-02-18,12820,104,9,31_60D,F,46-55,2025-07-29 11:49:28
1174,Nichole Santos,2024-07-03,17636,101,99,31_60D,M,36-45,2025-08-16 22:48:57
1175,Taylor Johnson,2024-09-06,17540,101,75,0SANA,M,36-45,2025-08-02 16:06:57
1176,Kim Johnson,2024-08-14,13445,105,98,0SANA,F,36-45,2025-08-06 12:18:54
1177,Amanda Savage,2025-05-26,10015,101,98,1_30D,M,36-45,2025-07-29 14:17:42
1178,Maria Thompson,2023-12-07,1122,105,70,0SANA,F,46-55,2025-08-12 13:38:05
1179,Jamie Hughes,2025-05-28,9443,101,-5,1_30D,F,26-35,2025-08-23 18:43:22
1180,Nicholas Miller,2025-01-05,9956,102,9,31_60D,F,46-55,2025-08-11 10:33:04
1181,Laura Juarez,2023-08-29,13868,103,13,31_60D,M,46-55,2025-07-30 20:58:37
1182,Timothy Miranda,2025-03-24,8002,103,82,0SANA,F,26-35,2025-07-30 13:37:51
1183,Richard Tucker,2024-05-31,916,103,67,31_60D,F,36-45,2025-09-02 21:13:54
1184,Tracey Wolf,2024-08-22,6927,103,9,1_30D,F,36-45,2025-08-02 17:30:16
1185,Debbie Duke,2024-05-23,19105,102,11,0SANA,M,36-45,2025-07-28 16:55:46
1186,Erik Potts,2024-09-20,3919,104,84,0SANA,M,36-45,2025-07-28 06:58:11
1187,Robert Doyle,2025-02-15,16283,105,22,0SANA,M,36-45,2025-08-30 19:52:32
1188,Brandon Brown,2023-09-24,4693,104,30,31_60D,F,26-35,2025-08-31 21:45:59
1189,Erik Nielsen,2025-08-10,7677,104,0,31_60D,M,26-35,2025-08-11 13:47:56
1190,Jeremiah Henderson,2023-09-20,12713,101,18,61_90D,F,36-45,2025-08-12 08:45:02
1191,Ruben Frederick,2025-07-13,17114,104,3,0SANA,F,26-35,2025-08-25 04:34:16
1192,Caitlin Thomas,2025-06-26,14884,105,47,31_60D,M,26-35,2025-09-04 11:13:58
1193,Elizabeth Webster,2024-09-01,2719,102,60,61_90D,M,26-35,2025-09-01 15:21:15
1194,Logan Bryant,2024-05-26,5095,101,71,1_30D,F,56+,2025-08-31 16:05:19
1195,Brittney Reyes,2025-04-22,13583,102,70,0SANA,M,56+,2025-08-12 06:09:22
1196,James Chavez,2023-10-05,4762,103,67,61_90D,F,18-25,2025-08-21 13:42:16
1197,Christopher Casey,2025-03-13,973,104,41,31_60D,M,46-55,2025-08-19 20:17:31
1198,Jason Williams,2024-01-12,13940,102,19,31_60D,M,18-25,2025-08-24 22:56:25
1199,Jamie Harrison,2025-06-11,15945,102,-1,1_30D,F,56+,2025-08-05 15:49:49
1200,Monica Lucero,2023-11-06,2122,102,36,0SANA,M,36-45,2025-09-05 02:33:23
1201,James Dawson,2024-08-27,12667,105,67,0SANA,M,18-25,2025-07-28 05:45:02
1202,Anthony Harris,2025-01-27,1151,103,7,0SANA,F,46-55,2025-08-07 12:50:18
1203,Sean Greer,2025-01-24,1709,103,49,31_60D,M,56+,2025-08-28 01:35:41
1204,Nicole Barker,2025-03-30,3717,105,73,31_60D,M,36-45,2025-08-16 20:21:58
1205,Jose Lewis,2023-12-16,5166,101,36,0SANA,F,46-55,2025-08-15 13:53:44
1206,Todd Mcgee,2024-11-21,11696,103,75,1_30D,M,36-45,2025-07-31 17:24:45
1207,Anne Patrick,2024-11-04,15005,105,36,0SANA,F,18-25,2025-09-04 10:17:23
1208,Mary Stafford,2023-10-03,5813,103,59,0SANA,F,46-55,2025-09-01 08:16:05
1209,Samantha Michael,2024-01-09,5537,103,30,61_90D,M,36-45,2025-07-28 20:09:32
1210,Aaron Olsen,2024-10-06,4003,105,54,61_90D,M,26-35,2025-08-03 02:23:11
1211,Brenda Lane,2025-04-30,7744,102,90,0SANA,M,46-55,2025-08-11 09:23:11
1212,Bonnie Benson,2024-04-10,17029,102,91,0SANA,M,36-45,2025-08-05 09:47:13
1213,Susan Marshall,2024-10-21,3418,103,-3,31_60D,M,26-35,2025-08-29 21:21:16
1214,Theresa Aguilar,2025-05-26,15489,105,87,0SANA,M,18-25,2025-08-23 22:34:00
1215,Elizabeth Graves,2024-02-25,2880,101,81,0SANA,F,18-25,2025-08-20 14:07:06
1216,Mackenzie Wood,2025-02-08,18915,102,27,0SANA,F,26-35,2025-09-04 16:32:46
1217,Tina Hawkins,2024-10-06,17701,102,70,0SANA,F,18-25,2025-09-01 17:33:18
1218,Laura Lewis,2024-01-10,10567,103,93,0SANA,M,18-25,2025-08-24 08:02:05
1219,Erica Hubbard,2025-02-01,9979,104,89,61_90D,F,18-25,2025-08-03 16:26:17
1220,Denise Quinn,2025-02-06,14711,103,54,0SANA,M,36-45,2025-08-18 09:41:33
1221,Kayla White,2025-03-30,19001,101,5,0SANA,F,36-45,2025-07-28 12:28:12
1222,Joshua Stokes,2024-10-04,2571,104,44,0SANA,M,36-45,2025-08-06 23:58:36
1223,Julie Fitzgerald,2025-07-18,3951,102,43,0SANA,F,18-25,2025-09-01 08:11:54
1224,Robert Jackson,2024-11-22,1253,104,22,0SANA,M,56+,2025-09-02 10:11:56
1225,Richard Martin,2024-05-17,11531,101,45,1_30D,M,56+,2025-08-14 10:52:23
1226,Jill Rhodes,2025-02-02,7588,104,67,1_30D,F,26-35,2025-08-23 13:23:42
1227,Gwendolyn Waters,2024-06-08,5760,101,-1,0SANA,F,26-35,2025-07-30 00:18:47
1228,Jennifer Beck,2024-07-20,1641,104,27,0SANA,M,26-35,2025-08-29 21:55:33
1229,Nathaniel Shepherd,2024-07-19,19771,102,39,61_90D,F,26-35,2025-09-04 15:22:26
1230,Jeffrey Cooley,2023-08-27,2709,103,57,1_30D,M,36-45,2025-08-10 14:00:50
1231,Michelle David,2023-09-26,8482,102,29,0SANA,F,46-55,2025-08-03 01:34:18
1232,Richard Owens,2025-03-29,10232,101,44,61_90D,F,36-45,2025-08-27 10:23:27
1233,Elaine Lewis,2025-04-01,17795,102,34,0SANA,F,46-55,2025-08-29 01:28:02
1234,Jared Santiago,2025-04-05,8131,103,79,31_60D,M,26-35,2025-08-29 11:25:13
1235,Paul Lam,2024-07-30,14785,103,69,31_60D,F,46-55,2025-08-03 12:08:31
1236,Amy Robinson,2025-04-28,15261,105,9,0SANA,F,26-35,2025-08-22 10:55:59
1237,Stephanie Sanchez,2024-08-12,658,104,7,1_30D,M,18-25,2025-08-27 18:47:47
1238,Andrea Bailey,2024-11-01,12370,104,83,0SANA,M,56+,2025-08-23 11:58:30
1239,Rhonda Jefferson,2025-06-16,18123,105,98,0SANA,M,56+,2025-08-24 15:30:09
1240,Victor Little,2023-12-17,19798,101,84,0SANA,M,46-55,2025-08-30 23:53:53
1241,Kevin Nicholson,2024-07-10,13671,103,10,61_90D,F,36-45,2025-08-23 14:42:23
1242,Brenda Roy,2023-11-23,6895,104,83,0SANA,M,46-55,2025-08-04 00:12:04
1243,Brandon Davis,2025-06-05,17837,103,4,31_60D,M,36-45,2025-08-05 18:39:18
1244,Cynthia Oneill,2024-03-03,19343,101,4,0SANA,M,18-25,2025-09-02 07:27:37
1245,Edwin Barnett,2024-03-27,8281,103,25,31_60D,M,56+,2025-08-10 16:50:30
1246,Timothy Martin,2025-05-21,3342,105,97,0SANA,M,26-35,2025-09-04 22:36:43
1247,Jacqueline Madden,2024-05-04,6132,105,84,0SANA,F,36-45,2025-09-01 07:51:05
1248,Carlos Stewart,2024-04-30,14446,102,32,31_60D,F,46-55,2025-08-12 20:02:02
1249,Sarah Wilson,2025-02-18,17882,104,60,0SANA,F,36-45,2025-08-30 08:35:35
1250,Eric Wood,2024-04-29,14286,102,78,31_60D,M,56+,2025-08-01 20:26:08
1251,Patricia Thompson,2024-10-13,13655,101,35,1_30D,M,18-25,2025-08-07 00:48:39
1252,Tony Harrison,2023-10-21,19825,104,50,0SANA,F,36-45,2025-08-26 15:44:58
1253,Rachel Marks,2023-10-29,8018,101,50,0SANA,F,26-35,2025-08-17 08:41:53
1254,Tina Steele,2023-10-10,18827,103,95,0SANA,F,18-25,2025-09-01 18:04:31
1255,Brianna Potter,2023-12-02,16778,105,29,0SANA,F,46-55,2025-08-13 10:12:06
1256,Ralph Osborne,2023-10-22,8950,103,69,1_30D,M,46-55,2025-09-03 13:45:15
1257,Rebecca Taylor,2023-08-29,2613,103,70,0SANA,F,46-55,2025-08-24 12:51:59
1258,Brittany Ramirez,2024-08-07,6680,105,32,0SANA,F,36-45,2025-08-12 00:06:31
1259,Mr. Marvin Maxwell,2025-08-02,9008,105,11,0SANA,F,46-55,2025-08-03 06:56:21
1260,Teresa Smith,2024-01-15,19824,101,14,0SANA,M,56+,2025-07-29 04:58:03
1261,Brian Monroe,2023-12-18,15183,101,51,61_90D,F,36-45,2025-08-10 20:54:30
1262,Alexandria Brown,2024-01-18,19404,101,1,1_30D,F,26-35,2025-09-04 18:21:47
1263,Jennifer Dillon,2024-04-04,1262,105,58,31_60D,F,26-35,2025-08-18 06:55:25
1264,Patricia Mooney,2023-10-31,5997,102,65,0SANA,M,36-45,2025-09-02 23:11:18
1265,Calvin Johnson III,2024-07-28,16575,102,73,0SANA,F,26-35,2025-08-29 23:57:13
1266,Melissa Cobb,2024-06-24,4389,101,3,31_60D,M,56+,2025-08-15 13:09:45
1267,Elizabeth Morgan,2025-06-15,13962,104,23,0SANA,M,26-35,2025-08-05 19:44:12
1268,George Bonilla,2024-03-24,9455,105,0,1_30D,M,56+,2025-08-07 22:48:58
1269,Linda Doyle,2024-03-08,17366,102,20,0SANA,F,26-35,2025-08-13 06:46:35
1270,Tina Larson,2024-02-03,9852,101,47,31_60D,M,56+,2025-08-17 08:07:27
1271,Judith Torres,2024-01-21,9928,101,66,0SANA,F,56+,2025-08-14 18:32:24
1272,Taylor Hall,2023-09-09,14837,101,63,1_30D,M,26-35,2025-09-01 18:20:46
1273,Steven Jones,2024-05-02,18238,102,20,31_60D,F,18-25,2025-08-02 19:40:20
1274,Edward Moore,2023-11-14,4552,101,66,0SANA,M,36-45,2025-08-21 20:08:05
1275,Valerie Barnett,2023-10-12,1720,103,45,31_60D,F,36-45,2025-08-19 18:21:42
1276,Jordan Martinez,2024-07-17,14053,101,89,61_90D,M,36-45,2025-08-19 06:23:35
1277,Christina Hayes,2024-10-24,7917,101,41,1_30D,F,56+,2025-08-13 23:29:01
1278,Courtney Reed,2025-04-08,18392,102,95,1_30D,F,56+,2025-08-15 12:53:11
1279,Christopher Thornton,2024-10-30,16346,104,64,31_60D,F,46-55,2025-08-21 07:01:59
1280,Leslie Bailey,2025-06-14,6720,101,84,31_60D,F,18-25,2025-08-13 06:21:05
1281,Robert Armstrong,2024-01-17,10613,105,42,1_30D,F,18-25,2025-08-02 00:36:42
1282,David Harding,2024-06-08,5595,101,53,0SANA,M,26-35,2025-07-28 07:02:27
1283,Diana Donaldson,2024-05-16,5750,103,22,1_30D,F,26-35,2025-08-19 20:31:18
1284,William Barnes,2023-11-25,2376,102,68,31_60D,M,26-35,2025-09-04 12:44:58
1285,Jason Thompson,2025-05-11,15037,105,32,0SANA,F,46-55,2025-08-09 21:04:32
1286,Megan Fleming,2024-09-10,12866,103,50,0SANA,F,56+,2025-09-04 14:51:00
1287,James Gonzalez,2023-11-27,15922,104,52,31_60D,M,26-35,2025-07-28 21:28:51
1288,Rachael Lopez,2025-07-03,17340,104,36,31_60D,M,46-55,2025-08-04 02:31:42
1289,Dorothy Powell,2023-12-04,17320,103,68,0SANA,F,26-35,2025-08-14 15:45:52
1290,Christina Miller,2025-07-27,12235,104,71,0SANA,M,36-45,2025-08-04 13:37:26
1291,Michael Lee,2023-12-18,16071,101,18,31_60D,M,18-25,2025-08-15 03:58:10
1292,Antonio Contreras,2024-05-16,11921,101,6,0SANA,M,56+,2025-07-29 02:03:35
1293,Alex Erickson,2024-07-07,9850,105,71,0SANA,F,56+,2025-08-08 16:26:12
1294,Jason Whitehead,2024-01-19,11976,104,68,1_30D,F,36-45,2025-07-31 13:05:45
1295,Kenneth Wells,2024-08-11,4634,102,92,31_60D,M,26-35,2025-09-05 20:47:42
1296,Michael Stewart,2023-12-27,17222,102,38,1_30D,F,18-25,2025-08-17 15:29:00
1297,Zachary Freeman,2024-04-12,19995,105,15,0SANA,M,18-25,2025-08-14 07:43:00
1298,Jonathan Montgomery DVM,2024-02-23,3549,103,56,0SANA,M,46-55,2025-08-18 01:34:03
1299,Jessica Hicks,2024-10-17,5138,101,15,0SANA,M,26-35,2025-07-29 17:36:43
1300,Tyler Frazier,2023-09-01,7764,103,5,0SANA,F,56+,2025-08-25 12:37:08
1301,Ryan Anderson,2023-09-27,18492,103,8,0SANA,M,26-35,2025-08-02 14:39:42
1302,James Cain,2024-05-10,12085,101,27,61_90D,M,18-25,2025-08-17 16:41:15
1303,Christine Terrell,2024-03-11,1135,105,97,31_60D,F,18-25,2025-08-21 12:54:08
1304,Robert Doyle,2024-09-19,9841,104,22,31_60D,M,36-45,2025-08-27 04:10:02
1305,Robert Clark,2024-07-15,14266,102,38,0SANA,M,46-55,2025-08-23 03:30:12
1306,William Ellis,2025-04-07,10808,104,44,0SANA,M,18-25,2025-08-28 09:20:48
1307,Corey Chambers,2025-08-09,2249,103,3,1_30D,M,18-25,2025-08-27 13:21:45
1308,Nichole Contreras,2024-01-24,14677,104,3,1_30D,M,36-45,2025-09-04 17:53:27
1309,Tony Jones,2023-11-08,1731,101,76,31_60D,F,56+,2025-08-10 13:44:08
1310,Carrie Hoffman,2024-03-20,12993,102,40,61_90D,F,36-45,2025-08-27 21:16:24
1311,Brenda Navarro,2023-09-29,19449,104,86,1_30D,M,18-25,2025-08-30 01:21:53
1312,Julian Macias,2024-05-30,1952,105,17,1_30D,F,18-25,2025-08-01 00:51:42
1313,Lisa Maddox,2025-02-05,4970,103,85,1_30D,F,46-55,2025-08-14 08:44:07
1314,Samuel Reyes,2025-04-05,13400,102,84,31_60D,M,36-45,2025-08-27 14:35:48
1315,Jennifer Vance,2025-01-28,17770,105,-1,31_60D,M,46-55,2025-08-23 15:45:21
1316,Alan Dickerson,2023-11-05,10524,102,8,31_60D,F,56+,2025-09-04 07:15:13
1317,Renee Freeman,2024-11-30,12466,103,36,1_30D,F,46-55,2025-08-01 15:58:02
1318,Melissa Smith,2025-02-13,9973,103,15,1_30D,F,46-55,2025-09-02 07:59:06
1319,Alicia Peterson,2024-08-10,5483,101,37,1_30D,F,18-25,2025-08-26 01:50:01
1320,Sarah Alvarado,2024-08-28,4120,105,31,31_60D,M,18-25,2025-09-01 20:08:06
1321,Katie Greer,2024-01-19,9503,102,68,31_60D,M,18-25,2025-08-26 17:51:38
1322,John Smith,2024-09-23,9181,103,50,0SANA,M,26-35,2025-09-02 03:52:05
1323,Robert Williams,2024-05-08,17648,105,64,0SANA,M,56+,2025-08-28 20:29:38
1324,Eric Rodriguez,2024-04-30,6854,101,28,0SANA,M,46-55,2025-07-29 01:49:47
1325,Katrina Phillips,2023-10-10,19103,104,68,0SANA,F,26-35,2025-09-02 12:11:34
1326,Miss Heather Oliver,2024-12-01,10548,102,26,0SANA,F,56+,2025-07-28 17:16:01
1327,Jessica Hunter,2024-11-21,10478,103,31,0SANA,M,26-35,2025-08-07 06:06:55
1328,Mr. Kenneth Diaz MD,2025-06-17,17560,103,30,1_30D,F,46-55,2025-08-21 08:51:05
1329,Joseph Johnson,2024-10-09,13457,105,51,1_30D,F,36-45,2025-09-02 23:52:15
1330,Cynthia Harris,2024-12-30,19117,102,90,0SANA,M,18-25,2025-08-31 11:16:07
1331,Carol Hutchinson,2025-07-18,1680,102,30,1_30D,F,56+,2025-08-20 03:53:16
1332,Shannon Cannon,2024-10-23,3425,105,27,0SANA,M,36-45,2025-09-01 15:06:45
1333,Jaclyn Chavez,2024-12-31,9672,103,34,0SANA,M,56+,2025-08-29 22:30:44
1334,Wendy Campbell,2024-07-01,15308,105,81,1_30D,F,56+,2025-08-13 10:30:10
1335,Lynn Boyer,2024-09-17,10586,105,11,1_30D,M,36-45,2025-09-03 15:01:25
1336,John Mccoy,2025-02-12,16225,105,60,0SANA,M,36-45,2025-08-21 14:44:31
1337,Jose Williams,2023-09-18,17816,101,20,1_30D,M,36-45,2025-07-28 05:14:46
1338,Robert Ball,2024-01-25,10184,104,50,0SANA,F,18-25,2025-08-07 18:37:11
1339,Kayla Santos,2023-09-08,19808,105,14,1_30D,F,36-45,2025-08-25 20:03:52
1340,Robert Heath,2024-10-12,3427,103,1,0SANA,F,18-25,2025-08-27 15:58:42
1341,William Williams,2024-03-13,1601,104,59,1_30D,M,26-35,2025-08-08 20:41:07
1342,Megan Weber,2025-03-09,1523,105,80,0SANA,M,56+,2025-08-30 10:59:40
1343,Devon Walker,2024-07-14,19418,103,10,1_30D,M,18-25,2025-07-31 23:14:32
1344,Denise Ballard,2025-08-11,11613,103,76,0SANA,M,46-55,2025-09-02 15:48:30
1345,Elizabeth Thompson,2024-09-12,15826,104,96,1_30D,M,56+,2025-09-01 22:02:14
1346,Michael Myers,2024-05-17,13252,101,79,0SANA,F,36-45,2025-08-21 03:39:52
1347,Isaac Faulkner,2024-01-23,10134,104,98,0SANA,F,26-35,2025-08-12 09:12:27
1348,Samantha Byrd,2024-07-29,10926,103,12,0SANA,F,56+,2025-08-01 03:13:14
1349,Jared Rosales,2024-02-12,16390,104,64,61_90D,F,18-25,2025-09-04 09:17:40
1350,John Smith,2024-09-26,4470,102,61,31_60D,F,18-25,2025-08-29 22:55:53
1351,Amy Anthony,2024-09-11,2410,101,51,0SANA,F,46-55,2025-09-03 19:19:47
1352,Jennifer Buckley,2024-08-29,2565,103,16,31_60D,M,46-55,2025-08-23 21:56:37
1353,Michael Wilkerson,2023-12-25,1874,103,73,0SANA,M,26-35,2025-07-28 04:19:26
1354,Kevin Fuller,2023-09-09,13570,104,78,0SANA,F,26-35,2025-08-30 23:18:56
1355,Christopher Long,2023-11-12,802,101,40,0SANA,M,18-25,2025-08-30 18:47:31
1356,Kristy Kirby,2024-12-16,13965,103,89,61_90D,M,18-25,2025-08-05 19:46:01
1357,Alexa Walker,2024-02-27,10592,105,93,61_90D,F,46-55,2025-08-26 06:23:54
1358,Brooke White,2024-01-01,11332,101,1,1_30D,F,26-35,2025-08-02 18:16:30
1359,Mackenzie Williams,2024-05-01,17536,105,68,1_30D,F,18-25,2025-08-05 17:10:27
1360,Destiny Miller,2024-05-17,16201,101,54,0SANA,F,56+,2025-08-11 15:31:49
1361,Tamara Wright,2025-07-03,12643,103,55,61_90D,M,36-45,2025-08-05 09:10:11
1362,Matthew Bauer,2024-06-10,5760,104,23,0SANA,F,26-35,2025-08-05 05:26:21
1363,Rebecca Mueller,2024-08-22,13354,103,92,0SANA,F,46-55,2025-08-24 20:08:56
1364,Greg Grant,2024-08-29,8279,101,73,1_30D,F,46-55,2025-07-30 15:44:08
1365,Alyssa Blake,2024-05-29,9478,101,89,61_90D,F,26-35,2025-08-08 02:59:57
1366,Nancy Zimmerman,2025-03-28,7797,105,9,31_60D,F,18-25,2025-08-30 21:35:30
1367,Lindsay King,2025-05-20,7288,104,13,0SANA,M,56+,2025-08-22 17:03:37
1368,Stephanie Lewis,2025-08-25,6906,104,-4,31_60D,F,56+,2025-08-14 01:12:04
1369,Hayden King,2025-05-02,17042,102,54,1_30D,M,18-25,2025-08-27 19:23:08
1370,Teresa Johnston,2025-02-06,10435,104,46,1_30D,F,18-25,2025-08-31 01:57:28
1371,Mark Holmes,2023-10-28,19187,104,7,0SANA,F,26-35,2025-08-13 12:58:01
1372,Miguel Sanchez,2025-04-25,19628,104,82,0SANA,M,26-35,2025-08-23 00:49:38
1373,Jamie Green,2025-04-18,7627,101,47,0SANA,F,46-55,2025-08-23 03:55:47
1374,Jonathan Lyons,2024-04-21,16468,104,7,0SANA,M,26-35,2025-08-17 18:12:04
1375,Shannon Kirby,2023-11-07,14485,105,44,1_30D,F,46-55,2025-09-05 19:37:22
1376,Katie Holmes,2024-04-25,19065,103,82,0SANA,M,56+,2025-09-03 12:13:26
1377,Tammy Webb,2024-06-13,16809,104,2,61_90D,M,36-45,2025-08-11 16:36:03
1378,Laurie Martin,2023-09-18,14293,103,32,0SANA,M,56+,2025-07-30 10:03:05
1379,Eric Wells,2023-11-23,17406,102,66,1_30D,F,46-55,2025-08-24 18:14:48
1380,Holly Lucas,2024-01-27,6408,102,65,1_30D,M,18-25,2025-08-09 13:29:06
1381,Vanessa Prince,2024-02-15,8922,102,97,0SANA,M,56+,2025-08-06 23:01:27
1382,Katie Thomas,2025-03-02,5981,101,79,31_60D,F,56+,2025-08-26 13:17:33
1383,Alexa Wilson,2024-05-06,18955,105,87,31_60D,F,26-35,2025-08-13 17:39:54
1384,Lindsay Neal,2024-03-06,17570,103,71,0SANA,F,46-55,2025-08-17 20:55:15
1385,Dustin Greer,2024-04-30,19223,104,80,0SANA,M,56+,2025-08-14 18:07:09
1386,Sandra Brooks,2023-10-25,14225,102,65,31_60D,M,36-45,2025-08-31 22:21:23
1387,Michael Ingram,2024-05-29,1839,101,48,0SANA,F,36-45,2025-09-02 16:29:40
1388,Dawn Frey,2025-03-25,13582,103,7,31_60D,M,46-55,2025-08-25 21:01:27
1389,Carol White,2024-01-15,8186,101,11,0SANA,M,46-55,2025-08-11 00:19:44
1390,Heather Elliott,2024-01-05,3572,103,65,0SANA,F,36-45,2025-08-07 15:14:25
1391,Misty Jefferson,2024-01-07,5322,102,49,31_60D,F,56+,2025-07-31 02:43:33
1392,Kathleen Davis,2024-09-05,11322,101,35,1_30D,M,56+,2025-08-14 10:13:24
1393,Travis Reed,2024-01-07,16004,104,35,0SANA,M,26-35,2025-08-05 10:39:37
1394,Allison Garcia,2025-04-04,7431,102,82,0SANA,M,18-25,2025-09-02 12:16:30
1395,April Ward,2023-12-16,4882,103,91,0SANA,F,26-35,2025-07-31 06:19:04
1396,Rebecca Stephens,2024-10-13,5814,101,62,0SANA,M,36-45,2025-08-07 10:23:34
1397,Paige Henson,2024-03-31,5508,101,27,0SANA,M,26-35,2025-08-12 14:53:55
1398,Cassandra Joseph,2024-10-12,11207,105,40,0SANA,M,36-45,2025-07-30 11:46:56
1399,Christine Young,2024-07-27,19986,104,6,0SANA,M,46-55,2025-08-20 08:17:43
1400,Jose Hodge,2025-03-02,3068,102,74,0SANA,F,36-45,2025-08-02 03:47:16
1401,Anne Glass,2024-05-27,1968,101,13,0SANA,M,18-25,2025-07-29 14:55:30
1402,Robert Miller,2024-03-23,19402,102,89,0SANA,M,18-25,2025-08-09 03:48:19
1403,David Smith PhD,2025-03-16,587,101,84,61_90D,M,56+,2025-08-05 08:45:50
1404,Sandra Valencia,2024-12-28,8572,105,38,0SANA,F,18-25,2025-08-03 09:17:10
1405,Heather Warner,2023-09-10,10833,103,26,0SANA,M,46-55,2025-07-30 20:08:11
1406,Dennis Kennedy,2024-08-06,13832,101,14,0SANA,M,18-25,2025-08-12 06:00:21
1407,Michael Garcia,2023-12-10,10855,103,20,31_60D,F,18-25,2025-08-02 12:29:25
1408,Joseph Avila,2025-07-29,2442,102,72,0SANA,M,36-45,2025-07-29 14:49:02
1409,Timothy Costa,2025-08-19,7951,102,38,31_60D,F,26-35,2025-07-28 02:07:13
1410,Lori Smith,2025-03-18,3248,103,0,0SANA,M,26-35,2025-08-14 03:24:21
1411,Ryan Stein,2024-02-19,12423,105,5,0SANA,M,18-25,2025-08-13 19:56:56
1412,Mr. Robert Brennan,2024-11-02,6375,105,42,1_30D,M,36-45,2025-08-18 15:38:23
1413,Roger Nelson,2025-07-06,3818,103,70,0SANA,F,46-55,2025-08-17 22:14:34
1414,Ronnie Garcia,2023-10-27,8726,102,21,0SANA,M,26-35,2025-08-25 05:01:12
1415,James Moore,2024-10-23,2184,101,34,0SANA,M,56+,2025-08-18 15:23:57
1416,Tamara Hart,2023-12-29,11099,101,15,1_30D,M,36-45,2025-08-27 13:46:44
1417,Jordan Mcknight,2024-11-29,14719,102,62,0SANA,M,56+,2025-09-01 06:50:59
1418,Ashley Lopez,2024-12-25,2249,101,1,31_60D,F,56+,2025-08-21 22:14:07
1419,Cassidy Reynolds,2024-02-06,17592,102,4,1_30D,M,36-45,2025-08-12 18:38:28
1420,Kelly Wheeler,2024-04-02,6812,103,5,0SANA,F,56+,2025-08-04 11:32:18
1421,Lisa Howard,2024-11-12,3830,102,0,61_90D,F,18-25,2025-08-31 00:34:02
1422,Kevin Walker,2025-07-12,19760,101,72,0SANA,F,26-35,2025-08-09 15:30:22
1423,Karen Johnson,2024-01-26,3685,101,27,31_60D,F,26-35,2025-09-03 02:30:36
1424,Richard Myers,2024-06-13,5977,104,91,0SANA,M,36-45,2025-08-11 00:36:03
1425,Holly Scott,2024-02-01,8319,105,31,0SANA,M,18-25,2025-07-28 03:16:10
1426,Theodore Weber,2024-06-01,19193,101,53,61_90D,M,46-55,2025-08-13 22:27:24
1427,Meredith Nguyen,2023-10-07,16407,103,52,31_60D,F,18-25,2025-08-02 23:54:39
1428,Michael Walton,2023-12-06,12649,101,80,61_90D,M,18-25,2025-07-31 04:43:09
1429,William Lopez,2024-07-20,5704,105,9,0SANA,F,56+,2025-08-28 21:16:06
1430,David Hodge,2024-03-13,17910,101,88,31_60D,F,26-35,2025-08-01 16:22:52
1431,Raymond Bishop,2023-09-14,7977,101,98,0SANA,M,56+,2025-08-15 06:33:02
1432,Steven Downs,2025-03-15,19068,105,77,31_60D,F,26-35,2025-08-14 08:19:05
1433,Leslie Mccormick,2023-10-19,9753,103,69,0SANA,F,26-35,2025-08-12 13:01:45
1434,Peter Walker,2025-02-14,1860,104,66,31_60D,F,36-45,2025-08-21 06:36:48
1435,Cindy Herrera,2024-12-04,3678,103,77,1_30D,M,46-55,2025-09-04 06:50:51
1436,Cameron Thomas,2025-02-14,10524,103,37,0SANA,F,18-25,2025-09-01 20:25:48
1437,Richard Rubio,2024-08-14,15407,103,95,0SANA,F,26-35,2025-08-08 15:18:33
1438,Mark Stout,2024-03-17,4392,105,63,61_90D,F,18-25,2025-08-15 09:29:04
1439,Caleb Brown,2023-11-15,6870,105,89,0SANA,F,26-35,2025-08-13 20:37:28
1440,Laura Bautista,2024-08-24,9429,101,35,0SANA,F,56+,2025-08-19 03:45:32
1441,Christina Gates,2024-10-16,3438,101,-1,0SANA,F,46-55,2025-08-13 00:06:21
1442,Kelly Hendricks,2025-01-22,6774,102,54,31_60D,F,18-25,2025-08-31 01:00:57
1443,Michelle Goodwin,2024-05-17,14983,101,69,0SANA,F,46-55,2025-08-08 15:11:06
1444,Stephanie Dunlap,2024-12-09,3684,101,78,0SANA,M,56+,2025-08-29 02:39:19
1445,Monica Harris,2023-12-27,777,101,45,61_90D,M,36-45,2025-08-10 08:44:05
1446,Melissa Charles,2025-02-20,4043,102,12,0SANA,M,46-55,2025-09-02 23:43:07
1447,Holly White,2023-10-10,10782,102,23,0SANA,M,18-25,2025-08-08 23:56:12
1448,Jason Fitzpatrick,2023-12-24,17316,101,87,0SANA,M,56+,2025-08-24 01:17:41
1449,Victoria Moore,2025-08-24,15510,105,61,0SANA,M,36-45,2025-09-01 18:55:53
1450,Alexander Hogan,2023-09-25,11210,104,45,0SANA,F,56+,2025-08-31 12:08:55
1451,Nicole Freeman,2024-06-14,3986,102,26,0SANA,F,18-25,2025-09-04 20:20:44
1452,Robert Long,2025-02-02,10665,101,94,1_30D,M,56+,2025-08-27 15:26:19
1453,Emily Hernandez,2024-10-16,7194,102,1,0SANA,F,26-35,2025-08-29 10:58:00
1454,Misty Gilmore,2025-05-13,6502,105,38,0SANA,M,36-45,2025-08-12 17:54:11
1455,Paul Thomas,2024-09-15,9173,101,93,0SANA,F,18-25,2025-08-26 18:47:27
1456,Michael Wagner,2023-12-14,3162,101,55,1_30D,F,26-35,2025-08-16 14:34:09
1457,George Riley,2024-06-21,2627,103,49,0SANA,M,36-45,2025-08-02 07:01:51
1458,Paul Cox,2024-02-19,4788,104,83,0SANA,M,18-25,2025-07-29 16:08:18
1459,Christopher Chandler,2024-07-11,11273,103,85,61_90D,M,18-25,2025-09-05 03:41:01
1460,Michael Morgan,2024-10-16,4993,105,71,31_60D,M,26-35,2025-08-03 01:13:00
1461,Ana Vega,2025-05-03,17665,103,37,1_30D,M,36-45,2025-08-04 07:47:52
1462,Kimberly Allen,2025-06-13,7018,104,1,0SANA,F,46-55,2025-09-04 03:02:13
1463,Tiffany Acosta,2024-05-11,8681,104,6,1_30D,M,26-35,2025-08-29 07:26:33
1464,David Chen,2025-05-07,9902,104,52,0SANA,M,56+,2025-08-04 21:06:23
1465,Jennifer Juarez,2023-12-05,7097,104,29,31_60D,M,46-55,2025-08-30 21:05:38
1466,Lori Rice,2024-06-09,18158,103,61,0SANA,M,26-35,2025-08-08 12:49:02
1467,Carol Riley,2025-06-01,2794,101,5,31_60D,F,36-45,2025-08-22 13:38:15
1468,Steven Howard,2024-12-08,7886,102,-5,61_90D,M,56+,2025-08-02 20:20:23
1469,Cynthia Kemp,2025-02-19,4560,104,39,31_60D,F,36-45,2025-08-05 00:41:27
1470,Jack Terrell,2025-07-09,7166,104,23,0SANA,F,36-45,2025-08-03 02:15:27
1471,Kevin Webb,2024-09-09,14895,104,52,31_60D,F,26-35,2025-08-07 12:25:13
1472,Rhonda Murphy,2024-09-23,6847,101,22,1_30D,M,18-25,2025-07-29 10:45:29
1473,Joseph Castillo,2025-07-31,9004,104,3,0SANA,M,46-55,2025-08-06 21:17:43
1474,Michael Vaughn,2025-04-17,13550,104,34,0SANA,M,26-35,2025-08-26 05:55:39
1475,Leonard Vega,2024-03-27,1547,103,47,0SANA,M,18-25,2025-08-26 10:30:39
1476,Austin Warner,2024-11-18,17541,103,58,1_30D,F,18-25,2025-08-19 19:18:33
1477,Adrian Roach,2024-01-14,17609,105,70,61_90D,M,56+,2025-08-12 21:13:23
1478,Derek Hood,2025-03-18,18886,102,14,1_30D,M,36-45,2025-08-27 16:01:33
1479,Taylor Perry,2025-08-06,14389,103,-5,0SANA,F,56+,2025-08-20 02:43:00
1480,Teresa Mcclain,2024-06-28,2244,104,62,31_60D,M,56+,2025-08-28 09:31:11
1481,Phillip Clark,2023-10-31,3035,103,20,0SANA,F,56+,2025-07-30 18:31:46
1482,Brian Hale,2024-10-09,3686,103,83,31_60D,F,18-25,2025-08-28 08:52:03
1483,Mr. Robert Scott,2024-12-07,4535,105,15,0SANA,M,56+,2025-08-21 15:02:01
1484,Jessica Brooks,2024-11-19,11841,102,64,31_60D,F,26-35,2025-08-30 02:35:05
1485,Mark Beck,2024-11-18,11661,104,98,0SANA,F,46-55,2025-08-09 09:18:38
1486,William Khan,2024-06-12,14994,103,73,0SANA,M,36-45,2025-09-03 00:59:50
1487,Kathryn Hill,2024-05-24,10642,104,47,1_30D,M,18-25,2025-08-03 02:28:54
1488,Chelsey Mitchell,2025-06-04,14622,102,22,0SANA,F,18-25,2025-08-25 06:28:06
1489,Laura Turner,2024-08-31,8279,102,65,61_90D,M,36-45,2025-08-10 04:14:59
1490,David Austin,2024-01-30,4077,101,2,0SANA,F,18-25,2025-08-22 10:34:37
1491,Carmen Bright,2023-09-24,10060,101,64,61_90D,M,46-55,2025-08-03 14:11:58
1492,Seth Wright,2024-10-15,19090,105,31,0SANA,M,46-55,2025-07-29 07:39:17
1493,Abigail Bean,2024-03-31,12417,103,67,31_60D,M,26-35,2025-08-15 13:11:21
1494,Valerie Burke MD,2024-10-12,11301,104,60,0SANA,F,26-35,2025-07-29 21:27:34
1495,Sarah Chapman,2024-04-08,760,103,56,1_30D,F,18-25,2025-08-16 01:09:57
1496,Hunter Miller,2025-02-25,2374,101,74,0SANA,M,36-45,2025-09-03 18:26:17
1497,Shawn Brennan,2025-07-10,7582,101,87,0SANA,M,26-35,2025-08-07 22:28:16
1498,Marie Jones,2024-08-30,691,103,0,0SANA,F,46-55,2025-09-03 03:58:22
1499,Stacy Fisher,2024-05-13,14742,101,3,31_60D,M,46-55,2025-07-31 17:26:36
1500,Melissa Allen,2025-07-11,6955,105,39,31_60D,F,46-55,2025-08-03 22:06:16
1501,Steven Johnson,2024-04-22,7922,104,98,0SANA,M,56+,2025-08-17 07:44:50
1502,Kathryn Heath,2024-03-07,4695,101,50,1_30D,M,46-55,2025-08-12 02:44:30
1503,Kenneth Ashley,2024-10-08,1505,102,8,1_30D,F,26-35,2025-08-30 22:00:43
1504,David Hernandez,2024-06-11,10177,104,30,1_30D,M,46-55,2025-08-16 13:54:56
1505,Brian Navarro,2025-08-21,19001,104,76,61_90D,M,56+,2025-08-26 09:15:12
1506,Matthew Blanchard,2024-03-23,7422,103,30,1_30D,F,18-25,2025-08-08 09:11:44
1507,Nicole Johnson,2023-11-10,10346,102,97,31_60D,M,36-45,2025-09-05 18:59:33
1508,George Williams,2023-12-10,4662,101,35,1_30D,M,26-35,2025-08-20 22:49:51
1509,Jesse Gibbs,2024-07-17,9980,104,88,0SANA,M,18-25,2025-08-30 14:26:14
1510,Rachael Anderson,2024-11-06,4482,104,95,0SANA,F,26-35,2025-08-26 05:33:36
1511,Scott Evans,2025-03-23,10746,105,77,0SANA,M,18-25,2025-08-11 08:28:21
1512,Robert Harrison,2024-12-13,8447,104,93,0SANA,F,26-35,2025-07-31 16:26:04
1513,Sierra Liu,2024-08-01,16076,103,3,0SANA,F,56+,2025-08-29 12:50:31
1514,Crystal Hernandez,2025-04-16,16322,101,1,0SANA,M,26-35,2025-08-31 07:10:02
1515,Justin Sanchez,2024-08-18,16273,104,69,0SANA,M,26-35,2025-08-06 00:08:34
1516,Anthony Mahoney,2024-05-22,7822,105,81,31_60D,F,46-55,2025-09-03 14:41:48
1517,Mr. Joseph Baker,2023-11-26,19045,104,56,0SANA,F,26-35,2025-07-29 01:32:32
1518,Matthew Jones,2024-05-18,782,103,47,0SANA,F,36-45,2025-08-05 10:19:00
1519,Miss Rhonda Gray,2025-08-06,6466,101,55,1_30D,M,26-35,2025-08-26 02:00:43
1520,Jose Fleming,2024-03-01,13988,105,97,1_30D,M,26-35,2025-09-04 20:17:25
1521,Beth Oneill,2024-09-24,1134,102,41,0SANA,F,26-35,2025-08-05 00:43:17
1522,Brittany Park,2024-07-17,4808,103,33,31_60D,M,56+,2025-07-28 07:08:41
1523,Kimberly Franklin,2025-04-27,9064,101,84,0SANA,F,18-25,2025-08-05 10:15:52
1524,Manuel Collins,2025-01-06,9355,103,-5,0SANA,F,46-55,2025-09-05 03:49:46
1525,Darin Myers,2025-05-04,12298,105,67,31_60D,M,46-55,2025-07-28 03:40:43
1526,Kayla Young,2025-01-16,4571,102,34,1_30D,M,56+,2025-08-12 07:57:43
1527,Christopher Zimmerman,2023-12-20,14785,101,49,61_90D,F,18-25,2025-08-18 12:31:38
1528,Kenneth Salas,2023-09-27,5169,105,73,61_90D,F,18-25,2025-09-04 23:07:28
1529,Andrew Russell DVM,2024-08-27,15122,103,72,0SANA,M,18-25,2025-08-03 19:52:20
1530,William Moore,2024-03-03,5982,105,87,0SANA,M,46-55,2025-08-01 06:07:11
1531,Craig Calhoun,2024-02-19,9718,105,15,1_30D,F,56+,2025-08-15 05:11:29
1532,Tammy Ortiz,2025-03-21,10594,105,93,0SANA,F,18-25,2025-08-31 12:10:30
1533,Rebecca Garcia,2024-01-28,3912,101,79,1_30D,M,18-25,2025-08-28 10:36:17
1534,John Hall,2023-09-24,5383,102,9,61_90D,M,56+,2025-09-01 07:32:47
1535,Caleb Ponce,2023-09-14,9464,103,15,0SANA,M,18-25,2025-07-28 09:18:54
1536,Erin Christensen,2023-10-05,10371,104,-3,0SANA,M,18-25,2025-07-31 15:57:01
1537,Shannon Moreno,2024-11-10,16465,105,49,0SANA,M,36-45,2025-07-31 05:41:04
1538,Deanna Hall,2024-06-10,14897,102,13,1_30D,F,56+,2025-08-13 08:51:23
1539,Dr. Scott Brown,2024-09-01,18042,105,71,61_90D,M,26-35,2025-08-17 07:52:25
1540,Russell Juarez,2024-10-18,13506,101,72,1_30D,M,56+,2025-07-30 00:54:52
1541,Cheryl Douglas,2024-10-22,10985,104,92,61_90D,F,36-45,2025-08-17 10:40:53
1542,Stephanie Oliver,2024-04-06,15877,102,62,0SANA,F,26-35,2025-08-20 10:22:29
1543,Mary Chapman,2025-05-07,19228,105,75,0SANA,M,46-55,2025-08-03 19:07:36
1544,Elizabeth Lamb,2025-07-20,19233,105,56,0SANA,F,56+,2025-08-03 13:14:30
1545,Maria Taylor,2025-01-01,4470,101,36,61_90D,F,56+,2025-08-13 01:05:49
1546,Carolyn Ayers,2024-12-27,5609,101,39,0SANA,M,36-45,2025-07-30 00:29:06
1547,Jenna Tate,2023-12-08,19878,104,5,0SANA,F,56+,2025-08-13 01:46:54
1548,Peter Myers,2025-08-12,13278,101,67,0SANA,F,36-45,2025-08-02 17:50:03
1549,Donna Baldwin,2023-10-11,569,102,51,0SANA,M,26-35,2025-08-07 07:36:55
1550,Brandon Curtis,2023-09-15,16913,101,90,0SANA,M,56+,2025-08-16 07:01:03
1551,Gregory Ochoa,2025-07-04,8246,101,73,1_30D,M,18-25,2025-08-01 18:01:16
1552,John Stevenson,2025-04-10,10561,103,59,31_60D,M,46-55,2025-08-06 12:50:37
1553,Austin Shepherd,2023-09-23,7416,105,42,0SANA,M,18-25,2025-08-13 14:52:11
1554,Joseph Bryan,2025-01-30,18027,104,25,31_60D,F,36-45,2025-08-21 20:49:31
1555,Christine Wagner,2024-05-19,11018,104,49,0SANA,F,46-55,2025-08-16 13:20:49
1556,Keith Hernandez,2025-07-29,1451,102,86,0SANA,M,56+,2025-07-28 12:01:26
1557,Jill Bryan DVM,2025-01-01,17038,105,63,0SANA,F,56+,2025-08-22 02:52:50
1558,Alexandra Phillips,2024-03-25,16696,104,34,1_30D,F,18-25,2025-09-01 08:27:35
1559,Joshua Greene,2025-02-11,14541,104,28,1_30D,M,56+,2025-08-08 09:10:36
1560,Keith Richardson,2023-10-09,13498,105,24,0SANA,F,18-25,2025-08-30 01:11:09
1561,Tracy Holland,2023-09-02,5724,102,24,0SANA,M,36-45,2025-08-30 10:19:08
1562,Kayla Bullock,2024-03-16,13551,102,80,0SANA,F,46-55,2025-09-01 11:22:19
1563,David Thomas,2024-11-29,9351,105,91,61_90D,M,46-55,2025-08-10 15:31:27
1564,Timothy Hayes,2025-07-15,3565,101,-2,1_30D,F,46-55,2025-08-10 07:22:35
1565,Christine Lara,2024-06-23,4548,103,14,1_30D,M,26-35,2025-09-03 17:44:12
1566,Nicole Chen,2025-06-22,10830,105,6,1_30D,M,26-35,2025-08-25 19:01:58
1567,Stephanie Rosales,2025-05-01,12247,101,91,31_60D,F,46-55,2025-08-29 23:48:42
1568,Patricia Brown,2023-09-19,16931,104,3,61_90D,M,46-55,2025-08-26 09:37:11
1569,Christopher Johnson,2024-07-08,9532,104,0,0SANA,F,36-45,2025-09-04 12:30:05
1570,Victoria Jennings,2024-09-27,1872,102,-4,31_60D,M,36-45,2025-08-17 15:38:46
1571,Cynthia Walker,2023-11-22,17728,101,28,0SANA,F,56+,2025-08-09 09:40:32
1572,Emily Gill,2024-03-18,4805,101,76,0SANA,F,26-35,2025-08-29 03:11:58
1573,Joseph Graham,2025-06-18,1301,101,71,1_30D,M,26-35,2025-08-08 05:14:05
1574,Adrienne Hopkins,2023-12-25,15875,104,46,31_60D,M,36-45,2025-09-05 18:44:52
1575,James Owens,2024-08-13,19078,102,31,31_60D,F,18-25,2025-09-05 15:19:09
1576,Elizabeth Cox,2024-08-20,13042,102,66,0SANA,F,26-35,2025-08-22 11:13:49
1577,Cody Nelson,2025-03-02,17134,105,67,0SANA,M,26-35,2025-09-04 11:43:17
1578,Nancy Glover,2023-12-30,14747,104,72,0SANA,F,26-35,2025-08-17 02:27:06
1579,Brendan Clarke,2025-04-11,10539,101,91,0SANA,F,46-55,2025-08-06 18:18:04
1580,Kelly Hansen,2024-01-04,15610,102,8,61_90D,F,56+,2025-08-21 17:50:47
1581,Michelle Thompson,2025-07-30,7703,104,2,1_30D,F,26-35,2025-08-16 13:55:50
1582,Jacob Young,2024-05-14,11464,104,91,1_30D,M,18-25,2025-09-05 21:24:13
1583,Daniel Hancock,2024-08-17,2314,103,56,0SANA,F,36-45,2025-08-06 23:34:47
1584,Michelle Grant,2025-01-11,11858,101,55,31_60D,M,18-25,2025-08-29 14:41:58
1585,Seth Murphy,2024-08-21,19343,101,96,0SANA,M,36-45,2025-08-27 10:30:34
1586,Amy Clarke,2025-05-18,3735,102,70,1_30D,M,18-25,2025-08-12 23:32:08
1587,Jacob Vargas,2025-08-16,7932,103,68,0SANA,M,26-35,2025-08-21 09:07:31
1588,Christopher Fowler,2024-02-10,15286,101,66,1_30D,F,56+,2025-08-12 19:22:19
1589,David Adams,2024-02-04,3631,102,14,0SANA,M,46-55,2025-08-08 13:10:57
1590,Benjamin Bauer,2023-11-04,17066,103,69,31_60D,M,46-55,2025-08-01 08:47:07
1591,Larry Rodriguez MD,2023-11-06,16398,103,10,1_30D,F,18-25,2025-08-12 22:12:16
1592,Kevin Patel,2025-08-08,12086,104,90,0SANA,F,36-45,2025-08-05 08:27:29
1593,Meredith Torres,2024-10-07,12486,102,34,1_30D,M,46-55,2025-08-08 08:17:37
1594,Sara Taylor,2024-09-11,13177,102,-3,31_60D,F,46-55,2025-08-18 17:33:28
1595,Michael Hensley,2024-02-11,19213,102,93,31_60D,M,18-25,2025-07-31 22:22:00
1596,Deborah Patrick,2024-01-13,6245,102,71,31_60D,F,56+,2025-08-17 21:11:29
1597,David Barrett MD,2025-03-04,7909,102,49,31_60D,M,56+,2025-08-14 18:35:50
1598,Amy Smith,2023-12-05,7815,104,-4,31_60D,M,56+,2025-08-26 16:32:00
1599,Jennifer Gomez,2025-07-13,6951,105,0,0SANA,F,46-55,2025-08-07 08:41:31
1600,Michael Smith,2023-11-25,16819,104,5,1_30D,M,36-45,2025-07-31 16:03:55
1601,Dawn Trevino,2024-03-11,10821,102,37,0SANA,F,18-25,2025-07-30 21:17:54
1602,Nathan Cannon,2024-05-18,681,102,25,0SANA,M,18-25,2025-08-13 20:39:46
1603,Erica Perez,2024-07-15,11319,102,23,61_90D,M,56+,2025-08-06 19:13:11
1604,Ricardo Johnson,2024-07-20,12211,105,34,31_60D,F,46-55,2025-08-28 23:14:04
1605,Cindy Reid,2024-11-27,12497,105,87,0SANA,F,18-25,2025-08-26 08:49:36
1606,Kaitlin Ray,2024-12-20,3060,104,45,0SANA,M,36-45,2025-08-22 09:13:29
1607,James Simmons,2024-09-21,6306,104,43,1_30D,F,18-25,2025-09-02 18:33:41
1608,Emily Fuentes,2024-12-22,4175,104,28,1_30D,M,46-55,2025-08-18 11:44:00
1609,Lindsey Contreras,2024-03-15,5691,103,4,1_30D,F,46-55,2025-08-24 22:07:13
1610,Olivia Woods,2025-05-27,7161,102,55,0SANA,M,26-35,2025-08-31 02:59:57
1611,Emily Kelly,2024-12-12,16346,101,36,0SANA,M,18-25,2025-08-31 06:52:13
1612,Andrea Burns,2025-03-14,3496,105,86,31_60D,M,56+,2025-08-21 06:10:59
1613,Robert Guzman,2024-09-17,10498,102,65,31_60D,F,36-45,2025-08-28 03:32:45
1614,Roy Stewart,2025-06-24,1247,104,93,1_30D,M,56+,2025-09-01 07:51:39
1615,Matthew Montgomery,2024-11-13,16922,103,61,0SANA,M,18-25,2025-08-07 01:22:42
1616,William Doyle,2023-12-28,3618,105,77,0SANA,F,36-45,2025-08-19 22:02:17
1617,Angela Williams,2024-09-26,4536,103,-2,1_30D,F,56+,2025-08-17 20:14:57
1618,Donna Johnson,2023-12-01,10294,104,14,61_90D,M,56+,2025-09-04 21:59:25
1619,Heather Wright,2025-04-17,13504,102,11,1_30D,F,46-55,2025-08-26 22:03:03
1620,Barbara Warner,2024-05-09,15663,103,7,0SANA,F,26-35,2025-07-31 09:06:13
1621,Lindsay Evans,2024-12-03,12078,103,65,0SANA,F,36-45,2025-08-30 15:43:54
1622,Laura Riley,2023-10-21,18480,104,6,31_60D,F,46-55,2025-08-05 17:55:45
1623,David Scott,2023-11-14,8101,103,45,1_30D,F,18-25,2025-08-30 11:54:58
1624,Jose Sanchez,2024-05-22,5643,103,77,0SANA,M,36-45,2025-08-07 20:19:54
1625,William Murphy,2025-02-15,14277,101,64,0SANA,M,56+,2025-08-23 02:42:06
1626,Stephanie Drake,2024-10-26,16550,105,66,31_60D,M,26-35,2025-08-24 17:01:03
1627,Jennifer Wilson,2025-03-24,8260,105,54,61_90D,F,36-45,2025-08-04 05:34:01
1628,Spencer Hodges,2023-09-29,9563,101,57,0SANA,M,56+,2025-07-31 18:44:41
1629,Tyrone Floyd,2024-08-09,2963,102,15,1_30D,M,56+,2025-08-21 15:09:13
1630,Christine Tate,2024-09-04,3880,105,6,0SANA,M,26-35,2025-08-03 02:05:10
1631,Sherri Smith,2024-12-27,3927,102,24,1_30D,F,36-45,2025-08-12 19:27:50
1632,Kenneth Moyer PhD,2024-01-20,14345,104,-5,1_30D,M,18-25,2025-08-09 14:24:48
1633,Dr. Linda Moore,2024-08-20,18819,102,14,0SANA,M,18-25,2025-08-04 02:56:37
1634,Jesse Page,2024-02-26,8024,103,64,61_90D,F,26-35,2025-08-02 09:31:52
1635,Kevin Howard,2025-01-03,18365,104,82,31_60D,F,46-55,2025-08-13 18:02:52
1636,Anthony Riley,2025-02-25,7325,101,-1,0SANA,F,46-55,2025-07-29 19:49:29
1637,Sharon Perry,2023-09-20,1758,102,42,31_60D,F,46-55,2025-08-20 12:20:05
1638,Dennis Clark,2025-05-28,18619,102,43,0SANA,M,26-35,2025-09-05 14:50:00
1639,Robert Williams,2023-11-09,17240,102,26,1_30D,F,36-45,2025-07-28 14:56:51
1640,Brandon Barber,2024-03-17,2909,101,36,1_30D,M,18-25,2025-08-30 23:18:22
1641,Heather Mcfarland,2024-07-03,17484,105,53,0SANA,M,46-55,2025-08-18 05:09:51
1642,April Gomez,2023-11-01,15414,102,78,1_30D,F,18-25,2025-08-04 16:05:44
1643,Barry Jacobson,2025-06-05,6485,105,6,31_60D,F,46-55,2025-08-13 00:09:26
1644,Mark Higgins,2025-07-08,18578,105,65,61_90D,F,46-55,2025-08-01 07:57:59
1645,Shannon Taylor,2023-12-23,9153,102,58,0SANA,M,46-55,2025-07-28 10:27:18
1646,William Shaw,2023-10-02,10838,104,66,0SANA,F,26-35,2025-08-17 14:31:59
1647,Vincent Mendez,2025-07-21,4966,101,8,61_90D,M,18-25,2025-08-04 06:55:30
1648,Kaitlyn Carrillo,2024-10-12,16997,101,-1,0SANA,F,46-55,2025-08-21 06:35:28
1649,April Mccormick,2025-03-10,3216,103,75,1_30D,F,36-45,2025-07-29 18:17:33
1650,Bryan Evans,2024-10-15,4994,105,21,1_30D,M,26-35,2025-08-22 02:58:35
1651,Marie Clark,2024-06-11,13073,105,53,0SANA,M,18-25,2025-07-31 11:43:10
1652,Janice Pitts,2025-07-16,19145,101,20,31_60D,F,36-45,2025-08-19 23:57:35
1653,Linda Benson,2024-03-02,15121,101,23,0SANA,M,46-55,2025-08-24 18:56:16
1654,Candice Vaughn,2024-02-18,10899,103,9,61_90D,F,36-45,2025-08-09 04:33:28
1655,Tammy Lopez,2024-03-24,4055,105,20,1_30D,F,46-55,2025-08-23 06:40:04
1656,Nathan Nguyen,2024-06-14,10202,104,27,0SANA,M,26-35,2025-08-21 17:28:23
1657,Mr. James Clark,2024-12-24,15908,101,87,31_60D,M,26-35,2025-08-01 11:49:12
1658,Ashley Carter,2023-09-25,11007,102,16,1_30D,F,26-35,2025-08-19 17:43:45
1659,Carol Peterson MD,2025-04-29,18586,101,5,0SANA,F,46-55,2025-08-01 01:43:53
1660,Katherine Mendez,2025-05-30,15801,104,65,1_30D,F,36-45,2025-08-30 12:16:15
1661,Andrew Ramos,2023-10-31,2970,105,61,0SANA,M,36-45,2025-08-23 23:11:37
1662,Melissa Christian,2025-01-15,11371,105,94,0SANA,F,36-45,2025-08-19 12:14:14
1663,Bianca Roth,2024-12-11,12215,105,16,0SANA,F,36-45,2025-07-30 19:41:10
1664,Audrey Kennedy,2024-02-07,18587,101,75,0SANA,M,36-45,2025-08-06 16:36:16
1665,Catherine Kelley,2024-10-15,8311,105,49,61_90D,F,18-25,2025-08-13 16:13:58
1666,Kimberly Miller,2024-02-04,14276,103,53,61_90D,M,46-55,2025-08-10 18:22:43
1667,Bethany Duarte,2024-01-23,15817,102,74,1_30D,M,46-55,2025-08-02 11:13:20
1668,John Jones,2025-03-03,12366,105,13,31_60D,M,46-55,2025-08-16 19:26:47
1669,Melissa Watkins,2024-08-06,6076,103,78,61_90D,M,56+,2025-08-18 19:40:22
1670,Ronald Deleon,2024-09-06,6796,103,47,0SANA,M,56+,2025-08-21 12:00:52
1671,Casey Whitaker,2024-09-20,16791,103,0,1_30D,M,36-45,2025-08-27 18:25:08
1672,Aaron Smith,2024-08-09,2845,102,0,61_90D,F,46-55,2025-08-14 07:15:46
1673,Scott Campos,2024-04-28,10289,102,58,31_60D,F,36-45,2025-09-01 03:03:41
1674,Jennifer Johnston,2025-03-12,13145,105,17,1_30D,F,56+,2025-09-03 10:11:04
1675,Anthony Powell,2024-04-23,3609,105,63,0SANA,M,36-45,2025-08-23 06:26:44
1676,Erin Miller,2023-11-07,7853,105,50,0SANA,M,18-25,2025-08-02 16:43:57
1677,Sarah Rogers,2025-06-30,18807,102,38,31_60D,M,18-25,2025-08-14 13:18:49
1678,Thomas Ruiz,2025-02-08,10882,103,-1,31_60D,F,18-25,2025-08-03 03:36:05
1679,Megan Watson,2024-07-21,2766,103,45,0SANA,M,36-45,2025-08-27 01:55:51
1680,Tanner Mckee,2024-10-25,11990,104,13,0SANA,F,18-25,2025-08-16 09:41:06
1681,Melanie Johnson,2024-08-12,13927,102,63,0SANA,M,18-25,2025-08-03 08:09:13
1682,Scott Dominguez,2025-06-10,958,102,90,31_60D,F,56+,2025-08-22 14:47:16
1683,Ashley Ramos,2025-05-01,1723,103,63,0SANA,M,18-25,2025-08-23 17:35:47
1684,Richard Munoz,2025-08-15,2604,102,33,1_30D,F,26-35,2025-09-03 17:08:52
1685,Danielle Palmer,2024-11-01,4825,103,69,31_60D,F,46-55,2025-08-27 05:57:38
1686,Karen Barton,2025-05-11,11343,105,32,0SANA,F,36-45,2025-08-25 15:33:31
1687,Ashley Fernandez,2023-12-18,13560,104,24,1_30D,F,18-25,2025-08-06 09:22:02
1688,Brian Campbell,2025-07-05,5432,103,53,0SANA,F,36-45,2025-08-26 11:38:40
1689,Kenneth Peters,2025-08-09,12165,102,11,1_30D,M,46-55,2025-09-04 21:54:17
1690,Matthew Schmidt,2024-06-13,10388,103,93,31_60D,M,36-45,2025-08-22 12:40:41
1691,Mitchell Wells,2025-04-01,9909,104,15,0SANA,F,26-35,2025-09-01 06:25:55
1692,Cynthia Sampson,2025-01-08,9226,103,65,0SANA,F,46-55,2025-08-31 13:57:12
1693,Amy Mack,2023-10-11,5110,101,9,1_30D,M,36-45,2025-08-23 02:54:45
1694,Emily Key,2023-09-04,13892,104,70,31_60D,M,36-45,2025-08-31 04:02:21
1695,Andrew Morgan,2025-05-21,14258,101,29,0SANA,F,46-55,2025-08-27 12:38:42
1696,Meghan Cobb,2023-12-14,4925,104,85,1_30D,M,26-35,2025-08-03 23:33:24
1697,Linda Sullivan,2025-07-27,14652,105,74,0SANA,F,56+,2025-08-29 16:59:29
1698,Catherine Gilbert,2024-01-28,2705,102,34,0SANA,F,56+,2025-09-04 02:24:49
1699,Douglas Krause,2024-02-25,4551,103,67,0SANA,F,18-25,2025-08-23 22:22:20
1700,Andrea Cline,2025-05-23,1769,105,1,0SANA,M,26-35,2025-09-01 14:04:08
1701,Patricia Shaffer,2024-07-22,6373,103,96,0SANA,M,18-25,2025-08-06 13:53:59
1702,Lynn Kelly,2025-06-11,13665,101,36,0SANA,F,56+,2025-08-26 09:08:33
1703,Emily Ryan,2023-10-02,11496,101,39,31_60D,F,36-45,2025-08-22 06:49:51
1704,Rose Fowler,2023-09-07,6770,104,36,0SANA,M,36-45,2025-08-22 17:45:48
1705,Joan Schaefer,2024-07-06,549,101,81,0SANA,M,18-25,2025-08-02 05:51:15
1706,Matthew Smith,2024-01-31,15289,105,-1,0SANA,M,56+,2025-08-27 15:41:39
1707,Nicole Newman,2024-01-23,11155,101,28,31_60D,M,18-25,2025-09-02 03:37:04
1708,Marisa Johns,2023-09-11,5704,105,96,31_60D,F,18-25,2025-08-23 20:14:45
1709,Angela Morales,2023-11-15,2070,105,47,31_60D,M,36-45,2025-08-19 22:48:56
1710,Samantha Compton,2024-06-30,15442,103,50,1_30D,F,46-55,2025-08-01 00:10:21
1711,Joann Scott,2025-06-18,19318,102,-1,0SANA,F,46-55,2025-08-10 16:36:27
1712,Victoria Smith,2025-08-25,16315,104,29,31_60D,M,18-25,2025-08-21 20:24:11
1713,Jacob Guerra,2024-03-02,16480,102,21,61_90D,F,18-25,2025-08-27 12:42:59
1714,Wayne Miller,2025-05-26,15815,104,69,1_30D,F,56+,2025-08-14 22:27:25
1715,Elizabeth Mcfarland,2025-04-01,2105,101,61,0SANA,M,56+,2025-09-05 17:58:54
1716,Nicole Randolph,2024-09-13,9654,105,-4,0SANA,F,18-25,2025-08-12 19:10:07
1717,John Mcdonald,2024-07-28,16210,105,39,0SANA,M,56+,2025-08-11 16:21:24
1718,Jonathan Mcintosh,2023-09-14,4444,105,93,0SANA,M,26-35,2025-08-16 21:14:06
1719,Charles Jones,2024-05-21,5797,105,36,0SANA,F,46-55,2025-08-12 21:22:36
1720,Leah Thomas,2024-07-01,3947,104,81,0SANA,M,46-55,2025-08-25 02:20:31
1721,Lisa Silva,2024-01-18,17340,102,98,1_30D,M,18-25,2025-08-30 08:03:33
1722,Anita Green,2023-11-17,8465,105,16,1_30D,F,26-35,2025-07-28 17:40:45
1723,Amanda Flores,2024-07-19,5317,104,54,1_30D,M,36-45,2025-08-09 20:09:39
1724,Morgan Humphrey,2023-09-17,4783,103,53,61_90D,F,18-25,2025-08-01 17:35:45
1725,Thomas Thompson,2024-07-21,17222,105,81,0SANA,F,56+,2025-08-20 13:07:10
1726,Morgan Obrien,2025-07-31,8449,104,25,0SANA,F,26-35,2025-08-04 10:08:51
1727,Jennifer Lopez,2024-08-29,16857,102,98,1_30D,M,46-55,2025-08-22 05:09:03
1728,Jennifer Marshall,2024-08-22,14707,104,-4,1_30D,M,46-55,2025-08-01 09:57:23
1729,John Bell,2024-08-11,7904,102,-4,1_30D,M,46-55,2025-08-13 21:39:51
1730,Amanda Hutchinson,2025-02-05,1598,101,2,31_60D,F,56+,2025-09-03 04:21:02
1731,Natasha Lewis,2024-09-11,12772,104,2,61_90D,F,18-25,2025-08-27 22:02:19
1732,Catherine Gibbs,2024-01-07,9584,104,26,0SANA,F,56+,2025-08-31 08:49:37
1733,Charlene Parker,2024-03-26,9953,103,7,1_30D,M,46-55,2025-07-31 23:30:48
1734,Melinda Mccoy,2024-11-05,861,102,-1,31_60D,F,46-55,2025-08-12 18:45:26
1735,Thomas Andrade,2024-02-13,6259,103,31,61_90D,F,26-35,2025-08-22 16:27:15
1736,Veronica Chapman,2024-06-06,19208,101,96,1_30D,F,46-55,2025-08-11 15:09:59
1737,David Garcia,2025-07-07,3776,102,31,0SANA,M,46-55,2025-08-13 09:51:03
1738,Steven Vaughan,2024-08-05,4890,101,51,0SANA,M,56+,2025-08-24 21:09:22
1739,Sarah Miller,2024-03-01,18482,105,54,31_60D,F,46-55,2025-08-07 09:53:56
1740,Lauren Green,2024-02-01,19029,105,31,0SANA,M,18-25,2025-08-22 11:02:03
1741,Tammy Bates,2025-03-18,9370,104,4,0SANA,M,36-45,2025-08-26 10:16:44
1742,Jamie Lee,2025-04-20,9632,101,26,61_90D,M,46-55,2025-08-06 21:21:17
1743,Courtney Graham,2023-10-03,12998,103,88,0SANA,F,26-35,2025-08-07 19:33:07
1744,Levi Matthews,2023-12-03,14938,103,58,0SANA,F,56+,2025-08-28 04:26:32
1745,Patricia Cox,2025-04-10,7274,105,14,1_30D,M,36-45,2025-08-18 12:10:26
1746,Ronnie Petersen,2025-05-13,18443,103,98,0SANA,F,46-55,2025-08-12 14:29:28
1747,Nicholas Horton,2024-03-03,8402,103,11,61_90D,F,56+,2025-08-18 07:27:45
1748,Charles Powell,2024-10-19,9993,105,28,0SANA,M,56+,2025-09-04 02:02:23
1749,Steven Norman,2023-09-20,5364,104,14,0SANA,F,36-45,2025-09-05 21:52:53
1750,Todd Olsen,2024-10-29,8620,104,97,1_30D,F,46-55,2025-07-28 08:30:28
1751,Priscilla Mitchell,2025-02-15,18026,102,71,1_30D,F,36-45,2025-08-14 01:42:52
1752,Bridget Sullivan,2023-09-22,1553,101,85,61_90D,M,26-35,2025-08-27 02:20:06
1753,Nancy Morrison,2024-03-25,11898,101,50,0SANA,M,56+,2025-08-23 23:30:26
1754,Mary Cochran,2023-09-27,12511,102,76,0SANA,M,18-25,2025-08-23 04:55:57
1755,Laura Smith,2023-09-16,19470,101,72,0SANA,M,18-25,2025-09-05 14:01:58
1756,Alexis Davis,2024-11-25,14748,105,49,0SANA,F,46-55,2025-08-17 05:57:21
1757,Jeanne Dougherty,2024-07-16,7050,105,43,0SANA,M,56+,2025-08-24 22:54:15
1758,Amanda Robinson,2024-07-02,13475,103,-5,31_60D,M,36-45,2025-08-28 18:08:14
1759,Amy Davis,2025-02-24,10129,103,23,0SANA,M,46-55,2025-08-14 01:41:40
1760,Lori Meyer,2024-01-02,15727,102,13,0SANA,F,26-35,2025-08-23 23:32:42
1761,Robin Bailey,2024-05-09,15028,101,85,1_30D,F,46-55,2025-09-02 07:40:05
1762,Henry Spears,2023-08-28,13197,104,47,61_90D,F,36-45,2025-08-19 00:57:07
1763,Caitlin Shaw,2025-01-08,14175,103,4,31_60D,F,46-55,2025-09-02 16:34:04
1764,Chris Santos,2025-03-25,7749,104,37,0SANA,M,26-35,2025-08-18 11:27:16
1765,Brian Garcia,2025-05-05,14672,101,18,0SANA,M,46-55,2025-08-22 11:41:12
1766,Andre Carter,2023-09-16,13288,101,94,0SANA,F,18-25,2025-08-23 02:26:14
1767,Brian Ford,2024-06-03,12668,105,77,0SANA,F,18-25,2025-08-05 11:51:52
1768,Melinda Dixon,2024-01-13,7559,105,50,0SANA,M,56+,2025-09-04 07:59:36
1769,Sandy Nelson,2024-08-31,6717,104,68,31_60D,M,46-55,2025-08-21 21:22:35
1770,Victoria Cole,2024-02-01,669,101,92,0SANA,F,46-55,2025-08-05 14:12:08
1771,Alexis Zuniga,2025-08-22,10895,104,82,1_30D,M,18-25,2025-08-20 22:40:40
1772,Shane Johnson,2025-05-28,683,102,35,0SANA,M,18-25,2025-08-17 20:29:31
1773,Michael Kelly,2024-08-04,11504,104,36,0SANA,F,56+,2025-09-04 10:10:10
1774,Angela Meyer,2024-09-07,10314,104,80,61_90D,M,26-35,2025-09-02 22:06:22
1775,Stephen Lucas,2025-08-13,4613,102,99,0SANA,F,36-45,2025-08-11 11:39:07
1776,Brandy Hull,2024-06-04,12732,104,25,0SANA,F,18-25,2025-08-20 21:08:16
1777,Richard Adams,2024-11-25,11668,101,80,31_60D,M,18-25,2025-08-01 10:39:25
1778,Brittney Russo,2023-12-22,14896,102,86,31_60D,M,56+,2025-08-16 04:19:26
1779,Robert Reed,2024-05-10,7219,103,8,31_60D,M,36-45,2025-08-17 02:46:04
1780,Luis Conrad,2025-04-08,3934,105,91,0SANA,F,18-25,2025-08-01 18:02:02
1781,Andrew Benjamin,2023-12-07,16604,104,51,0SANA,M,36-45,2025-08-19 21:23:43
1782,Michael Walker,2025-04-15,6412,103,19,0SANA,M,26-35,2025-08-15 07:29:55
1783,Terry Caldwell,2023-08-26,10511,105,63,0SANA,F,26-35,2025-08-18 20:24:54
1784,Brian Marshall,2025-06-08,1824,104,65,1_30D,F,36-45,2025-08-16 07:29:45
1785,Matthew Pierce,2023-11-10,11780,101,43,1_30D,M,26-35,2025-08-07 12:04:52
1786,Rebecca Beard,2024-11-16,10075,105,43,0SANA,F,46-55,2025-08-19 05:36:35
1787,Alexandra Obrien,2024-07-21,2969,105,70,61_90D,M,18-25,2025-08-30 04:15:55
1788,Stephanie Gonzalez PhD,2024-09-24,6952,101,36,0SANA,M,56+,2025-07-29 08:34:48
1789,Sara Green,2025-06-26,13198,104,16,0SANA,F,46-55,2025-08-08 21:26:52
1790,Edwin Fields,2023-10-15,5029,105,80,31_60D,M,46-55,2025-09-03 14:56:50
1791,Ashlee Santos,2024-10-28,15435,102,43,0SANA,F,36-45,2025-08-05 16:05:23
1792,Thomas Holden,2024-01-22,11480,105,1,0SANA,F,18-25,2025-08-07 15:39:13
1793,Daniel Reynolds,2023-09-07,19331,101,45,0SANA,F,36-45,2025-09-01 06:21:25
1794,Adrian Wilson,2024-04-07,18645,104,70,0SANA,F,56+,2025-09-04 09:44:14
1795,Douglas Tran,2023-12-13,13825,104,99,31_60D,F,36-45,2025-08-14 06:33:42
1796,Brooke Torres,2024-05-17,9868,104,52,0SANA,F,18-25,2025-08-18 21:14:33
1797,Peter Mcpherson,2025-01-30,17399,102,35,0SANA,M,18-25,2025-08-27 14:34:09
1798,Cory Flores,2024-12-17,14616,103,81,1_30D,M,18-25,2025-08-13 07:58:39
1799,Lisa Baker,2023-09-17,541,102,4,31_60D,M,18-25,2025-08-18 15:07:47
1800,Laura Miller,2025-08-12,8965,104,85,0SANA,M,36-45,2025-08-19 20:25:37
1801,Isaac Webb,2024-02-23,8595,103,88,0SANA,F,46-55,2025-08-30 21:44:18
1802,Jennifer Duran,2024-05-01,18621,102,12,61_90D,M,36-45,2025-07-28 04:40:11
1803,Mary King,2023-09-19,900,105,57,61_90D,F,26-35,2025-08-12 22:06:09
1804,Jamie Young,2023-11-22,1281,103,53,31_60D,F,26-35,2025-07-31 07:34:32
1805,David Reese,2024-09-08,19396,104,66,31_60D,M,18-25,2025-08-03 05:41:40
1806,Dr. Jesse Neal,2023-11-21,9017,103,94,0SANA,M,56+,2025-08-17 16:26:04
1807,Beverly Bridges,2023-10-03,5231,101,40,0SANA,F,26-35,2025-08-21 21:57:24
1808,Matthew Parker,2024-06-28,8490,102,2,0SANA,F,36-45,2025-08-03 12:44:18
1809,Steven Parker,2025-06-16,3939,104,31,1_30D,F,56+,2025-08-12 03:10:34
1810,Ashley Price,2024-04-15,16798,103,70,0SANA,F,36-45,2025-08-05 04:21:37
1811,Kelsey Ramirez,2024-01-13,5351,103,64,1_30D,F,18-25,2025-08-14 15:45:26
1812,Carlos Simpson,2024-04-27,15319,103,-1,61_90D,M,18-25,2025-08-25 05:22:34
1813,Michael Evans,2023-10-03,8926,102,89,0SANA,M,26-35,2025-09-04 14:55:46
1814,Michelle Barnes,2023-12-01,17391,103,48,0SANA,F,36-45,2025-08-18 08:13:35
1815,Alyssa Rivers,2024-05-19,16808,101,83,61_90D,M,26-35,2025-08-04 07:24:28
1816,Kevin Davis,2024-11-20,12888,104,17,0SANA,M,36-45,2025-07-31 08:48:01
1817,Brian Estrada,2023-11-02,8188,103,57,0SANA,F,26-35,2025-08-26 02:02:54
1818,Shelby Reyes,2023-09-06,18589,101,39,1_30D,F,56+,2025-09-01 09:59:14
1819,Alicia Bowman,2023-11-08,16609,105,59,31_60D,F,36-45,2025-08-15 22:08:39
1820,April Mann,2025-06-21,6285,105,17,0SANA,M,36-45,2025-08-24 16:41:13
1821,John Gonzalez,2023-09-18,18371,104,8,0SANA,F,18-25,2025-08-05 19:33:21
1822,Scott Smith,2025-02-23,18523,103,28,0SANA,F,26-35,2025-08-24 18:27:15
1823,Dana Jones,2025-07-10,19858,102,21,61_90D,F,46-55,2025-08-11 08:03:04
1824,Lawrence Hudson,2025-04-17,5454,102,34,0SANA,F,56+,2025-08-19 20:26:16
1825,Adrian Garcia,2024-01-27,6440,103,47,61_90D,F,36-45,2025-08-27 20:26:34
1826,Ana Allen,2024-06-16,6025,102,88,31_60D,M,46-55,2025-08-25 04:29:40
1827,Lydia Joseph,2024-06-29,7229,104,15,0SANA,F,18-25,2025-08-31 03:44:20
1828,Donna Cohen,2024-05-07,18890,102,80,31_60D,F,46-55,2025-08-24 15:32:16
1829,Natasha Vaughan,2025-06-17,17956,101,26,0SANA,F,46-55,2025-08-20 00:16:11
1830,Laura Jones,2024-04-03,11352,105,38,0SANA,M,18-25,2025-08-01 23:26:30
1831,Paul Hill,2025-07-13,10668,104,56,31_60D,M,26-35,2025-08-03 11:53:21
1832,Leslie Jenkins,2024-08-17,9897,103,48,1_30D,F,46-55,2025-08-19 06:27:01
1833,Nicole Torres,2024-01-28,3103,102,38,31_60D,M,36-45,2025-08-20 08:09:26
1834,David Chase,2023-09-08,7382,105,74,0SANA,M,46-55,2025-07-31 16:59:14
1835,Jeremy Wallace,2024-11-11,15701,103,43,1_30D,F,56+,2025-08-11 08:19:57
1836,Jeremiah Newman,2023-11-13,651,105,7,61_90D,F,26-35,2025-08-18 11:39:17
1837,Erik Garza,2023-08-29,3837,103,62,31_60D,F,36-45,2025-08-16 05:41:57
1838,Robert Hernandez,2023-12-15,12435,103,83,31_60D,M,46-55,2025-08-21 06:58:54
1839,Danny West,2024-10-10,16703,105,62,1_30D,F,26-35,2025-08-20 09:25:37
1840,Timothy Spencer,2025-08-12,18229,104,-5,31_60D,F,18-25,2025-08-26 12:11:07
1841,Tracy Myers,2024-05-09,4332,102,48,0SANA,F,46-55,2025-08-11 07:58:25
1842,Jennifer Jenkins,2024-03-01,5454,102,61,1_30D,F,56+,2025-07-30 17:51:29
1843,Guy Calhoun,2025-03-30,3009,103,27,0SANA,F,56+,2025-08-28 03:41:19
1844,Anthony Rose,2025-01-05,5574,101,83,0SANA,M,46-55,2025-08-22 05:38:48
1845,Kristine Davis,2023-10-31,19328,103,15,61_90D,F,18-25,2025-08-24 09:41:05
1846,Erika Adams,2024-11-23,10692,105,67,0SANA,M,26-35,2025-08-02 04:33:22
1847,Kent Lewis MD,2024-02-03,4769,104,94,1_30D,M,46-55,2025-09-05 08:55:16
1848,Melissa Lawrence,2023-10-26,15558,104,91,0SANA,F,56+,2025-08-26 13:12:22
1849,Maureen Rogers,2023-08-29,8460,103,25,1_30D,M,46-55,2025-08-24 12:40:30
1850,Carol Mullen,2025-07-23,14819,102,45,1_30D,F,56+,2025-08-25 16:58:05
1851,Tracie Eaton,2023-10-13,5057,105,8,0SANA,M,56+,2025-08-30 22:48:08
1852,Valerie Griffith,2025-02-18,5870,104,80,0SANA,M,46-55,2025-08-30 21:36:50
1853,Erin Mcmahon,2024-05-15,9721,101,60,0SANA,F,46-55,2025-08-30 23:01:19
1854,Megan Cooper,2025-01-14,3661,104,66,0SANA,F,46-55,2025-08-14 23:39:11
1855,Joe Tyler,2024-05-02,4942,102,16,1_30D,M,26-35,2025-08-05 02:40:50
1856,Jeffrey Leblanc,2025-05-17,13758,102,14,31_60D,F,36-45,2025-08-14 14:53:26
1857,Edward Cantu,2023-11-02,19789,105,72,0SANA,M,26-35,2025-08-30 04:39:29
1858,Adam Schroeder,2024-01-25,12090,105,18,0SANA,F,56+,2025-08-28 04:28:45
1859,Amy Rodriguez,2025-05-18,10186,104,57,31_60D,M,36-45,2025-07-28 08:21:14
1860,Michael Young,2025-04-24,4211,102,80,0SANA,F,18-25,2025-08-09 12:47:41
1861,Raymond Rodriguez,2025-06-09,1029,105,88,0SANA,M,56+,2025-08-05 15:26:51
1862,Justin Knight,2025-07-09,18047,104,0,1_30D,M,46-55,2025-08-14 19:39:37
1863,Adam Smith,2023-10-15,2468,101,7,0SANA,M,26-35,2025-08-14 11:53:24
1864,Jessica Taylor,2024-01-26,5239,103,19,0SANA,M,36-45,2025-09-02 11:02:08
1865,Stephen Holder,2024-03-09,1029,102,0,61_90D,F,46-55,2025-09-01 15:01:10
1866,Madeline Johnson,2025-03-08,12362,101,59,31_60D,M,36-45,2025-08-09 19:22:07
1867,Michael Crawford,2024-03-28,18216,101,75,0SANA,M,56+,2025-08-24 19:35:48
1868,Judy Spencer,2025-06-06,12854,102,42,61_90D,F,56+,2025-08-13 16:47:51
1869,Amy Collins,2024-02-04,10344,105,54,0SANA,M,56+,2025-08-10 05:24:23
1870,Kelly Ortiz,2024-09-05,10186,103,68,0SANA,F,46-55,2025-08-07 04:01:12
1871,Charles Dawson,2024-01-09,14468,105,34,0SANA,M,26-35,2025-09-02 09:19:39
1872,Gregory Cooper Jr.,2025-08-13,13278,102,21,61_90D,F,26-35,2025-08-16 20:37:50
1873,Steven Robinson,2024-11-24,14410,104,13,1_30D,M,46-55,2025-08-14 04:41:10
1874,Lauren Mitchell,2025-06-26,5764,105,58,0SANA,F,56+,2025-09-01 15:10:16
1875,Leslie Gibson MD,2025-05-11,15544,104,56,0SANA,M,56+,2025-08-27 00:38:47
1876,Christina Kelly,2024-07-29,7869,104,10,31_60D,M,46-55,2025-08-09 09:28:21
1877,Kurt Manning,2025-01-11,8138,105,69,31_60D,F,26-35,2025-08-10 14:38:02
1878,Jennifer Jackson,2024-02-06,1636,104,46,0SANA,M,18-25,2025-08-25 14:07:52
1879,Renee Rice,2025-06-26,4287,104,67,0SANA,M,36-45,2025-08-01 17:31:51
1880,Robert Henson,2024-04-01,13749,103,48,0SANA,F,18-25,2025-08-26 21:23:20
1881,Dr. Angela Mckee,2024-08-03,2344,102,24,1_30D,F,56+,2025-08-10 16:33:06
1882,Matthew Moreno,2025-03-27,19610,104,71,0SANA,M,18-25,2025-09-04 12:02:57
1883,Grace Nunez,2023-12-15,4204,101,17,31_60D,M,18-25,2025-08-14 15:46:46
1884,Sarah Bell,2024-03-06,17420,105,-3,31_60D,F,46-55,2025-08-26 18:30:55
1885,Michael Mullins,2025-06-28,7434,103,33,31_60D,F,56+,2025-07-29 23:03:18
1886,Shannon Reeves,2024-06-08,19845,102,37,1_30D,F,26-35,2025-08-19 11:20:43
1887,Steven Gilmore,2024-12-22,15185,103,53,0SANA,M,18-25,2025-08-09 16:01:17
1888,Dylan Bishop,2025-07-17,3068,101,-1,1_30D,M,46-55,2025-08-16 20:41:07
1889,Tammy Shelton,2025-03-19,1386,101,72,1_30D,M,56+,2025-09-03 02:55:07
1890,Antonio Anderson,2025-05-14,18541,104,66,31_60D,M,46-55,2025-09-04 09:09:04
1891,Anna Black,2025-01-30,6642,102,91,61_90D,F,56+,2025-08-18 20:33:23
1892,Kelsey Andrade,2024-12-07,6735,105,27,0SANA,M,56+,2025-08-08 00:28:16
1893,Sandra Hale,2025-04-28,11426,102,90,0SANA,M,36-45,2025-08-06 05:36:16
1894,James Parker,2024-05-04,4046,104,30,1_30D,M,26-35,2025-08-20 03:11:39
1895,David Lee,2024-08-19,4095,102,15,0SANA,F,26-35,2025-08-15 10:45:09
1896,Brian Thomas,2025-06-09,15326,102,34,0SANA,M,36-45,2025-08-08 12:56:57
1897,Elizabeth Johnson,2024-03-23,11773,104,69,1_30D,F,56+,2025-08-15 17:12:32
1898,Jessica Sanchez,2024-02-08,5337,103,36,0SANA,F,46-55,2025-09-05 04:16:06
1899,Kristen Swanson,2024-01-05,3415,102,82,0SANA,F,18-25,2025-08-18 21:13:30
1900,Billy Gray,2023-10-30,19932,103,90,0SANA,F,56+,2025-08-04 10:56:48
1901,Kelly Ramirez,2024-02-13,15188,105,57,61_90D,M,18-25,2025-09-04 21:07:02
1902,Jacqueline Larson,2025-05-04,17406,105,89,1_30D,M,36-45,2025-07-28 22:26:07
1903,Lindsey Kim,2023-09-07,2200,105,64,31_60D,M,36-45,2025-08-01 17:15:48
1904,Jacob Sanchez,2025-04-05,6353,102,58,31_60D,M,46-55,2025-08-05 03:41:36
1905,Mario Blackwell,2025-07-23,10310,105,20,1_30D,M,36-45,2025-08-26 16:34:48
1906,Abigail Vang,2025-01-24,824,101,88,1_30D,F,56+,2025-08-03 05:49:12
1907,John Scott,2023-12-06,7682,105,33,61_90D,F,56+,2025-08-21 06:41:49
1908,Donald Sawyer,2023-11-11,10226,102,66,0SANA,F,26-35,2025-08-23 23:47:39
1909,Robert Davis,2025-01-25,7603,102,34,61_90D,M,46-55,2025-08-23 21:39:16
1910,Erin Butler,2025-02-15,9712,103,33,0SANA,M,26-35,2025-08-04 05:43:32
1911,Molly Allen,2025-05-30,1515,104,79,0SANA,F,18-25,2025-08-06 01:52:15
1912,Danielle Taylor,2025-01-07,6357,105,12,0SANA,F,26-35,2025-08-21 03:58:12
1913,Tamara Henderson,2024-04-20,14211,103,0,0SANA,F,56+,2025-07-28 00:12:07
1914,Shawn Yu,2024-12-06,8745,103,95,0SANA,F,18-25,2025-08-06 07:00:27
1915,Linda Krause,2025-06-28,1475,102,92,0SANA,F,56+,2025-08-01 17:01:58
1916,Curtis Williams,2024-04-07,7830,103,65,61_90D,F,18-25,2025-09-03 19:49:24
1917,Rebecca Watkins,2025-01-25,513,103,15,0SANA,F,18-25,2025-08-28 10:24:53
1918,Anne Cunningham,2024-08-04,7247,103,0,31_60D,M,36-45,2025-08-06 16:25:56
1919,Alice Clarke,2024-05-31,19413,105,34,0SANA,M,26-35,2025-08-01 13:18:03
1920,Theresa Ferrell,2024-02-11,4828,102,64,1_30D,M,18-25,2025-07-28 12:28:23
1921,Richard Zuniga,2024-02-10,3405,103,35,0SANA,M,46-55,2025-08-30 02:40:19
1922,Charlotte Burton,2024-10-21,17162,102,16,0SANA,M,18-25,2025-08-18 07:25:46
1923,Sean Mills,2024-10-17,1595,102,96,0SANA,F,26-35,2025-08-16 21:08:52
1924,Jonathan Johnson,2024-05-02,2036,104,1,1_30D,F,26-35,2025-07-30 10:15:16
1925,Benjamin Klein,2025-06-11,7622,102,85,31_60D,M,18-25,2025-08-01 01:54:37
1926,Mary Elliott,2024-03-06,3127,105,45,1_30D,M,18-25,2025-08-07 03:14:29
1927,Elizabeth Bradley,2025-05-27,18978,105,85,0SANA,F,18-25,2025-08-30 02:05:58
1928,Whitney Baker,2024-12-10,17230,105,84,0SANA,F,46-55,2025-09-01 07:25:24
1929,Thomas Castro,2024-12-20,19264,104,0,1_30D,M,36-45,2025-08-23 13:19:02
1930,Christopher Powell,2024-12-02,15621,104,54,0SANA,F,56+,2025-08-10 17:09:39
1931,Heather Owens,2023-12-28,5279,103,90,31_60D,F,36-45,2025-08-28 23:30:43
1932,Dawn Lane,2024-12-15,18211,104,64,0SANA,F,46-55,2025-08-04 06:05:43
1933,Michael Hall,2024-08-16,901,105,17,1_30D,F,26-35,2025-08-25 18:43:49
1934,Tina Reyes,2023-12-27,4916,103,-3,31_60D,M,56+,2025-08-12 04:19:41
1935,Kyle Kane,2024-08-07,14088,101,83,0SANA,M,26-35,2025-08-10 18:30:26
1936,Dr. Victor Kennedy,2025-04-19,16910,105,93,1_30D,M,18-25,2025-09-05 12:58:57
1937,David Allen,2023-12-04,7020,101,10,0SANA,F,18-25,2025-07-31 18:59:31
1938,Nathan Tran,2023-09-27,7303,103,58,31_60D,M,36-45,2025-08-12 16:51:38
1939,Casey Bridges,2024-02-04,16289,104,26,0SANA,F,36-45,2025-08-18 07:19:06
1940,William Jordan,2024-04-13,2740,103,26,31_60D,M,56+,2025-08-31 23:37:38
1941,Michael Henderson,2025-02-22,13831,102,73,61_90D,F,26-35,2025-08-30 15:54:20
1942,Kelly Estrada,2023-09-29,4497,104,21,0SANA,F,18-25,2025-07-30 04:32:23
1943,Phillip Johnson,2025-03-06,13239,101,53,0SANA,M,46-55,2025-08-13 13:10:01
1944,Lauren Beltran,2024-03-09,9093,102,22,61_90D,F,56+,2025-08-07 21:38:24
1945,Hector Ramirez,2025-03-14,5573,101,90,1_30D,M,26-35,2025-08-19 03:46:24
1946,Carol Vasquez,2025-08-10,2580,105,11,0SANA,M,26-35,2025-08-28 01:59:46
1947,Rebecca Boyd,2024-11-25,19151,104,33,0SANA,M,46-55,2025-07-29 23:01:38
1948,Shelly Vaughn,2023-10-24,7575,102,41,0SANA,F,18-25,2025-08-19 08:00:18
1949,Karen Little,2025-05-20,6405,102,39,31_60D,M,36-45,2025-08-06 16:50:55
1950,Kevin Woods,2025-04-19,16526,102,54,0SANA,M,18-25,2025-08-14 03:15:48
1951,Jeffrey Salas,2025-04-05,12362,105,20,31_60D,M,56+,2025-08-06 13:57:33
1952,Anthony Peterson MD,2024-01-11,15982,101,85,31_60D,F,36-45,2025-09-03 08:44:15
1953,Henry Arnold,2023-09-08,18590,105,-1,0SANA,F,46-55,2025-07-29 14:49:45
1954,Scott Taylor,2023-12-19,13577,101,87,0SANA,M,26-35,2025-08-18 09:52:37
1955,David Evans,2025-06-14,5780,104,68,1_30D,F,56+,2025-08-16 20:29:33
1956,Lindsey Gonzalez,2025-08-12,6357,104,54,1_30D,M,36-45,2025-08-21 03:09:10
1957,Patricia Martin,2023-11-07,4060,102,15,31_60D,F,18-25,2025-09-05 00:41:26
1958,Jerome Liu,2024-06-01,1406,103,97,0SANA,F,26-35,2025-07-28 10:52:16
1959,Dr. Tracie Jackson MD,2024-02-29,14611,103,22,31_60D,F,46-55,2025-08-01 14:56:01
1960,Christopher Price,2025-06-09,8825,101,32,0SANA,M,56+,2025-08-30 09:49:38
1961,William Rogers,2023-10-09,18190,102,62,31_60D,F,18-25,2025-08-20 01:27:17
1962,Lisa Lewis,2025-06-29,5888,103,78,31_60D,F,46-55,2025-09-02 03:17:07
1963,Brian Nelson,2024-12-15,12472,104,-3,0SANA,F,18-25,2025-08-30 04:13:32
1964,Marissa Snyder,2023-12-12,5790,101,76,1_30D,M,26-35,2025-08-23 16:00:37
1965,Kelli Mcclain,2025-01-08,18805,101,83,31_60D,F,56+,2025-08-07 04:52:25
1966,Joseph Norton,2025-05-02,18382,105,69,0SANA,M,18-25,2025-08-24 03:06:57
1967,Kimberly Barron,2024-05-05,11489,102,45,31_60D,M,18-25,2025-08-05 19:16:46
1968,Michael Pham,2025-02-23,19125,101,20,61_90D,F,46-55,2025-08-01 23:05:05
1969,Mary Smith,2024-03-13,13252,103,20,0SANA,M,18-25,2025-09-03 00:08:42
1970,Mark Reynolds,2024-01-18,9674,101,74,1_30D,M,46-55,2025-08-09 20:51:00
1971,Sarah Long,2024-06-29,10686,103,62,0SANA,M,46-55,2025-09-03 16:15:41
1972,Mrs. Monique Walker,2023-10-22,7149,102,72,31_60D,F,56+,2025-07-29 14:39:34
1973,Jenna Suarez,2025-08-08,8361,101,66,1_30D,F,46-55,2025-08-09 07:53:35
1974,Victoria Cox,2025-03-03,15051,104,27,0SANA,M,36-45,2025-07-30 13:00:06
1975,Jeremy Hamilton MD,2025-02-18,18490,104,-2,0SANA,M,18-25,2025-08-04 09:22:35
1976,Pamela Smith,2024-12-25,17150,103,11,61_90D,M,56+,2025-08-18 12:49:10
1977,Kathy Webb,2024-09-09,17559,104,71,31_60D,M,36-45,2025-08-21 10:21:47
1978,Krista Wilson,2024-01-06,3818,104,15,0SANA,F,36-45,2025-08-13 14:17:45
1979,Brenda Moore,2025-08-03,8095,102,49,0SANA,M,26-35,2025-07-29 13:11:13
1980,Julie Ramos,2023-10-03,16654,105,43,31_60D,M,46-55,2025-08-01 00:47:40
1981,Jared Reilly,2023-12-02,17594,102,-5,0SANA,M,56+,2025-08-06 03:12:29
1982,Michael Stewart,2024-10-01,19362,103,86,0SANA,F,46-55,2025-08-01 23:31:54
1983,Megan Lucas,2025-03-04,12389,102,51,1_30D,F,36-45,2025-08-05 08:21:19
1984,Jaime Jensen,2023-09-09,11041,102,87,1_30D,M,18-25,2025-08-10 14:43:23
1985,Crystal Herrera,2024-10-21,19193,101,81,0SANA,M,46-55,2025-08-27 11:18:56
1986,Stacy Matthews,2025-05-21,4211,102,24,31_60D,F,36-45,2025-08-30 04:37:59
1987,Becky Alexander,2024-05-30,1326,102,3,0SANA,M,18-25,2025-08-07 19:18:05
1988,Wesley Wall,2024-11-04,11956,105,65,1_30D,F,56+,2025-08-02 04:14:31
1989,Lori Pierce,2025-01-03,18102,105,82,61_90D,F,56+,2025-08-27 10:52:42
1990,Caleb Frost,2024-01-06,17754,101,76,0SANA,F,46-55,2025-08-04 18:10:39
1991,Carolyn Schultz,2023-12-28,5948,102,45,0SANA,F,18-25,2025-08-27 15:22:43
1992,Tammy Harper,2024-08-08,15742,101,22,31_60D,F,18-25,2025-09-03 05:37:31
1993,Shannon Wilson,2025-04-19,11803,105,86,1_30D,M,26-35,2025-08-24 08:15:25
1994,Heather Davis,2024-06-05,13438,101,48,1_30D,F,26-35,2025-08-24 09:37:06
1995,Donald Scott,2024-02-21,11357,105,85,61_90D,M,36-45,2025-08-13 19:02:03
1996,Angela Whitaker,2024-05-30,18548,104,62,31_60D,M,46-55,2025-08-21 18:41:24
1997,Matthew Curtis DDS,2024-07-27,14856,101,88,1_30D,M,46-55,2025-08-12 12:42:44
1998,Lauren Nguyen,2024-01-10,17926,102,81,0SANA,F,36-45,2025-08-31 08:15:01
1999,Andrew Adkins,2024-10-09,14691,101,86,31_60D,F,46-55,2025-08-09 04:43:47
2000,Becky Lee,2025-08-09,9003,104,30,0SANA,F,26-35,2025-09-02 00:36:06
2001,Andrea Wagner,2025-04-19,17373,103,41,31_60D,M,26-35,2025-07-28 04:58:25
2002,Valerie Rodriguez,2023-10-25,10995,101,-2,0SANA,F,56+,2025-08-28 14:54:51
2003,Rebecca Sutton,2025-08-13,7672,105,24,1_30D,F,18-25,2025-08-15 11:23:17
2004,Susan Herman,2023-09-18,6132,101,5,1_30D,M,46-55,2025-08-14 18:28:38
2005,Colleen Espinoza,2025-06-19,9791,105,95,61_90D,F,26-35,2025-08-28 13:25:09
2006,Austin Smith,2025-07-15,10964,105,92,0SANA,M,36-45,2025-09-03 18:20:18
2007,Ashley Walker,2025-02-10,8320,105,20,0SANA,F,18-25,2025-08-20 02:57:58
2008,John Gardner,2024-03-18,7725,101,46,1_30D,M,36-45,2025-09-02 23:01:03
2009,Jason Holt,2025-03-27,8867,105,-5,0SANA,M,26-35,2025-08-28 16:57:58
2010,Michele Crosby,2024-04-19,1903,102,88,1_30D,F,26-35,2025-08-03 09:09:35
2011,George Ross,2025-03-22,4702,103,72,0SANA,F,36-45,2025-08-24 01:27:33
2012,James Davis,2023-09-24,6916,105,37,61_90D,M,46-55,2025-08-06 07:38:28
2013,Clifford Andrews,2025-05-27,7907,103,57,1_30D,M,56+,2025-09-03 15:11:01
2014,Michael Harrison,2025-01-01,2124,105,57,0SANA,F,56+,2025-08-09 01:21:55
2015,Karen Obrien,2025-01-19,19302,103,66,1_30D,M,36-45,2025-09-02 00:57:53
2016,Brandon Jones,2024-02-27,2163,103,74,61_90D,F,18-25,2025-08-22 09:31:43
2017,Kimberly Mann,2024-11-21,18573,101,68,0SANA,M,18-25,2025-08-12 18:53:25
2018,Julie Salazar,2025-07-18,9371,102,21,0SANA,F,18-25,2025-08-06 07:16:15
2019,Suzanne Cooper,2024-01-16,15104,103,33,0SANA,M,36-45,2025-09-01 12:03:40
2020,Daniel Brooks,2023-11-10,4935,105,27,0SANA,M,18-25,2025-09-05 03:29:30
2021,Alicia Small,2023-09-19,2466,103,30,0SANA,M,36-45,2025-08-04 05:46:32
2022,Joseph Garcia PhD,2023-11-02,8401,101,22,31_60D,M,18-25,2025-08-11 14:54:49
2023,Rick King,2024-11-13,12140,103,57,0SANA,F,56+,2025-07-31 10:09:57
2024,Ariana Martinez,2023-12-01,18785,105,98,0SANA,M,36-45,2025-09-04 15:51:09
2025,Shane Patterson,2024-07-10,14898,103,84,1_30D,F,36-45,2025-08-10 02:41:41
2026,Christopher Anderson,2024-04-27,6631,103,21,31_60D,M,36-45,2025-08-07 10:51:55
2027,Dr. Elizabeth Bennett,2023-10-01,8311,104,74,1_30D,F,46-55,2025-08-12 20:31:35
2028,James Fernandez,2024-05-03,8230,103,-5,0SANA,F,36-45,2025-08-31 05:45:34
2029,William Payne,2025-05-30,2178,103,11,1_30D,M,36-45,2025-08-06 20:26:45
2030,Cory Sandoval,2023-09-01,15316,101,60,0SANA,F,46-55,2025-07-30 23:09:14
2031,Haley Gill,2024-05-02,7301,105,22,0SANA,F,18-25,2025-08-19 01:56:07
2032,Colleen Santos,2024-04-10,8688,103,42,1_30D,M,36-45,2025-09-01 14:14:04
2033,Leah Henderson,2023-11-29,16502,105,69,31_60D,F,56+,2025-08-29 21:01:17
2034,Crystal Frazier,2025-04-01,9941,103,86,0SANA,F,36-45,2025-09-04 04:24:06
2035,Christina Butler,2025-01-15,18956,104,74,0SANA,F,26-35,2025-08-20 05:35:45
2036,Mr. Kyle Lee,2025-05-16,15823,102,9,0SANA,M,26-35,2025-08-19 09:47:06
2037,Mercedes Jones,2025-06-27,3842,102,37,31_60D,F,56+,2025-08-22 17:18:19
2038,Christopher Johnson,2024-03-10,17143,104,40,1_30D,M,36-45,2025-08-21 19:02:13
2039,Matthew Preston,2025-07-06,15502,101,54,0SANA,M,26-35,2025-08-15 09:13:56
2040,Raymond Walker,2025-06-18,6014,105,29,61_90D,F,36-45,2025-08-12 00:56:53
2041,John Lewis,2023-10-14,16991,101,9,0SANA,M,18-25,2025-08-21 09:36:26
2042,Tiffany Kemp,2023-11-05,5094,105,40,1_30D,M,46-55,2025-08-22 14:09:40
2043,Jesse Howell,2024-07-30,1139,101,90,1_30D,M,26-35,2025-07-30 00:56:07
2044,Adrian Jimenez,2024-05-26,11181,101,79,0SANA,F,56+,2025-09-01 11:54:14
2045,Sandra Palmer,2024-02-22,17041,105,73,31_60D,F,26-35,2025-08-24 20:31:29
2046,Amanda Hartman,2024-07-10,7702,104,73,31_60D,F,46-55,2025-08-13 06:33:07
2047,Donna Stewart,2024-10-22,12239,105,42,61_90D,M,46-55,2025-08-13 05:10:44
2048,Andrew Powers,2025-07-14,11880,105,29,0SANA,F,36-45,2025-08-07 10:37:28
2049,Rebecca Anderson,2025-01-22,11276,105,46,0SANA,F,56+,2025-07-28 19:04:24
2050,Aaron Smith,2024-01-02,3155,105,22,0SANA,M,26-35,2025-08-22 17:33:56
2051,Karen Burton,2024-01-15,18493,103,57,1_30D,M,26-35,2025-08-01 16:40:03
2052,David Waters,2023-12-05,5974,104,16,31_60D,F,56+,2025-08-13 04:33:03
2053,Richard Jones,2025-06-17,12506,103,33,1_30D,M,36-45,2025-09-04 09:59:02
2054,Evan Keller,2025-05-29,6310,102,10,0SANA,M,18-25,2025-08-31 22:03:16
2055,Rodney Phillips,2024-04-26,17027,105,92,1_30D,F,46-55,2025-08-27 08:27:49
2056,Steven Bartlett,2024-09-22,15019,102,65,0SANA,M,56+,2025-08-28 10:24:00
2057,Jessica Wiley,2024-11-01,18874,104,56,0SANA,M,56+,2025-08-03 21:20:41
2058,Margaret Wilson,2025-01-06,6122,102,19,61_90D,M,18-25,2025-08-20 01:10:23
2059,Todd Moore,2024-11-04,4521,101,81,0SANA,F,18-25,2025-08-24 02:35:49
2060,Joseph Hensley,2025-06-27,6547,104,21,31_60D,M,56+,2025-08-29 10:21:24
2061,Sandy Burgess,2025-02-26,10849,103,89,0SANA,F,56+,2025-08-07 20:51:40
2062,Vanessa Jones,2025-01-24,4251,102,45,31_60D,M,56+,2025-08-15 23:16:51
2063,Eric Dean,2024-09-06,1399,104,15,1_30D,F,36-45,2025-08-31 22:06:09
2064,Sarah Martin,2023-09-16,11522,103,-3,31_60D,F,46-55,2025-08-14 01:19:28
2065,Rachel Collins,2024-12-26,19654,102,65,0SANA,F,26-35,2025-08-20 20:04:23
2066,Steven Collins,2024-04-08,9912,101,63,1_30D,M,18-25,2025-09-01 21:21:49
2067,Brian Kent,2024-12-21,18271,103,11,0SANA,F,26-35,2025-07-28 05:07:02
2068,Ronald Carter,2025-03-14,7442,101,49,1_30D,F,36-45,2025-08-20 17:19:50
2069,Jonathan Ruiz,2024-05-12,9382,105,45,31_60D,M,56+,2025-08-29 20:18:38
2070,Scott Turner,2024-12-20,14946,104,59,61_90D,F,36-45,2025-08-28 07:04:54
2071,Shannon Johnson,2023-10-13,18960,104,98,0SANA,F,46-55,2025-08-02 08:29:39
2072,Sara Haynes,2025-05-12,2257,104,50,0SANA,M,18-25,2025-08-19 12:10:55
2073,Melissa Aguilar,2024-10-04,670,104,8,0SANA,M,26-35,2025-08-25 14:57:02
2074,Jordan Barker,2025-02-03,18541,101,47,0SANA,M,46-55,2025-08-26 15:12:15
2075,Mariah Johnson,2024-05-18,6053,105,36,61_90D,M,36-45,2025-08-06 06:55:04
2076,Jonathan Clay,2023-08-28,10083,101,84,1_30D,M,18-25,2025-08-09 15:31:35
2077,Jaime Lamb,2024-10-20,5361,104,24,0SANA,M,46-55,2025-08-21 09:44:39
2078,David Pena,2025-02-11,8138,105,53,0SANA,F,36-45,2025-08-25 19:56:01
2079,Darrell Murphy,2024-08-21,4936,101,87,31_60D,F,46-55,2025-07-28 18:01:22
2080,Elizabeth Huynh,2023-09-07,2929,104,84,1_30D,M,46-55,2025-08-01 09:08:12
2081,Amber Weber,2025-05-09,9744,101,96,31_60D,M,26-35,2025-08-29 17:01:50
2082,Michelle Schultz,2023-10-16,7826,102,50,0SANA,M,56+,2025-08-08 00:34:19
2083,Christopher Jones,2024-08-19,18129,104,73,0SANA,M,56+,2025-09-04 09:47:54
2084,Christopher Cole,2024-10-27,2750,103,21,0SANA,M,18-25,2025-08-30 21:44:03
2085,Jeffery Martin,2024-01-08,12197,102,12,61_90D,M,18-25,2025-08-09 21:54:59
2086,Matthew Elliott,2025-03-18,8302,103,86,0SANA,F,46-55,2025-08-03 23:15:28
2087,Tina Rodriguez,2024-12-28,2188,102,35,31_60D,M,18-25,2025-09-05 05:16:31
2088,Christina Smith,2025-03-12,7091,105,27,31_60D,F,46-55,2025-08-07 22:27:15
2089,James Ramirez,2025-03-27,8935,105,-2,0SANA,M,18-25,2025-09-01 12:34:39
2090,Gary Levy,2024-01-24,7436,102,72,0SANA,M,26-35,2025-08-12 15:40:09
2091,Ian Kennedy,2024-09-01,10326,103,8,1_30D,M,36-45,2025-08-08 15:11:08
2092,Rebecca Lynch,2024-09-03,16677,102,64,1_30D,M,56+,2025-08-22 22:43:51
2093,Michelle Rice,2024-06-03,16737,103,20,31_60D,F,36-45,2025-08-18 06:12:47
2094,Tammy Williams,2023-12-02,2710,104,75,0SANA,M,26-35,2025-08-17 23:17:00
2095,Richard Fleming,2024-06-21,8958,101,-3,0SANA,F,46-55,2025-08-06 00:02:44
2096,Herbert Lee,2024-05-20,1279,104,72,61_90D,M,18-25,2025-08-09 04:06:22
2097,Michelle Johnson,2025-03-14,13323,103,5,61_90D,F,26-35,2025-07-28 14:06:11
2098,Lucas Garcia,2024-07-06,9358,105,5,31_60D,F,36-45,2025-08-30 13:06:15
2099,Juan Clark,2024-07-15,15881,104,96,1_30D,M,18-25,2025-08-13 03:29:57
2100,Michelle Wallace,2024-12-29,1657,104,91,1_30D,M,36-45,2025-08-25 12:03:50
2101,Sheila Miller,2025-06-05,5176,105,85,0SANA,F,46-55,2025-07-28 06:08:38
2102,William Walters,2025-04-01,4400,105,74,0SANA,M,46-55,2025-09-03 00:51:16
2103,Joseph Nicholson,2024-02-14,3750,103,49,1_30D,F,18-25,2025-08-25 19:30:22
2104,Shawn Cardenas,2025-07-18,8572,105,2,0SANA,F,36-45,2025-08-10 04:18:03
2105,Pamela Blair,2025-06-03,8131,105,73,0SANA,F,18-25,2025-08-25 21:56:31
2106,Rachel Jackson,2023-11-25,1432,104,82,0SANA,M,26-35,2025-08-16 15:58:56
2107,Erik Bryant,2024-06-06,9542,101,38,0SANA,F,18-25,2025-07-28 09:05:37
2108,Monica Fischer,2024-06-25,9867,101,93,0SANA,M,46-55,2025-08-01 10:56:04
2109,Lindsey Roach,2025-02-18,16476,105,-4,1_30D,F,56+,2025-08-12 13:19:13
2110,Latoya Lee,2023-12-18,9214,103,7,0SANA,M,46-55,2025-08-08 11:53:06
2111,Lucas Brown,2024-01-05,15456,105,18,0SANA,F,18-25,2025-07-30 13:59:10
2112,Kayla Smith,2024-07-30,8691,104,54,0SANA,F,26-35,2025-08-13 13:27:24
2113,Robert Wilson,2025-02-20,5994,101,79,0SANA,M,36-45,2025-09-03 20:08:16
2114,Maria Johnson,2024-06-19,16993,102,67,1_30D,F,46-55,2025-09-02 11:27:31
2115,Brooke Hart,2025-07-22,3945,102,49,31_60D,M,36-45,2025-08-08 14:09:25
2116,Lauren Bowman,2024-11-24,16940,104,32,1_30D,M,56+,2025-08-24 12:40:54
2117,Christine Martin,2023-09-01,7399,104,5,1_30D,F,36-45,2025-08-10 12:43:09
2118,Raymond Ward,2024-07-27,4323,102,58,1_30D,M,36-45,2025-08-01 00:43:32
2119,Jeffrey Bowman,2023-12-29,18550,103,8,0SANA,M,56+,2025-09-01 01:18:22
2120,Steven Maxwell,2024-06-27,12609,101,75,0SANA,F,46-55,2025-08-20 05:21:04
2121,James Franklin,2024-09-18,1927,105,27,61_90D,M,26-35,2025-08-15 10:42:56
2122,Robin Love,2024-06-14,17388,103,20,1_30D,F,36-45,2025-09-04 15:55:36
2123,Jean Sparks,2025-01-03,4195,103,0,31_60D,M,18-25,2025-08-02 05:14:27
2124,Shelby Conley,2024-07-12,1828,103,83,0SANA,F,18-25,2025-08-29 17:36:56
2125,Jesus Williams,2025-01-22,1183,102,27,0SANA,F,36-45,2025-07-31 20:01:08
2126,Susan Campbell,2023-11-15,17006,104,88,61_90D,F,18-25,2025-08-25 02:11:39
2127,Nicholas Adams,2025-03-05,18231,101,31,0SANA,F,36-45,2025-08-25 00:50:56
2128,Ann Day,2023-09-24,4571,101,31,0SANA,M,18-25,2025-09-01 09:21:58
2129,Isaiah Allen,2025-03-21,8622,102,26,0SANA,F,26-35,2025-08-10 19:45:29
2130,Catherine Day,2024-10-07,6182,101,38,31_60D,F,46-55,2025-08-06 19:05:35
2131,Erica Holmes,2023-08-27,2145,102,86,1_30D,F,36-45,2025-09-01 11:15:45
2132,Steven Stephens,2023-11-23,19753,105,99,0SANA,F,26-35,2025-08-07 21:59:33
2133,William Strong,2024-06-23,18262,104,3,0SANA,M,46-55,2025-07-31 16:58:40
2134,Rodney Henderson,2025-03-04,13858,102,86,31_60D,M,56+,2025-07-28 00:19:31
2135,Jennifer Crawford,2024-09-04,18380,102,61,1_30D,M,26-35,2025-08-14 21:57:44
2136,Mark Byrd,2025-04-09,1175,103,6,0SANA,M,36-45,2025-08-24 14:58:26
2137,Nicholas Washington,2025-03-21,10988,101,69,31_60D,F,36-45,2025-08-23 13:15:25
2138,Robin Greene,2025-04-18,17446,101,-4,0SANA,F,26-35,2025-08-31 16:43:13
2139,Jennifer Harvey,2024-05-03,12964,101,6,0SANA,M,36-45,2025-08-02 07:36:53
2140,Christine Montes,2024-04-27,701,105,98,1_30D,F,46-55,2025-08-09 13:21:08
2141,Anna Little,2025-07-13,4972,101,11,0SANA,M,56+,2025-07-30 10:25:06
2142,Jeff Mitchell,2025-03-08,11686,105,39,0SANA,F,46-55,2025-08-21 14:33:47
2143,Shelly Peterson,2024-07-21,5056,105,62,0SANA,M,18-25,2025-08-30 11:22:04
2144,Sherri Morrison,2025-08-22,13097,104,5,0SANA,M,36-45,2025-08-08 17:51:05
2145,Nicholas Sanchez,2025-01-20,16485,102,46,31_60D,M,18-25,2025-08-31 14:04:56
2146,Daniel Edwards,2024-09-29,15073,101,83,1_30D,F,18-25,2025-08-07 21:43:09
2147,Daniel Doyle,2023-10-07,12787,105,31,0SANA,M,26-35,2025-08-14 18:30:59
2148,Matthew Mendez,2024-07-03,7470,105,-3,31_60D,M,36-45,2025-08-07 13:00:10
2149,Mr. Mark Cain PhD,2025-04-16,17543,103,45,1_30D,M,26-35,2025-08-26 11:05:06
2150,Andrew Novak,2024-12-03,13952,104,96,31_60D,M,46-55,2025-08-14 22:48:58
2151,Emily Best,2025-07-02,501,103,16,0SANA,F,36-45,2025-08-10 23:06:59
2152,Larry Adams,2025-01-22,9200,103,46,0SANA,F,26-35,2025-08-01 10:26:17
2153,Tina Alexander,2024-02-11,4154,103,0,31_60D,F,18-25,2025-08-18 02:55:04
2154,James Stewart,2024-07-05,16366,105,14,0SANA,F,26-35,2025-08-01 18:55:19
2155,Wendy Curry,2024-04-13,13429,103,41,0SANA,M,18-25,2025-08-11 04:27:28
2156,Allison Rangel,2024-02-08,8919,102,83,0SANA,F,18-25,2025-08-30 23:59:01
2157,Gregory Terry,2023-11-09,3097,105,13,0SANA,M,36-45,2025-08-22 06:54:25
2158,Kevin Lee,2025-04-01,13875,104,88,61_90D,F,26-35,2025-07-29 21:04:22
2159,Michael Johnson,2025-04-03,4860,101,16,0SANA,F,36-45,2025-08-19 12:43:20
2160,Christopher Brady,2025-03-22,4046,105,5,1_30D,M,46-55,2025-08-08 18:57:04
2161,Michael Gordon,2024-09-27,6590,102,39,0SANA,M,46-55,2025-07-30 06:43:33
2162,Jennifer Jones,2024-10-31,11214,101,97,31_60D,M,36-45,2025-07-31 08:54:35
2163,Walter Mcintyre,2023-11-16,6643,105,57,0SANA,M,36-45,2025-08-17 01:50:37
2164,Kimberly Hernandez,2024-04-17,16584,102,-1,1_30D,M,36-45,2025-08-17 19:35:33
2165,John Arnold,2024-03-16,17702,104,25,0SANA,M,26-35,2025-08-29 03:48:50
2166,Christopher Jones,2025-06-01,6913,101,67,31_60D,F,36-45,2025-08-26 03:43:46
2167,Andrea Gonzalez,2024-08-31,12409,105,85,0SANA,F,18-25,2025-08-26 23:26:14
2168,Anna Wells,2024-12-04,3562,104,6,0SANA,F,18-25,2025-09-05 08:42:33
2169,James Hill,2025-07-04,18137,105,28,1_30D,F,56+,2025-08-17 20:22:36
2170,John Hill,2025-05-04,11842,102,41,0SANA,M,46-55,2025-08-30 07:54:27
2171,Mr. Donald Pearson,2024-09-20,19134,105,44,1_30D,F,36-45,2025-08-22 19:33:21
2172,Paul Armstrong,2024-02-09,6227,102,85,1_30D,M,56+,2025-08-14 13:11:08
2173,Lindsay Tapia,2025-04-28,4115,102,40,0SANA,M,36-45,2025-09-04 03:26:32
2174,Laura Daniels,2024-02-24,18663,104,93,31_60D,M,56+,2025-09-01 15:42:23
2175,Kayla Clarke,2024-07-26,1791,103,9,0SANA,F,36-45,2025-09-02 11:46:42
2176,Amy Snow,2024-11-22,6280,105,33,31_60D,F,36-45,2025-08-31 08:54:55
2177,Alex Whitaker,2024-02-20,3052,105,76,0SANA,M,56+,2025-08-29 14:58:11
2178,Rachel Rose,2024-05-24,3724,103,36,0SANA,M,26-35,2025-08-01 17:40:23
2179,Jeffrey Sanchez,2023-11-22,8555,103,1,0SANA,M,26-35,2025-09-01 18:04:59
2180,Patricia Miller,2024-11-27,15057,101,84,31_60D,F,36-45,2025-08-21 01:35:58
2181,Julia Carson,2024-01-23,16773,105,33,0SANA,F,56+,2025-08-13 12:35:38
2182,Ryan Garcia,2024-03-11,6826,105,47,0SANA,F,56+,2025-08-30 12:55:24
2183,Michael Herman,2023-09-16,5916,105,6,0SANA,M,46-55,2025-08-02 08:33:15
2184,Jeffery Bishop,2024-07-07,8098,104,59,1_30D,M,26-35,2025-08-17 06:37:58
2185,John Griffin,2025-02-20,2845,101,6,61_90D,M,56+,2025-08-31 22:22:05
2186,Anthony Banks,2025-05-05,5238,104,-2,0SANA,M,18-25,2025-08-10 04:34:19
2187,William Lang,2024-09-02,7786,101,57,0SANA,M,36-45,2025-08-01 06:22:49
2188,Gina Black,2024-01-02,6760,105,13,0SANA,F,56+,2025-08-05 19:28:35
2189,Lisa Gross,2025-04-25,7060,102,29,0SANA,M,46-55,2025-07-31 14:05:45
2190,Nathaniel Rodriguez,2024-09-12,8413,102,59,0SANA,M,36-45,2025-08-26 06:16:45
2191,Jeffrey Howell,2025-04-16,19957,105,31,0SANA,M,18-25,2025-08-08 02:09:58
2192,Stephen Mccarthy,2025-02-09,6199,104,6,31_60D,M,36-45,2025-08-01 13:13:29
2193,Audrey Wilson,2024-08-01,10064,104,-5,1_30D,M,46-55,2025-08-22 13:11:14
2194,Kyle Merritt,2023-09-02,10730,103,73,61_90D,M,18-25,2025-07-27 23:58:55
2195,Nathan Bright,2025-06-14,5183,102,75,31_60D,M,56+,2025-08-28 00:23:19
2196,Melinda Weiss,2024-04-22,4652,102,83,31_60D,M,18-25,2025-08-14 12:04:05
2197,Sherri White,2023-11-03,2268,105,84,31_60D,M,56+,2025-08-09 03:32:28
2198,Maria Harris,2025-02-12,12254,101,98,31_60D,M,56+,2025-08-03 09:39:59
2199,Carla Mcguire,2023-12-25,10521,103,38,0SANA,M,56+,2025-08-22 22:42:47
2200,Wesley Singh,2023-10-14,7777,105,49,31_60D,F,46-55,2025-08-30 17:20:32
2201,Mary Floyd,2023-09-17,10863,104,93,0SANA,M,56+,2025-08-09 08:37:46
2202,Michael Oliver,2025-01-08,608,105,47,0SANA,F,18-25,2025-08-21 14:40:22
2203,Jenna Lawson,2025-04-06,13532,102,10,0SANA,F,36-45,2025-08-02 23:16:35
2204,Teresa Davis,2024-05-15,5459,102,41,0SANA,M,36-45,2025-08-01 15:04:28
2205,Tony Johnson,2025-08-07,7401,104,71,0SANA,F,46-55,2025-09-01 07:44:11
2206,Wendy Meyer,2024-11-06,4628,104,53,0SANA,F,18-25,2025-08-26 16:18:54
2207,John Clark,2024-03-09,14706,101,11,0SANA,M,26-35,2025-08-06 18:23:40
2208,Stephanie Fletcher,2025-03-31,7264,103,15,31_60D,M,26-35,2025-08-29 16:47:56
2209,Barbara Mclaughlin,2025-03-02,19990,102,88,31_60D,M,46-55,2025-08-28 01:44:43
2210,Meghan Payne,2024-06-14,8828,102,74,0SANA,M,36-45,2025-08-27 20:44:04
2211,Robert Brown,2024-09-03,12429,103,87,1_30D,M,18-25,2025-09-05 18:05:54
2212,Evelyn Villarreal,2025-08-01,9022,102,83,61_90D,M,56+,2025-08-15 23:49:11
2213,Jennifer Smith,2025-04-25,17080,102,42,1_30D,M,26-35,2025-08-26 06:37:24
2214,Alexis Hull,2025-07-23,18299,102,-4,0SANA,M,56+,2025-08-19 04:43:02
2215,Emily Sawyer,2025-06-18,16316,102,65,0SANA,M,46-55,2025-08-16 08:21:22
2216,Tyler Hicks,2024-02-19,12061,104,54,31_60D,F,46-55,2025-07-28 01:15:56
2217,Jamie Thomas,2024-06-11,16279,105,13,1_30D,F,56+,2025-08-05 07:41:16
2218,Joel Grimes,2025-04-30,17724,101,10,0SANA,F,46-55,2025-08-15 20:36:49
2219,Madison Cortez,2024-01-30,11361,104,95,0SANA,F,56+,2025-08-30 19:59:16
2220,John Campbell,2024-05-22,18061,101,79,31_60D,M,46-55,2025-08-05 16:54:01
2221,Matthew Price,2025-06-26,9635,105,87,0SANA,M,18-25,2025-08-02 02:42:33
2222,Nancy Haas,2025-04-16,7838,101,66,61_90D,F,46-55,2025-08-19 15:54:06
2223,Rebecca Obrien,2025-04-24,12138,105,90,31_60D,F,18-25,2025-08-05 11:48:22
2224,Jeremy Gonzales,2024-12-08,1351,105,26,61_90D,M,56+,2025-08-05 03:59:27
2225,Troy Cline,2025-02-06,5100,104,95,0SANA,M,26-35,2025-08-24 07:39:08
2226,Michael Moreno,2023-11-22,10443,101,6,31_60D,F,36-45,2025-08-05 15:53:28
2227,Sarah Blackwell,2023-12-21,14196,105,91,0SANA,M,36-45,2025-08-04 21:37:07
2228,Mary Andrade,2024-09-27,13516,104,87,31_60D,F,56+,2025-08-01 16:27:23
2229,Andrew Pittman,2024-06-10,2221,103,74,0SANA,M,26-35,2025-07-28 08:48:27
2230,Claudia Neal,2024-12-09,10465,101,10,0SANA,F,26-35,2025-08-17 08:16:33
2231,Dylan Mendez,2023-11-12,17534,104,57,0SANA,F,36-45,2025-08-30 08:59:32
2232,Malik Martinez,2025-08-15,6977,103,10,0SANA,M,46-55,2025-08-18 03:14:44
2233,Tiffany Jones,2024-07-10,10053,103,78,0SANA,M,56+,2025-08-29 15:50:51
2234,Elizabeth Williams,2023-12-13,6472,102,-5,0SANA,M,36-45,2025-07-30 17:22:28
2235,Tina Kennedy,2024-03-31,4009,102,60,0SANA,F,36-45,2025-07-29 03:42:06
2236,April Gutierrez,2025-02-11,18352,101,15,31_60D,M,18-25,2025-08-30 21:53:37
2237,Nathan Cummings,2024-07-16,17635,104,89,31_60D,F,18-25,2025-08-27 10:48:11
2238,Ann Johnson,2023-11-17,609,102,47,0SANA,M,46-55,2025-08-20 06:46:00
2239,Amber Stewart,2024-10-03,2852,102,82,1_30D,M,46-55,2025-07-30 17:36:51
2240,Crystal Mills,2024-05-10,6593,105,73,0SANA,M,46-55,2025-08-15 06:44:31
2241,Glenn Boyer MD,2024-01-28,9750,102,9,1_30D,M,56+,2025-08-15 15:08:10
2242,Barbara Dennis,2024-10-01,4215,103,10,0SANA,M,56+,2025-08-04 21:01:18
2243,Kimberly Moore,2024-12-01,7206,105,42,31_60D,F,26-35,2025-08-04 16:16:02
2244,Tammy Sims,2025-03-07,1715,105,31,31_60D,M,36-45,2025-08-26 04:58:16
2245,Kimberly Trevino,2024-08-01,1231,102,41,31_60D,M,18-25,2025-09-01 19:51:31
2246,Henry Smith,2024-04-07,17257,101,1,0SANA,M,26-35,2025-08-10 06:07:25
2247,Isaiah Fowler,2025-03-28,11936,101,86,0SANA,F,18-25,2025-08-13 11:48:33
2248,James Oliver,2024-10-31,12633,103,65,61_90D,M,36-45,2025-08-15 23:36:17
2249,Joseph Parker,2025-03-08,4578,105,31,1_30D,M,18-25,2025-09-02 13:18:13
2250,John Reed,2025-06-27,18819,102,90,1_30D,F,46-55,2025-09-02 05:10:01
2251,Samuel Beck,2025-01-06,19617,103,27,0SANA,M,36-45,2025-09-01 16:37:59
2252,Isaiah Palmer,2024-07-31,3299,103,29,0SANA,F,26-35,2025-08-06 13:37:57
2253,Brenda Day,2023-09-01,14609,102,71,61_90D,M,18-25,2025-08-10 16:21:23
2254,Jennifer Peterson,2025-02-08,10759,102,97,1_30D,M,26-35,2025-08-13 04:19:43
2255,Jeremy Wolfe,2023-12-23,15176,104,95,1_30D,F,56+,2025-08-03 07:14:23
2256,Robert Reeves,2024-05-30,6535,102,18,1_30D,M,18-25,2025-08-13 16:19:50
2257,Joseph Anderson,2025-03-16,1251,105,85,61_90D,F,26-35,2025-08-03 21:32:23
2258,George Ray,2025-01-14,16433,102,13,1_30D,M,46-55,2025-08-09 18:24:35
2259,Elizabeth Scott,2024-03-19,18900,101,79,0SANA,F,46-55,2025-08-20 08:32:13
2260,Ryan Cook,2025-05-15,3055,105,69,1_30D,M,18-25,2025-08-01 06:04:11
2261,Brendan Clark,2024-09-08,14724,103,20,0SANA,M,18-25,2025-09-04 01:28:32
2262,Donna Kennedy,2024-02-25,16611,102,34,1_30D,M,18-25,2025-08-22 23:44:30
2263,Jack Davis,2024-08-21,4316,101,30,61_90D,M,18-25,2025-08-29 18:50:55
2264,Eric Harrington,2023-10-31,5860,101,3,31_60D,F,46-55,2025-08-11 17:33:30
2265,Danny Cain,2024-01-21,14850,104,3,1_30D,M,56+,2025-08-13 20:15:37
2266,Christopher Willis,2023-12-06,18597,102,25,1_30D,M,26-35,2025-08-31 06:12:23
2267,Chad Mcpherson,2025-08-10,15370,104,52,61_90D,M,36-45,2025-08-19 05:50:38
2268,Rebecca Wu,2024-11-08,12875,103,93,1_30D,M,26-35,2025-08-24 20:16:53
2269,Isaiah Chambers,2025-02-07,7947,103,-3,0SANA,F,26-35,2025-08-18 08:32:06
2270,Amber Williamson,2023-10-23,5130,101,66,0SANA,M,26-35,2025-08-29 19:04:22
2271,Kelly Long,2024-10-24,15167,101,16,0SANA,M,46-55,2025-08-06 21:40:20
2272,Bryan Sawyer,2024-01-03,7995,102,69,61_90D,M,56+,2025-08-15 10:27:46
2273,Cynthia Martin,2024-11-04,7409,101,52,1_30D,M,46-55,2025-08-24 19:09:37
2274,Kimberly Rios,2024-12-22,10493,104,-2,0SANA,M,26-35,2025-08-03 16:05:51
2275,Sylvia Blevins,2024-10-01,12862,103,65,31_60D,M,26-35,2025-08-23 21:34:32
2276,Jennifer Stephens,2024-10-19,12052,101,75,0SANA,M,56+,2025-07-28 13:44:01
2277,William Smith,2024-02-25,12654,101,31,31_60D,F,56+,2025-08-26 07:26:50
2278,Mrs. Amanda Brown,2025-01-28,14053,104,53,0SANA,M,56+,2025-08-24 07:27:51
2279,Scott Carroll,2024-04-03,11904,101,31,0SANA,M,26-35,2025-08-20 19:05:37
2280,Joshua Ramirez,2025-04-06,19471,105,73,0SANA,M,36-45,2025-08-02 00:37:22
2281,Christopher Garcia,2024-12-12,5304,104,17,0SANA,M,18-25,2025-08-08 06:22:47
2282,Joel Baker,2025-03-14,16644,102,45,1_30D,F,36-45,2025-08-04 12:33:05
2283,Heidi Lopez,2024-04-28,2199,101,76,0SANA,F,36-45,2025-09-05 21:24:14
2284,Alex Lee,2025-03-31,3511,103,87,0SANA,F,46-55,2025-08-09 23:45:10
2285,Rebecca Hanson,2025-08-10,10221,101,82,61_90D,M,56+,2025-09-03 13:35:28
2286,Dylan Pope,2023-12-09,5007,104,69,0SANA,F,36-45,2025-08-20 21:35:52
2287,Emily Sampson,2025-01-01,17001,105,85,0SANA,F,18-25,2025-08-07 09:34:27
2288,Jennifer Howell,2024-04-16,13737,104,32,0SANA,M,18-25,2025-07-30 10:16:02
2289,Darrell Cantu,2023-11-15,5379,105,14,61_90D,M,26-35,2025-07-29 19:10:41
2290,Yvette Perez,2024-07-30,6440,103,11,0SANA,F,46-55,2025-08-05 13:44:59
2291,Amber Morales,2024-10-08,9927,101,75,31_60D,F,56+,2025-08-10 19:15:40
2292,Stacy Perry,2024-10-18,17905,102,4,1_30D,M,26-35,2025-09-01 13:02:46
2293,Laura Taylor,2024-04-24,14198,101,97,0SANA,F,46-55,2025-08-19 21:21:00
2294,Amanda Blankenship,2025-07-01,14077,101,79,1_30D,F,36-45,2025-08-03 01:47:34
2295,Lauren Martinez,2024-12-14,14488,101,20,1_30D,F,46-55,2025-08-06 13:54:06
2296,Tracy Miller,2023-12-21,16366,101,22,31_60D,M,36-45,2025-08-23 17:20:18
2297,Nathaniel Allen,2024-03-17,11791,105,10,0SANA,M,36-45,2025-08-05 15:46:12
2298,Sarah Thornton,2024-05-20,8908,104,71,0SANA,M,36-45,2025-08-26 07:02:24
2299,Abigail Mclaughlin,2025-08-07,12638,101,7,61_90D,M,36-45,2025-08-20 12:55:17
2300,Maria Sweeney,2024-09-21,11397,105,51,61_90D,F,18-25,2025-08-26 03:25:21
2301,Kathleen Young,2024-09-23,10575,103,63,0SANA,M,26-35,2025-08-08 20:20:01
2302,Alan Payne,2024-04-29,14576,104,96,31_60D,F,18-25,2025-08-15 19:24:01
2303,Samuel Lamb,2024-01-26,12856,105,63,1_30D,F,18-25,2025-09-04 23:47:31
2304,Ryan Williams,2024-09-04,10989,101,17,0SANA,F,36-45,2025-08-17 03:02:31
2305,William Ashley,2024-05-23,18595,102,95,1_30D,F,26-35,2025-08-01 16:01:00
2306,Nicholas Roberts,2025-04-18,14597,102,23,0SANA,M,56+,2025-08-19 23:53:45
2307,Samantha Howe,2025-05-16,19480,102,76,31_60D,F,56+,2025-09-02 16:59:54
2308,Jeremy Evans,2025-06-09,15466,105,61,1_30D,M,36-45,2025-08-13 12:29:37
2309,Dr. Tracy Evans,2024-01-28,10474,105,95,0SANA,M,56+,2025-08-16 05:39:36
2310,Mark Hall,2025-02-13,12836,102,71,1_30D,M,46-55,2025-08-05 17:03:25
2311,Karen Floyd,2025-08-20,19245,103,13,1_30D,M,26-35,2025-08-15 09:45:30
2312,Zoe Hampton MD,2024-08-19,4949,103,11,1_30D,M,56+,2025-08-15 03:10:57
2313,James Williams,2024-02-19,16790,105,88,31_60D,F,46-55,2025-08-21 17:51:27
2314,Mark Johnson,2024-10-25,6348,103,16,31_60D,M,56+,2025-08-17 17:08:54
2315,David Cunningham,2025-03-10,15979,104,6,0SANA,M,56+,2025-09-02 08:10:09
2316,Kayla Dean,2025-04-22,4321,101,68,31_60D,M,46-55,2025-08-15 19:46:16
2317,Tammy Murphy,2025-03-17,5555,105,99,61_90D,F,18-25,2025-08-12 07:46:05
2318,Jason Burns,2025-03-16,4276,102,62,0SANA,F,56+,2025-08-21 19:13:00
2319,Frederick Perry,2025-02-18,5208,105,22,0SANA,M,26-35,2025-08-30 10:20:02
2320,William Hubbard,2024-12-12,2239,103,24,0SANA,F,18-25,2025-07-28 03:59:12
2321,Sarah James,2023-11-20,935,102,28,1_30D,F,46-55,2025-08-08 13:34:49
2322,Amanda Anderson,2025-06-16,992,102,-1,1_30D,M,46-55,2025-08-31 13:41:41
2323,Ashley Taylor,2025-02-23,12633,105,65,61_90D,M,36-45,2025-07-29 19:54:56
2324,Miss Marie Chavez DVM,2023-11-29,2616,101,60,0SANA,M,36-45,2025-07-28 20:41:57
2325,Jennifer Banks,2023-11-12,13922,103,16,0SANA,F,36-45,2025-08-05 14:52:48
2326,Laura Guzman,2024-03-07,18952,105,30,1_30D,F,46-55,2025-08-20 20:47:09
2327,Christopher Gray,2024-05-04,10420,104,82,31_60D,F,56+,2025-09-04 05:11:51
2328,Sara Flores,2025-02-03,19527,101,92,61_90D,M,26-35,2025-08-15 07:02:25
2329,Tyler Hill,2024-07-03,4147,105,38,0SANA,F,26-35,2025-08-15 00:21:42
2330,Michael Weaver,2025-07-23,1859,102,75,0SANA,F,26-35,2025-08-18 10:55:56
2331,Maria Kaufman,2024-09-08,19391,104,84,31_60D,M,18-25,2025-08-03 11:08:38
2332,Mr. Samuel White,2024-03-14,14073,104,14,1_30D,M,18-25,2025-08-09 22:33:03
2333,Lisa Bennett,2025-04-30,5638,104,1,0SANA,M,56+,2025-08-07 14:26:54
2334,Ann Park,2024-03-29,12087,105,99,0SANA,M,26-35,2025-08-17 01:37:23
2335,Michael Diaz,2024-11-09,3559,105,58,1_30D,M,18-25,2025-08-18 14:00:23
2336,Tara Decker,2025-06-11,19576,102,0,31_60D,F,56+,2025-08-08 19:38:12
2337,Zachary Lane,2024-02-06,5714,102,-4,1_30D,M,56+,2025-08-19 08:42:01
2338,Donna Smith,2024-07-22,17157,102,94,31_60D,M,36-45,2025-08-03 03:00:44
2339,Matthew Rogers,2024-12-14,15612,105,94,0SANA,M,46-55,2025-08-06 05:30:04
2340,Sarah Lowe,2025-06-09,12698,105,9,31_60D,F,56+,2025-08-23 10:04:55
2341,Jonathan Scott,2025-07-23,19972,101,60,0SANA,F,56+,2025-07-31 06:24:11
2342,Megan Howell,2023-08-29,12019,102,33,1_30D,F,26-35,2025-07-28 07:02:33
2343,Robert Norris,2025-07-17,1700,101,29,1_30D,F,46-55,2025-08-27 06:08:27
2344,Katie Castillo,2024-11-11,4759,105,69,0SANA,F,18-25,2025-08-06 18:51:25
2345,Dr. Jodi Gordon,2024-02-20,7804,105,86,0SANA,M,56+,2025-08-12 13:17:04
2346,Elizabeth Williams,2024-06-19,5015,103,31,1_30D,M,46-55,2025-08-08 12:04:20
2347,Kayla Peterson,2025-02-12,8762,103,67,0SANA,M,18-25,2025-07-29 02:07:59
2348,William Bentley,2024-05-15,12597,105,-3,1_30D,F,26-35,2025-07-29 20:54:13
2349,Julie Gonzalez,2023-09-02,968,101,-5,61_90D,M,46-55,2025-08-14 23:31:45
2350,Danielle Morales,2024-06-26,4060,104,97,0SANA,F,56+,2025-08-03 03:45:38
2351,Robert Hudson,2025-02-05,6207,104,16,31_60D,M,26-35,2025-08-20 20:13:03
2352,Catherine Mcdonald,2025-01-22,14975,101,32,0SANA,F,18-25,2025-07-31 02:29:53
2353,Joshua Nichols,2024-08-22,10615,103,-4,0SANA,M,26-35,2025-08-01 00:54:03
2354,Michael White,2025-02-26,11671,103,46,0SANA,F,56+,2025-08-21 09:24:19
2355,Timothy Patterson,2024-06-24,5607,103,39,1_30D,M,56+,2025-08-29 21:17:30
2356,Tabitha Hunter,2025-02-19,9258,105,67,31_60D,M,56+,2025-08-25 15:20:38
2357,Gregory Martinez,2023-12-14,13709,102,89,61_90D,M,18-25,2025-08-03 21:31:30
2358,Brandon Dunn,2025-02-07,14035,104,96,0SANA,M,18-25,2025-07-28 06:52:52
2359,Tracy Roman,2024-02-14,7596,102,55,1_30D,F,56+,2025-08-01 16:26:17
2360,Patrick Chapman,2025-08-22,4516,102,61,1_30D,F,26-35,2025-08-25 10:32:59
2361,Dawn Cardenas,2024-10-16,18049,103,38,1_30D,M,46-55,2025-08-24 00:21:18
2362,Michael James,2025-05-24,4736,105,81,0SANA,F,36-45,2025-08-19 01:05:19
2363,Lisa Hall,2025-03-29,13893,101,95,0SANA,M,36-45,2025-08-22 23:25:42
2364,Terri Wright,2025-04-07,17385,104,26,0SANA,F,26-35,2025-08-05 18:42:01
2365,Rebecca Valencia,2024-04-14,18338,101,60,31_60D,F,46-55,2025-08-27 12:11:26
2366,Krista Harrison,2023-12-20,7571,103,49,0SANA,F,46-55,2025-08-04 07:53:58
2367,Lisa Zimmerman,2025-04-23,17419,102,4,0SANA,F,36-45,2025-08-15 08:22:41
2368,Joseph Reed,2025-03-20,2660,104,80,1_30D,M,36-45,2025-08-06 03:38:08
2369,Anthony Harrison,2024-03-30,4741,102,73,61_90D,M,36-45,2025-08-25 03:18:44
2370,Nathan Jones,2025-08-19,3329,104,8,31_60D,F,36-45,2025-08-05 21:46:00
2371,Jesus Lopez,2024-01-21,18509,104,79,31_60D,M,36-45,2025-08-26 07:20:46
2372,Timothy Jennings,2024-01-24,16440,102,66,0SANA,M,56+,2025-08-04 01:21:31
2373,James Good,2024-09-25,16629,101,89,0SANA,F,46-55,2025-08-10 08:01:05
2374,Ashley Smith,2023-08-30,7599,105,94,1_30D,M,56+,2025-08-15 23:35:58
2375,April Brown,2025-07-22,6010,103,50,31_60D,F,18-25,2025-08-29 12:24:22
2376,Billy Rodriguez,2025-01-29,13018,101,81,61_90D,F,56+,2025-07-31 15:40:27
2377,Francis Olson,2025-05-24,16462,105,51,31_60D,F,56+,2025-09-04 09:47:47
2378,Jeffrey Hudson,2025-03-25,12781,101,83,0SANA,F,56+,2025-07-29 01:42:21
2379,Mrs. Jackie Reeves,2025-07-17,16974,102,64,31_60D,F,26-35,2025-08-21 06:26:12
2380,Valerie Miller,2025-06-19,10869,103,54,1_30D,F,18-25,2025-08-23 09:54:11
2381,Rodney Mendoza,2023-09-26,2230,104,26,0SANA,M,36-45,2025-08-09 00:48:14
2382,Christopher Carpenter,2024-06-28,19242,103,56,1_30D,F,26-35,2025-09-02 11:41:49
2383,Marissa White,2023-11-13,3209,102,32,1_30D,F,56+,2025-08-10 00:17:45
2384,Stacey Woods,2023-12-31,13024,101,58,31_60D,F,18-25,2025-07-31 17:17:38
2385,Shelia Walters,2024-10-25,8101,104,35,1_30D,F,46-55,2025-08-19 21:40:58
2386,Amanda Clark,2025-06-11,18177,101,85,1_30D,M,26-35,2025-08-14 23:13:24
2387,Kyle Perkins,2024-10-08,7798,103,72,61_90D,M,26-35,2025-08-26 05:57:25
2388,Mark Rivera,2024-08-13,11039,105,92,0SANA,M,36-45,2025-09-04 18:01:30
2389,Vanessa Rangel,2023-12-17,14596,103,81,0SANA,F,26-35,2025-08-06 07:49:30
2390,Sarah Navarro,2024-04-14,11683,104,78,0SANA,F,18-25,2025-09-04 15:30:15
2391,Mrs. Kimberly Levine,2024-06-15,3300,103,31,31_60D,M,46-55,2025-08-16 03:42:57
2392,Adriana Adams,2025-03-05,12948,103,81,0SANA,M,56+,2025-09-01 08:26:30
2393,Tracy Barnett,2023-10-11,18008,102,53,0SANA,M,36-45,2025-08-31 10:22:48
2394,William Duran,2025-08-10,1073,105,84,31_60D,F,56+,2025-09-05 03:26:22
2395,Billy Bradley,2023-09-16,14036,104,60,61_90D,M,26-35,2025-08-29 18:16:11
2396,Maria Reed,2024-03-02,17354,103,63,0SANA,F,36-45,2025-08-17 06:33:59
2397,Andrew Lopez,2024-08-12,12842,102,79,0SANA,M,46-55,2025-08-25 02:01:24
2398,Henry Rogers,2024-03-02,16388,105,54,0SANA,F,56+,2025-08-29 02:55:08
2399,Ashley Ramirez,2024-04-27,19135,101,-1,31_60D,F,26-35,2025-08-20 05:02:53
2400,John Rice,2023-08-29,16301,104,42,0SANA,F,36-45,2025-08-30 00:03:56
2401,Ryan Morrow,2025-08-25,16627,105,1,0SANA,M,26-35,2025-08-21 01:08:41
2402,Shane Browning,2023-09-21,3132,104,31,0SANA,F,18-25,2025-09-04 23:26:48
2403,David Kim,2024-04-29,19973,105,65,31_60D,F,56+,2025-08-12 07:31:28
2404,Anne Bennett,2024-04-10,18117,103,89,0SANA,F,26-35,2025-08-14 01:21:05
2405,Richard Rhodes,2024-07-02,18413,104,8,31_60D,M,26-35,2025-08-12 18:38:40
2406,Kylie Willis,2024-11-22,17025,101,20,0SANA,M,36-45,2025-08-20 04:46:03
2407,Carl Castillo,2024-07-01,18100,101,95,0SANA,F,18-25,2025-08-09 23:23:47
2408,Evelyn Reynolds,2024-07-14,15742,102,74,31_60D,F,36-45,2025-08-07 15:47:58
2409,Albert Smith,2023-11-17,8610,101,95,0SANA,M,26-35,2025-08-30 02:22:17
2410,Hannah Taylor,2024-07-28,7444,101,16,31_60D,M,56+,2025-07-28 03:03:11
2411,Robert Espinoza,2025-07-30,13976,101,61,31_60D,M,46-55,2025-08-02 13:40:19
2412,Samuel Hunt,2025-08-02,6762,101,29,1_30D,M,26-35,2025-07-28 06:47:55
2413,Kevin Fleming,2024-02-24,10468,104,54,1_30D,F,46-55,2025-08-31 12:13:58
2414,Victoria Bowen,2024-07-28,6822,101,98,1_30D,M,18-25,2025-08-01 05:04:11
2415,Cory Lutz,2024-05-02,12343,101,71,31_60D,M,18-25,2025-08-22 10:26:38
2416,Lauren Mcclain,2023-12-13,19336,102,52,61_90D,F,18-25,2025-08-04 20:48:01
2417,Cameron Morris,2023-11-01,1217,103,44,0SANA,F,26-35,2025-08-09 13:19:09
2418,Megan Edwards,2024-01-04,17788,104,92,31_60D,F,46-55,2025-08-08 18:03:01
2419,Gloria Gilbert,2024-12-16,9628,105,69,0SANA,M,26-35,2025-08-25 07:25:23
2420,Emily Hodge,2025-08-07,17180,103,2,31_60D,M,46-55,2025-08-14 18:10:19
2421,Carl Noble DVM,2025-02-02,7138,101,49,0SANA,M,26-35,2025-08-17 06:24:07
2422,Emily Tucker,2024-03-03,14645,103,59,0SANA,M,56+,2025-08-16 19:31:58
2423,Troy Williams,2024-04-18,2260,105,49,0SANA,F,18-25,2025-08-15 20:28:56
2424,Caleb Adams,2024-03-04,18083,102,92,0SANA,M,36-45,2025-08-27 09:57:36
2425,Mike Zamora,2025-02-21,1445,105,17,0SANA,M,18-25,2025-08-29 18:45:21
2426,Brenda Mcgrath,2024-07-06,16192,105,40,0SANA,F,46-55,2025-08-01 09:46:13
2427,Julie Johnson,2023-12-26,2741,101,14,61_90D,F,46-55,2025-07-29 00:49:02
2428,Barbara Hodges,2025-06-22,11605,105,14,1_30D,M,26-35,2025-08-03 08:33:54
2429,Derek James,2025-08-12,16667,102,12,0SANA,M,46-55,2025-09-01 00:52:54
2430,Kenneth Mcgee,2024-05-11,13480,102,74,1_30D,M,26-35,2025-08-27 17:48:47
2431,Nicholas Wilkins,2024-06-27,15154,105,52,61_90D,F,18-25,2025-07-31 14:12:23
2432,Tammy Mason,2024-09-19,11088,104,82,31_60D,M,46-55,2025-08-07 23:51:18
2433,Lisa Holmes,2025-07-22,18290,101,21,0SANA,M,46-55,2025-08-11 11:50:31
2434,William Lambert,2025-02-06,7313,101,53,0SANA,M,18-25,2025-08-14 05:16:53
2435,Sara Williams,2023-11-16,14484,102,83,1_30D,F,18-25,2025-08-24 15:54:56
2436,Christina Brown,2024-01-20,8752,104,16,0SANA,F,46-55,2025-08-19 10:23:36
2437,Cindy Collins,2025-03-07,10437,101,87,31_60D,F,26-35,2025-08-11 08:41:23
2438,Crystal Larson,2024-05-26,17840,103,20,0SANA,M,46-55,2025-09-02 06:20:50
2439,Cynthia Young,2025-05-06,3354,105,3,1_30D,F,46-55,2025-09-05 06:42:03
2440,Katherine Melendez,2024-09-23,11855,104,63,0SANA,M,26-35,2025-08-27 13:19:39
2441,Brent Owens,2024-10-20,1424,103,96,31_60D,F,36-45,2025-08-21 23:50:33
2442,Daniel Garcia,2024-08-09,14012,105,46,1_30D,M,18-25,2025-08-30 19:09:31
2443,John Horne,2025-08-12,14592,104,-1,1_30D,F,18-25,2025-07-29 00:21:30
2444,Janice Aguirre,2025-06-20,19072,101,90,31_60D,M,18-25,2025-08-17 03:01:27
2445,Natalie Gould,2025-05-08,7062,101,47,1_30D,M,26-35,2025-08-30 07:52:27
2446,Mrs. Donna Wilkins,2024-10-15,9895,102,20,0SANA,F,46-55,2025-08-30 09:58:15
2447,Brent Hampton,2025-05-13,3251,104,88,61_90D,M,36-45,2025-08-11 21:17:49
2448,Leah Thompson,2024-05-02,17965,105,91,1_30D,M,36-45,2025-07-29 14:10:39
2449,Robert Thompson,2024-11-04,17130,105,74,0SANA,M,36-45,2025-08-16 07:54:54
2450,Steven Mcmahon,2024-06-09,15168,104,33,1_30D,F,26-35,2025-09-04 16:22:02
2451,Justin Long,2023-11-23,16583,102,87,0SANA,F,18-25,2025-09-01 13:59:45
2452,Shelby Adams,2023-10-26,1295,101,81,0SANA,F,18-25,2025-09-01 21:30:04
2453,Nicole Cunningham,2024-03-10,13916,103,53,0SANA,F,36-45,2025-08-12 05:51:08
2454,Christian Hayes,2024-04-22,4186,105,43,0SANA,F,46-55,2025-08-15 07:22:49
2455,Suzanne Barber,2024-06-16,9629,103,20,31_60D,F,26-35,2025-08-09 21:47:20
2456,Kevin Cortez,2025-07-14,7604,102,46,0SANA,F,56+,2025-07-29 18:36:36
2457,Jennifer Silva,2023-11-25,18795,102,63,31_60D,M,36-45,2025-08-28 08:34:04
2458,Karen Keith,2025-03-27,18062,102,56,0SANA,F,26-35,2025-08-03 21:14:42
2459,Adrienne Krueger,2024-12-23,17621,101,68,31_60D,M,46-55,2025-09-04 11:58:13
2460,Kristy Martinez,2023-09-14,17100,102,49,0SANA,M,18-25,2025-08-06 14:57:36
2461,Benjamin Houston,2025-05-19,919,101,90,0SANA,F,36-45,2025-08-29 13:17:16
2462,Patty Noble,2025-07-13,16599,104,46,1_30D,M,56+,2025-09-02 02:52:25
2463,David Butler,2024-09-26,808,101,50,31_60D,M,56+,2025-08-15 03:13:55
2464,Samantha King,2023-08-29,5303,104,32,1_30D,F,36-45,2025-08-29 19:18:07
2465,Michael Morgan,2024-12-13,14520,105,15,61_90D,F,56+,2025-08-03 05:18:04
2466,Lisa Cole,2024-04-24,8599,105,95,0SANA,M,56+,2025-08-10 18:32:08
2467,Mark Li,2024-06-15,9675,104,95,0SANA,F,18-25,2025-08-18 00:56:49
2468,Nicholas Brady,2025-08-03,16277,101,86,1_30D,F,56+,2025-08-17 11:51:25
2469,Andrew Potts,2024-12-25,19171,103,31,0SANA,F,56+,2025-07-29 23:31:46
2470,Diane Miller,2024-04-20,6202,104,61,1_30D,F,46-55,2025-08-17 05:10:06
2471,William Mckinney,2024-10-23,14270,104,0,0SANA,M,36-45,2025-08-11 17:57:04
2472,Olivia Caldwell,2024-04-12,9253,102,46,31_60D,F,36-45,2025-08-14 20:57:52
2473,Richard Fleming,2025-06-23,4095,101,53,31_60D,F,18-25,2025-08-04 14:12:27
2474,George Hartman,2023-09-16,3078,105,80,0SANA,M,26-35,2025-07-31 11:11:32
2475,Chad Hoffman,2024-06-13,5688,101,93,1_30D,F,18-25,2025-08-02 22:27:10
2476,Adam Hernandez,2024-12-11,3444,103,29,1_30D,F,18-25,2025-08-25 22:28:38
2477,Steven Shields,2024-02-10,5906,103,20,31_60D,F,36-45,2025-08-21 06:11:14
2478,Anthony Dunn,2025-05-10,2951,104,23,0SANA,F,26-35,2025-09-05 03:13:20
2479,Brian Reed,2024-01-06,18539,101,52,0SANA,F,18-25,2025-08-15 10:38:15
2480,Linda Thomas,2024-01-28,13005,103,5,0SANA,F,18-25,2025-08-15 10:39:20
2481,Sally Nelson,2023-12-22,19112,103,43,31_60D,M,18-25,2025-07-28 10:32:14
2482,Cassandra Crawford,2024-12-01,11539,101,-4,0SANA,F,46-55,2025-08-20 09:18:59
2483,Kenneth Sparks,2025-02-14,16815,105,22,1_30D,M,18-25,2025-08-17 17:37:00
2484,Paul Miller,2024-03-06,9036,101,87,0SANA,F,26-35,2025-09-01 11:27:20
2485,Brandon Roberts,2024-08-28,14498,101,45,31_60D,F,18-25,2025-08-04 19:16:36
2486,Daniel Ramos,2024-07-08,4177,103,63,0SANA,F,36-45,2025-08-13 21:25:35
2487,Jodi Taylor,2024-08-26,3376,103,13,1_30D,M,46-55,2025-08-19 16:17:41
2488,Corey Mendoza MD,2025-04-20,16201,102,10,1_30D,F,46-55,2025-07-30 03:56:25
2489,Matthew Salazar,2025-01-09,5450,101,45,0SANA,F,46-55,2025-08-20 19:39:31
2490,Kristin Hunter,2025-08-09,2402,105,21,1_30D,F,26-35,2025-08-18 03:22:31
2491,Herbert Glass,2024-11-10,672,105,12,1_30D,M,46-55,2025-09-03 18:04:36
2492,Jeffrey Clark,2025-03-07,9809,103,44,1_30D,F,46-55,2025-08-04 20:13:22
2493,Alan Marsh,2025-04-12,18585,103,6,1_30D,F,56+,2025-07-30 16:46:27
2494,Jacob Morales,2025-01-07,6702,105,56,1_30D,F,26-35,2025-08-02 10:40:18
2495,Gerald Kim,2024-09-22,14196,102,46,0SANA,M,18-25,2025-09-04 01:38:50
2496,Julie Carey,2025-05-11,1417,104,32,1_30D,F,46-55,2025-08-24 21:44:07
2497,Troy Rosario,2025-05-21,7047,101,62,61_90D,F,36-45,2025-08-30 22:11:54
2498,Curtis Trevino,2024-02-08,13917,105,35,0SANA,M,46-55,2025-08-21 12:03:47
2499,Makayla Williams,2024-07-28,3458,104,65,0SANA,M,56+,2025-08-01 10:03:41
2500,Brian Smith,2025-02-21,8998,102,84,0SANA,M,46-55,2025-08-25 13:55:47
2501,Aaron Cruz,2025-06-23,10543,102,30,1_30D,M,26-35,2025-08-03 00:32:17
2502,Todd Lynch,2023-10-18,14986,104,4,31_60D,M,56+,2025-08-15 08:26:50
2503,Angela Franklin,2023-10-31,16876,104,5,1_30D,M,18-25,2025-07-29 20:54:06
2504,John Armstrong,2023-10-09,1330,104,50,0SANA,M,36-45,2025-08-14 21:32:47
2505,Ashley Fitzgerald,2025-06-05,9116,103,3,31_60D,M,18-25,2025-09-05 13:07:46
2506,Deborah Hooper,2024-08-07,4251,101,49,0SANA,M,36-45,2025-08-07 10:31:44
2507,William Blake,2025-02-22,13564,102,36,31_60D,M,56+,2025-08-17 03:06:20
2508,Michael Roberts,2025-01-27,2305,104,-5,1_30D,F,36-45,2025-08-27 07:30:47
2509,Angela Johnson,2024-04-10,8689,103,20,1_30D,M,46-55,2025-07-31 01:56:01
2510,Kayla Jones,2023-10-02,13412,105,31,31_60D,F,36-45,2025-07-31 12:23:40
2511,Connie Oliver,2025-08-23,16975,102,72,31_60D,F,26-35,2025-08-14 03:03:35
2512,Brenda Hebert,2023-12-23,13818,103,41,0SANA,M,36-45,2025-08-03 16:37:34
2513,Bobby Castro,2024-08-28,9503,103,52,61_90D,M,56+,2025-08-29 06:38:19
2514,Dylan Castillo MD,2025-04-06,18637,104,66,31_60D,M,36-45,2025-08-13 20:51:11
2515,John Edwards,2025-01-14,12453,103,34,31_60D,F,56+,2025-08-24 10:27:39
2516,Lisa Johnson,2025-05-14,1831,101,96,0SANA,F,46-55,2025-08-07 21:52:30
2517,Jamie Lopez,2024-02-28,14309,101,84,0SANA,F,56+,2025-08-08 05:59:20
2518,Robert Nicholson,2024-01-29,16839,105,79,1_30D,F,56+,2025-08-12 19:02:00
2519,Jack Jackson MD,2023-09-08,4192,104,48,31_60D,M,56+,2025-07-29 01:09:28
2520,Katrina Paul,2023-12-18,7180,102,68,31_60D,F,26-35,2025-09-05 08:41:24
2521,John Lee DDS,2025-06-22,16320,104,58,0SANA,F,46-55,2025-08-02 07:16:14
2522,John Livingston,2025-01-06,16267,103,78,61_90D,F,46-55,2025-09-02 00:42:47
2523,Wayne Lopez,2024-07-04,12909,104,25,1_30D,M,36-45,2025-07-28 19:56:52
2524,April Smith,2025-05-23,10431,105,55,1_30D,M,36-45,2025-08-24 12:54:41
2525,Amanda Haynes,2025-07-12,15724,101,34,0SANA,F,18-25,2025-08-19 18:42:03
2526,Gene Gonzalez,2024-05-14,7333,105,4,1_30D,M,46-55,2025-08-01 08:51:37
2527,James Steele,2024-09-04,12588,103,1,1_30D,M,36-45,2025-08-08 14:07:53
2528,David Morales,2024-02-18,11708,105,19,0SANA,F,18-25,2025-09-03 09:26:45
2529,Johnathan Ellison,2025-03-19,10696,102,87,0SANA,F,56+,2025-09-05 21:31:11
2530,Lawrence Gordon,2025-04-21,8303,105,48,0SANA,M,26-35,2025-08-10 08:11:33
2531,Brian Foley,2024-01-12,10284,102,58,0SANA,F,46-55,2025-08-15 04:40:17
2532,William Rojas,2024-05-09,6380,105,9,61_90D,F,56+,2025-08-09 08:59:13
2533,Tony Barr,2024-08-08,15774,103,51,1_30D,F,18-25,2025-07-28 15:59:29
2534,Alice Stone,2024-11-11,10695,101,21,61_90D,F,46-55,2025-08-18 13:41:42
2535,Tina Glover,2024-09-13,7759,102,60,0SANA,F,18-25,2025-08-22 05:01:44
2536,Andre Griffin,2025-04-08,11673,104,83,0SANA,F,46-55,2025-09-02 22:47:35
2537,Manuel Davidson,2025-06-15,8665,104,60,0SANA,F,46-55,2025-08-28 13:59:19
2538,Gail Vasquez,2024-09-09,2995,102,15,31_60D,M,26-35,2025-07-30 23:54:57
2539,Jacob Rowland,2023-11-12,6204,104,57,1_30D,F,46-55,2025-08-15 21:25:49
2540,Michael Hardy,2023-09-05,7983,104,73,0SANA,F,18-25,2025-09-05 11:59:49
2541,Manuel Mcintyre,2024-07-28,8336,105,44,1_30D,F,26-35,2025-08-04 06:45:38
2542,Sarah Barnes,2024-03-16,18575,105,91,0SANA,F,36-45,2025-08-09 14:05:31
2543,Robin Rice,2024-03-16,18606,101,63,0SANA,F,56+,2025-09-05 19:57:23
2544,Kimberly Reilly,2024-02-20,13602,102,-1,0SANA,M,36-45,2025-07-29 01:37:00
2545,Matthew Ford,2024-05-27,6346,105,9,1_30D,F,26-35,2025-07-31 17:18:04
2546,Michael Stevens,2025-01-03,10568,101,3,0SANA,F,46-55,2025-07-29 08:32:41
2547,Kristen House,2023-09-22,3348,102,37,0SANA,M,18-25,2025-08-02 14:15:44
2548,Chad Ramirez,2025-02-15,10827,102,0,1_30D,M,46-55,2025-08-03 06:23:56
2549,Jason Young,2024-05-11,7032,102,26,61_90D,M,36-45,2025-08-30 00:46:30
2550,Steven Norris,2024-02-15,3415,101,47,1_30D,M,46-55,2025-08-14 07:09:11
2551,Danielle Barrera,2024-11-07,7601,103,-2,31_60D,F,18-25,2025-08-07 12:55:01
2552,Dr. Veronica Cuevas,2024-08-01,19783,103,16,0SANA,M,46-55,2025-08-19 05:32:28
2553,Laura Beck,2024-12-01,14293,104,75,61_90D,M,18-25,2025-08-10 14:08:27
2554,Randall Ryan,2024-05-17,6462,102,19,0SANA,F,18-25,2025-09-03 00:46:08
2555,James Mcdonald,2024-11-23,5801,104,90,1_30D,F,26-35,2025-08-23 12:40:08
2556,Brittany Smith,2023-12-12,4642,104,99,61_90D,M,36-45,2025-08-25 14:53:34
2557,Justin Chapman,2024-03-03,15475,103,40,0SANA,M,26-35,2025-08-05 15:56:30
2558,Jason Potter,2024-07-17,19607,104,27,0SANA,M,46-55,2025-09-01 21:36:08
2559,Alan Pruitt,2023-12-09,17056,104,29,1_30D,M,46-55,2025-08-27 22:13:29
2560,Jack Adams,2025-07-12,18081,105,57,0SANA,F,46-55,2025-08-23 15:41:59
2561,Stephen Bauer,2024-05-15,11890,102,3,0SANA,M,56+,2025-08-25 23:48:28
2562,Stacy Buckley,2024-11-29,16647,101,5,0SANA,F,46-55,2025-08-15 15:28:41
2563,Samuel Lee,2023-11-26,17191,101,80,1_30D,F,46-55,2025-09-02 00:53:15
2564,Megan Holt DDS,2023-10-05,6112,105,11,61_90D,F,36-45,2025-08-10 11:50:51
2565,Mary Duke,2023-12-23,6975,101,43,0SANA,F,46-55,2025-08-31 22:52:18
2566,Allison Wheeler,2023-08-26,15935,104,1,0SANA,M,36-45,2025-08-07 07:52:43
2567,Stacey Maldonado,2024-03-04,15824,104,41,1_30D,F,36-45,2025-07-29 02:37:57
2568,Michael Hines,2024-10-16,5471,103,41,31_60D,M,26-35,2025-08-26 20:34:51
2569,Susan Landry,2023-11-09,5031,104,80,61_90D,F,36-45,2025-08-23 04:12:32
2570,Andrea Velasquez,2023-10-03,13827,103,39,61_90D,M,56+,2025-08-11 23:11:04
2571,Sherry Taylor,2025-05-28,17363,104,37,61_90D,M,18-25,2025-08-11 02:27:40
2572,Courtney Greene,2025-03-14,8867,104,52,0SANA,M,26-35,2025-09-02 13:07:26
2573,David Mcconnell,2025-04-06,5770,104,12,31_60D,F,36-45,2025-08-12 03:19:47
2574,Jessica Berry,2023-12-06,5513,103,77,0SANA,M,26-35,2025-07-29 09:11:28
2575,Wesley Morales,2025-05-28,16721,104,82,31_60D,M,26-35,2025-09-01 15:11:50
2576,Jennifer Hernandez,2024-11-22,1002,103,86,1_30D,F,36-45,2025-08-16 15:05:50
2577,Kimberly Wilkins,2024-07-22,10853,105,45,0SANA,F,46-55,2025-09-04 00:53:27
2578,Mrs. Molly Jones,2025-04-24,19855,105,4,0SANA,F,56+,2025-08-30 12:40:41
2579,Andrea Wright,2025-01-23,15370,103,71,0SANA,F,26-35,2025-08-04 11:19:05
2580,Eduardo Dickerson,2025-05-13,14325,102,98,31_60D,F,56+,2025-08-29 23:44:56
2581,Matthew Johnson,2025-01-28,8644,104,-4,0SANA,F,18-25,2025-08-05 18:13:10
2582,Mr. Erik Smith,2023-11-22,5118,104,61,31_60D,M,46-55,2025-08-08 19:22:10
2583,Nicholas Richardson,2025-07-24,17676,103,24,61_90D,F,36-45,2025-08-15 16:09:46
2584,Taylor Carter,2024-06-24,8616,101,30,0SANA,M,18-25,2025-08-12 14:18:10
2585,Miss Maria Nelson MD,2024-11-07,4274,103,85,61_90D,M,46-55,2025-09-02 05:35:43
2586,Kristen Davis,2025-06-29,4058,102,37,0SANA,F,36-45,2025-08-13 11:17:54
2587,Christina Williams,2024-10-14,6893,105,11,0SANA,M,18-25,2025-08-28 00:14:49
2588,Zachary Jones,2025-06-30,2714,105,4,31_60D,F,46-55,2025-08-01 08:29:10
2589,Travis Cohen,2023-10-21,18822,105,93,1_30D,M,18-25,2025-08-23 05:23:55
2590,Tiffany Smith,2023-10-08,13301,105,16,0SANA,M,26-35,2025-08-12 08:41:40
2591,Emily Melendez,2024-09-07,10398,103,60,0SANA,F,26-35,2025-08-13 19:43:40
2592,Hailey Maxwell,2024-10-03,19943,102,77,1_30D,M,36-45,2025-08-02 11:11:43
2593,Patrick Tate,2025-06-10,7186,105,-1,0SANA,M,56+,2025-08-31 09:35:45
2594,Marcus Montes,2024-09-29,2990,101,4,31_60D,F,36-45,2025-08-21 22:05:32
2595,James Carpenter,2023-09-13,3995,105,60,1_30D,F,26-35,2025-08-08 07:08:49
2596,Brenda Wilson,2025-06-12,17843,103,95,61_90D,M,36-45,2025-08-03 12:17:32
2597,Robert Thompson,2025-04-30,2430,103,99,0SANA,M,18-25,2025-08-16 08:46:24
2598,Katherine Dillon,2024-01-17,10496,104,68,0SANA,M,26-35,2025-08-22 02:35:43
2599,Madeline Hughes,2024-12-30,10595,105,82,1_30D,F,46-55,2025-07-31 04:53:48
2600,Angela Walls,2024-02-05,10162,103,50,0SANA,F,18-25,2025-08-10 07:15:14
2601,Tina Flores,2025-03-17,18315,101,46,61_90D,M,56+,2025-08-25 23:07:51
2602,Michael Henderson,2025-01-19,15729,104,0,31_60D,F,26-35,2025-08-20 16:00:29
2603,Steve Lloyd,2024-06-16,13440,101,25,0SANA,M,36-45,2025-08-28 16:51:39
2604,Oscar Martin,2025-02-02,4550,104,79,61_90D,M,56+,2025-07-31 21:31:15
2605,Michelle Bowen,2025-03-12,19182,104,51,61_90D,M,56+,2025-09-05 04:12:49
2606,Teresa Mercado,2023-09-14,12018,102,97,0SANA,F,26-35,2025-08-10 20:10:23
2607,Kimberly Boone,2024-12-05,11865,101,-5,31_60D,M,36-45,2025-09-02 09:09:44
2608,Emily Hoffman,2024-07-21,17900,103,80,0SANA,M,18-25,2025-09-01 14:12:20
2609,Heather Roman,2024-07-28,10401,102,6,0SANA,M,26-35,2025-08-14 23:53:41
2610,Chad Williams,2025-04-15,7594,101,-1,0SANA,F,18-25,2025-08-27 20:30:19
2611,Alexa Warren,2024-07-31,19204,102,92,31_60D,M,46-55,2025-09-01 22:30:51
2612,Sean Brock,2023-12-22,1330,101,87,1_30D,F,36-45,2025-08-12 22:47:38
2613,Joshua Weeks,2023-09-27,12382,105,4,31_60D,F,46-55,2025-08-09 23:01:20
2614,Savannah Garza,2024-04-04,4098,101,51,0SANA,F,56+,2025-07-30 20:15:49
2615,Katelyn Johnson,2023-12-25,9152,102,37,0SANA,F,26-35,2025-08-12 13:13:06
2616,Mark Mays,2023-09-28,19933,101,4,1_30D,F,36-45,2025-08-16 15:24:36
2617,David Buckley,2024-09-24,7799,105,62,31_60D,M,26-35,2025-09-02 11:09:27
2618,Shawn Paul,2025-03-12,14710,104,65,0SANA,F,18-25,2025-08-28 12:15:40
2619,Gina Sanchez,2025-06-27,14240,104,87,1_30D,M,56+,2025-08-28 12:01:32
2620,Pamela Alvarez,2025-04-02,16007,105,75,0SANA,M,46-55,2025-08-29 06:50:40
2621,Lindsay David,2025-05-17,10854,103,8,0SANA,M,26-35,2025-07-28 08:08:56
2622,Susan Aguirre,2024-06-27,8332,105,13,0SANA,F,26-35,2025-08-02 07:49:08
2623,Mr. Jeffrey Sandoval,2025-02-05,7287,103,24,1_30D,M,26-35,2025-08-09 12:31:40
2624,Stacey Jimenez,2024-05-26,18759,105,61,0SANA,F,56+,2025-08-27 04:22:12
2625,Kyle Young,2025-04-03,17994,102,91,1_30D,F,56+,2025-09-04 18:10:50
2626,Jason Brown,2024-06-20,17404,105,2,0SANA,F,56+,2025-08-28 19:15:44
2627,Erika Padilla,2024-01-09,16476,101,87,1_30D,F,56+,2025-08-30 09:11:21
2628,Sarah Lopez,2025-03-01,13731,103,27,0SANA,F,56+,2025-08-03 02:27:44
2629,Walter Mccarthy,2023-09-30,1837,102,43,31_60D,F,36-45,2025-08-23 20:21:02
2630,Joseph Stevens,2023-09-15,11760,104,11,0SANA,F,36-45,2025-09-02 07:23:05
2631,Hannah Carter,2024-10-30,9494,102,19,61_90D,F,26-35,2025-08-15 17:02:42
2632,Hannah Brown,2025-03-21,11541,102,0,0SANA,F,46-55,2025-08-03 21:34:11
2633,Carly Robinson,2023-12-19,11169,103,57,0SANA,M,36-45,2025-09-05 11:00:22
2634,Karen Brennan,2025-03-21,17760,101,27,1_30D,F,56+,2025-08-30 02:47:29
2635,Abigail Briggs,2025-07-09,4515,102,78,0SANA,M,56+,2025-08-27 10:03:44
2636,Matthew Espinoza,2023-11-25,1997,105,7,0SANA,F,26-35,2025-08-20 02:49:58
2637,Jeremy Woods,2023-08-26,15810,105,16,0SANA,F,46-55,2025-08-11 12:29:51
2638,Jeffrey Cook,2024-09-08,5754,104,53,1_30D,M,26-35,2025-08-31 05:25:47
2639,Michael Little,2024-06-03,12530,103,33,61_90D,F,46-55,2025-09-04 15:30:36
2640,Shirley Martinez,2023-09-02,9701,105,31,1_30D,F,46-55,2025-08-28 16:38:34
2641,Yvonne Lopez,2025-01-12,17935,103,69,61_90D,F,36-45,2025-08-25 15:39:16
2642,John Mckenzie,2023-10-21,1712,102,58,0SANA,M,18-25,2025-08-22 10:22:35
2643,Steven Hodges,2025-01-30,5911,101,83,0SANA,F,36-45,2025-08-05 18:04:47
2644,Amy Porter,2024-10-20,9549,105,61,0SANA,F,56+,2025-08-23 01:29:14
2645,Jake Hernandez,2024-11-30,10267,101,66,0SANA,M,36-45,2025-08-13 15:54:12
2646,Jacob Braun MD,2024-06-23,6984,103,68,0SANA,F,56+,2025-08-24 16:46:36
2647,Bradley Cameron,2025-08-06,6930,101,40,0SANA,F,56+,2025-08-17 15:01:13
2648,Melvin Hunter,2024-12-16,19322,101,28,0SANA,M,46-55,2025-07-29 15:06:50
2649,Kayla Johnston,2023-11-07,17718,102,-4,31_60D,M,56+,2025-08-23 03:31:21
2650,Ashley Hess,2025-03-25,15699,104,58,1_30D,M,18-25,2025-08-30 03:56:16
2651,Brandon Benson,2025-03-22,7735,101,35,1_30D,F,36-45,2025-07-30 17:04:49
2652,Robert Evans,2023-12-27,9231,103,15,0SANA,M,18-25,2025-09-01 00:00:04
2653,Melissa Anderson,2024-02-29,18160,101,9,1_30D,F,46-55,2025-08-20 02:18:10
2654,Michael Payne,2025-05-04,6619,104,59,1_30D,F,26-35,2025-08-04 04:27:51
2655,Wanda Becker,2024-08-30,19857,105,36,0SANA,M,46-55,2025-08-21 22:23:54
2656,Paul Anderson,2025-04-26,5128,102,-2,31_60D,F,36-45,2025-08-28 04:32:10
2657,Lauren Holden,2024-11-07,808,105,34,31_60D,M,18-25,2025-08-20 04:30:45
2658,Kurt Holland,2025-03-04,8815,102,42,0SANA,F,46-55,2025-08-22 23:42:20
2659,Keith Vasquez,2024-07-21,15975,102,-3,31_60D,F,18-25,2025-08-28 04:01:09
2660,Lisa Smith DVM,2025-07-02,17187,102,31,1_30D,F,18-25,2025-08-12 19:45:46
2661,Mr. Curtis Fox MD,2025-05-20,12411,103,7,0SANA,M,18-25,2025-08-23 13:07:45
2662,William Morales,2024-03-14,4353,104,7,31_60D,F,26-35,2025-07-30 09:52:13
2663,Candace Norris,2024-10-28,1595,101,31,61_90D,M,18-25,2025-08-26 23:27:59
2664,Christopher Waters,2025-01-09,14486,104,53,61_90D,M,46-55,2025-08-17 15:17:37
2665,Toni Reed,2023-09-14,17991,105,5,0SANA,M,56+,2025-08-07 18:03:06
2666,Kim Middleton,2024-06-10,13806,101,72,0SANA,F,36-45,2025-08-07 19:28:44
2667,Courtney Anderson,2024-01-01,3317,103,10,0SANA,F,56+,2025-08-22 09:30:46
2668,Stacey Chase,2025-05-23,19512,101,58,61_90D,F,56+,2025-08-09 09:01:26
2669,Robert Day,2025-04-03,14895,105,-5,0SANA,F,18-25,2025-08-01 04:57:16
2670,Andrea Baker,2024-02-26,19139,103,0,31_60D,M,56+,2025-08-20 13:37:19
2671,Michael Glover,2025-04-18,19747,101,68,31_60D,M,18-25,2025-08-26 17:22:33
2672,Charlene Bennett,2025-07-24,10745,105,36,0SANA,F,26-35,2025-08-04 11:38:35
2673,John Kim,2023-11-16,8942,104,61,0SANA,F,36-45,2025-07-28 13:51:02
2674,Kelsey Rodriguez,2023-11-24,14399,105,18,0SANA,M,18-25,2025-09-01 13:38:00
2675,Lisa Martinez,2024-10-15,11393,101,22,1_30D,M,56+,2025-08-03 02:40:49
2676,Rhonda Powell PhD,2024-08-27,9698,104,53,1_30D,F,56+,2025-08-15 05:29:12
2677,Rachel Holmes,2024-02-03,3967,104,26,31_60D,F,56+,2025-08-26 01:28:34
2678,Ryan Reed,2024-08-09,18407,103,8,0SANA,F,26-35,2025-08-13 02:02:58
2679,Karen Pierce,2025-02-07,11745,101,36,61_90D,F,18-25,2025-08-26 22:43:11
2680,Mary Lewis MD,2024-11-08,17169,105,3,0SANA,F,36-45,2025-08-19 11:40:37
2681,Victoria Ramirez,2023-11-15,4226,101,71,0SANA,M,56+,2025-08-22 22:45:13
2682,Shane Clay,2023-10-16,11901,105,46,1_30D,F,56+,2025-08-21 09:40:09
2683,Christopher Smith,2023-10-10,16067,104,84,0SANA,M,26-35,2025-08-29 00:50:57
2684,Christopher Benson,2025-03-06,2030,101,72,0SANA,F,26-35,2025-07-31 00:58:10
2685,Michael Freeman,2024-03-18,4181,104,51,0SANA,M,18-25,2025-08-26 19:30:38
2686,Christopher Ryan,2024-08-25,16396,102,33,31_60D,F,56+,2025-08-09 13:48:45
2687,Megan Jimenez,2024-08-06,15524,101,57,0SANA,M,26-35,2025-08-29 20:17:43
2688,Anthony Gates,2024-12-04,5321,103,71,0SANA,M,46-55,2025-08-01 10:33:19
2689,Jeanne Smith,2024-10-15,4700,102,87,0SANA,M,26-35,2025-08-23 00:57:02
2690,Jason Gonzales,2024-09-23,11421,105,4,0SANA,F,18-25,2025-08-17 16:24:31
2691,Travis Parker,2025-04-05,15676,102,48,31_60D,M,46-55,2025-08-31 12:37:15
2692,Brittany Berry,2025-02-06,19293,104,13,31_60D,M,26-35,2025-09-04 04:59:05
2693,Sydney Maldonado,2024-05-29,6309,101,63,1_30D,F,26-35,2025-08-04 05:24:18
2694,Katherine Johnson,2024-02-20,17494,103,1,61_90D,F,26-35,2025-08-29 13:54:18
2695,Cynthia Martinez,2025-08-06,13479,105,79,1_30D,F,18-25,2025-08-22 06:19:07
2696,Elizabeth Stanley,2025-03-08,5841,102,26,31_60D,M,46-55,2025-08-12 04:13:30
2697,Alex Ball,2024-01-23,6774,104,38,0SANA,M,36-45,2025-08-18 22:38:48
2698,Michael Barker,2023-08-30,19385,103,46,0SANA,M,36-45,2025-08-11 10:25:29
2699,Jamie Cook,2024-09-26,11358,104,28,1_30D,F,56+,2025-09-01 06:21:41
2700,Dawn Reid,2025-06-03,4072,105,53,31_60D,F,36-45,2025-08-12 14:31:58
2701,Christina Rodriguez,2025-08-13,13885,103,72,0SANA,F,56+,2025-08-04 10:07:32
2702,Amy Young,2024-05-18,13520,104,-2,1_30D,M,26-35,2025-08-12 23:05:35
2703,Steven Montes,2023-09-21,3719,104,55,0SANA,F,46-55,2025-08-23 03:17:18
2704,Michael Oneal,2024-09-02,4602,104,91,61_90D,M,26-35,2025-07-31 20:46:47
2705,Jennifer Olson,2024-12-09,1381,105,61,31_60D,M,36-45,2025-08-20 15:30:22
2706,Scott Lewis,2024-09-09,11020,104,24,0SANA,F,46-55,2025-08-24 11:31:29
2707,Terri Lewis,2023-12-05,14846,103,15,1_30D,M,56+,2025-08-10 19:42:17
2708,Stephen Diaz,2023-10-05,17459,105,14,0SANA,M,26-35,2025-08-14 02:34:37
2709,Mark Frank Jr.,2025-04-27,16666,103,3,61_90D,F,56+,2025-07-28 07:50:41
2710,Jean Mendoza,2024-10-04,13098,103,46,0SANA,F,18-25,2025-08-12 03:12:25
2711,Colin Greene,2024-11-01,10782,102,21,0SANA,F,26-35,2025-08-26 06:29:31
2712,Adam Curry,2025-06-07,8189,104,21,1_30D,F,18-25,2025-08-30 10:49:56
2713,Daniel Simpson,2023-09-04,15486,103,70,0SANA,F,56+,2025-09-01 11:21:08
2714,Stephanie Hughes,2025-04-18,11003,102,82,1_30D,M,46-55,2025-08-17 15:28:56
2715,Tiffany Hill,2025-04-17,4366,101,92,31_60D,F,26-35,2025-08-18 17:35:17
2716,Abigail Smith,2024-04-07,13535,101,43,0SANA,M,56+,2025-08-13 02:21:33
2717,Carlos Martin,2024-02-20,4979,101,56,1_30D,M,18-25,2025-08-22 06:19:54
2718,Brenda Brown,2025-08-01,4230,102,92,0SANA,M,56+,2025-08-31 23:36:11
2719,Erin Castillo,2025-07-24,7059,104,93,0SANA,F,26-35,2025-08-13 01:14:15
2720,Cameron Dennis,2024-04-07,12711,105,14,0SANA,F,56+,2025-09-02 20:12:46
2721,Matthew Cole,2024-01-15,6590,103,56,1_30D,M,46-55,2025-08-15 23:11:24
2722,David Lee,2025-06-02,1136,101,15,0SANA,M,56+,2025-08-14 17:32:38
2723,Christopher Orozco,2025-03-05,878,103,6,1_30D,F,46-55,2025-08-16 13:04:34
2724,Rachael Davis,2024-10-05,17239,104,69,0SANA,F,56+,2025-08-07 12:25:47
2725,Alexa Anderson,2024-02-07,10758,105,38,61_90D,M,26-35,2025-09-01 20:53:48
2726,Jenna Foster,2023-11-28,2627,104,81,0SANA,M,26-35,2025-08-03 12:38:48
2727,Mr. John Reese DVM,2024-12-12,12274,102,58,1_30D,M,36-45,2025-08-07 23:32:10
2728,Terry Wilkinson,2023-10-21,13750,103,28,31_60D,F,36-45,2025-09-05 12:41:17
2729,Darlene Joseph,2024-11-17,10856,104,74,0SANA,F,46-55,2025-09-01 17:32:17
2730,Kristen Scott,2023-10-03,2891,105,47,61_90D,F,46-55,2025-07-30 16:30:35
2731,Dawn Stewart,2024-08-29,16795,104,6,1_30D,F,46-55,2025-08-09 11:20:52
2732,Jason Davis,2023-10-15,10477,105,66,31_60D,F,56+,2025-08-29 23:52:40
2733,Laurie Richardson,2023-12-15,12328,102,16,0SANA,F,36-45,2025-08-23 19:32:17
2734,David Miller,2024-12-24,1508,103,-5,0SANA,F,18-25,2025-08-08 17:29:09
2735,William Payne,2025-08-12,6390,104,42,0SANA,F,46-55,2025-09-02 12:33:33
2736,John Fischer,2024-06-28,4686,105,37,0SANA,F,56+,2025-08-20 09:32:37
2737,Robert Wood,2025-01-26,10986,103,95,0SANA,M,56+,2025-09-05 10:43:27
2738,Candice Jones,2024-07-12,5456,104,74,61_90D,M,26-35,2025-08-22 09:23:33
2739,Tammy Hernandez DDS,2025-06-05,6284,105,75,1_30D,M,36-45,2025-09-02 10:57:58
2740,Mike Ballard,2024-09-14,19513,101,65,31_60D,F,36-45,2025-07-31 21:55:52
2741,Anna Smith,2024-08-01,4419,103,7,31_60D,M,56+,2025-09-05 10:49:22
2742,Lauren Rodriguez,2024-05-20,8397,103,81,31_60D,M,46-55,2025-08-11 08:39:42
2743,Terrance Smith,2024-09-15,17816,104,14,0SANA,F,36-45,2025-08-16 14:20:41
2744,Billy Conrad,2024-11-01,4889,103,62,0SANA,F,26-35,2025-08-14 18:29:10
2745,Keith Harris,2024-01-18,17033,105,94,31_60D,F,26-35,2025-08-05 23:52:26
2746,Thomas Turner,2024-07-19,19739,104,88,1_30D,M,46-55,2025-08-16 06:11:10
2747,Kimberly Martinez,2025-02-23,2063,102,57,0SANA,M,46-55,2025-08-23 22:02:53
2748,Misty Baker,2024-12-19,9985,102,31,31_60D,F,36-45,2025-08-13 15:39:13
2749,Julia Torres,2024-09-19,12324,102,40,0SANA,M,18-25,2025-08-19 07:41:14
2750,Felicia Burke,2025-06-22,8243,101,14,1_30D,F,56+,2025-08-11 16:24:43
2751,Richard Floyd,2024-02-12,7946,105,24,31_60D,M,26-35,2025-08-20 12:40:45
2752,Theresa Gibson,2023-12-11,16441,105,30,0SANA,M,36-45,2025-08-10 10:59:39
2753,Jessica Short,2024-10-31,13238,105,54,0SANA,F,56+,2025-08-06 13:19:42
2754,Alicia Jones,2025-06-19,4532,103,42,0SANA,F,46-55,2025-08-11 11:23:56
2755,Dawn Kidd,2024-06-14,14980,101,61,0SANA,M,46-55,2025-08-10 11:13:51
2756,Sarah Davenport,2024-10-12,6822,104,56,61_90D,F,56+,2025-08-24 01:51:33
2757,James Morgan,2025-02-02,9505,105,35,61_90D,M,26-35,2025-08-10 05:09:35
2758,Emma Mckinney,2024-12-24,1842,104,29,61_90D,M,36-45,2025-08-27 23:12:09
2759,Carla Ramirez,2025-06-01,17685,103,62,31_60D,F,26-35,2025-08-11 19:38:27
2760,Tami Miller,2024-06-07,10297,101,38,0SANA,F,46-55,2025-08-24 03:26:35
2761,Sherry Walsh,2025-01-03,17278,105,83,31_60D,M,46-55,2025-08-12 14:34:12
2762,Linda Schwartz,2024-10-05,17798,101,57,31_60D,F,56+,2025-08-14 00:08:12
2763,Jenna Vasquez,2024-09-08,6966,101,88,0SANA,F,18-25,2025-07-29 04:35:02
2764,Suzanne Reese,2023-12-13,8687,102,33,31_60D,M,26-35,2025-08-18 18:32:33
2765,Ryan Knight,2024-12-02,14886,101,-4,1_30D,M,18-25,2025-07-28 03:07:33
2766,Chelsea Johnson,2023-10-31,8924,104,43,1_30D,M,46-55,2025-08-01 10:24:35
2767,Jorge Obrien,2024-12-07,19947,103,69,1_30D,F,46-55,2025-08-25 05:47:58
2768,Lisa York,2024-06-09,12342,104,94,31_60D,F,36-45,2025-07-27 23:10:44
2769,Jacqueline Brown,2023-10-20,15448,103,-5,31_60D,F,56+,2025-09-04 07:15:05
2770,Tiffany Harrington,2024-07-09,1492,105,56,61_90D,F,18-25,2025-08-31 16:34:56
2771,Tonya Smith,2023-12-09,4142,104,51,1_30D,F,46-55,2025-08-25 07:00:24
2772,Meagan Marsh,2024-06-01,19697,102,58,0SANA,M,26-35,2025-08-20 14:16:49
2773,Linda Knight,2025-08-14,5329,103,35,31_60D,F,46-55,2025-08-29 21:59:25
2774,David Gonzales,2024-10-03,2687,101,8,31_60D,M,56+,2025-07-28 12:04:05
2775,Tony Crawford,2023-10-11,5655,104,93,1_30D,F,26-35,2025-08-14 18:21:22
2776,Joseph Williams,2025-05-02,11031,105,4,0SANA,F,26-35,2025-08-21 16:56:48
2777,Edward Clark,2025-08-18,15046,103,74,0SANA,F,26-35,2025-08-01 15:12:50
2778,David Palmer,2025-06-10,13990,102,73,31_60D,M,18-25,2025-08-23 22:20:26
2779,Amy Anderson,2024-09-25,9558,102,61,0SANA,M,36-45,2025-08-24 02:51:55
2780,Anthony Perry,2024-11-12,18756,105,57,0SANA,M,36-45,2025-08-24 04:28:29
2781,Michelle Jones,2024-10-11,4779,102,78,0SANA,F,36-45,2025-09-05 15:53:10
2782,Douglas Kirby,2024-09-17,19002,104,34,31_60D,M,36-45,2025-08-31 14:17:19
2783,Jessica Roberts,2025-03-13,6592,105,-3,0SANA,M,46-55,2025-08-17 14:26:06
2784,Jennifer Wallace,2025-05-24,3962,104,63,61_90D,M,46-55,2025-08-23 09:27:30
2785,Paul Rodriguez,2025-04-28,13403,105,81,1_30D,F,36-45,2025-08-15 17:01:55
2786,Darren Carter,2024-06-17,5313,101,15,61_90D,F,36-45,2025-08-30 05:58:33
2787,Pam Lee,2025-07-15,9663,104,15,0SANA,M,46-55,2025-08-30 03:25:45
2788,Steven Sanchez,2023-11-15,5026,102,71,31_60D,M,46-55,2025-08-28 05:48:43
2789,Jennifer Collins,2024-03-04,15526,102,86,31_60D,M,26-35,2025-08-21 14:50:20
2790,Latoya Mason,2024-01-18,4821,101,22,0SANA,M,56+,2025-08-23 03:43:01
2791,Carl Smith,2024-01-13,5634,104,14,1_30D,F,46-55,2025-08-17 16:34:24
2792,Stephanie Rivas,2023-12-29,17536,104,-1,31_60D,F,46-55,2025-08-17 23:16:58
2793,Judy Payne,2025-04-18,9138,104,46,0SANA,M,18-25,2025-07-30 08:59:35
2794,Alejandra Tran,2025-01-29,5963,103,15,61_90D,F,18-25,2025-08-06 22:20:42
2795,Joseph Williams,2024-06-27,13544,103,53,1_30D,F,18-25,2025-08-22 06:38:21
2796,Casey Thomas,2025-02-18,4980,104,81,0SANA,M,56+,2025-08-26 20:24:57
2797,Johnathan Kelly,2024-11-30,8841,103,39,61_90D,F,56+,2025-08-23 08:03:07
2798,John Ray,2024-12-25,12097,103,1,1_30D,M,46-55,2025-08-18 01:13:37
2799,Sharon Winters,2024-04-21,10068,105,75,0SANA,M,36-45,2025-08-29 13:57:57
2800,Michael Alexander,2024-08-09,17673,103,35,1_30D,F,26-35,2025-09-02 10:50:38
2801,Henry Davis,2025-02-27,18804,102,58,31_60D,F,56+,2025-07-30 09:22:09
2802,Christopher Clark,2024-12-09,6928,104,38,31_60D,M,26-35,2025-08-18 00:24:01
2803,James Avery,2024-07-27,1532,105,22,31_60D,F,18-25,2025-09-01 05:41:19
2804,Jack Jones,2024-03-23,19786,105,39,0SANA,F,26-35,2025-08-13 02:25:08
2805,Nicole Wang,2024-08-02,18798,104,-1,0SANA,M,56+,2025-07-28 11:32:33
2806,Taylor Smith,2024-01-15,17226,105,3,1_30D,F,18-25,2025-07-29 04:27:38
2807,Michelle Gibbs,2024-09-28,1913,101,24,31_60D,M,18-25,2025-08-09 17:20:30
2808,Gregory Waters,2024-09-05,18331,101,98,1_30D,M,18-25,2025-08-23 13:41:02
2809,Keith Perry,2025-08-20,6625,105,13,0SANA,M,46-55,2025-09-02 08:07:14
2810,Thomas Mejia,2024-01-04,19970,101,5,1_30D,M,36-45,2025-09-02 09:29:56
2811,William Carroll,2024-03-25,640,105,68,61_90D,M,46-55,2025-09-05 03:14:19
2812,Randy Sellers,2024-11-14,1819,103,73,0SANA,M,26-35,2025-08-05 16:35:08
2813,Joseph Davis,2025-06-22,6162,102,37,0SANA,F,56+,2025-08-19 18:47:15
2814,Anthony Mcclure,2024-04-28,15289,101,98,0SANA,F,46-55,2025-08-18 21:52:48
2815,Cody Lewis,2023-10-24,1582,104,59,1_30D,F,46-55,2025-08-16 12:27:50
2816,Katherine Garcia,2025-05-12,17937,103,69,1_30D,M,46-55,2025-08-14 14:26:39
2817,Mrs. Evelyn Green DDS,2024-02-06,1824,101,6,0SANA,M,56+,2025-08-24 02:05:28
2818,Brian Rivera Jr.,2024-11-27,2610,102,45,31_60D,M,56+,2025-07-31 02:35:10
2819,Derrick York,2024-06-29,14654,102,37,31_60D,F,26-35,2025-08-14 17:42:02
2820,Heather Mathis,2024-12-09,17710,104,77,1_30D,M,36-45,2025-08-04 19:04:14
2821,William Aguirre,2025-03-29,5362,104,59,0SANA,M,18-25,2025-07-30 17:16:06
2822,Andrew Lee MD,2024-02-26,15534,101,67,1_30D,M,26-35,2025-08-14 06:09:25
2823,Nicole Sanchez,2024-12-02,11498,105,73,0SANA,F,18-25,2025-09-02 19:57:24
2824,Bonnie Campos,2024-11-02,19197,103,49,1_30D,F,18-25,2025-08-25 18:58:30
2825,Christopher Walters,2024-03-15,2708,105,66,0SANA,F,46-55,2025-08-04 05:42:13
2826,Jessica Long,2024-01-29,15803,101,62,0SANA,F,18-25,2025-08-31 08:41:56
2827,Christopher Johnson,2025-07-04,12704,101,43,0SANA,F,18-25,2025-09-02 13:36:43
2828,Thomas Velez,2024-04-16,13762,105,83,0SANA,F,36-45,2025-08-18 17:03:21
2829,Justin Smith,2024-05-01,11740,101,90,1_30D,M,26-35,2025-08-19 03:19:53
2830,Christopher Hutchinson,2025-01-08,4242,104,3,31_60D,F,26-35,2025-08-31 04:23:33
2831,Lisa Smith MD,2024-08-15,3497,101,54,31_60D,M,26-35,2025-08-11 16:20:10
2832,James Wood,2024-07-26,11733,102,-3,31_60D,F,36-45,2025-07-28 02:18:21
2833,Patrick Olson,2025-05-07,1656,102,10,0SANA,M,46-55,2025-09-02 04:35:49
2834,Carolyn Yu,2025-05-29,3806,104,13,1_30D,M,36-45,2025-08-20 03:36:58
2835,Justin Sparks,2024-06-29,15694,102,30,31_60D,F,26-35,2025-08-22 08:00:16
2836,Christine Hopkins,2024-08-14,19290,105,53,1_30D,M,18-25,2025-08-27 10:36:08
2837,Reginald Johnson,2024-06-20,7620,103,93,0SANA,M,46-55,2025-09-01 07:01:15
2838,Robert Johnson,2025-02-03,13741,104,16,0SANA,M,26-35,2025-08-24 13:55:54
2839,Robin Wade,2024-09-15,9480,103,-4,0SANA,F,56+,2025-09-05 09:21:48
2840,Michael White,2025-05-02,10616,104,75,61_90D,F,18-25,2025-09-05 05:03:23
2841,David Flores,2024-07-29,5295,104,38,0SANA,M,26-35,2025-09-04 01:35:25
2842,Timothy Garrison,2024-02-14,15290,102,8,1_30D,M,46-55,2025-08-10 18:10:50
2843,Nicholas Brown,2024-07-31,16633,103,45,0SANA,F,46-55,2025-08-03 18:20:53
2844,Bryan Sutton,2025-05-30,14052,102,-3,0SANA,M,56+,2025-08-07 01:20:16
2845,Stephen Lin,2024-08-26,7332,103,48,0SANA,M,26-35,2025-08-09 05:59:42
2846,Kelly Johnson,2025-05-27,19807,104,13,1_30D,M,46-55,2025-09-03 18:20:12
2847,George Burch,2024-07-22,1093,104,56,1_30D,F,56+,2025-08-24 22:30:06
2848,Randy Lowery,2025-01-16,15539,105,44,31_60D,F,26-35,2025-08-04 15:11:24
2849,Kathryn Gentry,2024-02-23,11532,103,57,31_60D,M,18-25,2025-08-10 23:58:03
2850,Tiffany Brooks,2024-04-21,7980,102,19,0SANA,F,56+,2025-08-25 10:00:17
2851,Jim Aguilar,2024-05-24,13639,101,64,0SANA,M,46-55,2025-08-21 07:04:59
2852,Kenneth Diaz,2024-12-30,4478,105,92,0SANA,F,46-55,2025-08-06 10:57:07
2853,Matthew Ortega,2025-05-07,16162,104,83,1_30D,M,56+,2025-08-03 11:54:59
2854,Kyle Garcia,2024-04-26,1131,103,96,1_30D,M,56+,2025-08-06 21:24:55
2855,Seth Banks,2024-05-05,19718,105,14,1_30D,M,56+,2025-08-08 05:50:04
2856,William Walker,2024-04-03,10785,103,16,1_30D,M,36-45,2025-08-31 05:31:00
2857,Hannah Chapman,2024-01-14,9204,101,32,61_90D,F,18-25,2025-08-21 04:21:04
2858,Mrs. Alexandra Clay,2024-05-20,2440,101,96,1_30D,F,26-35,2025-08-07 03:35:32
2859,Daniel Garcia,2024-04-28,4315,103,33,0SANA,M,26-35,2025-09-02 13:39:23
2860,Garrett Perez,2024-03-07,18619,102,31,0SANA,F,46-55,2025-08-26 07:28:51
2861,Amy Sanders,2024-07-08,19838,102,-5,0SANA,F,36-45,2025-08-08 13:25:32
2862,Joanna Long,2023-08-27,4312,103,63,0SANA,M,36-45,2025-08-08 02:36:03
2863,Julie Johnson,2023-10-20,10605,101,11,0SANA,F,36-45,2025-08-31 08:20:19
2864,Tiffany Nash,2024-09-29,11077,105,64,61_90D,F,36-45,2025-09-03 17:43:13
2865,Brittany Mcgee,2025-03-24,1468,104,44,31_60D,M,36-45,2025-09-02 05:28:57
2866,Robert Walker,2023-10-07,2005,103,75,31_60D,M,56+,2025-08-27 11:51:36
2867,Stephen Welch,2025-06-17,14746,105,3,1_30D,F,26-35,2025-09-01 13:46:34
2868,Patrick Powell,2023-12-05,13973,103,28,1_30D,M,18-25,2025-08-31 04:23:17
2869,Megan Kirk,2025-02-24,12756,104,33,0SANA,M,26-35,2025-08-27 03:01:34
2870,John Rivas,2024-02-29,14528,104,28,1_30D,F,56+,2025-08-16 23:36:32
2871,Rhonda Edwards,2025-05-22,6236,103,73,1_30D,F,18-25,2025-08-23 12:19:06
2872,Thomas Harris,2024-10-16,19174,101,26,1_30D,F,46-55,2025-08-22 02:02:19
2873,Andrew Owens,2024-02-14,14082,101,86,0SANA,F,46-55,2025-09-03 23:41:12
2874,Matthew Frederick,2023-12-03,5584,102,61,0SANA,M,56+,2025-08-16 12:18:10
2875,Jennifer Mora,2025-06-08,2862,103,40,0SANA,F,26-35,2025-08-07 09:29:43
2876,Catherine Chavez,2024-10-11,6108,102,2,31_60D,M,56+,2025-08-24 09:00:54
2877,Nathaniel Cole,2025-05-01,18553,105,33,0SANA,F,36-45,2025-09-05 09:40:32
2878,Joseph Harding,2024-09-18,13673,101,6,0SANA,M,56+,2025-08-31 10:42:29
2879,Johnathan Cruz,2025-01-08,8778,104,84,61_90D,M,56+,2025-08-08 20:21:34
2880,Christopher Hunt,2025-04-23,11862,102,99,31_60D,M,36-45,2025-08-19 17:18:05
2881,Tina Gomez,2023-12-01,6481,101,25,0SANA,F,46-55,2025-08-14 00:20:41
2882,James Lopez,2024-10-17,8861,102,54,31_60D,M,56+,2025-08-18 23:29:00
2883,Stephen Moore,2023-11-10,4038,101,14,1_30D,M,18-25,2025-08-10 13:57:26
2884,Kendra Levy,2025-02-20,17796,104,11,0SANA,M,18-25,2025-08-05 15:59:09
2885,Savannah Castro,2025-02-07,640,104,72,0SANA,M,18-25,2025-08-16 13:23:02
2886,Alicia Black,2024-01-27,653,101,12,0SANA,M,26-35,2025-07-28 01:30:47
2887,Wayne Torres,2024-06-16,9262,102,74,1_30D,M,18-25,2025-08-15 11:08:38
2888,Cody Jones,2024-11-18,2342,102,56,0SANA,M,56+,2025-08-12 17:16:24
2889,Joseph Robles,2023-10-03,15766,104,65,31_60D,F,26-35,2025-08-05 06:36:45
2890,Charlotte Wright,2024-05-09,14894,101,4,1_30D,M,36-45,2025-08-13 01:57:36
2891,William Fisher,2025-07-19,14707,105,36,0SANA,M,18-25,2025-08-19 02:37:20
2892,Ryan Weeks,2024-11-21,8520,103,38,61_90D,M,26-35,2025-08-16 00:57:52
2893,Cindy Collier,2023-09-15,1084,104,85,1_30D,F,26-35,2025-08-25 19:19:20
2894,Jordan Davis,2024-08-04,15830,104,52,61_90D,F,36-45,2025-08-22 23:30:45
2895,Melissa Mahoney,2024-12-23,17202,105,54,0SANA,F,56+,2025-08-08 16:14:45
2896,Gary Thompson,2024-04-09,5471,101,97,31_60D,F,56+,2025-08-07 17:38:28
2897,Michael Skinner,2024-02-11,15766,101,18,1_30D,M,36-45,2025-08-30 18:37:22
2898,Teresa Brooks,2024-03-04,12026,101,45,31_60D,M,46-55,2025-08-23 13:19:03
2899,Anthony Hart DVM,2024-08-26,6818,101,47,0SANA,F,46-55,2025-08-31 23:57:19
2900,Timothy Hall,2024-02-24,7462,102,26,61_90D,M,56+,2025-08-18 14:22:34
2901,Sarah Fisher,2023-09-25,10685,101,84,1_30D,F,18-25,2025-08-14 23:36:21
2902,Mrs. Lynn Kemp,2024-12-12,3996,105,77,0SANA,M,56+,2025-08-23 21:55:48
2903,Jason Rodriguez,2024-03-03,5992,105,70,61_90D,M,46-55,2025-09-01 04:40:06
2904,Crystal Trujillo,2023-10-13,1815,102,72,61_90D,F,18-25,2025-08-16 16:46:32
2905,Charlotte Garner,2024-10-10,14003,104,69,0SANA,F,18-25,2025-08-27 08:09:30
2906,Charles Stephens,2024-02-13,3347,102,35,0SANA,M,18-25,2025-08-14 18:05:12
2907,Steven Campbell,2023-09-08,14309,104,76,0SANA,F,26-35,2025-08-03 21:45:39
2908,Dylan Cooper,2024-07-05,8920,101,47,1_30D,F,56+,2025-09-02 09:56:28
2909,Samantha Romero,2025-08-21,13910,103,46,0SANA,F,56+,2025-08-21 22:28:54
2910,Claudia Brooks,2025-06-09,17069,101,20,31_60D,M,46-55,2025-08-27 16:12:30
2911,Benjamin Washington,2024-05-19,12586,104,10,0SANA,F,26-35,2025-08-21 18:24:19
2912,Michele Webster,2024-04-14,9919,101,59,0SANA,M,36-45,2025-09-04 14:11:26
2913,Mrs. Stacie Jenkins,2024-07-14,10233,102,92,0SANA,F,56+,2025-08-05 20:23:34
2914,Angela Duncan,2023-09-15,3907,102,16,1_30D,M,26-35,2025-08-15 15:41:46
2915,Madeline Young,2023-11-14,10204,103,62,61_90D,M,36-45,2025-08-10 22:55:25
2916,John Wagner,2025-07-30,7706,101,72,1_30D,F,56+,2025-08-07 00:57:23
2917,Peter Leblanc,2025-02-15,5915,101,78,0SANA,F,56+,2025-08-05 07:27:12
2918,Robert Montgomery DDS,2024-06-28,12567,102,65,31_60D,F,46-55,2025-08-06 13:38:02
2919,Jon Santiago,2025-03-22,6634,104,92,0SANA,F,36-45,2025-08-13 12:59:13
2920,Brenda Torres,2025-06-10,5147,104,52,0SANA,F,26-35,2025-08-30 00:04:27
2921,Betty Clements,2024-10-02,11544,105,90,0SANA,M,36-45,2025-09-05 12:45:51
2922,Matthew Horton,2025-05-26,10529,105,55,31_60D,F,56+,2025-08-27 21:42:14
2923,Felicia Thompson,2023-09-06,11106,104,33,31_60D,F,56+,2025-08-05 23:09:42
2924,Michael Matthews,2024-06-09,10635,101,0,1_30D,F,46-55,2025-08-06 13:10:33
2925,Diana Hernandez,2024-08-12,8479,105,3,0SANA,M,26-35,2025-08-19 17:24:33
2926,Anthony Contreras,2025-07-01,8380,105,54,1_30D,F,56+,2025-08-12 17:07:49
2927,Alexis Fox,2025-07-25,11844,101,51,0SANA,F,46-55,2025-08-06 06:00:40
2928,Christina Davis,2023-12-23,4076,105,62,0SANA,M,36-45,2025-08-28 13:16:16
2929,John Kerr,2024-12-30,3172,105,79,1_30D,M,36-45,2025-08-11 03:38:00
2930,Jason Lane,2024-04-22,17617,102,44,0SANA,F,36-45,2025-08-24 04:00:12
2931,Amanda Lawson,2024-08-28,18376,103,48,31_60D,M,46-55,2025-07-28 16:59:02
2932,Amanda Williams DDS,2024-10-12,16000,104,53,0SANA,M,18-25,2025-08-02 09:04:09
2933,Jennifer Davis,2025-03-24,11502,101,66,0SANA,F,26-35,2025-07-31 22:42:31
2934,David Moody,2024-07-31,19888,103,56,0SANA,M,36-45,2025-08-24 02:40:24
2935,Christopher Lutz,2024-10-18,11800,103,28,1_30D,F,36-45,2025-08-15 04:21:22
2936,Heather Patrick,2024-09-12,9408,102,8,0SANA,M,36-45,2025-08-28 04:53:07
2937,Candice Simon,2024-09-20,8039,104,61,31_60D,F,18-25,2025-08-29 23:58:38
2938,Courtney Guzman,2024-04-26,3048,101,66,61_90D,F,18-25,2025-08-03 22:49:36
2939,Melinda Torres,2023-09-30,958,103,92,31_60D,F,26-35,2025-09-03 01:36:28
2940,Catherine Hernandez,2025-05-31,15359,102,99,0SANA,M,46-55,2025-09-01 20:51:40
2941,Bradley Weber,2024-09-19,18218,102,50,0SANA,F,26-35,2025-09-05 19:57:37
2942,Edward Hall,2024-05-21,1647,103,60,31_60D,F,36-45,2025-08-27 22:32:15
2943,James Bailey,2025-06-06,6255,102,68,0SANA,F,26-35,2025-08-07 04:27:11
2944,Randy Ramsey,2025-03-08,5568,103,82,0SANA,M,36-45,2025-08-03 04:29:08
2945,Jason Wilson,2024-08-22,5829,103,3,0SANA,F,18-25,2025-08-08 14:23:02
2946,Sierra Mayo,2024-02-09,8494,101,36,0SANA,M,56+,2025-08-23 18:21:33
2947,Wendy Howell,2024-07-27,11322,101,87,0SANA,F,18-25,2025-08-24 13:00:13
2948,Jennifer Salinas,2024-02-20,3072,104,98,0SANA,M,26-35,2025-08-06 18:21:57
2949,Gabriella Neal,2024-04-22,7514,104,32,1_30D,M,46-55,2025-08-25 17:16:43
2950,Jacob Castaneda,2024-01-27,12631,104,12,0SANA,M,56+,2025-08-02 08:56:03
2951,Austin Brown,2024-09-26,14331,102,71,61_90D,F,36-45,2025-08-04 19:26:09
2952,Norman Shannon,2024-05-17,3505,105,39,31_60D,M,18-25,2025-08-21 20:02:12
2953,David Gonzalez,2024-07-04,14973,105,48,0SANA,M,26-35,2025-08-22 03:19:41
2954,Richard Reed,2025-01-01,12569,101,96,1_30D,M,18-25,2025-08-31 19:40:35
2955,Jim Kim,2023-11-12,3220,103,57,0SANA,M,56+,2025-08-10 06:54:10
2956,Tammy Sanchez DVM,2025-08-12,8581,105,0,1_30D,M,56+,2025-08-05 11:21:28
2957,James Sweeney,2024-11-16,841,103,14,0SANA,F,26-35,2025-09-04 22:30:07
2958,Jacob Thomas,2024-12-02,7459,103,6,0SANA,M,46-55,2025-08-03 04:13:10
2959,Jessica Ruiz,2024-03-12,13273,102,67,0SANA,F,36-45,2025-08-05 12:49:53
2960,Meredith Brewer,2025-04-09,5307,102,29,0SANA,F,18-25,2025-09-05 11:38:22
2961,Raymond Juarez,2024-07-30,8043,103,58,61_90D,F,26-35,2025-08-08 01:05:17
2962,Suzanne Barber,2025-02-10,5492,104,36,31_60D,F,18-25,2025-08-05 16:35:00
2963,Tiffany Joyce,2024-12-25,18748,103,62,0SANA,F,18-25,2025-08-17 02:49:29
2964,Jessica Jones,2025-05-22,16759,104,82,0SANA,M,56+,2025-09-04 02:15:16
2965,Kimberly Mcfarland,2024-12-24,16754,101,35,0SANA,M,18-25,2025-09-03 00:54:38
2966,Brianna Johnson,2024-11-24,17907,102,15,1_30D,M,18-25,2025-08-26 20:09:44
2967,Eric Cruz,2024-02-12,18415,103,46,61_90D,M,36-45,2025-08-26 03:15:23
2968,Dustin Neal,2025-03-12,17522,104,25,31_60D,F,46-55,2025-08-15 09:48:49
2969,Edward Harding,2023-12-01,573,101,61,0SANA,F,36-45,2025-08-01 06:27:40
2970,Samuel Osborne,2025-04-23,16959,105,16,0SANA,F,46-55,2025-08-24 06:18:21
2971,Tom Martinez,2025-07-06,19477,104,30,1_30D,M,56+,2025-08-30 23:17:07
2972,Ashley Stone,2024-05-21,19407,104,94,1_30D,F,56+,2025-07-28 13:39:23
2973,Emily Harris,2024-07-22,10782,105,36,0SANA,F,18-25,2025-08-16 12:09:27
2974,James Barrett,2024-09-03,16767,101,26,0SANA,F,18-25,2025-08-12 07:51:16
2975,Candice Perkins,2025-06-07,18226,102,59,31_60D,F,36-45,2025-08-05 01:48:59
2976,John Johnson,2024-08-08,8049,103,95,0SANA,F,36-45,2025-08-14 20:54:24
2977,Karina Daniel,2023-11-13,7379,103,33,0SANA,F,36-45,2025-08-17 14:36:38
2978,Caleb Woods,2025-07-28,9702,103,81,31_60D,F,26-35,2025-09-01 01:57:10
2979,Tonya Poole,2024-04-24,17745,103,23,0SANA,M,18-25,2025-08-26 04:17:53
2980,Christopher Reyes,2025-02-25,7825,102,83,0SANA,F,26-35,2025-07-28 01:58:57
2981,Zachary Thompson,2024-03-06,7390,102,27,0SANA,M,46-55,2025-09-05 20:14:45
2982,Joanna Lopez,2025-01-26,17238,102,-3,0SANA,F,46-55,2025-08-03 07:01:38
2983,Vanessa Dawson,2025-08-01,13590,104,72,61_90D,M,46-55,2025-08-06 18:30:14
2984,Samantha Miller,2025-03-29,13554,105,6,1_30D,F,56+,2025-08-05 10:32:23
2985,Nathan Miller,2025-04-22,12959,104,-4,31_60D,M,46-55,2025-08-13 21:58:59
2986,Maria Sanchez,2024-09-27,7648,102,37,1_30D,M,56+,2025-09-04 17:59:15
2987,Debbie Smith,2023-12-19,14299,102,80,1_30D,F,26-35,2025-08-08 16:41:04
2988,Benjamin Brooks,2025-02-09,6183,105,56,1_30D,F,56+,2025-07-29 00:34:59
2989,Anthony Waller DDS,2023-10-19,14144,101,8,0SANA,M,36-45,2025-08-14 02:43:13
2990,April Smith,2025-04-25,9451,101,1,0SANA,F,26-35,2025-08-09 08:00:23
2991,Yvette Bryant,2024-09-02,15926,103,8,61_90D,F,36-45,2025-09-05 10:01:34
2992,James Mcdaniel,2025-08-18,10214,104,42,0SANA,M,56+,2025-08-22 03:45:19
2993,Paul Walls,2024-08-26,7604,103,41,0SANA,M,56+,2025-08-04 10:48:15
2994,Christopher Bernard,2024-02-28,13537,104,72,0SANA,F,18-25,2025-08-08 00:42:13
2995,Paul Carroll,2023-09-04,4462,103,96,0SANA,M,36-45,2025-08-03 18:23:12
2996,Shannon Smith,2025-06-25,7093,101,90,1_30D,M,18-25,2025-09-01 14:38:27
2997,Mark Stewart,2025-01-24,15050,104,97,0SANA,F,26-35,2025-08-19 07:19:39
2998,Timothy Livingston,2024-05-30,2610,102,46,1_30D,M,18-25,2025-08-29 02:04:56
2999,Lisa Browning,2024-05-12,12123,101,48,31_60D,F,26-35,2025-08-22 06:10:36
3000,Donald Wright,2024-01-29,15110,102,35,31_60D,M,18-25,2025-08-16 01:03:19
3001,Renee Kennedy,2024-01-25,19849,101,86,1_30D,M,36-45,2025-08-10 16:57:02
3002,Emily Munoz,2023-09-05,8624,101,94,1_30D,F,56+,2025-08-16 12:12:49
3003,Michelle Carrillo,2023-09-16,2027,101,47,0SANA,M,18-25,2025-08-28 00:10:06
3004,Carol Hanson,2025-06-08,18146,102,-5,1_30D,M,18-25,2025-08-21 19:01:33
3005,Amy Johnson,2024-02-11,15288,103,2,0SANA,F,26-35,2025-08-10 16:45:36
3006,Ellen King,2024-11-18,13522,105,3,1_30D,M,56+,2025-07-30 16:49:54
3007,David Hernandez,2025-06-14,16524,101,68,1_30D,F,46-55,2025-08-18 00:11:19
3008,Alyssa Freeman,2023-11-20,4817,105,59,61_90D,M,56+,2025-08-31 15:34:48
3009,Julie Gonzales,2024-02-03,10147,105,34,31_60D,M,36-45,2025-08-19 11:39:19
3010,Austin Johns,2024-11-03,4702,101,51,0SANA,F,18-25,2025-08-30 00:19:02
3011,Thomas Hudson,2024-05-10,10978,102,92,0SANA,M,56+,2025-09-02 16:09:55
3012,Patricia West,2025-02-09,14349,104,53,0SANA,F,26-35,2025-08-20 18:25:26
3013,Robert Rodriguez,2024-08-11,11803,104,27,61_90D,F,36-45,2025-08-31 01:34:22
3014,Laura Stone,2024-01-27,1933,104,4,0SANA,F,46-55,2025-08-10 18:37:57
3015,Kenneth Campos,2025-05-30,9175,104,91,31_60D,F,26-35,2025-08-21 21:33:31
3016,Robert Glover,2025-02-06,2289,103,1,1_30D,F,56+,2025-09-03 13:08:10
3017,Christina Kelley,2023-09-30,12875,105,82,31_60D,M,36-45,2025-08-07 06:51:13
3018,Amanda Daugherty,2024-05-09,18931,105,27,61_90D,M,46-55,2025-08-19 22:35:04
3019,Matthew Taylor,2025-06-05,16644,105,63,61_90D,F,46-55,2025-08-27 22:46:40
3020,Amber Mason,2025-08-07,17307,102,41,1_30D,M,26-35,2025-08-07 14:36:15
3021,Nicole Juarez,2023-09-10,855,101,24,61_90D,F,46-55,2025-08-25 03:02:14
3022,Matthew Jones,2025-06-15,14757,104,-2,0SANA,F,36-45,2025-08-08 05:37:08
3023,Alexis Christensen,2025-01-29,5142,101,-1,31_60D,F,26-35,2025-08-08 22:37:27
3024,Sean Green,2024-07-14,11519,105,72,1_30D,F,46-55,2025-08-22 08:10:51
3025,Devin Collins,2024-06-15,7734,104,51,31_60D,M,18-25,2025-07-31 17:17:57
3026,Katherine Jarvis,2024-02-08,3226,104,49,31_60D,F,46-55,2025-08-13 08:19:54
3027,Christopher Barker,2024-11-03,14845,105,14,0SANA,F,46-55,2025-07-28 21:44:12
3028,Tom Rowe,2024-09-01,7380,103,10,61_90D,M,46-55,2025-07-31 17:11:09
3029,Diane Tucker,2024-07-17,16655,101,74,0SANA,F,56+,2025-08-22 06:23:04
3030,Carl Allen,2024-07-29,7685,104,-3,0SANA,M,56+,2025-09-01 00:19:11
3031,Kara Parrish,2024-08-12,7168,105,70,0SANA,M,26-35,2025-08-11 16:42:44
3032,Julie Blackwell,2025-07-03,14086,104,79,0SANA,M,56+,2025-08-23 18:00:41
3033,Jamie Garza,2024-08-28,6209,104,57,0SANA,M,18-25,2025-08-08 09:11:32
3034,Steven Charles,2023-09-09,3344,103,67,1_30D,M,56+,2025-08-25 23:09:47
3035,Mark Winters,2024-01-02,13035,102,7,31_60D,F,36-45,2025-07-29 02:39:54
3036,Amy Nelson,2023-09-07,17186,104,69,0SANA,M,18-25,2025-08-31 09:38:07
3037,Kelsey Mcmillan,2024-02-24,1355,102,85,0SANA,M,36-45,2025-08-13 22:50:53
3038,Jessica Pace,2025-08-07,7583,101,5,0SANA,F,46-55,2025-08-10 10:04:22
3039,John Casey,2024-01-20,8631,103,30,1_30D,F,56+,2025-08-02 05:17:18
3040,Nicholas Carter,2023-09-23,3120,101,80,61_90D,M,56+,2025-09-04 01:14:50
3041,Scott Munoz,2024-03-08,13268,105,70,31_60D,M,56+,2025-09-05 18:39:17
3042,Steven Collins,2023-09-24,4295,102,94,31_60D,M,26-35,2025-08-27 15:38:17
3043,Annette Wang,2025-02-26,4923,102,59,1_30D,M,36-45,2025-08-06 13:32:28
3044,Stephen Duncan,2025-01-29,4941,102,52,1_30D,M,26-35,2025-08-19 01:45:30
3045,Christine King,2025-01-16,19442,102,63,0SANA,M,36-45,2025-08-22 22:59:13
3046,Cody Young,2024-05-02,13833,102,74,0SANA,F,36-45,2025-08-03 19:25:00
3047,Jennifer Baker,2025-06-11,1374,101,13,1_30D,F,36-45,2025-08-14 18:26:37
3048,Aaron Cook,2023-11-21,15945,105,71,31_60D,M,18-25,2025-08-05 22:26:07
3049,Matthew Green,2024-06-07,5512,101,92,0SANA,F,26-35,2025-07-31 23:56:36
3050,Tommy Johnson,2024-10-30,15271,104,71,0SANA,F,46-55,2025-09-02 23:36:10
3051,Scott Weaver,2023-10-12,12779,101,99,61_90D,M,56+,2025-08-29 17:10:36
3052,Emma Sanchez,2024-06-04,11532,105,4,0SANA,F,46-55,2025-08-05 15:08:49
3053,Juan Juarez,2024-11-13,5301,101,67,0SANA,F,18-25,2025-08-23 21:59:45
3054,Kelly Flowers,2024-08-04,10543,104,37,31_60D,M,36-45,2025-08-22 02:25:22
3055,George Harrison,2023-10-19,4699,101,53,1_30D,F,46-55,2025-08-09 16:31:12
3056,Laura Bailey,2025-06-26,13785,105,66,31_60D,M,56+,2025-09-05 00:39:04
3057,Cameron Norris,2025-05-11,1167,105,79,31_60D,F,46-55,2025-07-30 01:00:18
3058,David Hogan,2024-07-10,6868,102,8,31_60D,M,46-55,2025-09-01 09:38:43
3059,Philip Bond,2024-08-13,13878,105,98,0SANA,F,26-35,2025-08-21 23:18:44
3060,Richard Francis,2025-06-14,13137,105,80,0SANA,M,56+,2025-08-05 17:56:38
3061,Marie Harris,2024-08-11,4320,103,81,0SANA,F,18-25,2025-08-04 12:15:17
3062,Joshua Little,2025-02-13,10997,105,52,0SANA,F,26-35,2025-08-11 00:01:15
3063,Linda Thompson,2025-03-24,17700,101,32,31_60D,F,18-25,2025-08-06 07:58:12
3064,Matthew Chavez DVM,2023-08-30,15318,103,37,0SANA,M,36-45,2025-09-03 01:57:29
3065,James Rose,2025-05-27,9043,101,-2,0SANA,M,36-45,2025-08-07 20:12:37
3066,James Chavez,2024-12-07,6922,104,19,1_30D,F,18-25,2025-08-30 02:13:05
3067,Jerry Garcia,2024-04-15,7371,101,21,1_30D,M,18-25,2025-08-30 15:12:10
3068,Karen Rivera,2025-07-17,4299,104,14,0SANA,F,36-45,2025-07-28 08:43:58
3069,Mark Howell,2024-08-28,4703,104,42,0SANA,M,18-25,2025-08-29 14:08:45
3070,John Bernard,2025-06-14,19205,102,24,61_90D,M,56+,2025-08-18 08:50:07
3071,Kevin Briggs,2024-01-21,2904,101,53,0SANA,M,36-45,2025-09-05 20:48:15
3072,Joshua Flores,2024-04-01,5372,102,5,0SANA,M,18-25,2025-07-29 07:21:55
3073,Rebecca Kirk,2025-02-28,4412,103,-1,0SANA,M,26-35,2025-08-10 16:24:46
3074,Anna Weeks,2025-07-20,751,104,31,0SANA,M,26-35,2025-08-13 04:45:36
3075,Paul Arellano,2025-01-07,6638,102,1,1_30D,M,26-35,2025-08-09 23:33:03
3076,Veronica Martin,2025-06-07,18748,101,15,31_60D,F,18-25,2025-08-28 22:38:59
3077,Jonathan Smith,2023-10-05,13919,102,-5,1_30D,M,46-55,2025-08-23 17:51:21
3078,Christopher Pierce,2025-04-11,560,105,98,61_90D,F,56+,2025-07-29 09:38:15
3079,Paul Lawson,2024-05-06,5483,101,24,0SANA,F,26-35,2025-07-31 02:36:13
3080,Cathy White,2024-01-20,19346,101,84,1_30D,M,36-45,2025-07-29 01:55:18
3081,Scott Tucker,2025-05-21,11164,102,63,0SANA,F,46-55,2025-08-03 23:24:46
3082,Ms. Katherine Adams,2023-11-10,12781,101,99,31_60D,M,36-45,2025-08-30 06:56:16
3083,Gabriella White,2025-03-11,1286,101,35,0SANA,F,36-45,2025-08-27 20:47:48
3084,Sarah Stephenson,2025-08-25,11767,101,35,61_90D,M,36-45,2025-08-05 17:23:47
3085,Alexis Sanders,2025-05-11,14882,105,4,0SANA,M,26-35,2025-09-02 19:12:31
3086,Joanna Owen,2024-08-06,6826,103,69,0SANA,F,56+,2025-09-03 09:46:48
3087,Ashley Roberts,2025-06-11,3004,103,78,0SANA,F,56+,2025-09-04 13:14:05
3088,Dr. Steven Baker,2024-03-14,7215,101,80,1_30D,F,36-45,2025-08-04 23:05:30
3089,Allen Morales,2024-08-30,6470,105,79,61_90D,M,56+,2025-07-28 08:07:25
3090,Renee Haynes,2024-06-11,16069,105,-2,31_60D,M,18-25,2025-07-29 02:27:45
3091,Michael Jackson,2024-10-14,2317,102,76,0SANA,F,46-55,2025-08-06 23:26:29
3092,Devin Long,2024-11-03,16359,104,5,0SANA,M,46-55,2025-08-12 09:59:00
3093,Christopher Jackson,2025-03-21,13210,103,27,31_60D,F,18-25,2025-08-17 06:37:49
3094,Jenna Hudson,2025-04-16,8596,101,0,31_60D,M,36-45,2025-08-17 03:42:13
3095,Allison Riley DDS,2023-08-30,13377,103,45,1_30D,M,56+,2025-08-15 17:09:40
3096,Kevin Garcia,2025-08-06,19442,102,57,0SANA,M,56+,2025-09-05 04:36:11
3097,Larry Davis,2024-11-30,15125,102,49,0SANA,F,36-45,2025-08-30 00:59:29
3098,James Burch,2023-10-29,18826,102,31,0SANA,F,36-45,2025-08-01 11:52:27
3099,Danielle Young,2025-05-14,16319,102,20,31_60D,M,36-45,2025-08-26 00:46:05
3100,Peter Hanson,2024-07-10,9785,104,0,0SANA,M,36-45,2025-08-23 11:41:12
3101,Lisa Stewart,2024-09-10,6776,103,35,1_30D,M,36-45,2025-08-10 08:17:51
3102,Antonio Perez,2023-11-18,9851,103,-4,1_30D,M,46-55,2025-08-27 23:58:34
3103,Cory Fischer,2025-07-22,8280,103,93,1_30D,M,36-45,2025-08-14 20:06:07
3104,Teresa Johnson,2024-05-18,6853,104,33,1_30D,F,18-25,2025-08-31 11:59:46
3105,Katrina Miller,2025-07-23,2170,101,41,1_30D,F,36-45,2025-08-03 23:14:21
3106,Paul Ward,2024-03-08,6673,103,60,0SANA,M,26-35,2025-07-28 15:51:13
3107,Bryan Abbott,2025-08-14,19549,103,78,0SANA,M,46-55,2025-08-10 14:03:16
3108,Erik Garrett,2024-05-28,8373,103,9,0SANA,F,36-45,2025-08-01 16:23:24
3109,Paul Shepherd DDS,2024-02-05,2036,103,-4,61_90D,F,36-45,2025-08-22 09:59:58
3110,Gregg Shepard,2024-11-24,10024,103,13,61_90D,F,46-55,2025-09-04 14:36:42
3111,John Martinez,2024-11-23,17575,105,76,31_60D,M,18-25,2025-09-03 02:28:19
3112,Amanda Copeland,2024-12-31,16718,105,4,0SANA,F,26-35,2025-08-24 11:26:19
3113,Jimmy Kaufman,2024-05-08,18154,101,73,0SANA,F,26-35,2025-08-12 13:28:10
3114,Kristen Benjamin,2025-08-20,1765,105,48,61_90D,F,26-35,2025-09-03 18:16:28
3115,Anthony Anderson,2023-12-02,1479,102,54,1_30D,M,56+,2025-09-04 16:10:12
3116,Adrian Campbell,2024-07-19,17325,101,16,0SANA,F,36-45,2025-07-28 09:36:49
3117,James Wilson,2024-08-21,17079,104,43,31_60D,M,36-45,2025-08-26 14:20:25
3118,Benjamin Lewis,2025-07-17,3525,101,77,31_60D,F,26-35,2025-08-11 02:40:36
3119,Mrs. Marisa Ramirez,2025-01-17,16236,101,6,0SANA,M,26-35,2025-09-03 11:06:03
3120,Timothy Knight,2025-07-25,15125,104,0,31_60D,M,46-55,2025-08-22 07:29:12
3121,Sheryl Cook,2024-03-31,18108,104,50,0SANA,F,26-35,2025-07-30 16:01:54
3122,Emma Hunter,2025-07-26,11036,102,47,31_60D,F,56+,2025-09-03 10:02:01
3123,Steve Wolfe,2025-01-19,2904,103,92,0SANA,M,56+,2025-08-16 21:49:25
3124,Steven Quinn,2024-10-13,4632,104,14,1_30D,F,56+,2025-08-11 13:01:08
3125,Christopher Kim,2025-02-02,7580,102,27,0SANA,M,36-45,2025-08-03 01:16:09
3126,Bryan Shannon,2024-06-22,18539,102,14,31_60D,M,26-35,2025-08-27 22:11:09
3127,Daniel Edwards,2024-12-08,4157,101,8,61_90D,F,56+,2025-08-07 07:51:22
3128,Larry Scott,2025-02-03,18728,104,3,1_30D,M,46-55,2025-07-29 00:02:45
3129,Jean Rollins,2024-02-27,2584,105,41,61_90D,M,36-45,2025-07-29 15:12:20
3130,Barbara Singleton,2025-08-18,4410,103,31,1_30D,F,18-25,2025-08-26 09:46:37
3131,Jacqueline Becker,2024-07-20,1465,103,84,0SANA,F,56+,2025-08-31 12:00:03
3132,Theresa Silva,2024-03-25,6534,105,8,1_30D,M,26-35,2025-08-26 04:01:31
3133,Kendra Dawson,2024-08-02,1890,104,61,61_90D,M,36-45,2025-08-12 00:04:33
3134,Tracey Williams,2024-01-27,1136,101,19,0SANA,M,18-25,2025-08-07 04:52:33
3135,Elizabeth Wise,2024-09-15,17331,102,28,0SANA,M,56+,2025-08-05 04:35:37
3136,Sara Nguyen,2024-04-21,12634,101,13,31_60D,F,56+,2025-08-01 12:27:02
3137,Thomas Thomas,2024-04-12,8498,105,69,1_30D,F,56+,2025-08-16 18:11:45
3138,Amy Villarreal,2024-01-31,7118,103,7,1_30D,M,46-55,2025-09-03 14:35:14
3139,Raymond Chandler,2025-08-23,4682,103,45,1_30D,M,46-55,2025-09-02 19:14:35
3140,Michelle Skinner,2024-07-11,677,103,93,1_30D,F,56+,2025-08-14 16:57:42
3141,Amy Walker,2025-02-21,7443,105,86,1_30D,M,36-45,2025-08-24 20:44:51
3142,Denise Wilson,2025-01-01,10557,103,51,0SANA,M,46-55,2025-09-03 20:47:06
3143,Leslie Thomas,2025-08-06,13837,103,66,0SANA,F,26-35,2025-09-05 18:48:52
3144,Melissa Quinn,2023-09-17,8554,104,78,1_30D,M,56+,2025-08-03 15:06:06
3145,Gregory Shepherd,2025-02-06,13352,103,52,0SANA,M,46-55,2025-07-28 10:03:04
3146,Barry Campbell,2025-08-24,1907,105,30,0SANA,M,46-55,2025-08-02 23:34:48
3147,Jacqueline Brown,2024-05-24,4946,104,57,0SANA,M,26-35,2025-09-04 01:25:03
3148,Kim Carter,2025-07-22,12733,104,47,61_90D,M,18-25,2025-08-13 13:12:54
3149,Patrick Rivera,2024-09-01,7397,104,56,0SANA,F,46-55,2025-08-18 13:38:27
3150,Savannah Fischer,2023-09-05,14846,105,77,0SANA,M,26-35,2025-08-22 01:43:52
3151,Kaitlin Snow,2024-02-17,12628,105,73,31_60D,F,36-45,2025-07-31 15:24:00
3152,Kayla Keith,2023-11-11,11245,104,97,0SANA,M,26-35,2025-08-06 21:22:31
3153,Michael Johnston,2025-04-13,1779,101,8,0SANA,F,36-45,2025-08-20 01:50:04
3154,Troy Harris,2024-11-15,8961,102,3,61_90D,M,36-45,2025-09-05 12:49:43
3155,Lisa Vasquez,2024-11-14,6279,102,41,31_60D,F,36-45,2025-08-02 00:31:01
3156,Stefanie Martinez,2025-08-11,7807,102,91,31_60D,F,36-45,2025-07-30 18:01:45
3157,Julia Gibson,2025-02-06,1556,102,21,61_90D,M,36-45,2025-07-30 09:03:22
3158,Sharon Johnson,2023-10-23,8442,105,70,0SANA,M,18-25,2025-08-27 03:43:09
3159,Charles Fuller,2025-04-30,15433,103,54,0SANA,M,26-35,2025-08-15 19:23:39
3160,Amanda Bradley,2023-11-20,17603,104,12,61_90D,M,46-55,2025-08-31 13:19:41
3161,Christine Reid,2025-07-12,15620,104,86,0SANA,F,56+,2025-09-02 10:17:50
3162,Benjamin Stevenson,2025-05-08,12498,102,97,31_60D,F,26-35,2025-09-02 12:16:58
3163,Evan Chan,2024-02-14,3377,101,16,0SANA,M,56+,2025-08-09 02:52:40
3164,Brandon Johnson,2024-09-08,12204,101,31,31_60D,F,26-35,2025-08-29 11:25:40
3165,Kristin Pacheco,2025-02-09,14666,104,60,0SANA,M,18-25,2025-08-29 22:03:01
3166,Steve Diaz,2023-12-24,5686,105,8,0SANA,M,36-45,2025-08-27 05:57:37
3167,Kaylee Baker DDS,2023-11-10,11183,104,76,0SANA,F,36-45,2025-08-21 04:30:35
3168,Danielle Gutierrez,2024-04-19,5848,104,35,0SANA,F,26-35,2025-08-20 08:55:54
3169,Stacie Hart,2024-05-28,15023,103,23,0SANA,F,36-45,2025-08-22 13:44:15
3170,John Miller,2024-03-12,8610,103,49,0SANA,M,46-55,2025-08-19 04:44:47
3171,Nicholas Diaz,2025-01-14,18380,104,-1,1_30D,M,36-45,2025-08-02 08:14:57
3172,Robert Woodard,2024-09-22,4504,104,48,1_30D,F,26-35,2025-08-15 01:55:41
3173,Jasmine Hodge,2023-10-31,5156,104,31,0SANA,M,18-25,2025-09-01 10:38:24
3174,Jessica Cox,2023-11-09,4090,102,40,61_90D,M,36-45,2025-08-12 08:56:03
3175,Lisa Wright,2024-07-16,9603,101,10,31_60D,F,18-25,2025-08-14 12:46:06
3176,Tammy Jordan,2025-07-17,8492,105,45,1_30D,F,46-55,2025-07-29 17:56:48
3177,Steve Baxter,2024-07-26,2181,102,2,0SANA,F,26-35,2025-07-29 04:18:57
3178,Jon Mejia,2024-01-08,1647,105,72,31_60D,M,26-35,2025-07-29 07:24:24
3179,Nathan Underwood,2025-07-29,18878,105,50,0SANA,M,26-35,2025-08-05 23:46:02
3180,Nicole Vazquez,2024-06-06,5618,104,13,0SANA,F,18-25,2025-08-25 23:06:39
3181,Jason Riggs,2024-10-08,19571,101,78,0SANA,M,18-25,2025-08-04 05:34:41
3182,Jenny Powell,2025-06-28,17826,103,39,0SANA,F,26-35,2025-07-30 17:37:58
3183,Helen Gilmore,2023-10-03,10458,103,30,0SANA,M,18-25,2025-08-19 06:45:15
3184,John Dean,2023-10-16,12051,104,91,61_90D,F,56+,2025-08-22 05:14:24
3185,Douglas Weaver,2025-04-25,19762,105,87,1_30D,F,36-45,2025-08-29 20:04:19
3186,Kevin Wilson,2023-12-19,13829,105,16,0SANA,M,56+,2025-08-19 05:43:25
3187,Peter Jackson,2025-08-23,12633,105,28,0SANA,F,36-45,2025-07-30 03:07:25
3188,Joshua Livingston,2023-09-18,4388,104,85,1_30D,F,36-45,2025-08-20 19:06:27
3189,Jeffrey Young,2024-01-14,6331,104,18,61_90D,M,46-55,2025-07-29 07:26:13
3190,Victor Brown,2024-11-12,16131,105,52,0SANA,M,18-25,2025-08-25 08:20:16
3191,Brittany Gibbs,2025-01-01,19079,103,-3,0SANA,F,36-45,2025-08-03 08:35:40
3192,Margaret Henry,2025-04-13,8941,105,77,31_60D,F,36-45,2025-07-30 02:11:15
3193,Roger Hernandez,2024-09-28,12553,102,18,0SANA,F,56+,2025-09-05 06:44:52
3194,Lisa Nelson,2024-06-02,4632,101,41,0SANA,F,46-55,2025-08-08 22:29:38
3195,Katelyn Barnes,2024-02-18,12232,101,62,1_30D,M,36-45,2025-08-08 12:47:37
3196,Allison Lopez,2024-01-07,6459,103,79,0SANA,F,26-35,2025-08-16 06:41:26
3197,Shawn Townsend,2024-10-22,13686,103,71,0SANA,F,36-45,2025-08-15 11:13:53
3198,Crystal Martinez,2025-05-05,11110,102,39,0SANA,M,36-45,2025-08-30 06:03:17
3199,Brian Flynn,2025-03-25,1950,101,-1,0SANA,F,18-25,2025-08-28 00:45:40
3200,Steve Kirk,2023-09-15,15534,105,85,0SANA,M,56+,2025-08-11 09:42:52
3201,Helen Kemp,2024-06-04,14537,101,47,0SANA,M,36-45,2025-09-01 14:21:21
3202,Sean Jones,2025-03-09,14892,105,81,31_60D,F,36-45,2025-09-03 14:33:14
3203,Joseph Mendoza,2023-09-19,11803,105,15,0SANA,F,26-35,2025-08-25 05:24:28
3204,Elizabeth Dalton,2025-01-13,7565,104,58,61_90D,F,18-25,2025-08-06 09:53:17
3205,Jeffrey Carter,2024-11-13,15681,105,29,31_60D,F,26-35,2025-08-04 01:29:36
3206,Renee Russell,2024-06-01,14094,102,15,61_90D,F,56+,2025-08-30 11:14:13
3207,Valerie Sanchez DVM,2023-11-04,5105,101,8,31_60D,M,36-45,2025-08-10 19:12:52
3208,Kelly Parker,2023-11-20,19846,101,95,31_60D,M,18-25,2025-08-24 19:47:59
3209,Matthew Hill,2023-10-31,7602,105,75,1_30D,F,36-45,2025-08-28 14:56:45
3210,James Roberts,2025-01-24,2049,104,36,1_30D,M,46-55,2025-07-30 17:08:12
3211,Matthew Williams,2025-02-14,5057,101,18,1_30D,M,36-45,2025-07-28 19:18:27
3212,Darryl Russell,2024-11-16,17914,103,94,0SANA,F,18-25,2025-08-27 16:05:54
3213,Heidi Kennedy,2024-03-08,17730,101,8,0SANA,M,56+,2025-09-03 08:44:24
3214,Melissa Pacheco,2024-12-06,3652,103,83,31_60D,M,26-35,2025-08-05 18:28:31
3215,Johnathan Duran,2024-09-25,13381,104,3,1_30D,F,46-55,2025-08-12 11:48:54
3216,Kelly Robinson,2024-02-21,2451,101,38,61_90D,F,18-25,2025-08-28 03:52:08
3217,Megan Baker,2025-05-16,9549,105,8,1_30D,M,18-25,2025-08-18 17:53:09
3218,Amy Johnson,2024-12-07,18500,101,94,1_30D,M,36-45,2025-08-10 08:40:44
3219,Sydney Barton,2024-12-18,7397,105,61,61_90D,M,56+,2025-08-03 17:42:45
3220,Phillip Martin,2025-04-12,6479,105,30,0SANA,M,26-35,2025-09-04 14:05:41
3221,Daniel Parks,2025-06-02,19804,104,16,31_60D,F,36-45,2025-08-08 05:08:36
3222,Michael Stevens,2024-04-04,14735,104,25,1_30D,F,18-25,2025-08-15 07:11:15
3223,Tammy Simmons,2023-10-16,7324,101,-1,1_30D,M,36-45,2025-08-23 00:39:38
3224,Daniel Simon,2023-09-21,8987,102,62,61_90D,M,46-55,2025-08-24 00:07:30
3225,Philip Young,2023-10-02,4281,101,24,0SANA,M,26-35,2025-08-09 00:18:52
3226,Jamie Todd,2024-05-12,9652,104,61,0SANA,M,26-35,2025-08-27 06:30:21
3227,Terri Kelly,2025-06-13,9888,104,83,1_30D,F,18-25,2025-07-31 08:36:28
3228,John Taylor,2023-12-24,2557,103,64,1_30D,M,46-55,2025-08-24 09:13:10
3229,Chelsea Nelson,2025-07-23,13375,103,39,0SANA,M,36-45,2025-08-07 06:49:33
3230,Maria Hall,2024-01-02,17734,103,29,0SANA,F,36-45,2025-08-25 20:11:01
3231,Shawn Holmes,2023-12-29,12599,104,89,61_90D,F,36-45,2025-08-10 03:26:01
3232,Leslie Dawson,2023-12-20,11899,101,56,61_90D,F,56+,2025-09-01 19:50:22
3233,Jacob Rodriguez,2025-05-01,16378,102,2,61_90D,M,18-25,2025-08-14 01:07:15
3234,Karen Spencer,2024-02-10,11388,104,11,31_60D,M,26-35,2025-08-31 08:42:16
3235,Joseph Nguyen,2023-10-11,9923,104,29,0SANA,M,18-25,2025-08-31 03:54:59
3236,Edward Wilson,2024-02-02,2856,104,74,0SANA,M,46-55,2025-08-18 10:33:43
3237,Jessica Richardson,2024-12-26,4193,103,75,31_60D,M,46-55,2025-08-10 20:56:10
3238,William Anderson,2023-09-13,19726,102,94,0SANA,F,56+,2025-08-21 17:31:54
3239,John Brown,2023-12-19,5054,101,35,0SANA,F,26-35,2025-08-19 04:33:55
3240,Melissa Perry,2024-03-31,3518,102,30,0SANA,M,18-25,2025-08-21 01:35:55
3241,Dean Miller,2024-10-17,12815,101,23,1_30D,F,18-25,2025-08-17 09:05:15
3242,Michael Collins,2025-02-27,849,105,74,31_60D,M,46-55,2025-08-01 08:54:29
3243,Hunter Henson,2024-11-06,13671,103,3,31_60D,F,46-55,2025-07-28 21:12:41
3244,Robin Bradshaw,2024-05-13,7627,101,63,61_90D,F,56+,2025-08-21 07:33:18
3245,Michelle Sellers,2023-08-30,13084,102,3,0SANA,F,36-45,2025-07-31 10:23:47
3246,Carolyn Key,2023-10-11,8669,104,19,31_60D,M,46-55,2025-09-05 06:19:57
3247,Cristina Price,2025-07-15,14816,101,93,31_60D,F,18-25,2025-08-06 05:51:05
3248,Christina Brown,2024-07-31,10830,105,5,0SANA,F,36-45,2025-08-17 17:21:43
3249,Kelly Park,2024-11-02,11031,103,67,0SANA,F,56+,2025-09-03 09:49:04
3250,Donna Doyle,2025-01-08,6290,102,82,0SANA,F,46-55,2025-08-13 15:04:36
3251,Dawn Jones,2024-10-10,7534,104,67,0SANA,M,56+,2025-08-22 08:46:35
3252,Jessica Gordon,2025-07-29,11753,101,7,0SANA,F,18-25,2025-08-07 06:15:00
3253,Michael Hansen,2025-08-24,14308,102,44,0SANA,M,46-55,2025-07-29 07:56:01
3254,Mary Richardson,2023-11-19,9335,104,97,31_60D,F,56+,2025-08-23 04:49:31
3255,Heather Perez,2025-08-13,11086,103,80,0SANA,M,56+,2025-08-16 17:46:10
3256,Julie Wise,2025-02-27,12428,101,81,0SANA,F,36-45,2025-08-29 09:20:27
3257,Lauren Cruz,2024-03-15,5534,103,94,31_60D,F,46-55,2025-09-01 09:20:04
3258,Cynthia Marquez,2025-05-15,13259,104,27,0SANA,M,56+,2025-08-29 21:16:09
3259,Tiffany Hatfield,2024-02-19,18141,103,35,0SANA,F,26-35,2025-08-02 00:17:26
3260,Melinda Warner,2025-08-25,10781,105,57,0SANA,M,56+,2025-08-29 12:04:56
3261,Thomas Castro,2025-05-20,19601,101,58,1_30D,M,26-35,2025-08-17 07:26:12
3262,Daniel Wells,2024-10-07,15346,105,2,1_30D,M,56+,2025-09-02 23:20:59
3263,Sharon Bond,2024-12-10,19178,101,91,0SANA,F,26-35,2025-08-19 06:52:45
3264,Michael Perez,2024-12-22,2886,104,90,31_60D,M,18-25,2025-08-06 16:40:40
3265,Crystal Huff,2024-09-22,13666,102,48,1_30D,F,56+,2025-08-25 13:31:09
3266,Amy Pratt,2025-03-13,5824,103,93,1_30D,M,36-45,2025-08-31 18:59:33
3267,Kimberly Newton,2024-08-21,17194,103,27,0SANA,F,46-55,2025-08-17 14:01:25
3268,Joseph Conner,2025-03-05,7412,104,5,61_90D,M,36-45,2025-08-02 09:49:30
3269,Denise Smith,2025-07-27,13307,104,52,0SANA,M,26-35,2025-08-12 08:11:04
3270,James Martin,2024-08-30,13946,105,42,0SANA,F,26-35,2025-08-15 09:36:50
3271,Katherine Carter,2024-06-14,15859,105,94,0SANA,M,56+,2025-08-07 10:20:16
3272,Jon Potts,2025-02-10,7035,102,12,0SANA,M,36-45,2025-08-16 20:28:20
3273,Justin Rice Jr.,2025-05-23,18081,103,88,1_30D,F,56+,2025-08-07 12:08:19
3274,Eric Parks,2023-12-21,4724,102,36,31_60D,F,18-25,2025-08-19 03:23:02
3275,Michelle Bullock,2025-03-29,17973,102,72,0SANA,M,46-55,2025-08-30 18:28:06
3276,Brianna Tran,2024-12-02,10321,104,75,0SANA,M,56+,2025-08-18 09:15:38
3277,Carolyn Black,2023-12-28,10158,104,53,1_30D,F,36-45,2025-07-28 02:58:02
3278,Hannah Hayden,2023-09-07,16855,101,28,31_60D,M,18-25,2025-08-17 03:56:20
3279,Donald Jordan,2023-12-26,17830,105,78,31_60D,M,36-45,2025-08-04 01:52:40
3280,Brian Gonzales,2023-10-10,17848,104,98,1_30D,F,26-35,2025-08-01 08:37:56
3281,Alexandria Smith DDS,2024-04-25,4337,101,83,31_60D,M,46-55,2025-08-19 11:29:00
3282,Diana Bennett,2025-02-25,3717,104,62,0SANA,M,46-55,2025-08-26 17:54:37
3283,Mr. Eric Jackson,2025-01-21,6305,105,66,31_60D,F,18-25,2025-08-05 13:29:55
3284,Lindsay Francis,2023-12-06,5122,104,7,0SANA,M,36-45,2025-08-13 09:22:50
3285,Stacy Davis,2024-04-24,10251,105,-5,1_30D,F,56+,2025-08-13 07:02:00
3286,Danny Barker,2024-06-03,14356,104,71,0SANA,F,36-45,2025-08-26 00:59:16
3287,Patricia Taylor,2024-02-12,5155,101,44,0SANA,M,18-25,2025-08-17 17:19:52
3288,Elizabeth Cummings,2025-04-13,17745,104,66,31_60D,F,36-45,2025-09-05 07:44:19
3289,Melissa Hubbard,2024-08-13,8060,105,46,0SANA,F,18-25,2025-08-08 12:13:33
3290,Hector Smith,2023-10-17,15634,104,6,0SANA,M,36-45,2025-08-12 11:09:35
3291,Sheila Shelton,2024-06-17,4659,105,37,61_90D,F,18-25,2025-08-14 22:32:27
3292,Matthew Ellis,2023-10-17,14770,105,49,0SANA,F,46-55,2025-08-20 18:33:28
3293,Tommy Barnett,2024-08-19,6379,101,49,61_90D,F,26-35,2025-08-29 13:09:13
3294,Laura Fuller,2024-06-04,1044,103,82,0SANA,F,56+,2025-08-06 14:51:18
3295,Jason Rush,2025-03-29,17494,101,62,31_60D,F,26-35,2025-09-01 12:29:22
3296,Shannon Gonzalez,2024-06-27,5466,105,41,0SANA,M,56+,2025-08-23 20:15:22
3297,Rachel Peterson,2025-02-15,4988,102,81,31_60D,F,18-25,2025-09-04 09:29:19
3298,Christina Johnson,2024-06-26,8440,105,85,0SANA,M,56+,2025-09-03 19:54:36
3299,Edward Brown,2024-02-15,14704,105,92,0SANA,M,36-45,2025-08-09 15:19:59
3300,Joseph Wise,2025-02-10,5212,102,55,0SANA,F,18-25,2025-08-24 05:33:29
3301,Joel Jordan,2024-06-03,15890,102,60,1_30D,M,46-55,2025-08-08 07:27:25
3302,Troy Horne,2025-03-19,4833,104,67,61_90D,M,56+,2025-08-26 06:21:07
3303,Jerry Gibbs,2025-01-06,670,103,-1,0SANA,M,46-55,2025-08-10 21:03:41
3304,Sergio Mueller,2024-04-05,6548,105,75,0SANA,M,56+,2025-09-03 16:05:17
3305,Nathan Baker,2025-05-19,10742,102,5,0SANA,M,36-45,2025-08-20 02:14:27
3306,Alexander Gonzalez,2024-02-09,3371,103,42,1_30D,F,18-25,2025-07-31 13:42:43
3307,Victoria Griffith,2024-05-02,2472,105,30,61_90D,M,56+,2025-08-13 03:12:07
3308,Jennifer Murphy,2024-06-14,9652,103,56,31_60D,F,36-45,2025-08-20 16:59:48
3309,Matthew Parks,2023-09-03,4971,105,47,0SANA,M,36-45,2025-08-31 07:08:48
3310,Anna Bush,2024-03-11,6786,105,78,61_90D,M,18-25,2025-08-26 11:17:23
3311,Michael Anderson,2025-06-10,1399,103,97,0SANA,F,36-45,2025-08-27 00:39:07
3312,Christy White,2025-03-04,13375,102,37,31_60D,M,18-25,2025-08-22 16:10:16
3313,Matthew Richard,2024-05-05,17353,104,57,1_30D,M,36-45,2025-08-04 09:01:56
3314,Michael Moore,2024-10-02,10388,105,8,1_30D,F,36-45,2025-08-21 08:00:10
3315,Gabriel Cooper,2025-07-15,18546,101,37,0SANA,M,56+,2025-08-05 12:33:58
3316,Darrell Brown,2025-02-23,7388,105,49,1_30D,M,26-35,2025-08-03 00:54:59
3317,Courtney Hernandez,2024-11-30,10696,102,8,0SANA,M,56+,2025-08-18 22:22:19
3318,William Meadows,2025-06-15,14831,105,70,0SANA,M,18-25,2025-08-30 00:43:07
3319,Jordan Vazquez,2024-07-25,18338,104,70,31_60D,F,26-35,2025-08-13 17:27:13
3320,Jonathan Petty,2025-07-17,14028,101,3,1_30D,F,26-35,2025-08-31 10:15:25
3321,Donald Lucas,2024-05-10,4164,104,-2,0SANA,M,36-45,2025-09-04 22:14:44
3322,Richard Mills,2025-01-15,14302,103,-3,31_60D,F,26-35,2025-08-09 03:39:15
3323,Jennifer Sandoval,2023-10-10,14779,103,96,0SANA,M,46-55,2025-08-29 16:55:31
3324,Philip Rodriguez,2024-07-16,8091,104,-4,0SANA,M,46-55,2025-08-18 17:46:26
3325,Audrey Barrera,2024-03-04,19046,101,92,0SANA,M,56+,2025-08-31 22:45:44
3326,Daniel Villegas,2024-08-01,8342,103,27,31_60D,F,18-25,2025-09-03 13:36:46
3327,Bianca Sheppard,2024-01-02,15822,102,78,1_30D,M,46-55,2025-09-03 09:41:40
3328,Christopher Reyes,2024-01-17,6797,101,8,0SANA,F,46-55,2025-08-04 15:01:21
3329,Ann Richards,2024-02-09,5367,105,33,0SANA,M,46-55,2025-08-15 20:21:51
3330,Andrew Garrett,2025-03-24,3615,102,36,0SANA,M,46-55,2025-07-30 02:12:21
3331,Daniel Johnson,2024-12-14,18844,104,39,1_30D,F,46-55,2025-08-05 06:49:04
3332,Michelle Fox,2024-04-13,16373,102,71,1_30D,F,26-35,2025-08-02 16:13:44
3333,Barbara Yoder,2024-03-24,7076,101,18,31_60D,M,36-45,2025-09-05 22:40:45
3334,Maria Peterson,2024-10-02,14397,104,69,1_30D,F,26-35,2025-08-30 17:03:42
3335,Emily Phillips,2024-08-08,18100,101,90,1_30D,F,56+,2025-07-28 19:57:52
3336,Mrs. Morgan Robinson DDS,2025-08-05,12559,103,39,61_90D,F,36-45,2025-09-02 19:08:55
3337,Thomas Murphy,2023-10-28,9473,105,-1,61_90D,F,56+,2025-08-25 14:36:19
3338,Christopher Garcia,2025-08-23,15298,103,40,31_60D,M,46-55,2025-09-03 00:07:05
3339,Alexis Torres,2025-05-31,12299,104,13,0SANA,F,18-25,2025-07-30 05:54:11
3340,Rodney Richards,2024-06-03,14519,102,8,61_90D,M,36-45,2025-08-31 13:49:08
3341,Debbie Zamora,2024-01-23,4241,101,89,31_60D,M,56+,2025-08-02 15:37:09
3342,Sheila Walters,2024-09-12,13850,104,50,31_60D,F,46-55,2025-08-11 04:58:06
3343,Chad Murray,2023-09-14,10022,102,49,31_60D,F,36-45,2025-08-29 05:34:24
3344,Jessica Lara,2024-11-13,594,102,18,61_90D,M,36-45,2025-08-27 10:14:28
3345,Jason Spence,2023-10-26,11523,105,74,31_60D,M,46-55,2025-08-21 18:26:52
3346,Christina King,2025-04-18,15660,103,25,1_30D,F,46-55,2025-07-30 16:23:40
3347,Rhonda Werner,2024-10-18,14529,103,8,61_90D,M,18-25,2025-08-19 23:41:36
3348,Charles Brown,2025-04-06,10148,105,82,1_30D,M,36-45,2025-08-04 07:27:37
3349,Joshua Vasquez,2025-03-02,9947,105,6,0SANA,M,26-35,2025-09-01 20:27:00
3350,Kelly Riley,2024-05-12,11327,103,51,1_30D,M,46-55,2025-08-12 13:42:33
3351,James Jenkins,2025-03-25,4767,102,90,61_90D,F,18-25,2025-08-20 22:24:43
3352,Theodore Peters,2023-10-25,12706,104,9,31_60D,M,56+,2025-07-30 03:08:56
3353,Tanya King,2025-06-12,13735,105,86,0SANA,F,36-45,2025-08-07 16:41:48
3354,Mrs. Alyssa Phillips DVM,2023-08-28,2642,101,7,0SANA,M,46-55,2025-08-07 02:58:22
3355,Keith Summers,2025-02-03,13919,103,39,31_60D,M,18-25,2025-09-04 11:37:16
3356,Kristine Harris,2024-12-11,564,103,2,31_60D,F,26-35,2025-08-15 15:48:16
3357,Caitlin Smith,2025-02-04,8209,102,86,61_90D,F,36-45,2025-08-31 07:15:54
3358,Virginia Parks,2025-07-30,12684,104,37,0SANA,M,36-45,2025-08-26 07:35:27
3359,Katherine Snyder,2023-10-06,4227,101,74,61_90D,M,26-35,2025-08-19 20:19:20
3360,Tiffany Smith,2025-07-07,15976,102,67,31_60D,F,18-25,2025-08-17 05:01:37
3361,Danielle White,2025-08-11,17063,103,2,1_30D,M,36-45,2025-08-20 13:00:34
3362,Kyle Wells,2024-06-07,2793,103,89,0SANA,M,26-35,2025-08-07 12:34:46
3363,Jacob Vaughn,2025-02-23,10476,102,11,61_90D,M,18-25,2025-07-28 05:55:01
3364,Sarah Gonzalez,2024-04-08,10550,101,36,61_90D,F,46-55,2025-08-18 03:08:22
3365,Brian Robinson,2024-06-11,7144,104,-5,0SANA,F,26-35,2025-08-17 08:37:04
3366,Christian Williams,2024-08-31,11604,104,59,31_60D,F,26-35,2025-09-03 00:12:09
3367,Jacqueline Moore,2024-10-12,6108,105,52,61_90D,F,26-35,2025-08-16 17:24:16
3368,Mark Sherman,2024-08-13,17283,101,68,31_60D,M,26-35,2025-09-05 19:18:58
3369,Ashley Pugh,2023-11-25,14166,102,-2,0SANA,F,18-25,2025-07-31 00:20:41
3370,Jacob Mckinney,2025-02-15,18053,105,37,0SANA,F,36-45,2025-09-05 02:34:09
3371,Michael Zamora,2023-12-05,16812,105,68,0SANA,F,36-45,2025-08-04 15:42:14
3372,Kyle Chang,2024-04-04,11067,104,-3,0SANA,F,18-25,2025-07-31 19:08:32
3373,Sarah Arnold,2024-01-12,11827,104,57,1_30D,M,18-25,2025-08-13 09:25:18
3374,Richard Rangel,2024-04-28,14047,103,4,1_30D,F,18-25,2025-08-04 08:31:30
3375,Latasha Russell,2024-07-24,10687,105,47,0SANA,M,18-25,2025-08-16 14:51:07
3376,Curtis Ho,2024-08-12,2675,105,91,31_60D,F,46-55,2025-08-09 01:42:02
3377,Dr. Timothy Harvey,2024-10-24,9965,102,54,0SANA,M,56+,2025-08-30 10:08:47
3378,Christopher Ward,2024-09-24,19843,105,70,1_30D,M,46-55,2025-08-11 20:59:55
3379,Scott Stanton,2025-03-20,18707,105,81,0SANA,F,56+,2025-08-21 12:07:25
3380,Ashley Williamson,2024-05-27,10300,103,55,0SANA,F,26-35,2025-08-09 01:11:31
3381,Lacey Todd,2024-08-31,1837,101,84,0SANA,F,36-45,2025-08-28 23:16:22
3382,Daniel Carr,2025-01-03,15128,105,16,61_90D,F,36-45,2025-08-28 05:46:47
3383,Timothy Spears,2024-11-29,2414,104,11,0SANA,F,18-25,2025-07-29 07:05:05
3384,Norman James,2024-01-22,17337,103,74,1_30D,F,56+,2025-08-27 09:54:55
3385,Albert Weaver,2025-07-08,4619,102,7,1_30D,F,18-25,2025-09-05 00:28:00
3386,Heather Walker,2025-06-16,5368,102,36,0SANA,M,26-35,2025-08-15 23:59:07
3387,John Mcbride,2024-04-15,19921,104,30,31_60D,M,56+,2025-09-05 14:11:15
3388,Robert Carr,2024-12-17,3959,101,13,0SANA,F,36-45,2025-08-04 07:02:56
3389,Nicholas Anderson,2024-02-13,19740,104,53,31_60D,M,56+,2025-08-10 06:37:16
3390,Earl James,2024-01-12,14156,105,70,0SANA,F,26-35,2025-07-31 22:55:14
3391,Carolyn Parrish,2024-10-06,8606,103,17,0SANA,M,26-35,2025-08-04 18:29:43
3392,Barbara Brown,2025-04-02,15130,104,45,1_30D,M,56+,2025-08-05 03:58:07
3393,Theresa Montgomery,2024-12-14,1580,103,50,1_30D,M,36-45,2025-08-15 05:17:23
3394,Bryan Montes,2024-11-01,11250,105,2,0SANA,F,26-35,2025-07-31 11:16:32
3395,Marcus Ryan,2024-11-10,9179,103,54,31_60D,F,46-55,2025-09-03 04:22:08
3396,Randy Henderson,2023-12-04,6931,105,34,0SANA,M,36-45,2025-09-03 06:44:28
3397,Marcus Rodriguez,2025-01-08,15430,103,-2,0SANA,M,56+,2025-08-04 02:37:42
3398,Briana Ortiz DDS,2023-12-01,3528,101,30,0SANA,F,46-55,2025-09-02 20:14:36
3399,Matthew Griffith,2024-03-14,3344,102,10,61_90D,M,26-35,2025-07-30 05:51:08
3400,Emily Tate,2023-08-30,6558,102,44,0SANA,M,26-35,2025-08-14 06:47:14
3401,Kathy Moss,2024-12-14,15732,105,93,1_30D,F,26-35,2025-08-10 10:21:50
3402,Stephanie Smith,2024-12-23,12490,103,83,1_30D,M,56+,2025-08-02 20:14:25
3403,Wendy Curtis,2024-12-01,4901,101,46,0SANA,F,36-45,2025-08-11 18:18:05
3404,Cassandra Ward,2024-04-25,2829,102,33,0SANA,F,46-55,2025-08-17 08:09:19
3405,Keith Cooper,2023-10-06,14272,105,36,0SANA,M,56+,2025-09-03 20:37:46
3406,John Cantu,2023-09-24,19416,102,98,0SANA,F,18-25,2025-08-01 02:37:47
3407,Jessica Lewis,2023-12-13,17980,103,51,61_90D,M,18-25,2025-08-08 14:32:06
3408,Kirsten Carr,2024-11-13,14271,103,45,0SANA,F,18-25,2025-08-27 21:25:48
3409,Timothy Donovan,2024-11-16,7591,103,80,0SANA,F,46-55,2025-07-27 23:13:04
3410,Joshua Young,2025-01-27,10983,101,13,1_30D,F,56+,2025-08-02 03:48:29
3411,Christopher Williamson,2024-09-02,696,104,5,1_30D,F,56+,2025-08-28 12:59:49
3412,Julie Bowers,2023-12-27,11858,104,78,31_60D,F,56+,2025-08-04 15:10:18
3413,Jennifer Frazier,2024-09-13,9105,104,91,0SANA,F,18-25,2025-08-01 15:25:59
3414,Dean Holloway MD,2025-03-09,19586,105,76,1_30D,M,56+,2025-08-02 04:07:24
3415,William Warren,2023-12-12,16817,102,24,31_60D,M,56+,2025-08-11 15:04:45
3416,William White,2024-06-09,16734,105,68,0SANA,F,46-55,2025-08-27 09:46:15
3417,Joshua Mora,2025-02-27,3120,103,49,31_60D,M,18-25,2025-09-03 09:41:43
3418,Keith Williams,2024-12-10,5767,101,46,1_30D,F,36-45,2025-09-03 02:55:01
3419,Samuel Martinez,2025-04-02,6797,102,2,61_90D,F,26-35,2025-07-31 20:39:48
3420,Leon Hanson,2025-04-23,5269,102,90,31_60D,F,36-45,2025-08-15 13:52:42
3421,Peter Aguilar,2024-09-06,5324,103,40,1_30D,M,26-35,2025-08-30 09:28:48
3422,Heather Turner,2024-09-26,19380,103,61,0SANA,F,26-35,2025-08-27 07:56:50
3423,Courtney Collins,2023-12-27,18370,105,40,0SANA,F,26-35,2025-08-31 07:23:57
3424,Brent Bates,2025-06-27,12486,101,85,61_90D,F,36-45,2025-08-08 12:34:55
3425,Anthony Dodson,2023-09-12,17171,102,31,0SANA,M,36-45,2025-08-14 08:49:44
3426,Megan Reyes,2025-02-18,17743,102,74,0SANA,F,56+,2025-08-31 00:43:32
3427,Janet Williams,2024-10-25,5544,105,77,0SANA,F,26-35,2025-07-30 03:24:05
3428,Michael Marshall,2025-07-24,14534,104,62,0SANA,F,26-35,2025-07-31 15:58:44
3429,Pamela Mayo,2024-04-03,505,103,93,31_60D,F,18-25,2025-07-30 12:45:10
3430,Mr. David Miller MD,2024-03-14,17744,103,4,0SANA,M,56+,2025-08-13 13:02:06
3431,Aaron Thornton,2023-10-12,12728,103,64,1_30D,M,18-25,2025-08-11 02:20:24
3432,Richard Williams,2024-12-10,14771,101,92,31_60D,F,46-55,2025-08-18 06:38:34
3433,Chris Stevens,2024-09-25,1373,105,22,0SANA,M,56+,2025-08-14 15:30:46
3434,Stephen Lewis,2025-03-14,15545,105,24,1_30D,M,36-45,2025-09-03 23:00:58
3435,Matthew Rush,2025-06-27,11875,105,76,31_60D,M,18-25,2025-09-02 01:29:34
3436,Karen Morales,2025-04-27,1409,105,25,1_30D,F,56+,2025-08-10 09:36:03
3437,Austin Young,2025-06-28,7757,103,15,0SANA,M,36-45,2025-07-29 16:42:50
3438,Jamie Abbott,2023-10-13,14821,102,23,0SANA,M,36-45,2025-08-13 10:24:56
3439,Joseph Williamson,2024-08-16,17417,101,81,1_30D,M,18-25,2025-08-29 03:52:44
3440,Claire Sanchez,2025-08-10,14077,102,62,1_30D,M,36-45,2025-08-07 13:24:34
3441,Jodi Carter,2023-11-29,9953,103,90,1_30D,F,18-25,2025-07-30 11:14:58
3442,Charles Ruiz,2024-03-14,17743,105,84,0SANA,F,18-25,2025-09-03 07:44:47
3443,Kyle Oliver,2024-01-08,14200,105,-4,61_90D,F,26-35,2025-08-29 01:05:24
3444,Justin Flores DVM,2024-05-26,11710,102,60,0SANA,F,46-55,2025-08-27 21:57:09
3445,Kenneth Cortez,2023-11-23,18312,105,26,61_90D,M,56+,2025-08-14 06:32:04
3446,Jerome Lee,2024-01-18,4716,104,0,0SANA,F,26-35,2025-08-14 06:53:26
3447,Melissa Ward,2023-11-07,11574,103,17,31_60D,F,18-25,2025-08-23 19:44:49
3448,Pam Moss,2025-02-25,11245,105,71,0SANA,F,46-55,2025-08-03 09:16:12
3449,Rachel Smith,2024-04-25,8785,104,-3,1_30D,M,26-35,2025-08-10 04:29:46
3450,Amy Mccarthy,2025-03-02,5231,101,78,0SANA,M,36-45,2025-08-24 06:11:41
3451,Amy Harvey,2024-05-06,5745,105,31,0SANA,F,56+,2025-08-04 22:29:18
3452,Mitchell Chang,2024-12-29,895,105,2,0SANA,F,18-25,2025-08-29 01:45:37
3453,William Davis,2024-08-01,14721,103,8,0SANA,F,36-45,2025-08-03 20:05:53
3454,Holly Erickson,2025-01-01,15996,101,30,31_60D,F,18-25,2025-08-23 23:20:34
3455,Matthew Wood,2023-10-30,15141,101,75,31_60D,M,36-45,2025-08-07 21:37:00
3456,Allison Jackson,2025-05-31,14929,103,35,61_90D,F,26-35,2025-08-24 15:19:49
3457,Rebecca Gonzalez,2024-10-04,4321,104,-1,0SANA,M,56+,2025-08-11 11:28:30
3458,Joseph Patterson,2023-11-21,14833,102,58,61_90D,F,36-45,2025-09-03 15:19:04
3459,Brandi Murray,2024-11-23,13898,104,15,61_90D,M,56+,2025-08-28 12:55:50
3460,Robin Davis,2024-11-28,9093,101,68,1_30D,F,46-55,2025-08-04 05:34:40
3461,Austin Branch,2024-02-18,3583,103,98,61_90D,M,18-25,2025-08-20 10:43:56
3462,Linda Davis,2025-02-08,18379,104,31,1_30D,F,56+,2025-08-25 06:30:53
3463,Dorothy Thompson,2025-01-31,2061,103,31,1_30D,M,36-45,2025-08-04 21:35:12
3464,Carolyn Carroll,2023-09-24,7158,105,40,1_30D,F,46-55,2025-09-03 02:02:10
3465,James Collins,2024-04-24,10567,105,74,1_30D,M,36-45,2025-08-20 17:41:04
3466,Reginald Jackson,2023-12-03,2146,104,58,31_60D,M,26-35,2025-08-14 01:40:33
3467,Karen Tucker,2023-10-18,13618,105,41,31_60D,F,18-25,2025-08-21 21:24:53
3468,Virginia Terrell,2023-12-31,6637,102,74,0SANA,F,18-25,2025-08-11 02:56:40
3469,Timothy Conner,2024-06-15,19568,103,7,31_60D,F,46-55,2025-08-10 02:07:19
3470,Jeffrey Munoz,2023-09-14,16593,101,74,61_90D,M,36-45,2025-08-12 17:30:46
3471,Deborah Brady,2024-04-07,6336,102,94,0SANA,M,56+,2025-08-12 23:49:41
3472,Justin Romero,2024-11-20,3751,101,17,1_30D,M,36-45,2025-07-31 17:30:56
3473,Lindsay Spencer,2024-12-01,11759,102,-3,0SANA,M,46-55,2025-08-24 15:39:36
3474,Victoria Jones,2024-01-21,16526,102,2,31_60D,F,26-35,2025-08-10 19:58:47
3475,Douglas Marshall,2025-03-26,9778,105,58,0SANA,M,36-45,2025-09-05 13:55:01
3476,James Jenkins Jr.,2023-12-30,873,103,92,61_90D,M,46-55,2025-08-23 08:53:09
3477,Scott Wolf,2025-05-11,6372,104,39,0SANA,M,46-55,2025-08-24 15:14:07
3478,Gloria Johns,2025-01-25,9755,101,34,31_60D,F,18-25,2025-07-31 20:53:40
3479,Samantha Singh,2024-05-24,7649,105,-2,0SANA,M,46-55,2025-08-18 13:15:12
3480,Brittany Johnson,2024-12-25,1804,102,24,1_30D,F,26-35,2025-08-05 13:39:37
3481,Paula Martinez,2023-10-02,4471,101,75,31_60D,F,36-45,2025-09-03 19:18:36
3482,Jeff Carrillo,2023-12-03,14836,102,83,0SANA,F,46-55,2025-08-25 07:00:41
3483,Kyle Kelly,2024-12-24,13968,105,21,0SANA,M,46-55,2025-08-12 16:08:21
3484,Mr. Christopher Lopez,2024-02-22,13249,101,67,0SANA,M,18-25,2025-09-05 21:05:03
3485,Traci Clayton,2025-04-27,1513,104,89,61_90D,F,46-55,2025-08-31 13:43:13
3486,Melinda Graves,2025-01-20,8350,101,21,61_90D,M,18-25,2025-09-02 06:53:54
3487,Angel Garza,2024-06-21,7819,104,9,31_60D,M,26-35,2025-08-14 08:16:48
3488,Derek Scott,2024-04-11,8708,105,18,0SANA,M,18-25,2025-08-20 05:54:41
3489,Jason Ortega,2024-08-12,7650,104,3,1_30D,F,36-45,2025-08-31 03:11:44
3490,Justin Gomez MD,2024-11-23,12322,104,88,31_60D,F,46-55,2025-08-03 21:04:21
3491,Michael Vargas MD,2024-05-20,18102,102,20,61_90D,M,36-45,2025-08-29 15:43:34
3492,Shawn Gonzalez,2023-12-28,9324,103,7,0SANA,M,46-55,2025-08-27 15:56:58
3493,Michelle West,2025-06-17,11368,105,49,31_60D,M,18-25,2025-08-04 19:39:08
3494,Timothy Perez,2024-04-20,11482,104,23,0SANA,F,26-35,2025-08-06 21:55:30
3495,Todd Brady,2023-10-09,16757,103,43,0SANA,F,36-45,2025-08-28 01:23:03
3496,Meghan Walter,2024-02-11,2968,101,40,0SANA,F,26-35,2025-07-31 00:40:15
3497,James Gonzalez,2025-07-18,11603,101,12,61_90D,M,18-25,2025-08-22 07:28:15
3498,Cheryl Smith,2025-06-10,9492,101,28,0SANA,M,56+,2025-08-08 01:51:28
3499,Ryan Reed,2024-04-16,9792,105,63,0SANA,F,36-45,2025-08-24 03:22:35
3500,Jennifer Rodgers,2024-04-26,2995,102,3,0SANA,M,26-35,2025-08-25 21:30:59
3501,John Buchanan,2024-05-18,13074,102,21,0SANA,M,26-35,2025-07-28 03:57:00
3502,Terrence Hamilton,2024-10-07,11142,104,7,31_60D,F,18-25,2025-08-14 04:30:24
3503,Charles Young,2023-11-27,18759,105,42,61_90D,F,18-25,2025-08-13 09:44:56
3504,James Martin,2023-09-18,2610,105,3,0SANA,M,46-55,2025-08-15 16:15:56
3505,Derek Hughes,2024-10-02,12635,101,38,0SANA,M,18-25,2025-08-16 20:08:00
3506,David Pierce,2025-04-16,16662,103,37,1_30D,M,46-55,2025-08-12 14:49:39
3507,Ronald Lee,2025-06-04,2034,103,50,0SANA,F,36-45,2025-08-31 08:46:45
3508,Melinda Curry,2025-08-11,14181,101,6,1_30D,F,56+,2025-07-31 13:07:16
3509,Tiffany Cabrera,2025-04-05,9096,103,4,0SANA,M,56+,2025-09-02 12:51:18
3510,Ernest Ortiz,2024-05-09,11215,105,85,61_90D,M,36-45,2025-08-27 16:13:44
3511,Matthew Townsend,2023-10-05,10696,105,13,0SANA,M,26-35,2025-09-01 19:42:49
3512,Steven Olsen,2025-02-02,2252,104,68,0SANA,M,56+,2025-09-01 23:27:01
3513,Alexander Roberts,2025-06-15,15710,105,77,0SANA,F,18-25,2025-08-19 11:07:41
3514,Cathy Hughes,2025-07-15,16739,103,98,0SANA,M,18-25,2025-09-05 02:01:46
3515,Adam Knapp,2025-05-03,12475,104,74,61_90D,M,26-35,2025-08-25 07:45:37
3516,Melinda Williams,2024-12-11,19837,103,42,1_30D,M,18-25,2025-07-31 16:35:35
3517,James Nolan,2024-11-22,17356,101,-5,0SANA,M,36-45,2025-08-28 19:56:36
3518,Robert Taylor,2023-11-13,12638,104,38,1_30D,F,18-25,2025-08-02 08:44:30
3519,David Schmidt,2024-01-10,7071,103,62,0SANA,M,26-35,2025-08-10 07:28:17
3520,Brian Jackson,2025-03-04,780,104,48,1_30D,F,46-55,2025-09-05 20:25:11
3521,Valerie Miller,2024-05-27,14859,105,45,0SANA,F,46-55,2025-08-20 08:44:11
3522,Evan Osborn,2024-08-03,4661,104,18,0SANA,F,56+,2025-08-08 18:13:05
3523,Ian Klein,2025-05-24,13525,102,43,0SANA,F,46-55,2025-08-08 20:17:16
3524,Dale Valenzuela,2025-02-17,5624,105,87,31_60D,F,36-45,2025-09-03 22:50:41
3525,Anthony Douglas,2025-07-02,15156,103,17,0SANA,M,46-55,2025-08-02 03:10:13
3526,Craig Smith,2024-11-24,14336,101,86,0SANA,M,26-35,2025-08-27 03:12:29
3527,Angela Wilson,2024-03-16,16138,102,94,1_30D,F,18-25,2025-08-30 18:53:37
3528,Jennifer Wilson,2024-07-24,12189,102,67,0SANA,F,26-35,2025-08-27 10:04:23
3529,Jose Ramos,2023-10-01,5815,101,85,0SANA,F,26-35,2025-08-19 14:59:08
3530,Jennifer George,2024-03-03,11341,105,37,1_30D,M,56+,2025-08-20 00:58:32
3531,David Thomas,2024-05-21,3451,103,48,0SANA,M,18-25,2025-08-08 21:40:51
3532,Robert Hernandez,2024-09-16,17045,105,46,61_90D,M,56+,2025-08-13 12:53:49
3533,Abigail Stuart,2023-09-02,18492,105,3,31_60D,F,18-25,2025-08-23 09:32:03
3534,Michelle Ali,2023-09-23,17144,103,59,1_30D,M,46-55,2025-08-16 04:12:33
3535,Jason Hunt,2024-02-17,2066,104,16,0SANA,M,56+,2025-07-30 16:24:51
3536,Eric Williams,2025-06-02,17570,104,45,0SANA,F,46-55,2025-08-15 20:14:24
3537,Mrs. Mary Manning MD,2023-11-21,2006,103,94,0SANA,F,26-35,2025-07-28 18:29:30
3538,Andrew Taylor,2024-10-07,14039,104,8,61_90D,M,36-45,2025-08-18 13:31:52
3539,Leah Ortiz,2024-09-27,17259,102,91,31_60D,F,36-45,2025-08-18 01:58:49
3540,Alicia Wolfe,2025-01-23,14185,105,69,31_60D,F,36-45,2025-07-30 15:42:27
3541,Valerie Campbell,2025-04-01,11807,101,51,1_30D,M,46-55,2025-08-13 21:01:12
3542,Michele Mclean MD,2024-07-08,7959,101,44,0SANA,F,18-25,2025-09-02 11:11:50
3543,Timothy Jackson,2024-07-21,1598,105,67,0SANA,M,18-25,2025-08-19 02:09:58
3544,Dustin West,2025-01-07,10378,104,1,0SANA,M,56+,2025-08-10 08:35:14
3545,William Lopez,2025-04-18,19423,103,68,0SANA,F,36-45,2025-07-31 16:04:45
3546,Amanda Price,2024-03-15,14691,105,55,61_90D,M,46-55,2025-08-03 02:10:08
3547,Yolanda Trujillo,2025-08-06,9236,105,89,0SANA,M,26-35,2025-08-03 21:55:03
3548,Adam Gray,2025-05-02,17582,105,60,0SANA,M,46-55,2025-08-22 16:29:03
3549,Molly Lloyd MD,2024-02-21,1169,101,38,1_30D,F,36-45,2025-08-09 05:57:20
3550,Justin Martinez,2023-11-13,15855,103,40,31_60D,F,18-25,2025-08-23 05:32:44
3551,James Pope Jr.,2024-05-09,5092,102,99,31_60D,F,36-45,2025-08-20 13:00:50
3552,Curtis Hernandez,2023-09-27,3806,101,21,61_90D,F,26-35,2025-09-03 22:46:49
3553,Maria Espinoza,2024-06-02,8176,101,22,0SANA,F,56+,2025-08-02 19:48:28
3554,Lisa Jensen,2024-12-15,10045,102,33,0SANA,M,56+,2025-08-09 04:39:39
3555,Michael Moyer,2024-12-01,8085,102,44,61_90D,F,46-55,2025-07-30 01:37:05
3556,Robin Lee,2024-06-26,3753,103,13,0SANA,M,36-45,2025-08-02 09:49:04
3557,Eric Flores,2023-11-26,18874,101,20,1_30D,F,56+,2025-08-01 00:55:05
3558,Arthur Richardson,2024-01-24,16755,103,15,1_30D,M,36-45,2025-08-10 13:26:27
3559,Angela Mills,2024-05-03,13990,101,21,0SANA,F,36-45,2025-08-12 13:18:24
3560,Riley Henderson,2025-01-24,13885,101,39,0SANA,F,36-45,2025-08-06 09:45:10
3561,Mr. Timothy Waller MD,2023-09-16,4214,102,92,31_60D,M,46-55,2025-09-03 08:09:54
3562,Sylvia Erickson,2023-10-21,2628,101,20,31_60D,M,18-25,2025-09-01 20:34:24
3563,Miranda Meyer,2024-06-25,2455,103,74,0SANA,M,26-35,2025-08-07 08:49:25
3564,Deborah Chung,2023-10-29,9021,103,22,31_60D,M,36-45,2025-08-12 23:49:59
3565,Daniel Wilson,2024-05-04,6519,105,37,31_60D,F,46-55,2025-08-05 07:16:30
3566,Brian Smith,2025-03-25,19100,104,60,0SANA,F,56+,2025-08-11 00:19:54
3567,April Medina,2024-06-03,14840,102,25,31_60D,M,56+,2025-08-07 12:30:42
3568,Terry Armstrong,2025-03-30,522,105,20,31_60D,F,26-35,2025-09-05 09:44:11
3569,Carly Olson,2023-12-03,2229,101,88,31_60D,F,26-35,2025-09-02 03:10:40
3570,Jennifer Miller,2023-09-01,8001,101,70,31_60D,F,56+,2025-08-03 04:38:26
3571,Courtney Greene,2024-08-27,9781,102,27,61_90D,M,18-25,2025-08-21 03:01:51
3572,Lauren Martin,2024-04-01,7082,102,97,0SANA,F,46-55,2025-09-01 18:52:43
3573,Tracy Miller,2024-09-17,7451,102,47,61_90D,M,26-35,2025-08-08 16:25:32
3574,Robert Hampton,2024-09-07,18704,102,60,1_30D,M,26-35,2025-08-05 11:16:51
3575,Amy Schultz,2025-02-05,7619,101,90,61_90D,M,18-25,2025-08-22 11:06:22
3576,Nathan Armstrong,2024-02-29,8591,103,23,61_90D,F,46-55,2025-08-23 14:37:02
3577,Melanie Morris,2023-12-30,6774,105,25,1_30D,M,36-45,2025-08-10 04:43:32
3578,Brenda Graham,2024-10-08,2006,104,53,0SANA,M,18-25,2025-08-21 03:11:45
3579,Nichole Ford,2025-05-23,14620,102,10,0SANA,F,36-45,2025-08-08 04:36:44
3580,Denise Hill,2024-02-08,17805,102,90,0SANA,M,46-55,2025-07-28 20:08:40
3581,Michael Lamb,2024-07-27,17864,102,-4,0SANA,M,18-25,2025-08-26 20:10:41
3582,Jon Johnson,2023-12-18,15880,102,46,0SANA,M,36-45,2025-08-08 10:26:36
3583,Sara Anderson,2024-04-21,10412,104,32,31_60D,F,56+,2025-08-01 22:14:01
3584,Jeremy Pace,2025-08-21,552,103,62,0SANA,F,36-45,2025-08-19 02:24:38
3585,Dylan Kelly,2024-08-11,14368,105,54,61_90D,F,46-55,2025-08-14 05:59:20
3586,Danielle Santos,2025-02-10,7500,102,13,0SANA,F,56+,2025-08-13 08:56:19
3587,Angela Fletcher,2024-05-20,17283,102,7,1_30D,F,46-55,2025-08-05 08:09:42
3588,Terry Middleton,2024-04-02,10708,103,84,0SANA,M,36-45,2025-08-07 09:56:25
3589,Angelica Stein MD,2023-09-21,7597,103,82,1_30D,F,26-35,2025-08-10 10:08:32
3590,Beth Fox,2023-12-09,15608,102,22,0SANA,F,36-45,2025-07-29 00:21:50
3591,James Vargas,2023-12-12,12584,103,20,1_30D,F,36-45,2025-07-29 00:29:40
3592,Jacob Skinner,2023-10-21,7798,105,1,1_30D,M,56+,2025-08-10 04:32:16
3593,Brittany Robbins,2024-10-18,14756,101,68,0SANA,M,56+,2025-07-28 16:23:00
3594,Victoria Gross,2024-10-12,5871,104,94,31_60D,M,18-25,2025-08-31 10:49:32
3595,Michelle Bailey,2025-02-26,12874,105,87,1_30D,F,46-55,2025-07-29 00:22:51
3596,Amy Hernandez,2023-09-07,7327,101,51,1_30D,M,46-55,2025-07-29 09:14:47
3597,Rebekah Miller,2024-10-04,18654,105,5,0SANA,M,18-25,2025-09-03 18:24:58
3598,Louis Warren,2024-12-22,16017,102,26,1_30D,M,18-25,2025-08-22 05:30:08
3599,Sheila Snow,2025-01-14,6205,103,86,1_30D,F,26-35,2025-08-04 01:21:25
3600,Richard Miller,2024-08-13,19128,102,89,0SANA,M,46-55,2025-08-03 21:38:45
3601,Paige Green,2025-03-03,17916,104,59,1_30D,M,46-55,2025-08-12 14:21:48
3602,William Kent,2024-12-20,4189,101,4,0SANA,F,36-45,2025-07-29 23:10:10
3603,Darryl Larsen,2024-01-07,560,101,3,31_60D,M,18-25,2025-09-04 06:04:18
3604,Thomas Quinn,2024-04-26,1687,101,57,31_60D,M,36-45,2025-08-06 10:15:44
3605,Renee Lawson,2024-07-18,13324,102,33,1_30D,F,18-25,2025-08-15 19:45:24
3606,Nancy Perez,2024-06-13,8608,104,54,1_30D,F,56+,2025-08-06 22:51:05
3607,Victoria Soto,2025-04-26,19726,103,90,0SANA,M,56+,2025-08-28 23:34:23
3608,Scott Rivera,2023-09-25,12135,105,45,0SANA,M,46-55,2025-09-05 22:02:53
3609,Sarah Green,2024-06-08,13407,101,70,31_60D,F,36-45,2025-07-29 22:04:42
3610,Christian Martinez,2023-08-29,7951,102,38,1_30D,F,36-45,2025-08-08 20:27:56
3611,Anthony Holmes,2024-05-07,3804,102,84,0SANA,F,56+,2025-08-13 09:07:45
3612,Pamela Reed,2024-05-30,13465,101,83,61_90D,M,36-45,2025-08-15 21:59:54
3613,Sara Stewart,2025-02-26,10219,102,42,0SANA,F,26-35,2025-08-29 13:08:32
3614,Chase Bryant,2025-01-21,15305,101,24,0SANA,M,56+,2025-08-26 16:19:23
3615,Adam Paul,2024-09-19,7715,102,26,0SANA,M,46-55,2025-07-29 15:19:01
3616,Cynthia Flores,2024-03-27,2957,102,43,0SANA,M,56+,2025-08-28 12:56:40
3617,Ashley Wise,2024-02-08,4686,104,46,0SANA,M,46-55,2025-08-14 00:34:48
3618,Emma Mitchell,2023-10-31,596,105,75,0SANA,F,26-35,2025-08-15 02:57:00
3619,Matthew Terry,2023-09-06,9593,105,1,1_30D,F,26-35,2025-08-31 12:47:04
3620,Richard Hale,2024-04-10,10970,104,76,1_30D,F,36-45,2025-08-06 20:45:54
3621,Claudia Morgan,2025-07-23,14214,105,42,1_30D,M,26-35,2025-09-02 21:39:24
3622,Brendan Cole,2024-07-13,11688,105,55,1_30D,M,56+,2025-07-29 00:18:43
3623,Danielle Davis,2024-08-29,3884,105,46,61_90D,F,26-35,2025-08-23 13:33:15
3624,Jennifer Freeman,2024-07-20,14648,105,75,1_30D,F,18-25,2025-08-28 23:46:44
3625,Alexander Walker,2025-04-03,17181,104,77,0SANA,F,56+,2025-08-12 19:19:31
3626,Joseph Hoover,2025-04-30,7097,104,48,1_30D,F,18-25,2025-07-29 10:03:36
3627,Lisa Gonzalez,2025-06-06,4746,103,77,0SANA,F,56+,2025-08-20 19:14:55
3628,Matthew Thompson,2025-06-09,12810,104,69,1_30D,M,46-55,2025-08-17 18:49:27
3629,Steven Ortiz,2024-08-07,14228,103,98,0SANA,F,36-45,2025-08-03 11:45:38
3630,William Frost,2025-01-19,17134,101,42,61_90D,F,18-25,2025-08-24 18:26:49
3631,Jermaine Elliott,2025-08-21,7553,102,13,0SANA,F,46-55,2025-08-07 05:37:05
3632,Teresa Duarte,2024-03-22,12756,104,54,0SANA,F,46-55,2025-08-05 14:32:36
3633,Noah Morris,2025-01-06,6451,104,11,1_30D,M,36-45,2025-08-26 04:14:54
3634,Carol Navarro,2024-05-22,15144,104,58,0SANA,M,46-55,2025-08-04 13:04:32
3635,Jason Cox,2023-09-29,16159,103,12,0SANA,M,46-55,2025-09-02 10:01:01
3636,Shawn Henderson,2023-11-29,13856,103,42,0SANA,M,26-35,2025-07-30 22:43:13
3637,Mackenzie Lozano,2025-04-21,17880,102,64,0SANA,M,26-35,2025-08-03 05:19:55
3638,Tracy Cooper,2025-02-13,1370,103,6,31_60D,F,56+,2025-08-19 09:01:43
3639,Paul Moody,2025-06-04,6019,105,47,0SANA,F,36-45,2025-09-05 20:06:33
3640,Shane Miller,2024-02-29,562,103,59,0SANA,M,46-55,2025-08-20 13:44:26
3641,Christine Alvarado,2023-11-20,12646,103,46,0SANA,M,18-25,2025-08-16 14:15:59
3642,Russell Hunter,2023-11-20,11349,104,72,0SANA,F,26-35,2025-08-25 13:25:46
3643,Joel Johnson,2023-09-20,15993,102,64,0SANA,F,26-35,2025-08-04 17:08:16
3644,Natasha Gonzales,2025-05-27,16615,104,43,0SANA,F,26-35,2025-09-04 04:27:09
3645,Frank Melton,2024-12-10,9904,105,18,1_30D,M,36-45,2025-08-07 04:06:58
3646,Nicholas Collier DVM,2024-07-18,17869,103,30,0SANA,M,36-45,2025-08-20 19:30:35
3647,Jeffery Vargas,2024-04-26,8223,105,92,31_60D,F,18-25,2025-08-18 06:18:06
3648,Sheila Zamora,2025-06-04,8792,101,10,0SANA,M,36-45,2025-08-04 06:40:08
3649,Charles Butler,2025-04-20,18620,105,63,1_30D,M,36-45,2025-08-18 07:52:47
3650,Jacob Evans,2024-09-25,15483,102,59,0SANA,F,56+,2025-08-30 15:10:01
3651,Dr. Kelly Walker,2023-10-30,4249,105,66,31_60D,F,26-35,2025-08-16 11:54:07
3652,Megan Smith,2025-01-02,9929,104,95,1_30D,M,26-35,2025-08-15 19:54:11
3653,Deborah Hunt,2025-02-04,14636,104,1,31_60D,F,26-35,2025-08-15 11:04:17
3654,Alexander Sanchez,2024-01-12,18867,104,27,0SANA,M,46-55,2025-09-04 21:04:09
3655,Veronica Griffin,2025-04-18,18454,102,82,31_60D,M,56+,2025-08-27 16:31:03
3656,Molly Smith,2024-11-15,575,102,15,0SANA,F,46-55,2025-08-05 10:57:46
3657,Nicole Perkins,2024-09-15,664,102,13,0SANA,M,56+,2025-08-09 12:17:59
3658,Jacqueline Williamson,2025-02-24,2281,105,3,0SANA,M,18-25,2025-08-01 03:08:37
3659,Margaret Gonzalez,2024-11-25,2568,104,38,31_60D,M,56+,2025-09-04 15:40:04
3660,Leslie Harrington,2024-01-23,4191,103,84,1_30D,M,36-45,2025-09-03 02:42:01
3661,Erik Barron,2025-05-11,14394,103,40,0SANA,F,46-55,2025-08-11 01:35:02
3662,Travis Reynolds,2024-04-02,13147,101,8,0SANA,F,46-55,2025-08-16 22:08:20
3663,Tara Haney,2024-05-05,19561,103,36,0SANA,M,18-25,2025-08-02 17:28:00
3664,Mary Kennedy,2025-07-18,5877,102,-2,0SANA,M,46-55,2025-08-15 23:03:32
3665,Alejandra Turner,2025-04-30,8007,101,97,61_90D,M,46-55,2025-08-29 21:03:36
3666,James Grant,2024-06-23,16978,101,-1,31_60D,M,56+,2025-08-21 18:39:05
3667,Kimberly Bass DDS,2024-01-12,16054,103,55,0SANA,F,36-45,2025-08-18 10:39:02
3668,Denise Floyd,2024-09-13,18275,104,44,0SANA,F,26-35,2025-07-30 14:23:51
3669,Donald Lee,2025-08-25,1944,103,44,0SANA,M,18-25,2025-07-28 07:32:27
3670,John Myers,2024-04-22,13060,101,23,31_60D,M,46-55,2025-08-25 02:43:05
3671,Barbara Moses,2023-09-29,1632,103,17,31_60D,M,36-45,2025-08-17 03:19:44
3672,David Richardson,2025-06-08,19711,105,27,31_60D,M,18-25,2025-08-29 11:32:01
3673,Kelly Gonzalez,2024-01-09,6155,104,92,0SANA,F,46-55,2025-08-19 02:44:38
3674,Allison Juarez,2024-12-29,5638,105,36,31_60D,F,18-25,2025-08-28 19:02:20
3675,Marvin Nguyen,2025-02-01,6497,104,-1,1_30D,F,46-55,2025-08-27 08:17:54
3676,Alyssa Murray,2025-06-09,14473,102,1,0SANA,M,26-35,2025-08-12 10:35:09
3677,Kimberly Lopez,2025-05-31,10564,102,6,0SANA,F,36-45,2025-08-20 11:22:23
3678,Charles Jenkins,2023-10-15,13464,104,18,1_30D,F,56+,2025-07-30 12:02:29
3679,Carrie Olson,2024-05-25,3416,103,24,0SANA,M,36-45,2025-08-19 00:49:57
3680,Joseph Reilly,2025-01-16,6821,104,82,0SANA,M,56+,2025-08-31 06:24:04
3681,Daniel Howard,2024-12-10,9319,103,93,31_60D,F,36-45,2025-08-29 05:18:03
3682,Christopher Bentley MD,2025-04-21,18509,105,39,0SANA,F,46-55,2025-09-04 18:11:23
3683,Cindy Ochoa,2024-11-19,5783,101,38,0SANA,M,56+,2025-08-15 18:06:05
3684,Justin Hawkins,2024-03-16,4442,104,36,1_30D,M,56+,2025-08-26 22:02:55
3685,David Martin,2025-07-08,16451,104,30,0SANA,M,36-45,2025-08-17 17:18:04
3686,April Vega,2024-07-18,18794,104,74,61_90D,F,26-35,2025-09-04 06:30:17
3687,Michael Wilson,2024-08-14,894,101,-4,61_90D,M,26-35,2025-09-04 03:42:58
3688,Richard Pacheco,2023-10-29,19797,104,16,61_90D,F,26-35,2025-07-29 21:21:51
3689,Jesse Miller,2024-02-04,517,105,83,0SANA,M,18-25,2025-09-03 19:55:20
3690,Jesse Williams,2025-01-13,18434,101,4,0SANA,F,46-55,2025-09-02 07:04:34
3691,Kelly Scott,2024-07-11,14725,105,54,0SANA,M,36-45,2025-07-29 21:56:28
3692,Deborah Becker,2025-01-22,8231,103,80,1_30D,F,18-25,2025-08-08 08:54:53
3693,Julia Mason,2025-05-20,18018,102,-4,0SANA,M,18-25,2025-08-03 14:36:44
3694,Jill Reese MD,2024-11-15,16566,102,93,31_60D,M,26-35,2025-08-13 08:30:12
3695,Timothy Gentry,2025-03-19,15810,104,81,61_90D,F,18-25,2025-09-04 03:14:30
3696,Mary James,2024-12-02,5487,101,-5,0SANA,M,46-55,2025-08-31 00:19:30
3697,Darren Gray,2023-11-26,19458,104,15,31_60D,F,56+,2025-08-12 00:30:52
3698,Sharon Gonzales,2025-08-04,8611,104,88,0SANA,F,26-35,2025-08-29 23:00:51
3699,Christopher Buckley,2024-06-05,10511,105,32,61_90D,F,18-25,2025-09-04 07:11:16
3700,Jared Williams,2024-04-04,12393,101,10,0SANA,F,36-45,2025-08-19 01:05:58
3701,Emma Henderson,2024-04-23,13847,101,65,31_60D,F,36-45,2025-08-01 17:36:07
3702,Cathy Ford,2023-09-01,8967,101,31,31_60D,M,36-45,2025-08-25 05:48:30
3703,Nancy Donovan,2025-06-12,16902,102,79,1_30D,M,26-35,2025-08-16 01:57:24
3704,Patricia Blankenship,2024-09-24,2271,101,13,0SANA,F,18-25,2025-08-09 16:45:23
3705,Vincent Allen,2024-08-13,14588,105,20,31_60D,F,46-55,2025-08-21 00:50:56
3706,Vickie Taylor,2024-11-26,7951,104,47,31_60D,M,26-35,2025-08-26 19:16:57
3707,Cindy Fisher,2024-03-26,10021,101,86,31_60D,M,26-35,2025-07-28 22:59:58
3708,James Mitchell,2024-11-29,831,105,58,61_90D,F,18-25,2025-08-25 20:23:30
3709,Anthony Small,2024-08-15,17134,104,5,0SANA,F,56+,2025-08-31 11:17:53
3710,Tracy Melton,2025-06-03,12677,101,96,0SANA,M,18-25,2025-08-22 03:04:39
3711,Jeremy Lopez,2023-11-04,18344,103,87,0SANA,F,36-45,2025-08-18 08:30:10
3712,Michael Moore,2024-02-22,13281,103,26,1_30D,M,26-35,2025-08-03 19:46:05
3713,Emily Webb,2024-02-17,8029,103,72,0SANA,M,56+,2025-09-01 03:32:36
3714,James Copeland DDS,2024-06-03,13154,105,33,0SANA,F,36-45,2025-07-28 06:16:18
3715,Tammy Bates,2024-11-04,8396,102,25,0SANA,F,56+,2025-08-19 13:00:52
3716,Gary Wilson,2023-12-11,6339,102,7,0SANA,M,36-45,2025-08-31 21:26:36
3717,Kimberly Pineda,2025-07-03,19098,103,43,31_60D,F,36-45,2025-08-12 07:23:57
3718,Crystal English,2025-07-30,3568,104,11,0SANA,M,36-45,2025-09-05 09:00:56
3719,Mark Elliott,2024-04-25,12648,102,-5,31_60D,M,46-55,2025-09-04 12:33:59
3720,Daniel Stevenson,2024-01-08,982,103,39,31_60D,F,36-45,2025-08-05 21:41:58
3721,Edward Reyes,2024-06-07,14280,103,71,31_60D,M,46-55,2025-08-05 00:24:52
3722,Amy Greer,2024-06-28,9508,104,40,0SANA,M,46-55,2025-08-11 18:03:25
3723,Lynn Hines,2024-09-07,19273,103,48,31_60D,F,26-35,2025-07-28 15:13:57
3724,Brent Garcia,2024-03-08,7259,103,64,1_30D,M,46-55,2025-08-15 12:52:17
3725,Erik Alexander,2024-03-11,17376,104,94,0SANA,F,36-45,2025-08-07 13:33:11
3726,Eric Owen,2024-02-05,19617,104,81,1_30D,M,46-55,2025-08-20 18:48:53
3727,Albert Jackson,2024-03-09,16162,101,82,61_90D,M,46-55,2025-08-29 15:22:33
3728,Jeffrey Brown,2025-07-29,15880,105,41,0SANA,F,18-25,2025-08-01 19:35:45
3729,Stephanie Conner,2025-01-24,16796,101,73,31_60D,F,36-45,2025-08-26 21:44:49
3730,Colleen Rose,2024-06-04,19614,101,23,31_60D,F,46-55,2025-09-03 19:06:53
3731,Daniel Santiago,2023-10-12,6392,105,14,1_30D,M,18-25,2025-08-21 07:09:19
3732,Laura Wade MD,2025-04-25,15386,103,15,61_90D,M,36-45,2025-08-18 23:00:54
3733,Susan Payne,2024-12-02,2695,104,28,31_60D,F,56+,2025-08-12 22:27:40
3734,Brittany Walker,2024-07-16,18582,101,24,0SANA,F,56+,2025-08-28 15:13:27
3735,David Hernandez,2025-05-10,14752,105,56,1_30D,M,36-45,2025-08-07 23:50:46
3736,Michael Smith,2024-01-04,2849,105,44,0SANA,M,18-25,2025-08-01 06:19:02
3737,Deborah Sandoval,2025-03-02,6199,102,50,31_60D,M,56+,2025-08-26 07:23:08
3738,Laura Zamora,2024-09-29,9383,102,24,31_60D,F,18-25,2025-08-29 09:25:51
3739,John Livingston,2024-04-27,18338,103,6,0SANA,M,18-25,2025-08-15 15:25:59
3740,Michael Rodriguez,2024-04-25,3449,104,59,31_60D,M,36-45,2025-08-18 02:11:34
3741,Robert Bush,2024-08-17,4080,105,7,0SANA,M,18-25,2025-08-14 02:31:22
3742,Jose Navarro,2025-07-05,4799,103,26,31_60D,M,26-35,2025-08-30 16:06:09
3743,Alison Neal,2024-11-08,10816,102,53,0SANA,M,18-25,2025-08-17 18:42:19
3744,Erin Sanchez,2024-07-23,12234,102,97,0SANA,M,36-45,2025-08-30 07:35:20
3745,Lonnie Schneider,2025-05-16,9770,102,38,0SANA,F,26-35,2025-08-08 22:31:37
3746,Nicholas White,2024-06-26,11032,105,67,0SANA,F,26-35,2025-09-03 06:37:35
3747,Lindsey Mclaughlin,2025-08-07,10360,103,66,0SANA,F,36-45,2025-09-03 06:50:55
3748,Matthew Burton,2024-12-03,10702,102,52,1_30D,F,18-25,2025-09-03 18:55:08
3749,Tammy Bridges,2024-06-02,8029,105,21,0SANA,M,56+,2025-08-10 08:23:35
3750,William Berry,2024-09-30,8423,105,8,31_60D,M,18-25,2025-09-03 17:50:04
3751,Mr. Jonathan Howard,2024-03-23,4900,101,36,0SANA,F,36-45,2025-08-03 06:34:09
3752,Kelli Roman,2023-09-07,9170,102,71,0SANA,M,26-35,2025-08-31 01:05:47
3753,Angel Washington,2025-02-23,16073,104,5,31_60D,F,18-25,2025-07-30 14:58:20
3754,Samuel Johnson,2024-11-11,6918,101,27,31_60D,M,36-45,2025-08-06 23:45:10
3755,Barbara Jacobson,2025-07-06,16923,104,45,0SANA,M,36-45,2025-08-25 07:19:27
3756,Ariana Brown,2024-12-26,14390,102,75,1_30D,F,26-35,2025-08-07 18:47:47
3757,Dennis Wagner,2023-11-20,14465,104,41,61_90D,M,46-55,2025-08-10 21:06:29
3758,Kenneth Chung,2023-11-11,818,103,6,1_30D,M,36-45,2025-07-30 15:29:12
3759,Michele Wilson,2024-04-14,2297,103,49,0SANA,F,18-25,2025-08-25 14:08:16
3760,Susan Butler,2023-10-20,3786,103,48,1_30D,M,46-55,2025-07-31 18:01:53
3761,Mrs. Lisa Andrews,2024-11-04,13017,103,85,0SANA,F,18-25,2025-08-22 06:43:36
3762,Oscar Lester,2024-03-11,1325,105,85,0SANA,F,36-45,2025-08-10 21:07:13
3763,Luis Miller,2025-04-21,2332,102,20,0SANA,F,26-35,2025-08-16 02:02:23
3764,Carrie Green,2023-12-26,13255,105,39,61_90D,M,56+,2025-08-01 19:09:31
3765,James Johnson,2024-09-25,15772,101,46,0SANA,M,18-25,2025-09-05 16:35:07
3766,Cathy Brown,2023-10-15,5538,104,18,1_30D,F,46-55,2025-08-11 14:12:32
3767,Richard Huber,2025-07-21,16209,105,49,31_60D,F,26-35,2025-08-14 21:41:21
3768,Joseph Curtis,2024-03-03,13344,103,25,0SANA,M,18-25,2025-08-24 11:24:49
3769,Brittany Williams,2024-09-03,1620,101,12,61_90D,M,18-25,2025-08-18 05:10:20
3770,Carlos Stewart Jr.,2025-06-12,9947,104,54,61_90D,M,36-45,2025-08-16 01:34:13
3771,Margaret Chavez,2025-07-22,17271,104,78,31_60D,F,36-45,2025-08-10 02:05:22
3772,Bryce Williamson,2025-04-23,17597,103,49,61_90D,F,56+,2025-08-27 17:39:30
3773,Deborah Simon,2025-05-30,7194,103,29,0SANA,F,46-55,2025-08-17 20:25:04
3774,Deborah Evans,2025-07-08,8526,104,89,0SANA,F,26-35,2025-08-04 20:11:23
3775,Benjamin Simmons,2024-10-29,4364,104,52,0SANA,M,26-35,2025-07-28 03:23:26
3776,Meagan Sullivan,2024-06-05,15506,103,14,31_60D,F,56+,2025-08-28 11:09:35
3777,Jessica Guerra,2025-04-30,18216,102,49,0SANA,F,56+,2025-09-01 19:46:49
3778,Kara Douglas,2025-01-13,2411,102,41,31_60D,M,18-25,2025-07-31 23:44:19
3779,Lance Collins,2023-12-28,1735,101,33,0SANA,M,56+,2025-08-13 01:13:16
3780,Stephen Andrews,2024-10-03,4726,104,4,0SANA,F,26-35,2025-09-05 14:04:48
3781,Gerald Miller,2025-05-12,1064,101,18,31_60D,M,26-35,2025-08-09 01:10:23
3782,Darren Morgan,2025-04-14,15175,104,78,0SANA,M,56+,2025-08-20 04:34:24
3783,Amy Lee DDS,2024-05-02,10135,104,84,31_60D,M,18-25,2025-08-14 16:24:23
3784,John Velez,2023-10-10,955,103,66,31_60D,F,26-35,2025-09-05 08:26:57
3785,Deborah Deleon,2024-01-09,10963,103,13,0SANA,M,26-35,2025-08-03 08:58:20
3786,Jennifer Foley,2025-06-30,17620,105,38,31_60D,M,26-35,2025-08-08 00:31:57
3787,Ashley Wright,2023-11-04,9307,102,67,61_90D,M,26-35,2025-09-04 17:25:55
3788,Kelly Davis,2024-05-26,13559,101,76,0SANA,F,18-25,2025-08-06 18:15:54
3789,Latasha Smith,2025-05-25,17234,104,-4,0SANA,M,56+,2025-08-10 05:16:32
3790,Lindsey Chen,2025-05-10,14108,104,34,31_60D,M,56+,2025-08-05 00:56:03
3791,Mr. Joshua Branch MD,2024-07-16,12134,103,89,1_30D,F,36-45,2025-07-30 06:42:42
3792,Michelle Norman,2023-10-07,8713,102,80,61_90D,M,26-35,2025-08-30 08:14:41
3793,Scott Martin PhD,2023-12-28,10416,103,80,0SANA,F,26-35,2025-08-24 23:44:02
3794,Kristina Rice,2023-10-23,7530,102,83,1_30D,F,56+,2025-08-14 12:11:06
3795,Bradley Meyer,2025-05-26,2292,102,81,0SANA,M,18-25,2025-07-28 10:42:13
3796,Joshua Gilmore,2024-04-05,14141,104,44,0SANA,M,26-35,2025-07-28 16:59:21
3797,Alexander Morris,2024-01-26,3921,101,64,1_30D,F,26-35,2025-08-04 20:25:12
3798,Brian Sanchez,2024-06-18,3891,104,94,31_60D,F,56+,2025-08-16 03:14:07
3799,Jordan Decker,2024-12-19,2489,101,-5,0SANA,M,26-35,2025-08-16 12:57:50
3800,Gregory Hardy,2024-11-04,1216,101,23,0SANA,F,26-35,2025-09-02 02:58:22
3801,Douglas Walker,2024-01-14,7838,105,0,0SANA,F,56+,2025-08-29 01:21:35
3802,Marc Parks,2024-03-26,11731,103,52,0SANA,F,36-45,2025-08-15 05:00:21
3803,Patricia Baker,2025-06-26,15714,104,56,1_30D,M,26-35,2025-09-01 23:58:47
3804,Zachary Williamson,2024-07-11,12597,102,27,1_30D,F,36-45,2025-07-31 17:15:52
3805,Susan Atkins,2024-02-07,12252,105,94,0SANA,F,46-55,2025-09-04 23:37:52
3806,Tamara Davis,2024-08-27,3144,105,63,0SANA,F,18-25,2025-08-17 23:20:49
3807,Jeffrey Robinson,2023-12-11,15688,105,99,1_30D,M,36-45,2025-08-30 18:01:37
3808,Janet Taylor,2024-12-15,4103,101,62,31_60D,F,36-45,2025-08-14 13:40:16
3809,Cameron Guzman,2024-05-16,5292,103,64,1_30D,M,56+,2025-08-06 22:23:25
3810,Sierra Thomas,2025-03-22,18796,102,86,0SANA,F,26-35,2025-08-16 13:56:56
3811,Christy Crawford PhD,2024-08-07,5779,103,0,0SANA,M,18-25,2025-08-28 08:40:54
3812,Patty Snyder,2024-05-20,2559,103,22,1_30D,M,46-55,2025-08-22 06:51:34
3813,Christian Cherry,2024-06-22,1829,103,11,0SANA,M,56+,2025-08-18 04:37:36
3814,Maria Stewart,2024-03-29,5027,102,56,0SANA,F,36-45,2025-08-31 20:18:36
3815,Tiffany Bailey,2025-03-01,10446,102,31,31_60D,F,46-55,2025-08-23 13:51:27
3816,Amanda Moore,2024-12-13,701,102,86,61_90D,F,46-55,2025-08-11 15:48:22
3817,Michael Parks,2025-03-29,11022,101,65,0SANA,F,46-55,2025-09-01 11:19:27
3818,Adam Carroll,2025-05-28,9573,104,50,0SANA,F,18-25,2025-08-11 04:46:58
3819,Scott Abbott,2025-06-29,2730,104,58,61_90D,F,26-35,2025-08-05 10:23:08
3820,Brandon Wade,2024-05-11,1558,101,19,1_30D,M,56+,2025-09-05 02:24:47
3821,Mark Wells,2024-10-24,1170,105,85,0SANA,M,26-35,2025-08-27 21:18:26
3822,Joshua Evans,2025-05-14,4400,105,77,0SANA,M,18-25,2025-08-09 14:25:02
3823,Mark Lewis,2024-04-24,12955,103,81,61_90D,F,36-45,2025-09-05 03:52:14
3824,Barbara Mitchell,2025-03-07,18122,102,71,1_30D,F,18-25,2025-08-29 03:11:31
3825,Christine Stewart,2025-06-21,6592,103,-4,1_30D,M,26-35,2025-08-26 03:34:42
3826,Christian Thompson,2025-05-26,4237,101,58,31_60D,F,36-45,2025-08-13 12:10:34
3827,Christopher Reynolds,2024-02-19,8679,105,61,0SANA,M,18-25,2025-08-04 18:32:27
3828,Rebecca Sanchez,2025-04-21,11195,104,86,0SANA,F,46-55,2025-08-11 09:29:38
3829,Joseph Montoya,2023-09-26,759,103,58,0SANA,M,46-55,2025-08-30 17:07:47
3830,Daniel Mosley,2024-09-01,16572,102,76,0SANA,M,18-25,2025-08-08 22:18:58
3831,Thomas Hunter,2023-09-15,15719,102,55,61_90D,M,26-35,2025-08-14 04:08:37
3832,Stephanie Vargas,2023-10-10,2084,104,49,0SANA,F,56+,2025-09-03 02:42:54
3833,Edward Shelton,2025-03-17,12470,103,36,1_30D,F,18-25,2025-08-29 10:36:31
3834,Carrie Oneill,2025-06-18,10937,103,23,61_90D,F,46-55,2025-08-21 22:07:43
3835,Ashley Reed,2023-09-12,19675,105,91,0SANA,M,46-55,2025-08-30 23:51:24
3836,Steven Foster,2025-01-03,19414,103,96,1_30D,F,26-35,2025-08-22 20:39:13
3837,Heather Marquez,2025-06-03,1834,102,4,0SANA,F,36-45,2025-08-01 23:48:11
3838,Brittany Carpenter,2025-06-28,8018,104,96,0SANA,F,46-55,2025-08-10 12:03:17
3839,Hannah Hansen,2025-04-22,10496,105,32,0SANA,M,18-25,2025-09-05 00:00:05
3840,Deanna Rogers,2024-01-30,6272,101,11,1_30D,M,18-25,2025-09-01 08:30:46
3841,Charles Brown,2024-10-15,13414,105,25,0SANA,M,46-55,2025-08-08 20:35:08
3842,David Roberts,2024-12-22,8608,103,14,1_30D,M,26-35,2025-08-31 14:16:50
3843,Jack Garcia,2025-02-18,16998,101,84,31_60D,M,46-55,2025-08-11 05:35:38
3844,Scott Crawford,2025-03-17,15964,101,73,0SANA,F,36-45,2025-07-29 07:13:56
3845,Jeremy Rodriguez,2024-04-02,5821,102,20,61_90D,M,36-45,2025-08-03 20:10:46
3846,Ryan Cooper,2023-08-29,18225,101,38,1_30D,F,46-55,2025-07-31 09:53:19
3847,John Edwards,2024-09-13,10597,105,48,61_90D,F,46-55,2025-08-14 16:05:04
3848,Noah Johnson,2024-04-30,2505,105,98,0SANA,F,36-45,2025-08-29 10:00:20
3849,Kevin Jackson,2024-12-19,13893,105,2,31_60D,F,36-45,2025-07-30 22:46:37
3850,Thomas Marshall,2024-01-30,11887,101,0,0SANA,M,56+,2025-08-18 23:52:30
3851,Brian Conway,2023-12-21,12805,105,36,0SANA,F,18-25,2025-08-25 05:20:40
3852,Kari Parker,2025-07-15,17584,104,90,1_30D,M,36-45,2025-08-05 04:35:34
3853,Kimberly Medina,2023-12-06,8382,101,91,31_60D,M,36-45,2025-08-09 08:42:23
3854,Jessica Blackwell,2023-09-03,17200,105,66,0SANA,F,46-55,2025-08-26 03:21:34
3855,Peter Moran,2024-01-08,6839,101,71,0SANA,M,56+,2025-08-02 13:24:54
3856,Edward Williams,2025-05-28,6936,103,3,31_60D,F,36-45,2025-08-24 07:22:22
3857,David Lawrence,2025-01-06,6175,103,64,1_30D,F,18-25,2025-09-01 21:32:32
3858,Samuel Roberts,2024-02-25,17230,101,3,0SANA,F,46-55,2025-07-29 22:22:43
3859,John Hernandez,2025-07-10,19446,102,28,31_60D,M,18-25,2025-08-26 11:32:07
3860,Jodi Baker,2025-08-13,19342,101,59,1_30D,F,46-55,2025-08-22 14:07:25
3861,Jennifer Gregory,2023-12-01,11749,101,63,0SANA,M,18-25,2025-08-03 11:20:56
3862,Warren Hernandez,2023-11-04,12341,102,24,31_60D,F,56+,2025-08-31 00:47:49
3863,Anne Hayes,2025-03-26,4510,103,82,31_60D,M,46-55,2025-08-26 02:03:06
3864,Michael Hernandez,2023-09-17,11867,105,6,0SANA,F,36-45,2025-08-30 12:39:14
3865,Timothy Harris,2025-02-03,9004,105,4,1_30D,F,46-55,2025-08-02 17:17:14
3866,Lonnie Morse,2024-08-22,9041,102,58,31_60D,F,18-25,2025-08-31 04:55:24
3867,Jennifer Moody,2024-05-14,18496,103,91,0SANA,M,56+,2025-09-02 22:45:50
3868,Nancy Irwin,2024-03-14,5499,104,-2,31_60D,M,36-45,2025-09-03 17:07:01
3869,Bradley Hall,2024-03-21,7110,101,94,0SANA,M,36-45,2025-08-19 00:57:18
3870,Jennifer Trujillo,2025-06-12,18854,103,18,0SANA,M,36-45,2025-07-28 02:16:56
3871,Luke Jordan,2025-01-08,10444,105,67,0SANA,F,18-25,2025-08-09 09:58:58
3872,Pamela Bean,2024-04-12,8160,103,34,0SANA,M,18-25,2025-08-13 01:53:28
3873,Nicole Martin,2024-06-20,13719,104,-4,1_30D,F,26-35,2025-09-03 05:12:52
3874,Robert Bennett,2024-04-03,8160,104,36,31_60D,F,56+,2025-08-10 23:23:57
3875,Timothy Fischer,2025-05-23,13106,103,73,31_60D,M,36-45,2025-08-24 20:58:57
3876,Michael Williams,2025-08-11,11152,104,0,61_90D,M,46-55,2025-08-13 06:16:27
3877,Jonathan Willis,2025-04-03,8909,102,33,1_30D,F,36-45,2025-08-23 01:55:43
3878,Bryan Mccullough,2024-11-08,8799,105,30,61_90D,F,46-55,2025-07-29 21:47:50
3879,Barbara Taylor,2024-11-26,6446,102,65,0SANA,F,56+,2025-08-01 13:45:58
3880,Kenneth Combs,2023-08-30,15113,102,31,61_90D,F,56+,2025-08-13 07:14:51
3881,Joshua Wong,2024-11-28,10296,104,1,0SANA,F,18-25,2025-08-08 15:36:32
3882,Dana Stevenson,2024-10-27,3478,104,32,0SANA,M,56+,2025-08-21 01:26:49
3883,Paul White,2024-08-09,13428,105,0,0SANA,M,46-55,2025-08-30 01:00:06
3884,Paul Mendoza,2024-02-18,12247,105,71,0SANA,M,56+,2025-08-13 07:25:32
3885,Debbie Jimenez MD,2025-04-01,8328,101,97,1_30D,F,36-45,2025-08-30 18:46:51
3886,Ann Hunt,2024-10-03,3070,103,94,1_30D,F,18-25,2025-08-09 14:12:23
3887,Kendra Herrera,2025-04-19,9781,103,51,31_60D,M,26-35,2025-08-25 20:10:52
3888,Joseph Kennedy,2024-11-28,13295,105,28,1_30D,F,56+,2025-08-05 01:38:11
3889,Thomas Ruiz,2025-02-05,12979,104,50,0SANA,M,36-45,2025-07-27 23:46:29
3890,Laura Rivera,2024-05-19,12917,101,4,0SANA,M,18-25,2025-08-22 20:50:06
3891,Patrick Wood,2023-11-21,16343,102,11,31_60D,M,46-55,2025-08-11 12:08:14
3892,Kelly Barnes MD,2023-11-05,1514,104,95,0SANA,F,36-45,2025-08-23 07:41:18
3893,Molly Clark,2023-10-29,15095,101,11,61_90D,F,18-25,2025-08-09 13:21:38
3894,Samuel Guerra,2024-12-31,1858,101,82,0SANA,M,56+,2025-08-18 00:22:35
3895,Christina Snyder,2025-01-01,19653,101,11,0SANA,M,36-45,2025-08-03 02:46:13
3896,Carrie Kane,2024-11-01,14414,103,23,0SANA,M,18-25,2025-08-09 07:04:44
3897,Jessica Woodard,2024-08-27,13163,104,72,0SANA,F,46-55,2025-08-25 19:40:51
3898,Sarah Shea,2025-05-13,12859,104,3,61_90D,F,56+,2025-08-13 23:34:47
3899,Samantha Schmitt,2023-12-04,6693,105,45,0SANA,M,26-35,2025-08-29 22:03:50
3900,Julie Lester,2025-04-06,3858,102,26,0SANA,F,36-45,2025-08-12 21:31:37
3901,Monica Weber,2024-03-29,16200,103,6,0SANA,M,18-25,2025-08-18 09:44:07
3902,Jack Love,2025-07-29,3197,103,91,0SANA,M,46-55,2025-08-20 10:11:57
3903,Jesus Johnston,2025-01-13,3392,102,-4,0SANA,M,56+,2025-08-06 03:30:55
3904,Karen Wilson,2024-07-09,9650,103,27,0SANA,F,46-55,2025-09-02 17:02:54
3905,Laura Hardy,2024-03-07,10163,104,33,1_30D,F,36-45,2025-08-06 01:50:51
3906,Troy Howard,2024-03-14,8577,105,89,0SANA,F,46-55,2025-09-03 22:21:55
3907,Donna Lynch,2024-10-20,15876,103,89,1_30D,M,46-55,2025-08-04 03:27:54
3908,Allison Mccullough,2023-10-08,12657,101,67,61_90D,F,36-45,2025-07-31 08:24:23
3909,Heather Bennett,2025-04-25,4393,101,-4,0SANA,M,46-55,2025-08-25 08:47:27
3910,Brian Hart,2024-02-07,19952,103,67,0SANA,M,26-35,2025-08-03 20:38:21
3911,Jane Ortega,2024-06-19,965,102,3,31_60D,M,18-25,2025-08-02 13:10:10
3912,Heather Cardenas,2023-10-07,6293,103,40,1_30D,M,46-55,2025-08-11 21:19:26
3913,Lisa Le,2025-04-04,4284,103,78,31_60D,M,26-35,2025-07-29 08:55:02
3914,Joshua Smith,2024-09-08,17965,102,69,31_60D,F,56+,2025-08-22 23:03:43
3915,Sean Carroll,2025-03-13,19026,104,71,0SANA,M,56+,2025-08-10 10:04:23
3916,Alex Daniel,2023-12-12,625,105,74,0SANA,M,36-45,2025-08-29 09:39:41
3917,Brittany Hansen,2024-06-25,13803,104,53,1_30D,F,26-35,2025-08-31 07:23:51
3918,Ralph Barron,2024-02-02,19244,105,23,0SANA,M,18-25,2025-08-26 18:06:04
3919,Marcus Spence,2024-06-11,18599,103,62,1_30D,M,26-35,2025-07-29 17:14:13
3920,Jade Perez,2025-05-25,16885,104,87,31_60D,M,56+,2025-08-03 09:21:19
3921,Dominic Lopez,2024-10-07,8112,104,84,1_30D,F,46-55,2025-08-05 20:57:08
3922,Eric Pierce,2024-02-20,4944,105,67,31_60D,F,46-55,2025-08-14 19:41:02
3923,Sara Ward,2024-10-04,14213,101,41,0SANA,F,56+,2025-08-27 22:27:15
3924,Mary Harris,2024-03-23,8730,102,65,1_30D,M,36-45,2025-09-02 10:25:48
3925,Sara Hughes,2025-04-29,2193,102,59,0SANA,F,56+,2025-08-27 07:39:17
3926,Sylvia Carter,2023-09-04,8616,102,23,0SANA,M,56+,2025-08-09 07:43:50
3927,Brian Price,2023-12-10,3247,104,57,61_90D,M,18-25,2025-08-07 02:46:34
3928,Michael Mckenzie,2024-12-27,2244,102,27,1_30D,F,56+,2025-08-22 15:57:15
3929,Kathryn Arnold,2023-10-20,2419,105,12,0SANA,F,36-45,2025-08-15 01:50:19
3930,Robert Wallace,2023-11-20,2516,103,59,31_60D,F,36-45,2025-08-26 19:25:52
3931,Ricardo Ellis,2024-09-07,1730,101,75,31_60D,M,18-25,2025-09-04 23:41:25
3932,David Williams,2024-06-20,19974,105,74,0SANA,F,46-55,2025-08-07 19:28:57
3933,John Thomas,2024-12-25,18965,102,17,31_60D,M,18-25,2025-09-02 03:15:43
3934,Mrs. Brianna Dawson,2024-08-17,8099,104,41,61_90D,F,18-25,2025-08-02 07:11:51
3935,David Whitaker,2024-07-25,2533,103,97,61_90D,F,46-55,2025-08-03 13:10:43
3936,Robert Miller,2024-01-06,11285,103,68,1_30D,M,26-35,2025-08-08 19:02:17
3937,Christopher Summers,2024-08-01,3651,104,36,1_30D,F,26-35,2025-07-31 05:04:47
3938,Dr. Bethany Johnson,2025-06-12,19599,101,76,0SANA,M,46-55,2025-08-27 06:26:53
3939,John Salazar,2023-11-15,9628,103,17,31_60D,F,18-25,2025-08-31 03:58:15
3940,Kimberly Wright,2023-10-20,2356,101,50,0SANA,M,56+,2025-07-31 10:45:00
3941,Jacob Morgan,2025-04-10,11125,104,18,0SANA,F,26-35,2025-09-03 01:02:34
3942,John Snyder,2024-06-02,1898,101,62,1_30D,M,18-25,2025-08-19 12:02:06
3943,Leslie Harrison,2025-06-05,6699,102,20,31_60D,M,26-35,2025-08-28 23:58:41
3944,Jessica Phillips,2025-04-02,3007,105,56,61_90D,F,26-35,2025-09-05 21:08:26
3945,Stephanie Curtis,2024-10-18,10753,103,93,0SANA,M,56+,2025-09-02 14:21:16
3946,Ashley Knapp,2024-04-25,7421,104,43,31_60D,M,46-55,2025-08-23 23:17:02
3947,James Gray,2025-01-20,3098,101,74,31_60D,F,36-45,2025-08-19 10:51:32
3948,Michelle Collier,2024-01-10,5842,105,22,0SANA,F,56+,2025-09-04 23:52:35
3949,Sara Becker,2024-07-27,12225,104,67,31_60D,F,26-35,2025-09-05 16:40:10
3950,Beverly Jones,2024-12-11,1781,101,63,0SANA,M,36-45,2025-08-25 01:58:34
3951,Kenneth Waters,2024-04-24,3046,105,89,1_30D,F,18-25,2025-08-04 22:39:41
3952,Matthew Weber,2023-09-20,5694,105,-1,0SANA,M,26-35,2025-07-27 23:41:45
3953,Kyle Neal,2023-12-10,9240,104,85,0SANA,M,36-45,2025-08-03 06:41:40
3954,Sheila Smith,2024-12-31,15431,105,-1,0SANA,M,26-35,2025-08-02 18:39:34
3955,James Oliver,2024-04-19,4991,101,49,0SANA,F,26-35,2025-09-03 17:28:55
3956,Theresa Waller,2025-07-20,19898,102,56,0SANA,F,56+,2025-07-30 15:21:09
3957,Bailey Moreno,2024-07-22,11129,104,85,31_60D,F,26-35,2025-08-22 11:42:16
3958,Gregory Davis,2024-05-12,13042,104,38,61_90D,F,56+,2025-08-28 23:51:48
3959,Jose Torres,2023-09-11,10969,102,3,1_30D,M,46-55,2025-08-19 19:53:28
3960,Leah Roy,2024-05-07,12787,103,12,0SANA,F,18-25,2025-08-26 17:44:11
3961,Andrew Williams,2025-07-25,14010,103,47,61_90D,M,18-25,2025-08-26 15:15:36
3962,Stephanie Martinez,2023-09-04,980,104,97,0SANA,F,46-55,2025-07-29 08:30:23
3963,Thomas Taylor,2024-05-04,12453,104,24,1_30D,M,46-55,2025-08-27 00:40:42
3964,Noah Phillips,2025-05-09,12183,103,36,0SANA,F,36-45,2025-08-27 02:45:39
3965,John Moore,2024-04-20,17167,104,76,0SANA,M,46-55,2025-08-22 02:58:28
3966,Andrew Nguyen,2024-03-09,9847,101,58,1_30D,M,26-35,2025-08-02 20:50:36
3967,Thomas Smith,2024-06-20,5541,101,62,31_60D,F,56+,2025-08-26 16:14:39
3968,Logan Rose,2024-11-25,15231,102,34,0SANA,M,46-55,2025-08-26 19:19:21
3969,Caroline Castro,2024-02-01,11814,103,17,0SANA,M,46-55,2025-07-31 18:46:34
3970,Justin Wilson,2024-11-06,15455,105,72,1_30D,M,46-55,2025-08-03 10:12:59
3971,Patricia Tran,2024-09-21,18480,104,92,0SANA,M,18-25,2025-08-05 05:19:50
3972,Sharon Bowen,2024-04-13,12157,102,86,1_30D,M,36-45,2025-08-02 15:28:15
3973,Andrea Mccarthy,2025-08-19,16913,104,82,0SANA,M,26-35,2025-08-06 08:34:17
3974,Joshua Wright,2024-01-18,5167,102,82,61_90D,M,46-55,2025-08-24 02:00:13
3975,Mrs. Hannah Mccarty,2024-08-30,16137,103,5,0SANA,M,46-55,2025-08-02 15:16:44
3976,Katie Fisher,2023-08-28,16236,102,60,1_30D,F,18-25,2025-08-21 16:59:36
3977,Mark Moss,2024-01-27,11284,101,94,31_60D,M,18-25,2025-08-31 22:11:42
3978,Lucas Miller,2025-05-02,4883,103,24,31_60D,F,18-25,2025-08-01 22:03:26
3979,Mr. Dylan Faulkner,2025-02-01,17933,104,15,0SANA,F,46-55,2025-07-30 21:13:23
3980,Sergio Howard,2024-10-17,16024,105,50,0SANA,M,26-35,2025-08-16 17:29:08
3981,Michelle Rice,2025-06-20,10045,102,91,1_30D,M,36-45,2025-07-28 10:17:49
3982,Ashley Stanton,2024-08-05,19695,101,10,0SANA,M,46-55,2025-08-26 17:14:47
3983,Ryan Thompson,2024-04-06,10084,105,26,0SANA,F,36-45,2025-08-01 08:55:51
3984,Mary Fernandez,2025-07-16,17096,101,76,0SANA,F,56+,2025-08-28 19:31:15
3985,Ashley Hickman,2024-12-30,8858,104,36,0SANA,M,18-25,2025-08-10 13:16:32
3986,Garrett Underwood II,2025-02-01,1431,102,53,0SANA,M,18-25,2025-08-09 15:55:35
3987,Maria Rodriguez,2024-08-31,15947,103,60,31_60D,F,56+,2025-08-23 02:44:39
3988,Isaac Johnson,2024-07-05,16826,101,94,31_60D,F,26-35,2025-09-03 09:40:15
3989,Betty Randall,2023-10-06,15179,101,-4,31_60D,M,18-25,2025-08-11 04:29:43
3990,Jacob Pearson,2025-08-20,14343,103,62,31_60D,F,18-25,2025-08-24 06:10:06
3991,Edward Cameron,2025-07-28,9720,103,29,61_90D,F,46-55,2025-09-04 16:46:53
3992,Christopher Morgan,2025-04-05,6520,103,96,31_60D,F,46-55,2025-08-13 23:16:18
3993,Charles Gilbert,2024-10-30,9701,105,32,0SANA,M,26-35,2025-09-04 09:43:33
3994,Brittany Fitzgerald,2024-05-11,15171,101,15,61_90D,M,46-55,2025-08-31 08:53:38
3995,Michelle Hurst,2024-12-09,1956,103,68,1_30D,M,56+,2025-08-10 10:10:27
3996,Alexandra Sanders,2023-10-21,8543,103,89,0SANA,M,36-45,2025-07-29 16:48:26
3997,Gordon Oliver,2025-04-15,15095,102,6,1_30D,F,18-25,2025-08-14 12:41:40
3998,Hannah Smith,2025-05-22,15484,101,97,0SANA,M,56+,2025-08-27 21:20:58
3999,Richard Baker,2024-11-27,3492,103,0,0SANA,M,18-25,2025-08-21 13:15:28
4000,Casey Pratt,2024-09-20,17670,104,17,31_60D,F,36-45,2025-08-07 02:11:01
4001,Elizabeth Ross,2023-12-24,11414,105,52,0SANA,M,36-45,2025-08-18 06:08:58
4002,Anthony Santana,2024-03-14,1198,105,44,0SANA,M,46-55,2025-08-18 13:33:41
4003,Charles Gomez,2024-08-04,17631,101,51,0SANA,F,36-45,2025-09-01 15:06:44
4004,Donald Brown,2023-12-10,3151,104,86,0SANA,M,18-25,2025-08-14 23:04:44
4005,Brittney Nguyen,2024-11-24,19847,101,-3,1_30D,M,46-55,2025-07-29 03:36:16
4006,Anthony Davis,2024-08-11,17740,102,87,0SANA,M,46-55,2025-08-18 11:22:48
4007,David Parrish,2025-04-05,6764,101,19,1_30D,M,46-55,2025-08-23 04:20:52
4008,Vanessa Hill,2024-11-04,2802,103,98,1_30D,F,26-35,2025-08-03 05:36:18
4009,Ian Rivera,2024-01-30,11804,105,72,31_60D,F,36-45,2025-08-03 12:58:48
4010,Kristin Foster,2024-05-04,893,102,32,0SANA,M,56+,2025-07-28 10:23:53
4011,William Turner,2024-05-06,17584,105,91,0SANA,F,18-25,2025-08-24 19:32:43
4012,Mario Anderson,2025-07-24,15988,103,76,31_60D,M,26-35,2025-08-07 03:44:33
4013,Thomas Le,2024-01-16,19175,101,17,31_60D,M,46-55,2025-08-11 01:49:56
4014,Stephanie Cordova,2024-03-25,15522,101,-1,0SANA,M,18-25,2025-08-24 03:38:35
4015,Jasmine Butler,2024-02-10,3831,102,81,0SANA,F,18-25,2025-08-19 03:32:21
4016,Aaron Cummings,2023-12-07,8070,102,80,0SANA,M,36-45,2025-08-15 19:53:18
4017,Sandra Buchanan,2025-05-23,8259,101,12,1_30D,F,36-45,2025-08-21 02:51:44
4018,Michelle Salazar,2025-07-27,3933,103,30,0SANA,M,18-25,2025-08-11 19:22:18
4019,Ashley Diaz,2023-10-30,17655,102,-1,0SANA,F,56+,2025-08-06 12:15:58
4020,Brian Trujillo,2025-04-16,4786,104,94,31_60D,F,46-55,2025-07-29 18:06:05
4021,Nichole Smith,2024-07-25,11008,101,89,0SANA,F,46-55,2025-09-03 02:03:56
4022,David Taylor,2025-07-20,11895,105,34,0SANA,F,56+,2025-08-08 17:51:01
4023,Donna Smith,2025-02-09,15360,103,74,61_90D,F,18-25,2025-08-06 19:58:37
4024,Tracy Castro,2024-09-27,3185,102,68,0SANA,M,46-55,2025-08-16 23:54:49
4025,Mary Quinn,2024-08-16,14172,105,40,0SANA,M,36-45,2025-08-22 04:43:30
4026,Brent Williams,2024-09-21,10087,102,32,0SANA,M,56+,2025-08-25 03:34:04
4027,Julie Mitchell,2024-03-20,19075,105,14,31_60D,M,26-35,2025-07-28 10:25:03
4028,Robert Ruiz,2024-01-27,11407,104,60,0SANA,F,18-25,2025-08-01 09:43:18
4029,Janet Burgess,2024-09-16,17506,105,80,31_60D,M,56+,2025-08-24 14:43:13
4030,Melissa Merritt,2025-06-16,8149,101,87,61_90D,M,18-25,2025-08-05 02:33:14
4031,Virginia Woodward,2024-02-29,8137,102,62,0SANA,M,56+,2025-08-29 16:00:57
4032,Brian Thomas,2024-01-27,11213,103,81,61_90D,F,36-45,2025-08-15 10:59:40
4033,Michele Johnston,2024-03-23,15921,102,83,31_60D,M,46-55,2025-08-08 13:57:05
4034,Mr. Tommy Roberts,2025-07-17,3117,103,67,61_90D,F,46-55,2025-07-30 03:17:21
4035,Dale Herrera,2023-10-10,11670,101,21,61_90D,M,26-35,2025-08-11 16:17:24
4036,Katherine Bailey,2023-08-26,12065,104,19,0SANA,M,46-55,2025-08-29 15:05:46
4037,Sarah Copeland,2024-12-12,15943,105,62,0SANA,F,36-45,2025-08-10 11:20:37
4038,Joshua Gardner Jr.,2024-10-23,2739,104,23,1_30D,F,56+,2025-08-18 02:51:21
4039,Russell Graves,2024-06-30,18306,101,63,31_60D,F,56+,2025-08-02 23:07:02
4040,Elizabeth Foster,2023-10-02,17337,102,27,61_90D,M,18-25,2025-08-29 11:36:03
4041,David Carter,2025-03-18,9161,101,15,1_30D,M,18-25,2025-08-09 10:01:28
4042,Daniel Mcintyre,2023-10-16,14016,105,64,0SANA,M,46-55,2025-09-03 23:51:32
4043,Miguel Matthews,2025-02-23,4318,104,68,31_60D,F,36-45,2025-08-14 17:15:23
4044,Derrick Ward,2025-07-04,19978,101,65,61_90D,F,26-35,2025-09-03 20:26:26
4045,James Morrison,2024-09-05,16496,103,31,0SANA,M,36-45,2025-08-21 15:37:56
4046,Mark Novak,2024-03-11,10090,101,71,0SANA,F,46-55,2025-09-05 06:38:03
4047,Michael Rasmussen,2023-10-04,8749,101,25,31_60D,F,36-45,2025-08-04 08:34:19
4048,Sherri Kim,2024-09-23,10288,101,14,1_30D,M,56+,2025-08-18 04:30:45
4049,Crystal Rodriguez,2024-10-08,6905,105,52,31_60D,M,36-45,2025-08-07 10:51:33
4050,Natalie Frederick,2025-06-05,19077,101,67,0SANA,F,56+,2025-07-28 02:56:45
4051,Amanda Robbins,2023-10-09,9902,102,82,0SANA,F,46-55,2025-08-16 06:12:14
4052,Francisco Bryan II,2024-01-14,16784,101,40,1_30D,M,46-55,2025-08-05 05:08:53
4053,Shannon Willis,2024-02-17,8416,101,64,31_60D,F,46-55,2025-07-29 01:05:31
4054,Kyle Collier,2025-05-06,18028,102,87,31_60D,M,36-45,2025-07-31 03:19:11
4055,Brooke Mckinney,2024-05-17,15690,101,16,0SANA,F,46-55,2025-08-24 05:58:35
4056,Tammy Ryan,2024-06-18,4370,103,77,0SANA,M,36-45,2025-07-30 16:38:58
4057,Jordan Gay,2023-11-29,1210,105,76,0SANA,M,46-55,2025-08-08 20:25:44
4058,Jeremy Johnston,2025-08-20,14232,104,13,0SANA,M,56+,2025-08-05 08:30:42
4059,Billy Daniels,2023-08-31,19537,104,38,0SANA,F,56+,2025-08-03 23:59:36
4060,Vanessa Beck,2023-12-13,10326,102,-5,0SANA,M,56+,2025-08-05 05:13:18
4061,Kayla Washington,2024-02-07,15480,103,72,1_30D,M,46-55,2025-08-09 20:13:56
4062,Kaylee Blanchard,2023-12-05,18597,102,84,61_90D,F,26-35,2025-07-30 05:24:57
4063,Wendy Gutierrez,2023-10-14,10685,104,37,0SANA,F,26-35,2025-08-20 05:59:31
4064,Scott Jones,2024-09-30,15456,101,96,1_30D,M,36-45,2025-08-20 01:35:43
4065,Brandon Coleman,2025-02-04,7642,101,43,0SANA,F,46-55,2025-08-31 23:39:29
4066,Adam Hodges,2023-12-07,811,102,18,0SANA,F,26-35,2025-08-16 09:57:34
4067,Amy Lucas MD,2025-01-15,12150,103,98,61_90D,M,26-35,2025-09-05 21:43:05
4068,Pamela King,2024-05-10,12535,105,79,31_60D,F,46-55,2025-08-03 18:16:56
4069,Bryan Flores,2024-01-31,10561,105,90,1_30D,M,56+,2025-09-03 06:44:31
4070,Robert Jones,2024-07-08,9069,103,42,0SANA,M,18-25,2025-08-16 16:21:52
4071,Amy Moore,2024-03-20,3037,101,25,61_90D,M,36-45,2025-07-29 05:21:42
4072,Louis Evans,2025-03-20,4815,102,-2,0SANA,F,56+,2025-08-08 05:15:04
4073,David Gomez,2024-10-29,18362,102,86,61_90D,F,36-45,2025-08-04 10:55:14
4074,Juan Merritt,2023-08-30,16532,104,64,0SANA,F,26-35,2025-08-04 02:24:57
4075,Derek Haynes,2024-01-18,19373,104,56,0SANA,M,56+,2025-08-23 04:30:25
4076,Jessica Rogers,2024-10-28,13257,104,7,0SANA,F,26-35,2025-08-03 06:45:01
4077,Taylor Thompson,2024-09-13,18039,101,37,0SANA,M,46-55,2025-08-23 23:38:39
4078,Tommy Chang,2024-05-14,11471,101,80,0SANA,F,46-55,2025-09-01 06:28:12
4079,Joseph Gutierrez MD,2025-03-30,5408,101,86,61_90D,M,18-25,2025-08-15 18:24:16
4080,Maria Hammond,2023-09-17,17870,105,85,0SANA,F,56+,2025-09-05 02:26:07
4081,Melissa Giles,2023-12-06,7428,102,27,1_30D,M,36-45,2025-08-02 13:48:24
4082,Mark Webb,2024-06-30,4314,105,53,1_30D,F,46-55,2025-08-29 14:44:18
4083,Amanda Mcdaniel,2025-04-21,13157,101,60,0SANA,M,26-35,2025-08-05 05:19:49
4084,Glenn Garrett,2024-08-02,4757,102,66,61_90D,F,46-55,2025-08-14 23:41:17
4085,Christopher Hunter,2024-12-03,4363,104,40,0SANA,F,46-55,2025-09-02 21:15:24
4086,Michelle Brennan,2025-07-21,19344,104,29,31_60D,M,36-45,2025-08-23 21:16:39
4087,John Trujillo,2025-02-10,18376,101,45,0SANA,F,18-25,2025-08-14 13:28:09
4088,Jessica Boyer,2024-06-21,14126,103,54,31_60D,M,56+,2025-08-16 15:16:59
4089,James Foster,2023-09-20,11572,102,7,61_90D,F,46-55,2025-08-14 11:06:03
4090,Nathan Stein,2023-11-07,1492,101,38,0SANA,F,46-55,2025-08-17 14:44:01
4091,Patrick Williamson,2024-08-09,15018,104,48,0SANA,F,56+,2025-08-20 06:22:39
4092,Kelsey Ray,2024-10-15,16711,103,98,0SANA,F,36-45,2025-09-05 00:12:28
4093,Bonnie Kelley,2024-12-22,5345,104,36,0SANA,M,36-45,2025-08-31 23:50:15
4094,Mr. Jonathan Byrd,2025-04-27,9254,104,38,0SANA,F,18-25,2025-08-15 00:33:00
4095,Stanley Lee,2025-04-26,9647,105,91,1_30D,M,26-35,2025-08-08 12:12:16
4096,Hannah Rose,2024-08-21,6155,103,82,31_60D,M,46-55,2025-08-17 12:42:57
4097,Stephen Jackson,2023-12-03,10456,101,6,0SANA,F,26-35,2025-08-28 13:36:14
4098,Carl Stevens,2024-02-01,8648,102,29,61_90D,M,56+,2025-08-04 10:12:12
4099,Allen Cook,2023-09-02,7381,105,79,1_30D,F,18-25,2025-08-02 22:15:21
4100,Timothy Boyd,2023-12-16,5217,101,12,1_30D,M,36-45,2025-08-08 00:20:34
4101,Karen Peck,2025-04-24,14062,102,15,31_60D,M,26-35,2025-07-30 01:14:22
4102,Alan Serrano,2025-07-23,4426,103,85,0SANA,F,18-25,2025-07-29 14:31:32
4103,Christopher Byrd,2025-04-29,775,102,27,1_30D,F,18-25,2025-08-15 22:26:00
4104,Wendy Ortiz,2024-10-15,4985,101,58,31_60D,M,46-55,2025-09-03 06:20:23
4105,Alejandra Taylor,2025-04-05,9826,105,27,0SANA,F,36-45,2025-08-22 22:14:36
4106,Antonio Crawford,2023-11-03,15719,101,37,0SANA,M,56+,2025-09-04 01:58:17
4107,Martha Terry,2023-09-03,7634,103,25,0SANA,F,56+,2025-09-03 00:54:58
4108,Matthew Powell,2025-06-07,4365,102,98,31_60D,M,18-25,2025-08-05 16:08:20
4109,Alexander Rogers,2025-07-18,17474,104,-1,1_30D,M,18-25,2025-08-29 05:22:44
4110,Sergio Mccoy,2024-02-08,15412,101,40,31_60D,F,56+,2025-08-27 02:54:19
4111,Edward Bond,2025-07-31,5377,101,67,61_90D,M,56+,2025-08-20 11:56:41
4112,Reginald Howard,2025-05-17,19621,103,56,1_30D,M,26-35,2025-08-09 13:51:26
4113,Brenda Roberts,2025-07-18,12633,102,78,31_60D,F,56+,2025-08-23 06:39:18
4114,Robert Walters,2024-06-22,3679,103,4,0SANA,F,56+,2025-07-27 23:16:56
4115,Joseph Reilly,2025-03-10,3293,102,6,0SANA,F,18-25,2025-08-26 10:04:57
4116,Dylan Torres,2023-10-28,4426,105,49,31_60D,F,26-35,2025-08-08 07:29:29
4117,Tracey Aguilar,2024-07-16,10238,101,21,0SANA,M,56+,2025-08-17 00:09:28
4118,Samantha Adams,2024-03-09,10299,102,94,0SANA,M,26-35,2025-08-24 01:06:40
4119,Brian Adams,2025-03-20,6778,101,53,0SANA,M,18-25,2025-09-01 23:21:58
4120,David Jones,2023-10-28,16083,101,19,31_60D,F,18-25,2025-08-06 00:13:25
4121,Amanda Myers,2025-05-14,3586,105,1,0SANA,F,56+,2025-08-07 21:17:04
4122,Katrina Mosley,2024-04-25,2139,105,33,0SANA,M,18-25,2025-08-20 16:17:01
4123,Tammy Martinez,2025-08-10,1411,101,57,1_30D,F,36-45,2025-09-03 07:17:29
4124,Jasmine Hernandez,2025-04-12,6360,103,55,0SANA,F,36-45,2025-08-04 04:36:01
4125,Donna Alvarez,2025-02-12,6972,101,41,31_60D,F,18-25,2025-08-05 16:07:23
4126,Amber Brooks,2025-08-20,2541,102,26,31_60D,M,46-55,2025-08-14 07:43:44
4127,Mark Miller,2025-07-19,18303,101,84,0SANA,M,26-35,2025-08-31 19:32:25
4128,Patrick White,2025-03-20,4568,104,81,0SANA,F,18-25,2025-08-17 06:49:10
4129,Jessica Horton,2025-03-12,9419,105,43,0SANA,M,56+,2025-09-02 04:18:13
4130,Curtis Wolf,2023-10-19,9124,101,77,1_30D,M,26-35,2025-08-15 01:25:14
4131,Shane Smith,2025-06-29,1031,105,65,0SANA,M,18-25,2025-08-26 05:50:30
4132,Angela Lee,2024-11-04,2064,104,84,0SANA,M,46-55,2025-07-29 15:12:23
4133,Jessica Lopez,2025-07-09,15189,101,92,0SANA,F,36-45,2025-09-05 07:10:12
4134,Kathryn Watson,2024-11-17,17269,102,58,0SANA,F,46-55,2025-08-14 15:32:19
4135,Jason Obrien,2024-07-10,17535,104,61,0SANA,F,26-35,2025-08-06 13:36:20
4136,Jennifer Williams,2024-08-03,1678,102,30,0SANA,F,26-35,2025-08-28 14:46:51
4137,John Nichols,2025-05-20,13447,101,17,0SANA,M,36-45,2025-08-01 11:45:21
4138,Ricardo Boyd,2024-03-28,5974,103,73,1_30D,M,26-35,2025-08-12 12:00:54
4139,Nicole Brown,2024-07-31,4421,103,51,0SANA,M,46-55,2025-09-02 15:10:33
4140,Allen Camacho,2025-06-16,1963,105,36,0SANA,F,56+,2025-08-27 03:53:38
4141,James Cook,2023-08-26,3212,102,41,0SANA,M,56+,2025-08-30 16:55:36
4142,Timothy Smith,2024-12-25,1735,101,51,0SANA,M,26-35,2025-08-25 19:22:19
4143,Ian Lawson DDS,2023-10-05,8523,105,70,61_90D,M,26-35,2025-08-12 09:48:34
4144,Brooke Smith DVM,2023-12-01,525,103,6,0SANA,F,36-45,2025-08-17 20:37:18
4145,Jill Huff,2025-01-04,3103,104,40,0SANA,M,36-45,2025-08-22 08:32:10
4146,William Williams,2023-11-14,9850,105,83,61_90D,M,26-35,2025-08-25 21:53:28
4147,Brandon Camacho MD,2024-03-07,15823,105,53,31_60D,F,36-45,2025-08-29 00:35:39
4148,Carol Chavez,2024-02-18,18457,105,82,0SANA,F,36-45,2025-08-24 16:20:06
4149,Matthew Dunlap,2023-10-09,4636,104,37,0SANA,F,56+,2025-07-29 11:11:12
4150,Matthew Murray,2025-08-10,16135,102,98,1_30D,F,18-25,2025-08-13 09:46:21
4151,Heather Jones,2025-02-04,9429,104,38,0SANA,F,18-25,2025-08-19 07:10:10
4152,Todd Phillips,2025-07-17,19353,104,65,0SANA,F,56+,2025-08-29 08:16:59
4153,Steven Humphrey,2025-04-23,16190,103,82,0SANA,F,56+,2025-08-26 14:48:04
4154,Tamara Robinson,2024-09-03,11446,101,65,31_60D,M,56+,2025-08-31 20:50:54
4155,Kari Mason,2025-01-17,12418,104,6,1_30D,F,56+,2025-08-27 03:35:51
4156,Laura Castaneda,2023-10-01,4674,102,92,1_30D,F,36-45,2025-07-28 03:29:47
4157,Billy Henderson,2023-08-28,16190,105,60,1_30D,M,18-25,2025-09-02 12:05:22
4158,Dawn Blair,2024-09-20,18006,104,79,0SANA,F,26-35,2025-08-13 13:16:57
4159,Javier Garza,2023-11-07,928,101,-3,0SANA,F,56+,2025-08-29 08:57:37
4160,Andrew Lamb,2024-11-03,13798,102,92,0SANA,F,36-45,2025-08-31 18:01:48
4161,John Wood,2024-09-13,16858,104,35,31_60D,M,36-45,2025-08-25 11:29:07
4162,Kathryn Melton,2025-05-10,1648,103,78,0SANA,F,18-25,2025-08-27 17:00:50
4163,Samuel Morrow,2024-01-11,5671,101,39,1_30D,F,56+,2025-08-27 00:54:55
4164,Charles Barnett,2023-11-07,3617,101,-2,1_30D,F,36-45,2025-09-03 02:09:26
4165,Rose Reilly,2023-10-02,13851,104,9,0SANA,M,18-25,2025-08-10 06:39:42
4166,Mandy Knight,2025-06-28,10628,102,98,0SANA,M,18-25,2025-08-12 01:57:01
4167,Jonathan Nunez,2023-11-15,6690,101,31,0SANA,M,46-55,2025-09-04 14:10:47
4168,Wendy Krueger,2025-04-26,3571,105,86,1_30D,F,36-45,2025-07-30 11:48:28
4169,Isaac Byrd,2024-04-12,8908,101,33,61_90D,M,26-35,2025-08-06 21:32:58
4170,John Ross,2024-03-06,18433,103,77,0SANA,M,56+,2025-08-10 07:42:38
4171,Dawn Armstrong,2025-04-09,1453,102,87,31_60D,F,26-35,2025-08-08 07:48:17
4172,Ryan Gonzales,2023-08-26,8066,104,25,31_60D,F,36-45,2025-08-08 21:33:01
4173,Terri Clark,2024-12-05,10566,103,98,0SANA,F,56+,2025-08-08 02:08:16
4174,Makayla Salazar,2024-07-01,7388,103,38,0SANA,M,56+,2025-08-21 04:25:18
4175,Eugene Klein,2024-08-02,16482,105,20,31_60D,M,46-55,2025-08-09 21:23:33
4176,Michelle Orozco,2025-06-28,13918,102,95,1_30D,F,46-55,2025-09-03 00:50:12
4177,Melissa Young,2025-03-31,17445,101,18,1_30D,M,56+,2025-08-30 14:33:24
4178,Stacy Vazquez,2025-01-02,6851,104,20,61_90D,M,56+,2025-08-12 05:03:23
4179,Barbara Clark,2025-02-26,7978,104,91,61_90D,F,46-55,2025-08-04 07:42:30
4180,Amy Reyes,2024-05-15,8126,101,96,31_60D,F,26-35,2025-08-07 07:42:37
4181,Mary Pierce,2024-02-21,3355,102,5,61_90D,M,56+,2025-08-21 22:43:10
4182,Alexander Vasquez,2024-02-26,8263,103,10,1_30D,M,36-45,2025-08-30 18:17:28
4183,Kendra West DVM,2024-10-21,19674,103,66,0SANA,F,56+,2025-08-26 21:46:56
4184,Sarah Foley,2025-03-05,17241,103,22,0SANA,M,26-35,2025-07-31 12:04:45
4185,Claudia Bishop,2025-07-02,1227,104,66,0SANA,M,46-55,2025-08-23 19:57:13
4186,Joshua Webster,2024-02-15,6343,101,34,0SANA,M,36-45,2025-07-29 16:03:16
4187,Nicholas Schneider,2025-05-30,15742,102,90,31_60D,F,36-45,2025-09-04 00:54:57
4188,Sherry Carlson,2025-01-27,10134,103,36,1_30D,M,18-25,2025-07-28 23:06:50
4189,Stacey Rivas,2024-07-22,18044,104,40,61_90D,F,46-55,2025-09-03 05:09:37
4190,Todd Wilson,2023-12-25,18933,101,63,0SANA,M,26-35,2025-07-30 14:34:06
4191,Joshua Murphy,2024-06-25,12851,101,13,0SANA,F,46-55,2025-08-30 19:52:39
4192,Cindy Watts,2025-06-12,15913,104,28,0SANA,F,56+,2025-08-22 11:20:30
4193,Bradley Frost,2025-01-24,6204,105,94,1_30D,M,36-45,2025-08-28 06:41:24
4194,Derrick Hogan,2024-03-14,1394,105,3,31_60D,F,26-35,2025-08-08 12:38:28
4195,Susan Mitchell,2024-06-12,608,103,13,61_90D,M,46-55,2025-08-06 00:12:40
4196,Sharon Hudson,2023-12-02,901,104,92,1_30D,M,18-25,2025-08-04 01:52:40
4197,Charles Chapman,2025-06-23,18694,101,93,1_30D,F,26-35,2025-08-22 12:44:19
4198,Lisa Nelson,2024-11-06,9176,104,69,0SANA,F,18-25,2025-09-04 21:39:26
4199,Brianna Smith,2023-10-09,9770,104,1,61_90D,F,26-35,2025-08-21 20:56:16
4200,Shannon Blanchard,2023-11-26,4319,102,96,1_30D,F,26-35,2025-08-19 19:30:15
4201,Paula Shelton,2023-09-11,16187,105,71,0SANA,M,56+,2025-08-21 05:34:32
4202,Christopher Lewis,2024-12-04,13757,101,82,0SANA,M,26-35,2025-08-21 13:21:31
4203,Dan Griffith,2025-07-23,5424,105,78,1_30D,M,46-55,2025-08-23 05:17:39
4204,Jordan Williams,2024-10-06,9949,105,25,31_60D,M,18-25,2025-08-09 05:18:13
4205,Peter Watson,2023-11-18,18919,103,18,0SANA,M,18-25,2025-08-02 04:14:38
4206,Patrick Vega,2024-06-30,10221,102,93,61_90D,F,36-45,2025-08-09 06:40:23
4207,Lisa Leach,2023-08-30,9530,101,60,31_60D,F,26-35,2025-08-06 18:39:12
4208,Sandra Chapman,2024-01-22,9329,105,44,0SANA,M,26-35,2025-08-20 23:40:32
4209,Kristen Nelson,2024-10-17,1624,104,58,0SANA,M,36-45,2025-08-16 21:34:44
4210,Emily Potter,2025-05-07,14307,103,77,1_30D,F,56+,2025-08-09 01:18:13
4211,Julie Clark,2024-08-07,15213,102,11,0SANA,F,18-25,2025-08-23 23:25:12
4212,Carmen Fuller,2023-09-02,9177,105,16,31_60D,M,46-55,2025-08-21 04:46:25
4213,Brittany Hernandez,2024-09-17,12431,102,30,1_30D,M,56+,2025-08-21 14:10:20
4214,Cassandra Calderon,2024-01-28,10323,104,14,1_30D,M,56+,2025-08-11 02:25:53
4215,Daniel Harrell,2024-11-19,999,101,22,1_30D,F,26-35,2025-08-06 06:56:14
4216,Brittney Wilson,2025-03-15,17921,104,62,1_30D,F,36-45,2025-07-27 23:10:14
4217,Katherine Valenzuela,2025-05-08,9844,101,5,31_60D,M,18-25,2025-08-06 02:58:42
4218,John Jones,2024-08-02,19688,104,56,31_60D,M,46-55,2025-08-17 10:30:38
4219,Austin Boyd,2024-12-07,5541,102,48,1_30D,F,36-45,2025-07-31 10:21:46
4220,Brendan Brown,2024-02-10,13111,101,84,0SANA,M,26-35,2025-08-29 14:52:55
4221,Cheyenne Gutierrez,2025-04-21,4888,105,66,1_30D,M,46-55,2025-07-28 18:08:11
4222,Amy Reed,2025-01-22,11951,103,22,0SANA,F,26-35,2025-08-22 04:54:48
4223,Rita Becker,2024-05-05,7481,102,73,0SANA,F,36-45,2025-08-30 21:52:42
4224,Michael Reed,2024-04-06,14991,104,70,0SANA,F,56+,2025-08-23 19:34:37
4225,Kevin Bond,2025-05-05,8900,103,74,0SANA,M,36-45,2025-08-01 12:29:50
4226,Scott Armstrong,2025-05-05,4680,103,59,0SANA,F,46-55,2025-07-30 22:30:32
4227,Vanessa Medina,2024-11-15,19101,103,69,0SANA,M,36-45,2025-09-04 10:33:02
4228,Marie Kelly,2025-04-04,16357,101,37,0SANA,F,26-35,2025-08-07 01:55:47
4229,Lisa Chung,2025-01-03,7097,102,63,0SANA,M,56+,2025-08-08 03:42:59
4230,Bruce Burke,2025-02-02,16457,104,49,0SANA,M,26-35,2025-08-04 00:51:39
4231,Melissa Ponce,2024-12-23,1853,104,40,0SANA,F,46-55,2025-08-16 18:42:09
4232,Crystal Miller,2024-08-03,17372,103,41,61_90D,M,18-25,2025-08-24 00:41:46
4233,Marcus Acosta,2025-08-19,11703,103,81,31_60D,F,46-55,2025-08-21 22:14:34
4234,Louis Weaver,2025-02-21,8810,101,24,61_90D,M,26-35,2025-08-04 04:40:36
4235,Annette Edwards,2023-11-03,10482,103,66,31_60D,F,46-55,2025-09-02 02:01:19
4236,John Lam,2024-03-27,18701,103,50,0SANA,M,36-45,2025-08-17 00:18:41
4237,Tina Mitchell,2025-08-05,12120,105,32,0SANA,F,18-25,2025-07-30 15:55:34
4238,Kaitlyn Smith,2025-08-14,6810,102,-2,0SANA,M,56+,2025-08-29 15:26:48
4239,Dominique Anderson,2023-10-05,1594,105,18,31_60D,F,36-45,2025-08-01 20:10:01
4240,Ashley Mendoza,2025-01-01,18716,101,59,0SANA,M,18-25,2025-08-20 05:27:06
4241,Nathaniel Alvarez,2023-09-29,2307,104,76,31_60D,M,46-55,2025-08-08 15:15:52
4242,Kimberly Dunn,2024-07-27,8566,103,86,31_60D,M,18-25,2025-08-10 03:50:42
4243,Sandra Fox,2025-01-30,6890,104,76,1_30D,F,56+,2025-08-18 09:42:38
4244,Nicholas Kelley,2024-04-21,15548,101,95,0SANA,M,18-25,2025-08-25 17:15:22
4245,Justin Massey,2023-09-25,18050,105,6,61_90D,F,18-25,2025-08-09 02:38:26
4246,Timothy Collier,2024-09-11,4493,104,96,0SANA,F,18-25,2025-08-05 05:54:52
4247,Emma Owens,2023-12-15,16878,103,27,0SANA,M,36-45,2025-07-28 14:26:33
4248,Paul Johnson,2024-03-28,17031,104,0,31_60D,M,18-25,2025-09-03 12:55:36
4249,William Williams,2024-01-01,19748,101,97,0SANA,F,26-35,2025-08-29 06:24:14
4250,Madeline Mitchell,2024-09-01,14829,101,50,0SANA,F,18-25,2025-08-10 07:20:58
4251,Christy Henry,2023-09-15,5586,102,26,0SANA,M,36-45,2025-08-15 21:03:58
4252,Sandra Adams,2024-05-12,2028,103,68,0SANA,F,18-25,2025-08-26 13:36:52
4253,Angela Owens,2024-08-09,11143,104,97,61_90D,F,26-35,2025-08-24 11:45:04
4254,Jennifer Eaton,2024-02-01,12640,101,70,1_30D,M,36-45,2025-08-31 22:00:51
4255,James Frost,2024-02-19,6232,105,31,0SANA,M,46-55,2025-08-06 02:23:08
4256,Stacy Morris,2024-03-25,5855,101,11,31_60D,M,26-35,2025-08-15 06:42:30
4257,Benjamin Thomas,2024-09-25,11144,104,6,0SANA,F,46-55,2025-08-17 04:45:40
4258,Tara Nelson,2024-07-03,9028,101,57,0SANA,F,46-55,2025-08-20 12:25:19
4259,Sarah Hill,2025-04-15,3324,104,75,0SANA,M,36-45,2025-09-03 03:11:46
4260,Courtney Rivera,2024-08-22,10675,105,-5,1_30D,F,18-25,2025-08-02 05:27:19
4261,Elizabeth Boyer,2025-01-04,10280,101,45,0SANA,F,26-35,2025-08-23 10:53:05
4262,Amy Miles,2024-08-03,8688,103,6,31_60D,M,18-25,2025-07-29 22:20:16
4263,Katelyn Brown,2025-08-08,15339,104,17,0SANA,F,26-35,2025-08-22 19:22:05
4264,Aaron Jones,2024-05-24,6597,101,57,0SANA,M,18-25,2025-08-20 17:47:23
4265,Joseph Rojas,2025-06-30,14418,103,17,61_90D,M,18-25,2025-07-28 13:49:13
4266,Katherine Boyd,2024-09-22,5316,102,5,1_30D,F,36-45,2025-09-02 14:45:33
4267,Michelle Hooper,2025-04-28,1932,102,94,0SANA,M,36-45,2025-08-07 09:08:01
4268,Gregory Haney,2025-05-25,2660,104,89,61_90D,F,46-55,2025-08-29 06:25:09
4269,Elizabeth Miller,2024-10-29,17347,102,92,1_30D,M,56+,2025-08-24 20:20:31
4270,Susan Beltran,2025-04-25,18196,103,90,31_60D,M,18-25,2025-08-19 19:22:52
4271,Nicholas Reynolds,2025-06-23,5899,104,89,0SANA,M,18-25,2025-07-28 22:52:07
4272,Mr. Lance Dodson,2025-08-12,2961,105,21,31_60D,M,36-45,2025-08-29 17:31:41
4273,Wanda Brown,2025-02-10,6075,104,19,0SANA,M,26-35,2025-08-20 12:46:00
4274,Edward Morales,2024-03-16,12485,104,32,31_60D,F,36-45,2025-08-12 03:56:27
4275,Jessica Garza,2024-12-08,10232,104,4,31_60D,F,36-45,2025-07-31 20:32:52
4276,Samuel Carter,2023-10-15,5794,102,65,31_60D,F,26-35,2025-08-21 16:10:14
4277,William Rhodes,2023-09-14,18385,105,18,31_60D,F,36-45,2025-09-01 03:54:43
4278,Rachel Perez,2024-02-12,19232,105,24,1_30D,M,46-55,2025-08-20 03:15:38
4279,Julie Adams,2023-12-25,18327,101,9,0SANA,F,26-35,2025-08-04 12:16:07
4280,Robin Brown,2025-05-17,7236,103,-1,1_30D,M,56+,2025-09-01 00:33:21
4281,Jessica Wilson,2023-12-14,10568,104,90,0SANA,M,18-25,2025-08-12 04:36:19
4282,Yvette Mathis,2024-03-31,18492,103,37,1_30D,M,36-45,2025-08-18 05:13:35
4283,Cynthia Wright,2024-03-28,11069,105,52,0SANA,F,18-25,2025-08-15 02:19:23
4284,Madison Santana,2024-11-16,19471,103,94,31_60D,M,26-35,2025-08-20 01:19:16
4285,Tracy Hodges,2024-04-25,14112,105,6,0SANA,F,36-45,2025-08-29 15:58:21
4286,Dean Hall,2025-02-09,16573,105,45,0SANA,F,18-25,2025-08-01 03:27:24
4287,Amy Lopez,2023-12-31,7610,103,-3,0SANA,F,46-55,2025-08-23 14:09:35
4288,Taylor Wolf,2024-10-13,5647,105,87,1_30D,M,56+,2025-08-21 11:47:49
4289,Scott Zamora,2025-06-28,15385,101,75,1_30D,M,46-55,2025-08-27 16:34:32
4290,David Brooks,2024-12-30,7496,103,56,31_60D,M,18-25,2025-08-07 16:41:34
4291,Brian Huffman,2024-05-20,4194,103,29,0SANA,F,18-25,2025-08-03 17:53:47
4292,Jay Gonzalez,2025-01-01,11192,105,33,31_60D,F,36-45,2025-08-12 14:59:46
4293,Rita Carter,2023-10-24,5672,103,86,0SANA,M,36-45,2025-08-06 16:57:58
4294,Connie Lyons,2023-10-18,10334,102,-5,1_30D,M,36-45,2025-07-28 02:25:03
4295,Dr. Dylan Brown,2025-02-03,9621,104,29,0SANA,F,36-45,2025-08-27 10:00:04
4296,Amber Randolph,2025-08-01,12271,104,66,0SANA,M,36-45,2025-08-22 19:06:05
4297,Tyler Moreno,2024-03-15,5648,104,65,0SANA,F,18-25,2025-09-03 11:01:58
4298,Stephanie Crawford,2025-07-19,19884,102,79,0SANA,M,36-45,2025-08-27 20:01:52
4299,Nicole Garrett,2024-04-02,9237,103,8,61_90D,F,36-45,2025-08-13 05:51:11
4300,Raymond Miller,2024-05-24,689,103,47,0SANA,M,46-55,2025-08-24 07:49:08
4301,Luke Bentley,2023-12-18,5839,103,54,0SANA,F,18-25,2025-08-28 04:56:17
4302,Debra Shepherd,2024-09-12,4395,102,46,0SANA,M,56+,2025-08-01 18:08:28
4303,Kimberly Schmidt,2023-09-20,8026,103,49,31_60D,F,36-45,2025-08-12 18:25:10
4304,Roger Fisher,2024-05-11,19901,102,56,1_30D,M,26-35,2025-09-01 13:26:18
4305,Dr. Tiffany Gibson DVM,2023-12-26,6462,102,51,31_60D,F,36-45,2025-09-03 08:53:51
4306,Shannon Ward,2023-12-15,4241,105,33,0SANA,M,46-55,2025-07-30 00:44:01
4307,Kendra Avila,2025-06-01,12879,104,93,1_30D,M,56+,2025-08-21 13:54:40
4308,Douglas Wilson,2024-03-13,10822,105,6,31_60D,M,36-45,2025-08-25 14:46:48
4309,Deborah Gillespie,2024-03-02,3077,105,65,1_30D,F,26-35,2025-09-04 22:47:29
4310,Linda Nelson,2024-05-07,17750,103,49,1_30D,F,26-35,2025-08-12 01:54:07
4311,Jessica Davis,2025-05-13,4330,105,59,0SANA,F,46-55,2025-08-01 11:10:04
4312,Taylor Ramos,2024-12-08,5001,101,85,0SANA,M,46-55,2025-08-08 00:32:36
4313,Matthew Pittman,2024-09-06,11305,104,97,61_90D,M,46-55,2025-08-26 08:03:25
4314,Mrs. Patricia Mckinney,2023-08-27,4003,103,80,0SANA,F,26-35,2025-08-01 20:52:12
4315,Walter Kennedy,2024-10-08,14869,101,53,61_90D,F,56+,2025-08-17 18:20:27
4316,Darren Peterson,2024-06-25,1928,105,76,0SANA,F,26-35,2025-07-28 13:53:46
4317,Brianna Conley,2023-12-29,19418,102,82,31_60D,M,56+,2025-08-19 12:15:25
4318,Kylie Mccall,2023-11-12,8226,103,28,61_90D,F,36-45,2025-08-31 21:13:54
4319,Judith Maxwell,2024-04-04,6558,104,31,31_60D,F,36-45,2025-08-31 18:56:42
4320,Anthony Lee,2023-11-08,9499,101,59,0SANA,M,26-35,2025-08-05 20:23:43
4321,Pamela Zhang,2023-10-14,2910,103,6,31_60D,F,36-45,2025-08-12 07:44:46
4322,Ms. Amy Silva DDS,2025-05-10,6609,104,51,31_60D,M,46-55,2025-08-12 21:00:09
4323,Janet Cooper,2024-06-02,7659,102,87,31_60D,M,56+,2025-08-17 11:40:40
4324,Tammy Vargas,2024-01-31,17580,103,87,0SANA,F,56+,2025-08-10 15:25:36
4325,Ashley Brown,2023-11-07,19647,104,84,31_60D,F,26-35,2025-07-31 19:16:05
4326,Kevin Anderson,2023-09-16,9964,102,62,31_60D,F,18-25,2025-08-13 05:12:48
4327,Nicole Brown,2024-01-24,8291,102,30,31_60D,F,46-55,2025-08-07 20:19:23
4328,Michael Davis,2024-06-01,15520,105,13,31_60D,F,26-35,2025-08-23 17:51:33
4329,Sophia Thompson,2025-04-23,9997,102,22,0SANA,M,26-35,2025-07-29 16:37:32
4330,Leslie Barron,2025-05-17,16691,105,53,61_90D,F,56+,2025-08-15 07:37:00
4331,Cheryl Rogers,2025-06-02,8137,102,8,0SANA,M,56+,2025-09-05 09:42:46
4332,Laura Wyatt,2024-05-18,19347,102,65,1_30D,F,36-45,2025-08-31 23:57:56
4333,Gregory Diaz,2024-04-24,17841,103,39,0SANA,F,26-35,2025-08-04 12:45:41
4334,Raymond Allen,2023-09-28,14224,104,35,0SANA,M,36-45,2025-08-29 08:24:48
4335,Richard Dennis,2025-04-03,13787,103,91,1_30D,F,46-55,2025-09-02 12:36:32
4336,Christopher Davis,2025-02-24,19227,105,87,0SANA,M,46-55,2025-07-29 03:03:30
4337,Erin Lewis,2024-11-11,8742,102,12,0SANA,F,18-25,2025-08-10 10:13:17
4338,Nancy Atkinson,2025-01-17,4943,104,54,0SANA,F,46-55,2025-08-27 10:23:44
4339,David Maldonado,2024-12-07,17843,103,42,0SANA,M,18-25,2025-08-26 04:55:03
4340,Belinda Jackson,2025-01-10,2443,105,17,1_30D,F,26-35,2025-08-11 07:01:58
4341,Connie Roberts,2023-11-28,6755,105,80,1_30D,F,56+,2025-08-23 03:16:19
4342,Carmen Hubbard,2025-04-27,5544,104,38,0SANA,F,18-25,2025-09-01 18:34:14
4343,Gary Nichols,2024-08-26,5868,102,80,1_30D,M,18-25,2025-09-04 21:45:57
4344,Ashley Clark,2024-05-05,17757,104,70,31_60D,M,36-45,2025-08-12 01:50:22
4345,Sally Fox,2023-09-07,7446,104,87,0SANA,M,36-45,2025-08-07 10:19:16
4346,Terry Johnston,2023-11-16,6611,102,-2,0SANA,M,46-55,2025-08-27 21:19:40
4347,Tami Adams,2025-01-31,2731,103,0,0SANA,M,56+,2025-08-30 05:58:32
4348,Monique King,2025-07-22,4236,104,57,0SANA,F,36-45,2025-08-25 17:32:23
4349,Jennifer Henderson,2023-08-27,15803,103,51,61_90D,M,18-25,2025-08-19 17:00:45
4350,James Hughes,2024-03-05,7349,101,88,0SANA,F,46-55,2025-08-18 16:51:43
4351,Nathan Cooper,2024-08-14,16976,103,97,1_30D,M,46-55,2025-07-30 05:07:21
4352,Joseph Lewis,2025-04-09,6190,103,-2,61_90D,M,26-35,2025-08-20 23:19:49
4353,Brooke Alvarez,2024-09-11,16231,103,99,31_60D,F,26-35,2025-08-07 11:42:50
4354,Jaime Wilson,2024-09-09,4124,103,8,0SANA,F,46-55,2025-08-09 10:41:03
4355,Philip Williams,2024-02-04,17003,105,84,1_30D,F,46-55,2025-08-02 16:54:27
4356,Robert Jordan,2024-02-03,6583,101,35,0SANA,M,18-25,2025-08-27 10:33:36
4357,Jessica Reid,2024-08-17,9534,105,14,0SANA,F,56+,2025-08-19 17:28:20
4358,Edward Martinez,2023-12-18,1628,101,32,31_60D,F,26-35,2025-09-02 12:04:46
4359,Brenda Parsons DDS,2024-03-19,12528,104,-4,1_30D,M,56+,2025-08-15 01:05:38
4360,Jessica Mckay,2023-11-03,2828,103,94,31_60D,F,36-45,2025-08-12 18:47:53
4361,Paul Morgan,2024-02-02,11794,105,28,0SANA,M,56+,2025-08-18 17:07:42
4362,Tracie Roberts,2025-06-16,19573,101,86,0SANA,F,18-25,2025-08-25 08:37:12
4363,Samantha Smith,2025-03-16,16961,103,52,31_60D,M,18-25,2025-08-01 12:27:37
4364,Michael Williams,2023-10-03,18287,104,54,61_90D,F,56+,2025-08-29 14:40:29
4365,Steven Avery,2025-08-16,9790,104,56,1_30D,F,46-55,2025-08-07 15:26:14
4366,Edwin White,2024-03-07,2498,105,93,0SANA,M,18-25,2025-08-12 12:01:59
4367,Nathan King,2024-07-07,12266,104,4,61_90D,F,46-55,2025-07-29 21:41:58
4368,Jennifer Stewart,2024-10-11,9919,104,78,0SANA,M,36-45,2025-08-27 12:41:30
4369,Tyler Cochran,2025-06-17,3091,105,54,31_60D,F,46-55,2025-08-02 02:03:20
4370,Robin Guerra,2025-02-27,15178,103,77,31_60D,F,56+,2025-08-23 01:12:34
4371,Heather Byrd,2024-06-05,7021,102,62,0SANA,F,56+,2025-08-19 14:40:59
4372,Anna Smith,2025-08-15,4838,103,48,0SANA,F,26-35,2025-07-30 10:21:52
4373,Deborah Valenzuela,2024-12-04,9288,104,53,1_30D,M,26-35,2025-08-29 06:04:56
4374,Jason Davis,2024-06-22,11956,104,53,1_30D,F,56+,2025-08-02 20:16:22
4375,Daniel Schroeder,2025-06-08,6175,102,8,31_60D,M,26-35,2025-08-06 13:04:04
4376,Andrew Klein,2023-10-17,19411,101,47,1_30D,M,26-35,2025-07-31 07:20:42
4377,Leonard Harris,2025-06-25,16681,103,43,1_30D,M,56+,2025-08-29 16:21:06
4378,Julie Adams,2025-01-20,2134,103,69,1_30D,M,26-35,2025-08-01 18:05:40
4379,Mark Morton,2025-04-06,4379,101,91,0SANA,M,18-25,2025-07-28 02:01:28
4380,Dale Cochran,2023-09-29,13780,105,98,1_30D,M,56+,2025-07-31 02:51:51
4381,Russell Murphy,2025-04-02,16848,101,67,0SANA,F,36-45,2025-09-02 09:06:45
4382,William Evans,2024-12-25,10472,103,16,1_30D,M,26-35,2025-07-30 22:10:34
4383,Christina Mills,2025-01-07,14141,104,42,61_90D,M,18-25,2025-08-01 22:16:46
4384,Ashley Calhoun,2023-11-15,19666,103,44,0SANA,M,36-45,2025-08-29 13:33:28
4385,Suzanne Small,2024-12-12,2185,103,92,1_30D,F,56+,2025-08-03 09:59:14
4386,Taylor Berger,2025-03-06,19724,102,96,0SANA,M,26-35,2025-08-01 04:36:51
4387,Laura Harris,2024-06-07,18312,104,20,31_60D,F,46-55,2025-08-25 19:20:13
4388,Christopher Cook,2024-02-20,2781,103,7,0SANA,M,36-45,2025-08-27 15:06:33
4389,Michael Baker,2025-05-02,13895,101,24,0SANA,M,56+,2025-08-26 04:05:51
4390,Fred Smith,2025-08-03,13361,103,84,0SANA,M,26-35,2025-08-23 22:12:15
4391,Phillip Vaughn,2025-07-22,3753,104,92,1_30D,M,26-35,2025-08-10 11:03:35
4392,Drew Howell,2023-11-23,11072,102,80,31_60D,F,36-45,2025-08-04 14:41:32
4393,Jacob Wright,2025-05-09,9211,102,43,31_60D,M,26-35,2025-08-31 06:26:51
4394,Melissa Gibson,2025-02-20,4379,101,18,31_60D,F,56+,2025-08-09 07:50:00
4395,Ronald Zhang,2023-12-03,8622,103,97,61_90D,F,36-45,2025-08-15 21:54:19
4396,Keith Gibbs,2025-04-10,11402,103,90,31_60D,M,26-35,2025-09-01 18:46:26
4397,Ethan King,2025-05-26,9283,103,45,0SANA,M,36-45,2025-09-03 07:11:14
4398,Shannon Wood,2025-06-04,8266,102,8,31_60D,F,36-45,2025-08-16 10:47:24
4399,Diana Lewis,2025-04-30,17968,101,11,1_30D,F,18-25,2025-08-07 20:17:41
4400,Monica Moreno,2024-04-29,17145,104,17,1_30D,M,26-35,2025-08-15 19:43:08
4401,Chad Reyes,2024-02-05,9361,102,54,31_60D,F,26-35,2025-08-11 14:40:16
4402,Michael Rodriguez DDS,2023-12-19,12478,102,77,31_60D,F,56+,2025-08-15 17:49:33
4403,Paul Marshall,2023-11-02,12600,102,21,1_30D,M,56+,2025-08-16 13:57:54
4404,Brandon Strickland,2025-05-20,11363,101,96,0SANA,F,18-25,2025-08-07 09:28:28
4405,Steven Dixon,2025-05-10,5027,104,91,0SANA,F,26-35,2025-08-23 21:17:58
4406,Mikayla Johnson,2025-06-19,18122,104,55,1_30D,F,26-35,2025-08-24 13:01:50
4407,Scott Gonzalez,2025-01-26,19002,102,14,1_30D,M,56+,2025-08-29 07:44:53
4408,Brian Hinton,2024-10-19,5376,105,10,61_90D,M,46-55,2025-08-29 17:39:38
4409,Andrew Hawkins,2023-12-22,13381,105,76,1_30D,F,18-25,2025-08-08 13:36:02
4410,Mr. Philip Dudley MD,2025-03-28,3915,101,13,0SANA,F,26-35,2025-09-04 04:03:36
4411,Michael Maldonado,2025-03-17,1719,104,66,31_60D,F,46-55,2025-08-15 09:36:26
4412,Anna Glenn,2025-01-03,10224,105,54,0SANA,F,18-25,2025-08-24 06:13:15
4413,Donald Martin,2024-04-07,1658,105,30,0SANA,F,46-55,2025-08-17 14:14:21
4414,Catherine Kemp,2025-02-03,4962,103,30,61_90D,M,18-25,2025-08-07 12:30:10
4415,Kristy Sanders,2025-01-21,12015,101,58,0SANA,F,26-35,2025-08-30 09:06:07
4416,Joshua Powell,2025-07-30,18770,105,39,0SANA,M,56+,2025-08-30 23:56:04
4417,Ernest Mcmillan,2025-01-03,18308,105,52,31_60D,F,46-55,2025-07-31 17:44:03
4418,Kaitlyn Flores,2025-01-26,9606,103,59,0SANA,F,46-55,2025-08-10 10:08:30
4419,Ricardo Sanchez,2025-07-15,7903,104,53,31_60D,M,46-55,2025-08-22 21:27:58
4420,Adrienne Carrillo,2025-03-02,8571,105,74,0SANA,F,56+,2025-08-25 12:08:31
4421,Lisa Smith,2025-07-01,2373,101,25,0SANA,M,46-55,2025-08-14 11:17:34
4422,Allen Rosario,2025-01-06,12558,105,41,1_30D,M,56+,2025-08-07 18:20:10
4423,Matthew Harper,2024-09-01,13160,104,16,0SANA,F,36-45,2025-07-29 23:44:40
4424,Kelly Butler,2025-08-03,8184,104,59,0SANA,M,18-25,2025-08-09 04:31:39
4425,Michael Shaw,2023-12-30,18635,105,16,31_60D,M,36-45,2025-08-21 04:46:39
4426,Jon Hoffman,2025-02-16,3919,104,35,1_30D,F,36-45,2025-08-28 08:25:35
4427,Rebecca Fox,2024-01-17,1209,105,50,0SANA,M,56+,2025-08-20 00:25:28
4428,Kathleen Webb,2024-07-09,2786,103,53,0SANA,M,56+,2025-08-28 12:37:36
4429,Erin Adams,2024-01-11,9874,103,53,61_90D,F,46-55,2025-08-09 11:33:01
4430,Jacob Keller,2024-10-26,8649,102,92,0SANA,F,56+,2025-08-09 06:54:34
4431,Keith James,2023-08-27,2714,105,28,31_60D,M,18-25,2025-08-30 15:38:30
4432,Olivia Medina,2024-05-17,11460,102,33,1_30D,M,26-35,2025-09-03 05:29:54
4433,Nicole Hernandez,2024-07-21,2650,105,54,31_60D,M,46-55,2025-09-01 01:13:13
4434,Jessica Valdez,2024-10-24,13491,105,11,0SANA,M,36-45,2025-08-27 21:48:07
4435,Rebecca Lee,2024-03-23,10635,104,41,31_60D,M,26-35,2025-08-27 04:57:56
4436,Philip Sanchez,2023-11-27,15903,104,57,1_30D,F,46-55,2025-08-21 14:14:05
4437,Joyce Davis,2024-06-13,7974,103,48,31_60D,M,46-55,2025-08-30 03:35:59
4438,Steven Lang,2024-01-08,14585,104,32,31_60D,M,36-45,2025-08-18 05:05:00
4439,Donald Reid,2024-02-29,8395,104,1,0SANA,F,36-45,2025-08-23 20:43:19
4440,Laura Owens,2025-05-14,19972,101,28,61_90D,F,18-25,2025-07-30 10:16:32
4441,Melanie Robinson,2024-11-22,15745,102,18,31_60D,M,36-45,2025-08-04 07:49:31
4442,Ryan Nguyen,2024-10-23,11194,103,22,0SANA,M,26-35,2025-08-08 19:53:30
4443,Patrick Ramos,2025-01-26,16196,103,40,0SANA,M,46-55,2025-08-30 07:56:55
4444,Michael Martin,2024-10-11,9022,101,15,0SANA,F,26-35,2025-08-20 11:18:25
4445,Amy Young,2024-04-06,9452,101,42,31_60D,M,46-55,2025-08-09 13:22:42
4446,Rachel Durham,2024-02-20,9921,105,1,1_30D,M,46-55,2025-08-09 03:48:27
4447,Hannah Sampson,2024-10-22,15254,102,20,0SANA,M,46-55,2025-08-28 23:06:26
4448,Wendy Espinoza,2025-05-07,12455,102,2,0SANA,M,56+,2025-08-06 22:08:55
4449,Todd Jordan,2025-03-01,17994,101,84,31_60D,F,56+,2025-07-29 05:01:38
4450,Morgan Schultz,2024-11-02,9273,105,95,1_30D,F,46-55,2025-08-07 07:02:33
4451,Brenda Benson,2024-06-16,7416,102,6,0SANA,F,46-55,2025-08-23 13:21:31
4452,Daniel Henry,2024-06-24,17722,105,8,0SANA,F,36-45,2025-08-28 08:00:56
4453,Nicole Coleman,2024-10-17,12923,103,2,0SANA,F,56+,2025-07-28 12:39:41
4454,Michael Adams,2024-10-21,11569,102,37,1_30D,M,18-25,2025-08-25 10:35:09
4455,Shelley Sims,2024-07-18,17586,103,44,0SANA,M,18-25,2025-08-25 18:33:37
4456,Debra Frazier,2025-04-16,15189,103,51,1_30D,F,56+,2025-08-03 02:48:41
4457,Eric Burke,2025-06-16,3111,104,41,0SANA,M,36-45,2025-08-15 17:16:53
4458,Angela Morrison,2024-08-14,9105,104,2,0SANA,M,46-55,2025-07-31 23:40:44
4459,Linda Bolton,2024-09-21,16211,105,85,0SANA,M,46-55,2025-07-30 10:57:33
4460,James Green,2025-07-04,2049,103,91,1_30D,F,26-35,2025-08-27 21:08:16
4461,Michele Phillips,2023-11-16,7741,105,85,31_60D,F,46-55,2025-08-21 22:43:18
4462,John Graves,2024-07-14,4778,102,66,1_30D,F,56+,2025-08-05 01:47:37
4463,Wendy Evans,2024-10-16,17678,103,20,1_30D,M,56+,2025-09-01 10:31:18
4464,Amanda Herman,2024-08-17,12278,103,27,31_60D,M,56+,2025-08-26 12:08:29
4465,Laurie Stephens,2025-06-04,18431,102,52,0SANA,F,46-55,2025-08-05 05:28:36
4466,Jimmy Greer,2024-09-22,2497,103,82,1_30D,M,56+,2025-08-05 18:28:19
4467,Kristen Sawyer,2025-07-01,3944,101,44,1_30D,M,26-35,2025-08-21 00:55:22
4468,Roberto Le,2024-06-18,536,101,85,0SANA,M,26-35,2025-08-11 17:08:20
4469,Casey Gordon,2024-10-13,7544,104,88,0SANA,M,36-45,2025-08-09 09:23:59
4470,Cheryl Leach,2025-03-29,14258,101,77,0SANA,M,56+,2025-08-31 10:16:14
4471,Joshua Newton,2024-12-07,10507,105,45,31_60D,F,26-35,2025-08-05 12:03:48
4472,Daniel Tyler,2023-09-09,18920,105,95,31_60D,M,18-25,2025-07-28 10:58:51
4473,Bradley Anderson,2024-09-06,5523,103,12,0SANA,F,36-45,2025-08-31 03:50:25
4474,Carmen Dorsey,2025-05-30,19372,102,25,1_30D,M,18-25,2025-08-28 05:47:47
4475,Christina Wilson,2025-08-06,12755,101,36,31_60D,M,36-45,2025-08-23 21:35:57
4476,Mrs. Lisa Trevino,2023-09-01,1911,102,35,0SANA,M,46-55,2025-07-30 15:32:53
4477,Larry Williams,2024-07-26,3859,104,75,0SANA,M,36-45,2025-08-08 11:17:21
4478,Benjamin Miller,2024-02-28,6950,101,78,61_90D,F,26-35,2025-08-16 23:44:19
4479,Sherry Dorsey,2024-05-24,5584,101,31,0SANA,F,26-35,2025-08-28 01:16:06
4480,Thomas Saunders,2024-04-15,3079,102,33,0SANA,M,26-35,2025-08-22 11:56:35
4481,Eric Newton,2023-11-16,14834,101,60,31_60D,M,26-35,2025-08-14 17:00:03
4482,Chelsea Mcdonald,2025-06-02,535,105,79,1_30D,F,26-35,2025-08-03 15:31:08
4483,Jacob Rivera,2025-08-06,9019,104,98,0SANA,F,18-25,2025-08-26 16:59:00
4484,Susan Scott,2025-08-01,13148,102,72,1_30D,M,46-55,2025-09-03 18:36:34
4485,Martha Kim,2024-07-05,14763,104,-4,0SANA,M,46-55,2025-08-17 04:37:00
4486,Jonathan Moore,2024-03-04,15020,103,68,0SANA,M,18-25,2025-08-20 06:12:55
4487,Robert Lynn,2025-06-21,9674,105,55,61_90D,M,56+,2025-08-09 06:21:56
4488,Matthew Mccullough,2024-03-15,7214,101,39,0SANA,F,46-55,2025-08-12 04:34:50
4489,Julia Carroll,2025-05-28,3846,101,83,61_90D,M,46-55,2025-08-10 07:53:45
4490,Jennifer Mills,2025-02-28,8678,105,61,61_90D,F,46-55,2025-08-15 01:06:11
4491,John Harris,2024-11-21,12076,104,61,1_30D,M,56+,2025-08-05 17:17:05
4492,Mallory Simpson,2024-07-11,11956,104,27,0SANA,M,46-55,2025-07-29 10:35:31
4493,Robin Carter,2024-07-24,15356,103,60,1_30D,F,46-55,2025-08-26 23:57:21
4494,Ronnie Farley,2025-03-02,7188,104,32,1_30D,M,26-35,2025-08-04 12:00:07
4495,Ethan Gibson,2024-09-18,14261,105,37,61_90D,M,26-35,2025-08-29 17:38:43
4496,Perry Cantu,2024-11-14,5058,104,56,0SANA,F,46-55,2025-07-31 02:02:06
4497,Laura Gay,2023-10-26,13361,104,70,0SANA,M,56+,2025-07-30 01:38:48
4498,Sarah Trevino,2024-05-31,1576,105,86,0SANA,M,26-35,2025-08-21 14:59:28
4499,Shannon Warren,2024-08-27,10307,102,74,0SANA,F,26-35,2025-08-09 18:09:55
4500,Michael King,2024-11-10,17538,103,38,0SANA,F,56+,2025-08-23 08:06:15
4501,Mr. Shawn Burton,2025-08-02,9090,105,21,31_60D,M,56+,2025-08-19 12:56:48
4502,James Kelly,2025-08-04,4114,105,17,1_30D,F,36-45,2025-08-20 20:37:11
4503,Joel Maldonado,2023-08-28,3233,101,30,31_60D,F,26-35,2025-09-04 17:30:51
4504,Albert Johnson,2024-06-23,5124,104,24,0SANA,M,26-35,2025-08-01 03:31:44
4505,Brett Taylor,2025-02-04,15330,105,8,1_30D,F,26-35,2025-08-11 18:38:02
4506,Cindy Mcgee,2025-06-10,12021,102,58,0SANA,F,26-35,2025-07-30 20:17:17
4507,Natasha Williams,2025-07-15,1883,102,11,0SANA,F,56+,2025-08-10 15:20:39
4508,Kathryn Boyle,2025-02-09,2920,105,28,0SANA,F,56+,2025-08-28 18:05:15
4509,Matthew Lynch,2024-12-21,7685,101,63,31_60D,M,46-55,2025-08-27 19:22:37
4510,Kelly Hubbard,2023-11-02,3766,101,84,0SANA,M,56+,2025-08-30 14:41:08
4511,Michelle Haas,2024-02-22,12277,103,13,0SANA,F,36-45,2025-08-26 21:32:45
4512,Kevin Murphy,2023-09-23,3940,105,33,0SANA,M,36-45,2025-07-30 06:05:11
4513,Jessica Frank,2023-11-15,4567,105,29,0SANA,M,26-35,2025-08-04 22:14:45
4514,Corey Jordan,2025-03-28,698,102,70,1_30D,M,18-25,2025-08-24 00:30:01
4515,James Oneill,2023-12-22,5237,103,63,0SANA,M,56+,2025-09-05 03:05:19
4516,Brian Moore,2024-09-05,11123,104,54,1_30D,M,26-35,2025-08-14 18:20:44
4517,Nicole Berger,2024-10-18,15709,105,31,61_90D,M,18-25,2025-08-11 07:08:05
4518,Paula Kelly,2024-02-15,18143,103,4,61_90D,M,46-55,2025-08-28 12:42:17
4519,Sophia Ramos,2024-11-10,19818,101,28,0SANA,F,36-45,2025-08-13 18:24:40
4520,Brandy Ryan,2024-08-22,9545,103,35,0SANA,F,46-55,2025-08-09 07:00:26
4521,Robert Massey,2025-06-05,18032,105,-4,0SANA,M,56+,2025-08-17 23:58:14
4522,Melissa Long,2023-10-31,3670,102,67,31_60D,M,18-25,2025-08-22 02:01:12
4523,Anthony Marquez,2024-03-27,10290,102,2,0SANA,M,56+,2025-08-21 14:55:15
4524,Mr. Anthony Caldwell,2025-07-30,12268,101,16,31_60D,F,36-45,2025-08-29 11:56:52
4525,Vincent Santana,2024-06-05,17479,102,51,0SANA,M,56+,2025-08-20 14:55:48
4526,Shannon Harrison,2025-07-28,17652,102,8,0SANA,M,18-25,2025-08-26 07:30:44
4527,Craig Hall,2024-04-14,4659,103,35,0SANA,F,18-25,2025-09-04 15:29:08
4528,Jennifer Hunter,2025-08-13,2945,102,24,0SANA,M,36-45,2025-08-20 10:08:46
4529,Lisa Payne,2024-11-04,14823,104,97,0SANA,M,56+,2025-09-04 21:22:43
4530,Denise Young,2024-12-18,16269,103,64,1_30D,F,46-55,2025-08-25 19:34:39
4531,Dr. Paige Diaz DDS,2024-05-25,12926,105,61,0SANA,F,56+,2025-08-25 03:57:31
4532,Ashley Harvey,2023-11-02,7320,101,-1,1_30D,M,46-55,2025-08-09 02:26:26
4533,Ethan Huff,2023-11-21,15631,101,54,61_90D,M,46-55,2025-08-31 15:52:19
4534,Mitchell Joseph,2025-06-01,7286,105,-3,1_30D,M,18-25,2025-08-02 21:22:16
4535,Stephanie Banks,2024-03-23,10556,105,49,0SANA,F,36-45,2025-07-27 23:07:10
4536,Brenda Johnson,2023-11-30,12691,101,47,31_60D,F,36-45,2025-08-23 09:06:28
4537,Jeffrey Carter,2023-12-01,6122,105,49,31_60D,F,26-35,2025-08-24 22:38:42
4538,Brittany Hester,2024-06-08,11501,105,58,1_30D,F,18-25,2025-08-02 13:21:27
4539,Cheryl Roberts,2024-09-08,3730,104,47,31_60D,M,46-55,2025-08-25 03:10:03
4540,Sheila Rivera,2023-09-16,8117,102,30,0SANA,F,56+,2025-08-15 14:29:36
4541,Jacob Morris,2025-01-15,1213,103,56,0SANA,F,46-55,2025-08-12 07:04:59
4542,Julia Brown,2024-10-19,2445,105,89,0SANA,F,46-55,2025-08-21 02:54:04
4543,Tyler Alvarez,2023-11-08,18532,105,95,0SANA,F,56+,2025-08-23 20:59:18
4544,Stephanie Hogan,2024-09-02,8451,104,28,1_30D,M,56+,2025-07-30 12:02:19
4545,David Gonzalez,2024-10-13,7615,103,6,0SANA,F,18-25,2025-08-04 21:39:11
4546,Matthew Obrien,2024-06-30,16316,105,31,31_60D,F,56+,2025-08-27 10:27:48
4547,Shawn Morrison,2024-12-04,6826,104,97,31_60D,F,18-25,2025-08-17 12:12:03
4548,Jennifer Ballard,2024-10-28,11306,105,21,0SANA,M,36-45,2025-08-27 00:57:03
4549,Angel Moore,2025-08-01,657,104,7,1_30D,M,56+,2025-08-15 01:00:25
4550,Allison Espinoza,2023-10-22,14093,102,28,31_60D,M,36-45,2025-08-17 15:40:30
4551,Alex Snyder,2023-10-18,13474,105,65,61_90D,F,18-25,2025-07-28 10:23:21
4552,Kari Harris,2024-05-29,15705,101,43,31_60D,F,56+,2025-08-23 22:20:11
4553,Nicholas Baker,2024-02-16,1262,102,89,1_30D,M,18-25,2025-08-09 14:47:50
4554,Anthony Miller,2025-05-16,13426,101,43,0SANA,M,56+,2025-09-03 12:07:52
4555,Darren Lopez,2024-07-18,3877,104,26,0SANA,M,18-25,2025-08-20 21:52:21
4556,Andrew Jackson,2025-04-20,18300,103,38,1_30D,M,56+,2025-07-28 18:41:03
4557,Bryan Morris,2024-09-15,12118,102,58,61_90D,M,36-45,2025-08-05 01:04:50
4558,Alexander Davis,2024-04-03,19454,102,0,0SANA,M,18-25,2025-08-20 01:53:39
4559,Megan Hudson,2023-11-27,19281,103,59,0SANA,F,36-45,2025-08-25 18:38:43
4560,Justin Haynes,2024-08-22,10731,102,72,1_30D,F,56+,2025-08-12 15:14:45
4561,Cheryl Pollard,2024-01-19,12006,105,95,0SANA,M,46-55,2025-09-03 15:29:35
4562,Samantha Hart,2024-03-28,10781,105,50,61_90D,M,56+,2025-08-11 03:30:12
4563,Jocelyn George,2024-01-24,18915,105,40,31_60D,M,26-35,2025-09-01 20:21:39
4564,Joseph Simmons,2025-08-02,3878,103,1,1_30D,F,46-55,2025-08-21 20:42:41
4565,Laura Ellis,2025-06-08,9636,101,85,0SANA,M,56+,2025-08-21 13:43:13
4566,Nancy Hamilton,2023-12-26,7976,102,36,0SANA,M,26-35,2025-08-22 22:47:59
4567,Jacob Kerr,2024-03-04,17129,105,45,0SANA,M,56+,2025-08-31 07:32:56
4568,Mark Francis,2025-07-21,12720,105,68,61_90D,F,46-55,2025-08-06 07:37:35
4569,Mary Paul,2025-08-15,12621,101,46,0SANA,M,26-35,2025-07-28 16:46:46
4570,Samantha Williams,2024-08-31,7533,103,-5,0SANA,F,56+,2025-09-04 03:53:42
4571,Alex Warner,2025-03-18,16172,104,49,1_30D,M,26-35,2025-08-20 22:49:55
4572,Mary Reyes,2023-09-20,3292,103,76,31_60D,F,56+,2025-08-02 04:40:40
4573,Jonathan Hoffman,2024-03-04,3775,104,53,0SANA,F,26-35,2025-08-04 01:48:45
4574,Julia Riley,2025-06-22,17395,101,77,0SANA,M,18-25,2025-09-04 01:12:14
4575,Brian Little,2024-12-18,11028,101,31,1_30D,M,36-45,2025-09-05 17:06:54
4576,Sean Petersen,2025-02-21,19054,101,23,31_60D,F,56+,2025-08-16 18:00:16
4577,Michael Davis,2023-11-22,18658,102,0,1_30D,M,26-35,2025-08-22 20:52:55
4578,Luke Johnson,2024-09-22,15642,101,69,0SANA,M,26-35,2025-08-06 10:45:21
4579,Chad Burgess,2023-11-17,12313,101,97,0SANA,F,26-35,2025-08-02 07:04:00
4580,Walter Henderson,2023-12-23,15493,105,65,1_30D,F,18-25,2025-08-12 14:52:09
4581,Candace Mcdonald,2024-10-03,15828,105,33,0SANA,M,56+,2025-08-05 07:26:46
4582,Vanessa Mckinney,2023-12-12,17631,102,-3,0SANA,M,46-55,2025-08-04 20:41:07
4583,Bridget Burton,2024-01-15,1445,103,91,0SANA,M,26-35,2025-08-28 02:10:27
4584,Ashley Wang,2024-12-17,3901,104,89,0SANA,F,18-25,2025-08-21 16:51:36
4585,Michael Foster,2023-09-02,6305,101,11,0SANA,F,26-35,2025-08-22 15:01:56
4586,Tammy Benitez,2023-11-04,16335,103,31,31_60D,M,26-35,2025-08-30 16:28:17
4587,David Nelson,2024-05-03,15451,103,74,31_60D,M,18-25,2025-07-29 00:01:54
4588,Randy Hernandez,2024-10-02,15649,104,17,0SANA,F,56+,2025-08-20 21:33:13
4589,Patricia Ritter,2024-08-04,2902,102,57,0SANA,M,26-35,2025-08-04 15:19:37
4590,Scott Henderson,2024-03-14,3588,105,80,61_90D,F,36-45,2025-08-01 21:24:05
4591,Andrew Bell,2023-12-06,19612,101,59,0SANA,M,56+,2025-08-24 14:21:39
4592,Michelle Sanchez,2024-06-19,8494,104,13,0SANA,M,18-25,2025-08-04 14:49:46
4593,Jeanne Jones MD,2023-12-03,7254,103,65,31_60D,M,18-25,2025-08-07 12:41:09
4594,Sharon Walker,2025-05-07,14051,102,91,1_30D,M,46-55,2025-07-31 15:18:10
4595,Nathan Suarez,2024-06-04,9982,105,-4,61_90D,F,46-55,2025-08-10 22:23:37
4596,Brian Carson,2024-03-20,10867,101,15,31_60D,M,56+,2025-08-29 12:01:36
4597,Amber Schultz,2024-09-09,5782,104,85,31_60D,F,46-55,2025-08-16 10:14:46
4598,David Johnson,2023-11-15,758,102,7,31_60D,M,18-25,2025-08-16 17:47:56
4599,Derek Forbes,2024-01-24,18588,101,90,0SANA,F,26-35,2025-09-04 01:28:30
4600,Jackson Green,2024-06-15,2119,103,90,31_60D,F,18-25,2025-07-28 09:23:44
4601,Michael Davis,2024-05-12,19236,105,49,0SANA,F,18-25,2025-08-06 22:29:44
4602,Edgar Edwards,2024-06-05,7737,105,-5,61_90D,F,56+,2025-08-25 16:35:43
4603,Jennifer Olsen,2025-07-25,4236,104,87,31_60D,F,36-45,2025-08-17 10:39:18
4604,Joshua Black,2024-01-24,9797,102,-4,1_30D,F,46-55,2025-09-04 17:11:46
4605,Michael Rodriguez,2024-03-07,13164,102,45,61_90D,F,26-35,2025-08-14 19:02:44
4606,Jessica Cunningham,2025-05-06,1927,104,33,0SANA,F,46-55,2025-08-19 21:26:35
4607,Heidi Goodwin,2024-02-21,3922,102,50,61_90D,M,56+,2025-08-03 05:47:32
4608,Andres Lewis,2024-01-01,5551,103,97,0SANA,M,56+,2025-07-31 01:52:38
4609,Kyle Frost,2024-11-13,18124,101,88,31_60D,F,36-45,2025-09-02 14:14:20
4610,Joshua Williams,2024-04-26,3673,103,84,31_60D,F,56+,2025-08-11 11:04:14
4611,David Martinez,2024-07-29,18957,102,21,31_60D,M,36-45,2025-09-05 04:11:11
4612,Larry Hess,2023-10-21,2937,103,70,61_90D,F,36-45,2025-07-31 16:00:32
4613,Joseph Campbell,2025-05-09,19377,104,61,1_30D,F,46-55,2025-09-02 22:03:47
4614,Adam Taylor,2024-11-29,6675,102,2,31_60D,M,46-55,2025-08-20 08:23:43
4615,Jordan Miller MD,2024-10-31,14290,103,78,0SANA,M,26-35,2025-08-25 14:59:41
4616,Michael Stephens,2024-12-22,15143,102,61,0SANA,M,56+,2025-08-21 12:53:39
4617,Taylor Reid,2025-03-10,16835,101,91,61_90D,F,46-55,2025-08-22 22:46:04
4618,Jason Richardson,2023-10-26,13991,102,4,0SANA,F,46-55,2025-08-24 12:45:30
4619,Mrs. Lisa Macdonald DVM,2025-01-08,8189,104,3,61_90D,M,18-25,2025-08-19 11:20:02
4620,Michael Freeman PhD,2025-04-30,2727,105,81,1_30D,F,36-45,2025-08-26 19:53:36
4621,Michelle Serrano,2025-08-12,7973,104,96,0SANA,M,56+,2025-08-10 06:32:26
4622,Sarah Alexander,2025-01-28,11966,102,39,31_60D,F,26-35,2025-08-03 13:50:03
4623,Pamela Bell,2025-01-24,17022,101,53,0SANA,M,46-55,2025-09-02 00:44:01
4624,Stacy Whitney,2024-11-27,18999,101,73,1_30D,F,36-45,2025-08-26 19:36:57
4625,Samantha Johnson,2024-12-16,16917,101,15,31_60D,M,56+,2025-08-31 14:41:08
4626,Kyle Blanchard,2024-09-13,3377,102,74,0SANA,M,56+,2025-08-28 22:49:05
4627,Regina Ortiz,2025-03-03,16122,105,0,1_30D,F,46-55,2025-08-30 11:34:43
4628,Billy Frey,2024-02-02,6914,103,60,0SANA,M,56+,2025-08-28 21:14:50
4629,Christopher Dodson,2024-08-05,3629,102,96,0SANA,F,18-25,2025-09-02 01:48:58
4630,Jessica Davies,2024-11-29,13011,105,58,1_30D,M,46-55,2025-08-23 04:00:04
4631,Lauren King,2024-12-24,12953,104,63,31_60D,F,18-25,2025-08-06 23:02:28
4632,Scott Thomas,2024-09-12,1939,101,97,31_60D,F,36-45,2025-08-15 17:45:23
4633,Kimberly Cervantes,2024-04-08,2619,101,53,0SANA,M,26-35,2025-09-02 22:19:44
4634,Julie Stuart,2025-04-29,11950,103,98,31_60D,M,36-45,2025-08-13 06:27:35
4635,Jordan Franco,2023-10-11,4755,105,29,1_30D,F,56+,2025-08-09 04:33:11
4636,Linda Burns,2024-11-20,18286,101,16,0SANA,F,26-35,2025-07-31 23:07:14
4637,Katie Fields,2024-11-15,5803,104,47,0SANA,F,36-45,2025-07-29 16:21:45
4638,Jennifer Curry,2024-05-27,13137,103,52,0SANA,M,36-45,2025-08-10 12:24:39
4639,Jonathan Booker,2024-11-08,5337,102,90,31_60D,M,56+,2025-08-06 15:14:46
4640,Travis Lee,2024-07-26,19672,102,9,0SANA,F,36-45,2025-09-02 20:39:26
4641,Lisa Brown,2025-04-22,4342,104,67,0SANA,M,36-45,2025-08-22 08:27:25
4642,Mike Villanueva,2024-01-29,17957,102,32,0SANA,F,56+,2025-08-01 02:14:01
4643,Cassandra Munoz,2024-04-10,8269,105,86,1_30D,F,36-45,2025-08-14 15:30:25
4644,Trevor Huffman,2025-08-17,14949,105,68,0SANA,F,46-55,2025-08-05 01:07:01
4645,Tanya Ferrell,2024-03-19,18639,103,-3,0SANA,M,26-35,2025-08-10 11:09:33
4646,Andrew Adams,2024-09-24,17520,105,27,0SANA,F,18-25,2025-09-01 22:59:46
4647,Karen Price,2023-11-10,16989,102,39,0SANA,M,46-55,2025-09-01 21:24:11
4648,Jennifer Wilson,2023-10-12,2424,103,69,0SANA,F,36-45,2025-08-23 13:07:09
4649,Wendy Knapp,2025-02-24,5697,103,22,1_30D,M,36-45,2025-08-29 00:06:33
4650,Jacqueline Wilcox,2024-02-14,15936,102,66,31_60D,F,36-45,2025-08-14 15:49:50
4651,Michael Smith,2023-10-03,4675,104,2,0SANA,F,46-55,2025-08-25 05:27:14
4652,Dwayne Simmons,2025-08-10,19952,101,36,1_30D,M,36-45,2025-08-01 16:36:36
4653,Kaitlyn Adams,2025-05-16,13008,101,78,0SANA,M,26-35,2025-08-14 18:22:00
4654,Rachel Wallace,2024-10-15,12355,103,20,31_60D,M,18-25,2025-09-04 14:29:49
4655,Emma Baker,2024-06-28,6849,105,70,0SANA,M,36-45,2025-09-01 21:47:07
4656,Craig Holmes,2024-01-25,13774,101,35,61_90D,F,46-55,2025-08-31 09:29:29
4657,Matthew Maldonado,2025-08-10,5453,103,53,0SANA,F,46-55,2025-08-20 06:47:32
4658,Dawn Edwards,2024-06-24,13323,102,46,0SANA,F,36-45,2025-09-03 18:04:23
4659,Rachel Johnson,2024-09-16,7742,105,82,1_30D,F,26-35,2025-07-31 14:11:07
4660,Geoffrey Baker,2025-06-05,17936,104,68,0SANA,F,18-25,2025-09-02 10:24:42
4661,Paul Robinson,2025-01-07,3309,102,-3,31_60D,F,18-25,2025-08-26 15:38:55
4662,Kristin Martin,2023-10-16,716,101,-4,0SANA,F,46-55,2025-09-04 02:43:44
4663,Jeffrey Nelson,2024-10-27,2491,102,20,61_90D,M,36-45,2025-09-05 10:39:26
4664,Mark Thomas,2025-05-26,12048,105,86,31_60D,M,18-25,2025-08-17 06:44:20
4665,Stephanie Davis,2025-07-02,1951,105,93,31_60D,M,46-55,2025-08-02 19:54:37
4666,Dominic Jefferson,2023-08-30,9898,103,79,61_90D,M,18-25,2025-08-20 07:09:00
4667,Karen Daniels,2023-09-16,5087,105,40,0SANA,M,26-35,2025-08-13 06:35:14
4668,Patrick Brown,2025-08-15,12252,101,24,0SANA,M,26-35,2025-08-12 17:56:53
4669,Denise Bean,2024-10-26,4464,103,6,1_30D,F,26-35,2025-08-26 12:15:54
4670,Robert Diaz,2025-05-14,8562,103,41,0SANA,F,26-35,2025-08-13 12:34:17
4671,William Norman,2023-11-17,6217,104,50,0SANA,F,18-25,2025-07-30 12:06:33
4672,Kenneth Thomas,2023-09-27,17719,101,35,0SANA,M,26-35,2025-08-25 03:27:28
4673,Brenda Weber,2024-04-05,5904,105,48,1_30D,F,56+,2025-08-04 05:58:50
4674,Linda Murray,2025-04-29,13721,102,69,31_60D,M,26-35,2025-08-24 03:12:51
4675,Jacqueline Bonilla,2025-08-06,9681,104,29,31_60D,F,46-55,2025-07-31 16:43:42
4676,Melissa West,2024-05-13,17239,103,4,0SANA,M,36-45,2025-08-23 11:20:26
4677,Susan George,2023-10-05,5151,105,-4,31_60D,F,26-35,2025-08-02 01:27:57
4678,Gina Leach,2024-06-23,10790,101,92,31_60D,M,46-55,2025-07-31 17:48:41
4679,Kenneth Lopez,2024-09-07,17417,104,58,1_30D,F,56+,2025-09-01 06:46:27
4680,Maureen Griffith,2025-08-10,17068,101,84,61_90D,M,56+,2025-08-09 16:05:08
4681,Adrian Little,2025-07-31,18527,104,60,0SANA,F,36-45,2025-08-30 02:11:01
4682,Charles Sanford,2024-05-18,7417,105,64,0SANA,F,26-35,2025-08-12 06:56:14
4683,Donald Knapp,2024-02-12,16676,105,59,0SANA,F,56+,2025-08-19 06:15:40
4684,Melissa Carroll,2025-08-25,8043,104,72,0SANA,F,46-55,2025-09-01 01:10:00
4685,Emily Webb,2023-09-05,6255,102,95,0SANA,M,18-25,2025-08-29 02:10:48
4686,Jonathan Shepherd,2025-02-22,17737,101,38,0SANA,M,18-25,2025-07-31 02:24:48
4687,Kellie Edwards,2024-12-22,3266,103,55,0SANA,F,18-25,2025-08-05 03:23:46
4688,John Williams,2024-10-27,8673,102,50,0SANA,M,18-25,2025-09-02 17:52:18
4689,Andre Perry,2025-06-29,6570,104,58,0SANA,M,18-25,2025-08-20 02:10:35
4690,Caleb Thomas,2024-04-26,8086,102,35,0SANA,M,26-35,2025-09-01 03:03:30
4691,Tyler Cruz,2025-08-15,8554,101,56,31_60D,F,26-35,2025-08-23 21:37:43
4692,John Pierce,2023-09-23,4386,101,5,0SANA,F,26-35,2025-08-28 14:00:25
4693,Rachel Bailey,2024-08-26,6929,101,95,1_30D,M,26-35,2025-08-07 13:20:18
4694,Denise Mckinney,2025-04-24,12701,104,70,1_30D,F,26-35,2025-08-04 08:01:00
4695,Haley Johnson,2025-08-04,14257,101,20,0SANA,F,26-35,2025-07-31 13:11:59
4696,David Williams,2024-06-22,4894,103,89,0SANA,M,18-25,2025-08-27 13:27:29
4697,Kristin Doyle,2024-03-01,943,103,63,31_60D,F,46-55,2025-08-02 12:23:17
4698,Rhonda Robbins,2024-04-21,11573,104,88,31_60D,F,46-55,2025-08-06 14:51:02
4699,Matthew Stephens,2023-10-27,5184,103,89,1_30D,F,18-25,2025-08-05 19:24:52
4700,Leah Adams,2023-12-24,8245,102,66,61_90D,M,18-25,2025-08-25 02:52:01
4701,Crystal Anthony,2024-01-28,6124,102,70,31_60D,M,56+,2025-08-14 22:08:21
4702,Donna Giles,2024-05-26,4117,102,21,1_30D,M,56+,2025-08-27 22:09:57
4703,David Hill,2024-03-07,16195,105,23,31_60D,M,56+,2025-08-28 05:32:05
4704,Robert Morgan,2024-07-05,19209,102,88,0SANA,M,36-45,2025-08-13 08:04:34
4705,Philip Martin,2024-03-16,7105,105,10,1_30D,F,26-35,2025-08-15 19:19:54
4706,Jeremy Vega,2025-07-25,16431,104,-1,1_30D,F,46-55,2025-07-31 19:49:36
4707,Patrick Chambers DDS,2025-01-13,13484,104,95,1_30D,M,36-45,2025-08-26 17:04:25
4708,Sean Zimmerman,2025-08-15,17959,104,85,1_30D,F,46-55,2025-08-17 01:14:16
4709,Samantha Harris,2024-02-01,15047,101,32,0SANA,M,56+,2025-08-09 03:57:48
4710,Jennifer Hammond,2024-10-27,8614,102,49,0SANA,F,36-45,2025-08-15 19:42:41
4711,Amanda Brown,2023-11-16,17342,102,99,0SANA,M,18-25,2025-09-05 19:19:28
4712,Tony Martinez,2025-08-22,10385,101,2,1_30D,M,36-45,2025-08-10 16:16:47
4713,Michael Jones,2023-12-14,18194,102,27,61_90D,M,56+,2025-09-01 13:35:08
4714,Crystal French,2024-12-13,4915,101,69,0SANA,F,46-55,2025-07-31 16:39:48
4715,Molly Huff,2024-07-13,17610,101,60,0SANA,F,36-45,2025-08-10 15:28:59
4716,Eric Hall,2025-03-19,11043,105,9,1_30D,F,56+,2025-08-24 04:23:53
4717,Eric Ford,2024-01-19,6884,102,62,31_60D,M,18-25,2025-08-29 05:23:10
4718,Kenneth Turner,2024-06-02,13420,104,66,0SANA,M,18-25,2025-08-27 19:48:25
4719,Margaret Hart,2023-09-25,2310,104,91,31_60D,M,36-45,2025-09-03 03:24:29
4720,Patricia Thomas,2024-07-25,6267,105,0,0SANA,F,56+,2025-08-16 03:50:47
4721,Sarah Mills,2024-11-09,4255,103,30,0SANA,F,26-35,2025-08-16 05:02:19
4722,Robert Allen,2024-11-23,14543,105,86,0SANA,F,26-35,2025-08-27 23:50:04
4723,Richard Wyatt,2024-04-13,10543,104,69,0SANA,F,56+,2025-08-18 22:12:21
4724,Sarah Larson,2024-02-03,4891,104,41,1_30D,F,26-35,2025-08-18 11:52:13
4725,Jonathan Parker,2024-02-18,3761,105,14,0SANA,F,36-45,2025-08-27 21:11:48
4726,Alyssa Moss,2024-01-05,4975,101,33,0SANA,F,36-45,2025-08-01 22:43:31
4727,Teresa Perez,2024-11-06,17294,101,68,0SANA,F,18-25,2025-08-24 04:33:51
4728,Karen Meyers,2025-07-16,18005,102,61,1_30D,F,18-25,2025-08-22 23:25:51
4729,Ruben Houston,2024-09-20,5471,101,61,0SANA,F,18-25,2025-08-28 13:42:13
4730,Emily Dean,2023-11-25,15060,101,29,1_30D,F,36-45,2025-08-24 15:02:45
4731,Dwayne Black,2024-06-03,13088,104,8,0SANA,M,18-25,2025-08-28 00:46:31
4732,Courtney Davis,2024-02-07,18549,104,36,31_60D,M,46-55,2025-08-24 14:19:33
4733,Jennifer Taylor,2025-08-04,8759,102,21,0SANA,F,36-45,2025-09-05 05:46:48
4734,John Watson,2024-04-07,3676,102,5,0SANA,M,56+,2025-07-29 11:07:47
4735,Tiffany Gallagher,2024-10-25,2718,105,66,61_90D,F,18-25,2025-08-01 05:10:45
4736,Debbie Davis,2024-05-28,19459,102,53,0SANA,M,46-55,2025-08-28 23:11:52
4737,Diana Sanchez,2024-09-12,18070,102,43,0SANA,M,36-45,2025-08-26 23:37:07
4738,Ashley Middleton,2025-04-06,11982,101,33,0SANA,F,26-35,2025-08-07 01:09:39
4739,Mrs. Lisa Kelley,2023-09-01,15422,101,34,0SANA,M,18-25,2025-08-08 07:53:07
4740,Kristen Johnson,2024-12-06,7778,103,39,0SANA,M,36-45,2025-09-01 07:27:59
4741,Todd Hahn,2024-07-24,1150,103,2,0SANA,F,46-55,2025-08-28 04:29:33
4742,Austin Lloyd,2024-05-02,4523,104,13,0SANA,M,36-45,2025-09-01 20:38:08
4743,Ruben Robles,2025-03-16,1189,105,34,31_60D,F,46-55,2025-08-07 10:22:52
4744,Edward Ward,2025-07-10,8212,105,48,1_30D,F,26-35,2025-08-05 04:21:07
4745,Michael Parks,2024-04-30,13908,101,49,1_30D,M,56+,2025-08-22 22:23:58
4746,Cathy Santiago,2025-04-15,17028,104,78,0SANA,M,26-35,2025-08-16 08:05:05
4747,Alicia Cunningham MD,2024-03-29,14677,105,4,61_90D,M,56+,2025-08-31 04:37:52
4748,Joshua Nichols,2024-05-08,10687,105,37,1_30D,M,26-35,2025-08-04 20:35:22
4749,Yvonne Acosta,2023-11-01,8995,105,43,0SANA,F,56+,2025-08-18 23:59:07
4750,Anthony Oliver,2023-09-23,15170,105,44,61_90D,F,56+,2025-08-13 20:07:29
4751,Danielle Blackwell,2024-06-05,6819,101,35,1_30D,M,56+,2025-08-10 13:52:25
4752,Brian Woods,2024-12-25,9912,101,17,1_30D,M,36-45,2025-08-19 12:09:49
4753,Kaitlin Lane,2023-09-18,15931,105,56,0SANA,F,36-45,2025-08-15 15:02:49
4754,Henry Branch,2025-07-22,7538,104,0,0SANA,F,46-55,2025-07-28 16:14:42
4755,Ashley Lopez,2024-10-27,4447,102,63,1_30D,M,46-55,2025-08-08 22:46:48
4756,Eric Johnson,2023-12-12,18142,102,4,61_90D,M,46-55,2025-09-05 13:49:48
4757,Jose Morales,2023-09-02,9220,103,37,0SANA,M,56+,2025-08-24 04:11:19
4758,Laura Thomas,2024-09-14,3693,104,84,0SANA,F,56+,2025-08-31 19:58:02
4759,Olivia Ramirez,2025-02-19,10592,102,84,0SANA,F,36-45,2025-08-30 23:06:24
4760,Stephanie Roach,2023-10-19,7938,101,-5,1_30D,M,26-35,2025-08-28 16:38:53
4761,Wesley Cunningham,2024-11-04,6325,101,87,0SANA,F,36-45,2025-08-07 22:39:27
4762,Melissa Williams,2024-03-07,11918,102,74,0SANA,F,18-25,2025-08-30 10:42:32
4763,James Huff,2024-09-22,17499,102,92,1_30D,M,56+,2025-08-18 00:22:48
4764,James Hall,2024-01-22,2342,101,60,0SANA,M,46-55,2025-09-05 11:22:46
4765,Rhonda Fields,2023-10-25,1606,105,19,31_60D,F,18-25,2025-08-23 09:58:01
4766,Ruben Ball,2024-09-12,3275,104,-4,61_90D,M,18-25,2025-08-13 14:18:56
4767,Jason Rose,2024-03-21,17779,105,-1,0SANA,F,56+,2025-08-01 21:58:06
4768,Crystal Smith,2025-05-03,8738,105,49,0SANA,F,18-25,2025-08-07 10:38:16
4769,Jacob Tucker,2023-09-24,12818,101,74,0SANA,F,56+,2025-08-30 17:32:25
4770,Brittany Cole,2024-02-28,3838,101,37,0SANA,F,26-35,2025-08-19 17:16:58
4771,Michael Moore,2024-06-19,10582,105,37,0SANA,M,18-25,2025-08-13 07:32:18
4772,Dawn Jones,2024-11-08,11238,103,79,61_90D,F,26-35,2025-08-09 15:13:58
4773,Caitlin Wilson,2025-01-25,6049,101,52,31_60D,F,36-45,2025-08-29 06:18:42
4774,James Martinez,2024-08-24,10930,101,53,31_60D,F,36-45,2025-08-15 20:38:56
4775,Blake Acevedo,2025-08-10,6286,103,86,0SANA,F,26-35,2025-08-09 13:05:31
4776,Laura Mcpherson,2024-05-21,13924,102,4,0SANA,M,46-55,2025-08-12 04:11:06
4777,James Taylor,2024-06-22,9790,101,20,1_30D,F,18-25,2025-08-08 07:58:14
4778,Sarah Mclean,2024-03-01,9357,103,79,0SANA,F,36-45,2025-08-20 01:40:53
4779,Daniel Howard,2023-11-08,19202,102,64,31_60D,M,46-55,2025-07-29 00:02:01
4780,Cassandra Davis,2024-12-21,5118,102,79,0SANA,M,56+,2025-07-28 21:40:48
4781,Joshua Henderson,2025-01-24,13575,103,23,0SANA,M,18-25,2025-09-01 08:23:03
4782,Ethan Williams,2023-11-29,8256,101,21,0SANA,M,56+,2025-07-31 10:41:53
4783,Brenda Burton,2025-05-23,6129,104,22,61_90D,F,46-55,2025-07-30 04:45:53
4784,Anthony Bryant,2024-10-26,19077,105,92,0SANA,F,18-25,2025-08-25 05:55:09
4785,Kayla Cox,2025-07-23,12758,103,52,0SANA,M,36-45,2025-08-18 22:58:23
4786,Aaron Ramos,2025-03-04,15683,104,20,31_60D,M,26-35,2025-07-28 17:25:07
4787,Gabrielle Jackson DDS,2024-04-12,3817,105,68,0SANA,F,26-35,2025-08-11 03:18:49
4788,William Hill,2023-10-02,16173,102,-3,0SANA,M,18-25,2025-08-03 19:01:40
4789,Stacey Santiago,2025-06-01,12041,101,30,61_90D,F,56+,2025-08-22 05:46:10
4790,Shawn Brown,2023-11-14,4749,101,58,61_90D,F,18-25,2025-08-14 23:36:38
4791,Angela Dennis,2024-05-26,4775,104,81,0SANA,M,46-55,2025-09-04 09:11:13
4792,Jeremy Taylor,2025-03-13,12490,105,49,0SANA,F,26-35,2025-08-08 07:35:16
4793,Sheri Murphy,2025-03-04,17980,102,25,1_30D,F,56+,2025-07-31 14:21:48
4794,John Haynes,2025-03-17,8840,103,-1,0SANA,M,26-35,2025-08-11 16:01:39
4795,Marissa Palmer,2024-08-18,17359,102,2,1_30D,F,36-45,2025-08-02 23:30:48
4796,Brian Graham,2025-02-27,14698,105,70,0SANA,M,26-35,2025-08-11 03:35:17
4797,Sharon Johnson,2024-01-24,7389,103,79,0SANA,F,26-35,2025-08-12 18:44:45
4798,Corey Nicholson,2024-03-08,8249,105,53,0SANA,M,56+,2025-08-02 03:13:52
4799,Amber Snow,2024-09-09,17004,101,36,0SANA,F,36-45,2025-08-18 15:39:12
4800,Alicia Crosby,2025-07-30,11233,104,65,0SANA,M,18-25,2025-08-14 19:30:22
4801,Marilyn Ramirez,2025-06-07,6490,105,33,0SANA,M,36-45,2025-08-22 17:28:51
4802,Marcia Vasquez,2024-09-07,14567,101,40,0SANA,F,26-35,2025-08-12 10:58:52
4803,Kelsey Lee,2025-08-24,15670,104,35,0SANA,F,26-35,2025-08-14 17:58:35
4804,Jacob Aguilar,2025-08-12,6214,102,59,31_60D,M,46-55,2025-08-03 20:03:17
4805,Spencer Walsh,2025-01-10,10858,103,9,0SANA,F,56+,2025-08-19 13:06:24
4806,Donald Ford,2023-12-21,10194,101,90,1_30D,M,18-25,2025-07-31 11:46:17
4807,Christopher Obrien,2024-04-07,14730,105,86,1_30D,F,36-45,2025-08-11 12:57:41
4808,Ms. Laura Price MD,2024-09-08,4369,105,11,0SANA,F,56+,2025-08-05 21:00:57
4809,Jessica Boyd,2024-07-10,9955,102,39,0SANA,M,36-45,2025-09-01 14:59:03
4810,Jennifer Jordan,2024-07-19,15863,105,17,31_60D,F,26-35,2025-08-04 00:09:16
4811,Tanya Cooper,2025-08-18,3526,101,9,0SANA,F,26-35,2025-08-14 16:49:11
4812,Tiffany Davis,2025-03-01,8306,105,41,61_90D,F,26-35,2025-08-13 03:54:42
4813,Julie Kim,2024-11-30,1286,103,48,0SANA,F,46-55,2025-08-31 12:19:00
4814,Daniel Cameron,2024-10-28,9426,101,82,61_90D,M,26-35,2025-08-03 00:08:11
4815,Jeremy Garrett,2024-09-18,2778,104,97,0SANA,M,46-55,2025-08-16 13:30:30
4816,Teresa Hunt,2025-04-14,12486,105,54,31_60D,F,18-25,2025-08-20 22:33:56
4817,Megan Walker,2025-02-26,11948,101,89,31_60D,M,56+,2025-09-04 00:15:51
4818,Patricia Richardson,2024-06-10,3310,103,78,1_30D,F,56+,2025-08-23 23:31:48
4819,Karen Campbell,2024-12-26,15298,105,33,0SANA,F,26-35,2025-09-04 19:44:22
4820,Julie Knight,2023-09-01,4676,105,1,1_30D,M,26-35,2025-08-25 06:56:58
4821,Christopher Rich,2025-06-13,8672,105,50,0SANA,F,36-45,2025-08-01 09:14:10
4822,Amy Williams,2024-06-04,19553,102,35,31_60D,F,36-45,2025-09-02 15:17:46
4823,Nicole Skinner,2025-08-16,2028,103,71,61_90D,F,26-35,2025-08-18 00:29:07
4824,Phillip Robinson,2025-01-06,17345,105,30,1_30D,F,26-35,2025-08-07 21:36:33
4825,Ashley Hopkins,2024-01-17,19831,102,87,0SANA,F,18-25,2025-07-28 07:43:21
4826,Jeffery Rivera,2024-05-26,17156,102,45,0SANA,F,18-25,2025-08-20 05:30:48
4827,Vanessa Campos,2024-11-16,1555,104,1,61_90D,F,18-25,2025-08-31 20:20:09
4828,Sharon Walton,2024-11-23,2344,101,24,31_60D,F,46-55,2025-07-30 13:36:48
4829,Charles Hughes,2025-08-23,7928,105,89,61_90D,M,56+,2025-08-02 05:01:53
4830,Donald Smith,2024-05-03,16539,103,44,0SANA,M,26-35,2025-08-27 07:28:12
4831,Jimmy Nichols,2024-04-11,9656,104,53,0SANA,F,56+,2025-08-20 22:38:48
4832,Joel Smith,2024-03-21,7368,105,30,0SANA,M,18-25,2025-08-26 21:32:22
4833,James Edwards,2023-09-12,15679,105,33,31_60D,M,26-35,2025-08-01 21:26:22
4834,Cathy Nguyen,2024-12-06,10446,102,27,0SANA,M,56+,2025-08-12 00:16:12
4835,Chris Sims,2025-04-25,3517,105,10,1_30D,M,26-35,2025-08-24 12:38:49
4836,Derrick Hall,2024-04-11,2859,104,97,61_90D,F,36-45,2025-08-28 08:12:38
4837,Kevin Hampton,2025-03-06,12922,105,22,31_60D,M,56+,2025-08-26 08:49:20
4838,Richard Jones,2023-10-01,5646,105,14,0SANA,F,46-55,2025-09-03 20:53:05
4839,Tammy Hunt,2024-11-02,17866,101,24,61_90D,M,56+,2025-08-02 07:46:19
4840,Dana Marshall,2024-12-13,9916,101,51,1_30D,M,18-25,2025-08-12 14:56:39
4841,Brandon Figueroa,2025-03-16,11589,101,87,1_30D,M,18-25,2025-08-01 00:36:49
4842,Katie Park,2024-06-29,5061,104,46,0SANA,F,18-25,2025-08-28 21:28:01
4843,Nicole Weiss,2025-07-04,1970,103,-5,0SANA,M,18-25,2025-08-19 14:58:12
4844,Deborah Ross,2025-04-28,16299,105,99,61_90D,M,26-35,2025-08-27 22:57:01
4845,Mark Sanchez,2024-03-04,17721,103,89,0SANA,F,46-55,2025-08-30 16:11:43
4846,Kelly Roberts,2024-05-17,12103,104,74,0SANA,M,18-25,2025-08-19 21:14:30
4847,Luis Hurst,2025-08-07,5918,102,14,31_60D,M,36-45,2025-08-07 11:28:21
4848,Nicole Dickerson,2023-12-31,4603,103,33,1_30D,F,18-25,2025-08-07 16:04:07
4849,Sheryl Wong,2023-09-07,6621,102,74,1_30D,M,56+,2025-07-29 01:58:26
4850,Michael Garrison,2023-09-15,12473,104,6,61_90D,F,46-55,2025-08-10 07:22:11
4851,Victoria Williams,2024-11-17,8122,104,61,31_60D,M,36-45,2025-08-18 18:09:24
4852,David Johnson,2024-10-09,19966,104,20,31_60D,F,46-55,2025-08-20 14:07:39
4853,Michael Petersen,2024-03-08,12707,102,2,0SANA,M,18-25,2025-08-25 15:01:37
4854,Karen Webster,2025-01-08,15080,102,71,31_60D,M,18-25,2025-08-16 00:39:16
4855,Alyssa Nunez,2024-02-02,5575,103,64,31_60D,F,46-55,2025-08-18 11:07:24
4856,Jennifer Benitez,2023-11-23,1171,101,85,31_60D,M,56+,2025-08-17 11:52:22
4857,Mary Ramos,2024-12-03,15538,101,8,0SANA,M,26-35,2025-08-01 03:50:02
4858,Brian Harmon,2024-10-12,13180,101,70,31_60D,F,46-55,2025-08-22 09:14:24
4859,Scott Adams,2024-03-03,5514,103,19,0SANA,F,18-25,2025-08-09 06:35:05
4860,Daniel Williams,2024-04-26,11968,102,80,0SANA,M,18-25,2025-08-26 11:55:40
4861,David Pollard,2024-09-21,10433,101,68,0SANA,F,36-45,2025-08-18 06:37:26
4862,Charles Hayes,2025-07-01,1000,104,64,0SANA,M,18-25,2025-08-11 01:41:57
4863,Taylor Mcbride,2025-08-19,12704,103,16,0SANA,F,26-35,2025-08-06 14:54:19
4864,Patricia Foster,2023-10-14,9573,104,2,0SANA,M,56+,2025-08-01 03:34:07
4865,Peter Landry,2023-12-29,4875,105,30,61_90D,F,46-55,2025-07-30 06:19:03
4866,Felicia Dodson,2023-12-17,5301,104,4,61_90D,F,18-25,2025-08-01 23:45:06
4867,Tyler Robertson,2025-07-04,5622,102,33,31_60D,F,26-35,2025-08-05 10:39:17
4868,Samuel Castro,2024-12-25,15203,105,88,0SANA,M,26-35,2025-08-10 07:03:15
4869,Kendra Jones,2023-09-04,4272,102,7,0SANA,F,56+,2025-09-05 08:44:29
4870,Ronald Pierce,2024-04-24,11101,102,25,1_30D,M,46-55,2025-08-19 21:02:58
4871,Courtney Hunter,2025-08-23,4323,103,62,31_60D,F,18-25,2025-08-02 20:41:51
4872,Cynthia Martinez,2025-07-20,17876,103,89,0SANA,F,26-35,2025-07-31 20:57:11
4873,Nicholas Beltran,2024-10-12,1054,105,24,0SANA,M,26-35,2025-07-30 14:34:46
4874,Debra Day,2024-06-29,18686,104,69,1_30D,F,56+,2025-08-11 07:12:35
4875,Lauren Johnson,2025-06-10,18230,101,38,61_90D,F,18-25,2025-07-28 18:13:37
4876,Robert Nixon,2024-07-25,12798,105,71,31_60D,F,36-45,2025-08-21 01:37:31
4877,Christopher Sloan,2024-07-04,5069,104,75,31_60D,F,36-45,2025-08-07 04:14:05
4878,Debra Lane,2024-02-16,10242,104,95,31_60D,F,56+,2025-08-22 20:09:13
4879,Lauren Caldwell,2024-11-08,5841,104,61,31_60D,F,46-55,2025-08-28 20:41:10
4880,Bradley Sanchez,2023-10-01,3089,103,72,31_60D,M,26-35,2025-08-03 11:08:48
4881,Michelle Rios,2023-09-12,12171,102,28,31_60D,M,56+,2025-08-01 02:02:02
4882,Justin Trujillo,2024-07-23,15483,104,6,1_30D,F,26-35,2025-08-26 12:34:45
4883,Marcia Rowe,2024-04-07,11804,102,21,0SANA,M,36-45,2025-08-22 16:25:35
4884,Alec Alexander,2025-03-28,12924,105,86,31_60D,F,46-55,2025-08-24 10:13:26
4885,Benjamin Welch,2023-10-09,12883,101,89,0SANA,F,56+,2025-08-05 10:28:25
4886,Micheal Hill,2024-08-14,3098,103,65,31_60D,M,26-35,2025-08-24 16:54:01
4887,Juan Davis,2024-01-30,15528,105,67,1_30D,M,56+,2025-08-20 12:10:33
4888,Jeffery Holmes,2024-02-14,8550,104,65,31_60D,F,18-25,2025-08-06 15:52:10
4889,Michael Taylor,2025-05-23,10160,103,91,1_30D,M,26-35,2025-08-23 12:48:36
4890,Mrs. Susan Ryan,2024-10-08,16450,104,68,31_60D,F,36-45,2025-08-19 20:15:11
4891,Craig Reyes,2024-09-29,8063,104,41,31_60D,M,56+,2025-08-20 10:01:50
4892,Donald Martinez,2025-06-20,12946,103,30,31_60D,M,56+,2025-07-28 09:10:20
4893,Wendy Whitehead,2025-08-18,5464,105,54,0SANA,M,36-45,2025-08-02 02:06:38
4894,William Vargas PhD,2023-12-15,3947,101,69,0SANA,M,18-25,2025-07-30 08:44:00
4895,Stephanie Curtis MD,2024-08-29,19654,101,40,31_60D,F,46-55,2025-08-21 21:46:00
4896,Carol Anderson,2024-12-01,5120,102,12,0SANA,M,18-25,2025-08-20 10:10:23
4897,Robert Charles,2025-03-18,8953,105,82,0SANA,M,18-25,2025-08-23 08:04:48
4898,Andrew Weaver,2024-11-30,16521,104,7,1_30D,M,46-55,2025-09-01 06:08:47
4899,David Mcguire,2023-12-06,15791,101,66,0SANA,F,36-45,2025-08-21 19:33:02
4900,Angela Manning,2024-12-11,8787,104,78,1_30D,M,56+,2025-09-05 21:13:11
4901,Jennifer Lewis,2024-09-25,17710,101,12,1_30D,F,26-35,2025-08-17 20:38:49
4902,Jennifer Walker,2024-10-28,17685,105,50,0SANA,F,18-25,2025-07-30 19:14:44
4903,Jeffrey Heath,2025-02-01,14349,101,78,0SANA,F,46-55,2025-09-02 13:49:50
4904,Thomas Flores Jr.,2024-04-09,12100,105,-4,0SANA,F,56+,2025-08-29 12:15:10
4905,John Carter,2023-10-23,3053,104,26,1_30D,M,46-55,2025-08-06 16:24:41
4906,Linda Mcclure,2025-01-01,9893,105,-1,0SANA,M,18-25,2025-08-14 23:39:20
4907,Kara Williams,2025-05-30,16286,103,59,0SANA,F,18-25,2025-08-29 22:12:22
4908,Kristi Hall,2023-11-30,19095,105,2,0SANA,M,18-25,2025-08-12 00:21:14
4909,Brett Sanders,2024-10-06,12941,103,3,31_60D,M,36-45,2025-08-26 02:16:11
4910,Lisa Cook,2023-09-05,8832,104,55,0SANA,F,18-25,2025-08-04 00:09:32
4911,Cheryl Robinson,2024-08-04,19665,104,15,0SANA,M,18-25,2025-08-13 21:38:12
4912,Meredith Garrett,2025-01-06,13825,104,1,0SANA,M,46-55,2025-08-14 03:40:47
4913,Timothy Galloway,2024-01-02,3582,102,99,0SANA,F,18-25,2025-08-20 13:29:30
4914,Amy Boyd,2024-10-28,6917,101,93,0SANA,F,46-55,2025-08-04 19:22:24
4915,John Adkins,2023-10-04,13706,101,3,0SANA,F,56+,2025-08-13 18:32:13
4916,Eric King,2025-03-17,13272,102,17,31_60D,F,26-35,2025-07-28 18:11:59
4917,Christopher Lindsey,2024-08-20,11754,103,73,0SANA,F,36-45,2025-08-20 07:28:25
4918,Robin Mullen,2025-04-16,565,101,90,1_30D,F,36-45,2025-08-25 13:09:09
4919,Phillip Murray,2024-09-15,10315,103,89,61_90D,M,18-25,2025-08-30 02:06:19
4920,Dr. Jason Dyer,2025-07-03,1886,101,28,61_90D,F,26-35,2025-08-22 07:18:57
4921,Megan Hudson,2023-09-26,7590,102,89,0SANA,F,18-25,2025-09-04 00:55:15
4922,Joshua Reynolds,2024-01-27,12398,101,78,0SANA,M,56+,2025-09-01 05:39:48
4923,Michael Villegas,2025-08-11,8075,105,99,31_60D,M,46-55,2025-08-01 02:48:11
4924,Amanda Macdonald,2024-10-20,598,103,6,0SANA,F,56+,2025-08-02 00:44:56
4925,Richard Stevens,2024-07-02,4105,102,3,1_30D,F,18-25,2025-08-13 18:11:23
4926,Michael Hansen,2024-05-08,6258,102,39,1_30D,M,36-45,2025-08-01 08:33:57
4927,Colleen Gonzalez,2024-12-05,19650,101,74,61_90D,F,18-25,2025-09-04 20:49:59
4928,Monique Johnson,2024-05-18,8667,103,50,31_60D,F,46-55,2025-08-01 15:04:39
4929,Beth Turner,2024-01-06,17929,105,20,31_60D,F,56+,2025-08-17 05:07:37
4930,Roy Young Jr.,2025-04-12,13949,105,74,0SANA,M,46-55,2025-08-11 06:56:29
4931,Sergio Moore,2024-02-10,19550,105,40,0SANA,F,18-25,2025-08-14 21:50:26
4932,Mark Hayden,2025-03-31,10275,103,72,0SANA,M,26-35,2025-08-10 20:22:11
4933,Zoe Contreras,2024-01-06,12901,101,58,0SANA,F,36-45,2025-07-31 14:56:24
4934,William Perez,2023-10-01,9224,104,56,0SANA,M,26-35,2025-08-04 20:31:31
4935,Roger Hall,2025-02-03,17662,103,94,1_30D,F,26-35,2025-08-13 14:37:51
4936,Kristin Cook,2023-10-24,5595,102,19,0SANA,M,18-25,2025-08-20 08:58:54
4937,Nicole Hicks,2024-07-23,8048,103,84,31_60D,M,56+,2025-08-01 22:58:48
4938,Jason Smith,2025-02-28,3687,102,15,1_30D,F,36-45,2025-08-01 15:33:29
4939,Joshua Rogers,2024-12-08,9418,101,69,1_30D,F,36-45,2025-08-15 23:59:07
4940,Blake Fernandez,2024-08-27,14176,102,12,0SANA,M,26-35,2025-08-06 04:08:13
4941,Casey Porter,2024-12-16,12786,105,48,1_30D,M,56+,2025-09-04 00:42:28
4942,Derek Morris,2025-06-29,14670,105,51,31_60D,M,18-25,2025-09-05 04:44:53
4943,Mr. Clinton Andrews,2024-05-27,15178,101,50,0SANA,F,26-35,2025-08-02 19:08:48
4944,Jeffrey Gonzalez,2024-05-07,1385,102,10,0SANA,F,56+,2025-08-26 01:30:17
4945,Robert Davis MD,2025-07-10,8700,103,51,0SANA,F,26-35,2025-09-03 12:28:27
4946,Andrew Anderson,2023-11-11,16876,103,22,1_30D,M,26-35,2025-08-31 15:36:21
4947,Jennifer Bailey,2023-10-19,631,103,40,1_30D,M,18-25,2025-07-31 03:58:33
4948,Joseph Brown,2024-02-23,15970,102,24,31_60D,F,18-25,2025-08-20 10:59:23
4949,Andrew Young,2023-11-23,19708,103,77,0SANA,F,46-55,2025-08-05 07:22:54
4950,Eric Mcdowell,2023-12-21,1212,101,74,0SANA,F,36-45,2025-07-31 02:58:17
4951,Angela Powers,2024-09-11,14113,105,71,0SANA,M,26-35,2025-07-30 21:20:56
4952,Paul Anthony,2023-10-12,12890,104,97,1_30D,F,46-55,2025-08-19 13:54:04
4953,Connie Allen,2024-04-08,7366,104,44,0SANA,M,36-45,2025-09-01 04:48:10
4954,Sharon Reynolds,2025-04-28,17006,103,19,31_60D,M,36-45,2025-08-05 12:09:28
4955,Brenda Thompson,2025-03-12,19666,102,-2,1_30D,F,46-55,2025-08-19 22:51:19
4956,Max Dominguez,2024-11-27,19937,102,-1,61_90D,M,18-25,2025-08-27 14:58:14
4957,Jeff Becker,2024-07-05,9973,104,68,0SANA,M,56+,2025-08-13 20:44:18
4958,Sandra Jackson,2025-03-06,17531,101,11,0SANA,M,56+,2025-09-02 09:37:24
4959,Jenna Sanders,2023-11-28,3513,103,58,31_60D,F,56+,2025-08-31 01:03:58
4960,Joseph Aguirre,2024-12-25,10375,102,85,31_60D,F,36-45,2025-08-10 15:20:03
4961,Melinda Sims,2024-07-02,5006,101,24,0SANA,F,26-35,2025-08-18 16:32:38
4962,Peter Wright,2025-05-11,3231,101,31,0SANA,F,26-35,2025-08-13 21:08:58
4963,Jacob Smith,2025-01-27,11078,102,42,1_30D,F,18-25,2025-08-07 07:12:33
4964,Maria Peterson,2024-01-20,17973,101,43,0SANA,F,26-35,2025-07-29 20:13:07
4965,Brianna Silva MD,2023-11-22,13940,101,93,1_30D,M,56+,2025-08-23 14:45:33
4966,Martha Powers,2024-08-11,14010,104,48,0SANA,F,56+,2025-09-04 06:21:58
4967,Michael Waters,2024-09-17,906,103,98,31_60D,F,56+,2025-08-10 13:44:11
4968,Stephanie Schaefer,2024-04-10,14728,103,40,0SANA,M,46-55,2025-08-30 18:00:39
4969,Stephanie Baker,2024-05-25,5481,105,82,31_60D,F,26-35,2025-08-17 01:37:52
4970,Deborah Herrera,2024-09-14,17004,104,81,31_60D,M,18-25,2025-08-12 05:01:33
4971,April Estrada,2025-01-10,9106,103,48,61_90D,F,18-25,2025-08-22 20:59:36
4972,Natalie Rivera,2023-08-27,4965,103,92,31_60D,M,18-25,2025-08-31 16:06:45
4973,Mrs. Anna Pope,2025-06-23,8459,104,55,0SANA,M,26-35,2025-08-28 02:47:39
4974,Lisa Carpenter,2025-04-27,19330,101,44,31_60D,M,26-35,2025-08-13 12:58:12
4975,Samantha Nunez,2023-11-06,17949,103,19,0SANA,M,36-45,2025-07-31 12:56:50
4976,Diana Scott,2024-05-31,9397,104,21,61_90D,M,18-25,2025-07-30 09:36:37
4977,Kathy Miller,2024-04-03,18849,102,66,1_30D,F,18-25,2025-07-30 05:02:28
4978,Zachary Johnston,2023-11-13,4456,103,86,0SANA,F,56+,2025-08-26 10:17:27
4979,Erin Compton,2024-06-12,10226,103,81,61_90D,F,18-25,2025-08-17 06:50:57
4980,Louis Walters,2025-05-19,6468,105,17,0SANA,M,26-35,2025-07-30 03:38:53
4981,Brittany Wilson,2024-02-22,13051,105,36,0SANA,M,26-35,2025-08-17 02:24:42
4982,Danny Miller,2024-09-19,6644,102,35,31_60D,M,26-35,2025-08-14 23:08:34
4983,Kevin Henderson,2024-07-17,4340,101,34,31_60D,F,26-35,2025-08-08 17:23:49
4984,Chelsea Miles,2023-12-10,2013,105,9,61_90D,M,56+,2025-08-25 05:36:56
4985,George Garcia,2025-02-24,8263,102,55,1_30D,F,46-55,2025-08-12 08:26:52
4986,Beverly Sheppard,2024-06-05,14667,102,73,1_30D,M,26-35,2025-08-23 09:27:28
4987,Steven Wright,2023-11-22,2526,104,1,31_60D,F,36-45,2025-08-15 10:25:37
4988,Zachary Cochran,2024-08-29,9314,104,-4,0SANA,M,56+,2025-08-17 21:32:41
4989,Dennis Swanson,2025-05-20,18027,102,34,61_90D,F,36-45,2025-08-19 08:58:09
4990,Kristin Owens,2023-10-23,5154,103,74,31_60D,M,36-45,2025-07-28 18:28:52
4991,Christopher Brown,2025-03-26,10217,101,45,0SANA,F,56+,2025-08-02 04:21:56
4992,Megan Richardson,2024-01-20,7520,102,93,0SANA,F,18-25,2025-09-05 03:08:47
4993,Christopher Parker,2024-05-20,8885,102,52,0SANA,F,36-45,2025-08-22 01:36:45
4994,Amy Rubio,2024-04-11,12401,101,9,0SANA,F,36-45,2025-08-13 20:28:40
4995,Timothy Huff,2023-09-10,10834,104,54,31_60D,F,56+,2025-08-26 01:31:23
4996,Angela Miller,2024-06-26,19653,103,56,0SANA,M,36-45,2025-08-20 20:42:47
4997,Darren Brown,2024-05-17,19460,103,61,0SANA,M,36-45,2025-08-29 08:08:06
4998,Paula Goodwin,2025-01-25,9486,102,23,1_30D,F,18-25,2025-08-16 19:40:31
4999,Jonathon Holt,2024-04-19,11281,102,-3,61_90D,F,56+,2025-08-22 01:29:42
5000,Jason Smith,2025-03-31,18088,104,21,0SANA,F,26-35,2025-08-17 21:08:59
