ClienteID,Nombre,MontoOriginal
1,Curtis White,24587
2,Peter King,14497
3,Michael Ryan,4240
4,Katherine Fisher,10929
5,Claire Winters,2768
6,James Fleming,22572
7,Matthew Horn,24749
8,Travis Rice,20841
9,Julie Powell,17439
10,Adam Harris,13273
11,Kimberly Murray DVM,17833
12,Vanessa Howard,9368
13,Thomas Martin,22725
14,Linda Mcgrath,17443
15,Mary Johnson,11214
16,John Weiss,9436
17,Jeffery Miller,23146
18,Aaron Rivera,7336
19,Christina Cobb,14736
20,Daniel Scott,5040
21,Phillip Gomez,18428
22,Tammy Anderson,14371
23,Linda Burgess,14095
24,Jennifer Davis,17975
25,Christopher Thompson,3810
26,Daniel Hoffman,23575
27,Rebecca Mathis,2819
28,Rodney Lopez,12070
29,Dwayne Willis,7884
30,Daniel Ross,16852
31,Jennifer Gutierrez,7905
32,Brandon Hobbs,4134
33,Mikayla Ross,10745
34,Eric Pena,19505
35,Emily Sawyer,14472
36,Colleen Lamb,12541
37,Danielle Phillips,7383
38,Angela Kim,20299
39,Dawn Gordon,15867
40,Shelly Kramer,22170
41,Tara Scott,18157
42,Jennifer Barrett,11592
43,Diane Gregory,6851
44,Victoria Estrada,10035
45,James Clay,13402
46,Michael Benson,1011
47,Cheryl Ortega,12997
48,Mark Sandoval,22599
49,Sharon Hall,23385
50,Haley Ross,20579
51,Joseph Smith,3977
52,Michael Adkins,21748
53,Richard Wallace,16437
54,Paul Stevenson,10676
55,Joseph Harvey,22987
56,Pamela Mack,18496
57,Alex Garcia,6577
58,Kevin Woodward,18010
59,Jacob Grant,8673
60,Leah Phillips,13264
61,Wendy Leon,22504
62,Christopher Murray,4595
63,Carlos Griffin,5210
64,Mia Barnes,16856
65,Cassidy Wright,13710
66,Kenneth Preston,1381
67,Ronald Giles,15320
68,Steven Small,18858
69,Christopher Jones,1315
70,Joe Smith,2107
71,Johnny Rogers,13348
72,Laura Patel,5200
73,Lauren Gutierrez,8963
74,Kevin Williams,4491
75,Gordon Hall,3669
76,Brooke Gonzales,17413
77,Jennifer Trujillo,14973
78,Christopher Hill,19540
79,Justin Gonzalez,8073
80,Mia Delgado,19477
81,Angela Byrd,3397
82,Samantha Hernandez,12711
83,Peter Lucas,15782
84,Seth Love,12807
85,Paige Carr,21043
86,Anthony Peterson,14067
87,Chelsea White,3796
88,Jonathan Levy,16204
89,Alexandria Bennett,17215
90,Anne Norton,15006
91,Jeremy Mcguire,19235
92,Angela Roth,21315
93,Sara Schroeder,3277
94,Erik Williams,7679
95,Eric Moore,15634
96,Shirley Pacheco,23875
97,Caleb Simmons,21645
98,Hector Obrien,5380
99,George Murphy,3235
100,Amanda Cervantes,12241
101,Kimberly Steele,12589
102,Scott Roberts,20879
103,Jose Santana,13472
104,Joseph Frey,8544
105,Matthew Martin,3736
106,Jessica Cunningham,8732
107,Dale Lester,23176
108,Eric Hays,23248
109,Kevin Jordan,12035
110,Mason Shaw,24872
111,Vanessa Jones,18769
112,Gloria Anderson,12578
113,Ann Shaw,20360
114,Kenneth Clark,14688
115,Jessica Harris,18124
116,Brandy Rojas,15811
117,Ryan Scott,10873
118,Megan Wagner,1013
119,Kimberly Young,19672
120,Melissa Fisher,1537
121,Andrea King,3207
122,Felicia Lopez,12162
123,Alyssa Johnson,3551
124,Colton Williams,16894
125,Derrick Leblanc,7794
126,Kenneth Phillips,18004
127,Ashley Cooper,16713
128,Eric Green,18268
129,Tony Johnson,5338
130,Lee Davenport,22240
131,Ian Stewart,22906
132,Joshua Chan,11829
133,Christopher Walker,23717
134,Paige Jones,18662
135,Brian Graham,14442
136,Valerie Wood,24591
137,Shawn Saunders,23242
138,Deborah Joseph,4715
139,Denise Sanchez,12855
140,Colleen Nguyen,24807
141,Shawn Howell,2866
142,Jeremy Wallace,18626
143,Patrick Jones,14254
144,Oscar Campbell,1417
145,Stephanie Padilla,16499
146,Timothy Flores,13126
147,Lisa Nichols DVM,13222
148,Dustin Rowe,6958
149,Timothy Chavez,12919
150,Zachary Miller Jr.,2151
151,Madison Huffman,24775
152,Stephen Sandoval,6187
153,Alicia Lloyd,7266
154,Michael Holder,16260
155,Jeffrey Mays,12462
156,Ryan Fuentes,12079
157,Yvette Thornton,7036
158,Ryan Walton,15633
159,Brent Adams,13121
160,Danielle Hatfield,9059
161,Donald Martinez,22653
162,Sandra King,3565
163,Stephen Harper,14726
164,Zachary Hammond,2264
165,Jerome Porter,14410
166,Julia Hernandez,19471
167,Carl Shaw,1444
168,Lindsay Jones,23144
169,Rachael Berry,12334
170,Richard Ross,15231
171,Alexandra Davis,15610
172,Bradley Lee,15600
173,Paula Evans,16894
174,Nicholas Erickson,16067
175,Justin Davidson,3948
176,Brian Johnson,14426
177,Elizabeth Cook,4279
178,Matthew Wright,19144
179,Hannah Bailey,16361
180,Frederick Durham,14136
181,Suzanne Rosales,13117
182,Lori Jacobs,13427
183,Toni Munoz,23083
184,Monica Kirk,14237
185,Alicia Obrien,11745
186,Carl Williams,12512
187,Tina Grant,5382
188,Carrie Murphy,3387
189,Melissa Acosta,10377
190,Michael Cooper,14053
191,Christopher Thompson,15367
192,James Dillon,3461
193,Jacqueline May,20274
194,Deanna Sellers,19192
195,Mrs. Amy Becker,8831
196,Holly Edwards,3359
197,Caleb Beck,12520
198,Timothy Russell,20783
199,Michael Jarvis,5580
200,Wayne Stanley,14744
201,Theresa Kelley,21841
202,Brenda Jenkins,24193
203,Deborah Hamilton,20406
204,Ryan Reed,22912
205,Crystal Curtis,6440
206,Mr. Richard Zhang Jr.,5846
207,Andrea Kelly,15988
208,Traci Mcintosh,23135
209,Patrick Rowland,11335
210,Ronald Ramsey,11599
211,Joanne Day,1933
212,Kathleen Higgins,1243
213,Andrew Robinson,14470
214,Mrs. Stacy Waller,19230
215,Kirsten Roberts,8301
216,Patricia Bowen,24425
217,Anthony Johnson,12694
218,James Watson,14797
219,Pamela Mitchell,20868
220,Steven Vazquez,19053
221,Gary Colon,22444
222,Christina Perry,5835
223,Cassandra King,24073
224,Jasmine Gutierrez,4417
225,Tina Turner MD,14508
226,William Park,11794
227,Tanner Wiley,18228
228,Alicia Rice,14432
229,David Long,23766
230,Stephen Brooks,19684
231,Christopher Ford,10230
232,Ryan Soto,1426
233,Cassandra Knight,17779
234,Amber Ross,12413
235,Brittany Krueger,21326
236,Bruce Watts,8143
237,Dr. Kim Murphy,17985
238,Austin Walker,20334
239,Danielle Hinton,5443
240,David Russell,24265
241,Glenda Lopez,15760
242,Angelica Ruiz,4140
243,William Kim,5194
244,Tina Delgado,11082
245,Jessica Brennan MD,16910
246,Tyler Dean,18862
247,Keith Vazquez,6760
248,John Wallace,2749
249,Michael Freeman,11719
250,Kimberly Mendez,20781
251,Karen Hanna,16476
252,Jordan Martinez,16162
253,James Oneal MD,17481
254,Cory Humphrey,20802
255,Theodore Jordan,14303
256,Nicole Dillon,15935
257,Kevin Lopez,10457
258,Patricia King,21077
259,William Rubio,13458
260,Amanda Robinson,17876
261,Christine Holmes,10421
262,Joel Alvarez,3138
263,Hannah Mccullough,21926
264,Alan Hayes,9265
265,Troy Short,15958
266,Cindy Golden,1589
267,Diane Briggs,24680
268,Cody Rhodes,13433
269,Eric Newman,21726
270,Alexis Johnson,20084
271,Ann Rodriguez,12295
272,Tiffany Joseph,22503
273,Melissa House,2648
274,Jake Diaz,6230
275,Derrick Flores,7859
276,Tiffany Weeks,16130
277,Larry Hall,2315
278,Thomas Ryan,23934
279,John Mccormick,12176
280,Ashley Price,19820
281,Daniel Sanchez,18484
282,Kristen Pratt,6499
283,Ryan Smith,15949
284,Connor Adams,3921
285,Cassandra Humphrey,14157
286,Sheri Johnson,12174
287,Andrew Benitez,3303
288,Anthony Roberts,20538
289,David Edwards,18447
290,David Reynolds,18941
291,Kyle Aguirre,4910
292,Mark Jennings,11901
293,James Taylor,18195
294,Veronica Frank,2048
295,Jeffrey Hicks,20187
296,Victor Humphrey,11989
297,Darrell Goodwin,13146
298,Michelle Baxter,10322
299,Rachel Harris,21458
300,Michelle Thompson,13748
301,Denise Allison MD,24583
302,Alan Miller,1150
303,Bob Cummings,11427
304,Rebecca Cardenas,24459
305,Carrie Cruz,12203
306,Christopher Gonzalez,15390
307,Thomas Gomez,10665
308,Mary Parker,20856
309,Daniel Gonzalez,14721
310,Emily Pearson,10346
311,Ashley Heath,12524
312,Daniel Johnson,17708
313,Mr. Paul Harris,11093
314,Jeffery Jones,11307
315,Savannah Miller,19380
316,Roy Tate,24468
317,Megan Alexander,14111
318,Lisa Manning,21875
319,Kelly Anderson,20943
320,Valerie Medina,1989
321,Nicole Christensen,7630
322,Lisa Rodriguez,13736
323,Sean Day,1901
324,David Baxter,11531
325,Kevin Hodges,12524
326,Alan Cruz,5601
327,Sherry George,11672
328,Craig Hicks,23858
329,Casey Moore,19408
330,Hannah Christian,20334
331,Gwendolyn Nunez,4512
332,Donald Walker,9404
333,Ashley Drake,9667
334,Beth Ramirez,11491
335,Tony Yoder,16507
336,Marcus Walton,3114
337,Diana Horn,17988
338,Timothy Molina,11620
339,Denise Davis,8416
340,Jose Berry,21575
341,Jacob Moore,23337
342,Jorge Olson,18673
343,Jessica Ortega,8759
344,Jennifer Silva,22867
345,Katelyn Smith,18466
346,Kenneth Matthews,22343
347,Gregory Garcia,20579
348,Maria Wilson,18199
349,David Mitchell,8327
350,Rebecca Knight,23039
351,Ellen Reyes,21420
352,Sara Rocha,13047
353,Cassandra Lawrence,10285
354,Clinton Kim,21265
355,Christine Simmons,11127
356,Brian Wu,7323
357,Rachel Thomas,11750
358,Tanya Jones,6484
359,Eduardo Gonzalez,10498
360,Monique Willis,21152
361,Lindsey Oconnor,18289
362,Patrick Thomas,10214
363,David Brooks,20620
364,Bernard Robertson,3796
365,Joseph Ferguson,14726
366,Shawn Schmidt,7916
367,Taylor Alexander,8891
368,Jennifer Smith,9749
369,David Wong,24161
370,Matthew Edwards,19456
371,Susan Barrett,3593
372,Lauren Armstrong,16516
373,Paul Gutierrez,12385
374,Robert Francis,8264
375,Ethan Morris,19589
376,Bryan Kennedy,17677
377,Marcus Myers,21456
378,Natalie Fitzpatrick,15890
379,Rodney Faulkner,22589
380,Kelly Meadows,19440
381,Robert Ford,12962
382,Nancy Kennedy,23755
383,Dwayne Schultz,17721
384,Corey Adams,12903
385,Kevin Cross,11519
386,Kyle Miller,2761
387,Claire Baldwin,18333
388,Bruce Porter,12542
389,Michael Lam,11813
390,Dr. Amy Rice MD,21416
391,Dawn Stark,5941
392,Charles Scott,6546
393,Robert Reyes,19427
394,Sarah Davis,10026
395,Mr. Nathan Brown MD,15428
396,Bethany Smith,10349
397,Brandi Hunt,16610
398,Jeffrey Richard,20962
399,Michelle Richard,13909
400,Patricia Jones,21540
401,Carly Valenzuela,9312
402,Rhonda Gardner,9974
403,Gabriel Giles,3027
404,Brittany Miller,13930
405,Donna Patel,17719
406,Jessica Garcia,1687
407,Stephanie Ford,4766
408,Chad Hanna,11797
409,Erika Hicks,21424
410,Jessica Lewis,15937
411,Leah Henry,19842
412,Martin Daniels,1280
413,Zachary Washington,6051
414,Lindsay Martin,11849
415,Shawn Cooper,10658
416,Daniel Lawrence,9732
417,Janet Griffin,24260
418,Larry Parker,10307
419,Sharon Smith,15536
420,Gina King,16323
421,Eric Davis,15495
422,Anthony Nguyen,2273
423,Gina Bruce,20938
424,Micheal Ashley,22233
425,Kevin Barber,13436
426,Alvin Jordan,14199
427,Jacob Herrera,16453
428,Danielle Randall,21867
429,Michael Preston,1607
430,Travis Smith,6240
431,Lee Obrien,5806
432,Mary White,20354
433,Tracy Underwood,14532
434,Danielle Alexander,11987
435,Beth Powell,8073
436,James Mejia,12683
437,John Dougherty,19233
438,Kelly Simon,4903
439,Kristen Watson,19890
440,Tammy Barnes,4860
441,Deborah Boyd,20333
442,Eric Harris,10267
443,Brent Williams,12358
444,Megan Lee,3221
445,Ryan Martinez,19507
446,Brent Murray,10978
447,Anthony Hart,13186
448,Melinda Lawson,24864
449,Anthony Vasquez,9812
450,Eric Jennings,18403
451,Evelyn Holloway,8037
452,Bryan Thompson,22405
453,Kristen Sandoval,11558
454,Julian Callahan,10801
455,Michelle Cooper,6360
456,Ronald Hubbard,5155
457,Gerald Wilson,2644
458,Jackson Carter,5869
459,Stacy Garrett,24557
460,James Dyer,10940
461,Jamie Davis,12243
462,Kathryn Grant,1228
463,Henry Lopez,19259
464,Julie Jones,3940
465,John Flores,7573
466,Tanya Kim,22765
467,Debbie Trevino,22547
468,Virginia Snyder,7751
469,Caroline Roach,17636
470,Autumn Carlson,3656
471,Aaron Jones,11445
472,Jeffery Serrano,17419
473,Mary Martinez,24978
474,Jessica Martinez,1398
475,Russell Santiago,21951
476,April Green,15040
477,Mrs. Carrie Ross MD,10215
478,Steven May,24991
479,Nicole Brennan,14594
480,David Smith,3559
481,Michael Howard,15100
482,Yolanda Griffin,4145
483,Kimberly Bryant,12259
484,James Trujillo,4321
485,Sherry Prince,24272
486,Jenna Rollins,9071
487,Gabriel Jackson,2687
488,Michael Harrington,23583
489,Ricky Noble,23503
490,Ashley Moreno,12656
491,Kyle Smith,7700
492,James Mitchell,13032
493,Andrea Taylor,17562
494,Michelle Valentine,17574
495,Christina Ramirez,17077
496,Kathy Smith,7075
497,Jennifer Mccarthy,5566
498,Justin Hendricks,1087
499,Jennifer Lopez,6217
500,Jeffrey Gutierrez,19411
501,Anna Bell,14474
502,Ashley Perez,21428
503,Cynthia Long,21689
504,Tammy Escobar,18839
505,Jonathan Warren,10830
506,Michael Williams,21349
507,Amanda Flores,22112
508,Randall Clark,4460
509,Jesus Brown,16633
510,Catherine Davis,16019
511,Tammy Washington,4595
512,Jeffrey Mason,22741
513,Cynthia Hernandez,3791
514,Sheila Gibbs,1890
515,Katherine Harrington,10203
516,Shelby Davis,16517
517,Dennis Newman,15707
518,Roberto Baxter,9382
519,David Velasquez,13851
520,Curtis Marshall,12622
521,Miguel Herrera,15495
522,Timothy Richard,8035
523,Jacob Gibson,5960
524,Christopher Morris,16404
525,Jillian Hall,22508
526,Shannon Gonzales,8530
527,Donald Nichols,17898
528,Austin Santiago,3615
529,Michael Salazar,3258
530,Hailey Ho,21383
531,Billy Holmes,15140
532,Andrew Castillo,5442
533,Jennifer Henderson,24358
534,Sharon Lee,13248
535,Mary Roberts,6261
536,Robert Lewis,22820
537,Jeremy Daniel,5593
538,Monica Bernard,13107
539,Alice Joyce,9886
540,James Turner,8971
541,Jacqueline Williams,6300
542,Daniel Fisher,12929
543,Robert Valenzuela,18118
544,Jennifer Taylor,12458
545,Mark Brown,13391
546,Steven Joyce,11323
547,Kimberly Bailey,11325
548,Nathan Hernandez,13616
549,Nicole Nguyen,24480
550,Cynthia Rodriguez,18061
551,Guy Jones,23937
552,Stephanie Duarte,13020
553,Marcus Gibson,4454
554,Levi Wise,19825
555,Joshua Marks,1312
556,Tiffany Williams,19299
557,Christopher Wright,22813
558,Mr. Kevin Yu,21540
559,Kimberly Brown,9732
560,Emily Hawkins,10112
561,Michael Robinson,12117
562,Rachel Garza,6456
563,Ronald Bender,8363
564,Robert Harrington,21884
565,Kelsey Thomas,17604
566,Michael Caldwell,23002
567,Allen Wilson,15153
568,Allison Miller,9688
569,Anthony Garcia,24778
570,Vickie Olsen,22265
571,Gregory Hernandez,7739
572,Elizabeth Perez,19702
573,Michael Reid,16028
574,Savannah Ruiz,21478
575,Allison Briggs,12219
576,Robert Grant,24112
577,Nicole Reed,5840
578,Micheal Lopez,11129
579,Tyler Davis,14129
580,Cassandra Mills,5324
581,Holly Evans,11409
582,Mary Smith,1459
583,Matthew Watkins,18592
584,Cynthia Cantu,8118
585,Ashlee Lee,11561
586,Karen Wagner,18895
587,Johnny Green,9281
588,Kimberly Rhodes MD,13359
589,Shawn King,14102
590,Jessica Henry,5245
591,Walter Smith,2199
592,David Spencer,5084
593,Katrina Scott,2771
594,Sonya Blanchard,21782
595,Sharon Joseph,10447
596,Cheyenne Thomas,9455
597,Tiffany Herrera,20619
598,Lisa Vaughn,10649
599,Bruce Thompson,5673
600,Brian Brown,16358
601,Theresa Sullivan,20130
602,Kristen Kim,1775
603,Yolanda Wilson,6734
604,Denise Watkins,9937
605,Erin King,20358
606,Alexander Pearson,1291
607,Charles Sanchez,3936
608,Stacey Humphrey,21590
609,Francisco Bernard,12300
610,Chelsea Martinez,23204
611,Ricky Sullivan,22449
612,Aaron Rivera,6433
613,Ernest Smith,17933
614,Jon Wood,4949
615,Kathleen White,9921
616,James Velasquez,15642
617,Timothy Simpson,2878
618,Joseph Baker,24974
619,Diane Melton,12481
620,Samantha Stuart,23383
621,Todd Gonzalez,19337
622,Paul Bradley,7327
623,Jorge Young,6158
624,Troy Bonilla,18340
625,Carolyn Hall,4183
626,Kelsey Mcdonald,23529
627,Todd Wright,3370
628,Brian Barr,14723
629,Caitlyn Cobb,9430
630,Judy Watts,20527
631,Rebecca Hendricks,17961
632,Daniel Davis,4237
633,Brian Wheeler,5795
634,Tracy Turner,11079
635,Amber Grant,21731
636,Vincent Delgado,5096
637,Brittany White,9325
638,Latasha Wolf,7994
639,Melvin Mccoy,2722
640,Melanie Young,21610
641,Joseph Hebert,12750
642,Dana Bender,7034
643,Michael Farmer,19280
644,David Rivas,8591
645,Samantha Chavez,23587
646,Sergio Griffin,9001
647,Mrs. Ashley Wallace,4184
648,Kimberly Nelson,20277
649,Eric Meza MD,19583
650,Lonnie Ramos,6887
651,Amy Mccullough,16554
652,Jason Franco,2591
653,John Perkins,16658
654,Brandy Marquez,23617
655,Melissa Jones,19330
656,Melissa Schmidt,10777
657,Erin Howard,15763
658,Paul Taylor,21184
659,Rodney Weiss,23817
660,Lawrence Gray,11188
661,Michael Patel,15058
662,Zachary Estrada,21201
663,Michael Williams,21086
664,Cody Jones,22784
665,Sandy White,22071
666,Jennifer Fuller,15346
667,James Miles,2033
668,David Ramsey,7743
669,Melissa Graves,24305
670,Roger Howard,15522
671,Curtis Hunt,14201
672,Jack Higgins,22386
673,Elizabeth Thompson,8713
674,Mrs. Lori Taylor,21684
675,Wyatt Bates,4618
676,Molly Higgins,11775
677,Sherri Brock,17303
678,Gary Walker,15428
679,Anthony Wilson,15502
680,William Graham,9489
681,Scott Knight,1348
682,Jessica Smith,10827
683,Jacob Mcfarland,18045
684,James Williams,17089
685,Carrie Hall,13133
686,Adam Diaz,3107
687,Brandy Burch,6085
688,Stephanie Perry,19223
689,Michael Harris,20041
690,Stephanie Thompson,4868
691,Michael Ortega,23683
692,Andrew Evans,21387
693,Walter Hudson,3020
694,Mrs. Jennifer Vincent,16898
695,Kristin Lewis,11251
696,William Young,2732
697,Megan Gonzales,6538
698,Stacy Jones,20316
699,Lindsey Hill,9745
700,Phillip Madden,8633
701,Diane Campbell,9418
702,Mark Mills,12190
703,Patricia Hernandez,20292
704,Jeremy Turner,11177
705,Catherine Molina,19071
706,William Sandoval,11678
707,Pamela Butler,21450
708,Melissa Escobar,23162
709,Jocelyn Tucker,24943
710,Ralph Alexander,22968
711,Daniel Keller,23525
712,Carl Sanchez,20142
713,Kevin Chaney,15575
714,Joshua Smith,13504
715,Wesley Adams,17353
716,Victoria Reid,11220
717,Timothy Gordon,6677
718,Tanya Herrera,18847
719,Michelle Garcia,9883
720,Edward Pittman,16515
721,Stephen Edwards,4038
722,Miranda Reed,3295
723,Kelly West,8584
724,Monica Decker,9108
725,Austin Morales,17991
726,Kelsey Martinez,1647
727,Regina Spears,14659
728,Amy Johnson,22029
729,Jasmin Valenzuela,8079
730,Lee Graham,10420
731,Maria Collins,21942
732,Marissa Pugh DVM,11922
733,Alicia Sullivan,3500
734,Cynthia Miller,3574
735,Victoria Hernandez,21253
736,Russell Mason,4413
737,Shannon Eaton,11289
738,Thomas Lang,3891
739,Carolyn Monroe,21798
740,Tiffany Sutton,8010
741,Emma Elliott,21039
742,Steven Murphy,13614
743,Monique Zuniga,24603
744,Brian Galloway,8021
745,Amanda Simpson,2635
746,Melissa Powell,21320
747,Kenneth Martinez,11611
748,Shawn Gates,9327
749,Heather Kirk,7400
750,Joseph Welch,18859
751,David Solis,19853
752,Emily Mitchell,19549
753,Jill Bryan MD,17569
754,Christopher Case,7341
755,Janice Lawrence,18259
756,James Gutierrez,21953
757,Stephen Fitzgerald,24645
758,Denise Guerrero,16784
759,Bruce Wright,3975
760,Laurie Ortiz,5014
761,Jessica Stevens,9356
762,Jonathan Burns,8143
763,Michael Durham,6597
764,William Davenport,13553
765,Jennifer White,21850
766,Sylvia Harris,16229
767,Patricia Armstrong,17917
768,Tracy Johnston,17463
769,Susan Santiago,15879
770,Tamara Harris,18250
771,Jessica Osborne,14148
772,David Coleman,3277
773,Victor Jones,10540
774,Lori Patterson,4596
775,Teresa George,19752
776,Devin Adams,2198
777,Sarah Espinoza,21334
778,Nathan Payne,8732
779,Douglas Floyd,11791
780,Paul Williamson,18959
781,Krystal Kelley,5495
782,Natalie Gonzalez,2806
783,Linda Meyer,7816
784,Dylan Contreras,20501
785,John Alexander,14288
786,Holly Travis MD,21685
787,Kevin Allen,3620
788,Michael Holt,12515
789,Donna Jackson,3917
790,Brian Bernard,12188
791,James Hernandez,16973
792,Barbara Mendez,6247
793,Randall Woodward,21239
794,Brandy Mitchell,7948
795,Denise Davis,22250
796,Dawn Case,22955
797,Terri West,23754
798,Elizabeth Campbell,13492
799,Tammy Lester,20321
800,Theodore Thomas,22570
801,Joseph Smith,9377
802,Patricia Barton,5214
803,Rachel Bradley,15025
804,Sandra Carter,23942
805,Brady Roy,14303
806,Carlos Dean,2398
807,Katie Peterson,18251
808,Christopher Greene,2520
809,Jessica Rodriguez,22119
810,Linda Matthews,11832
811,Lauren Bennett,13614
812,Michelle Myers,7121
813,Michelle Waters,1631
814,Marvin Richardson,23969
815,Amber Barnes,22877
816,Leah Edwards,18389
817,Andre Fitzgerald,2797
818,Robin Gonzales,20442
819,Scott Gutierrez,7573
820,Madison Leach,21641
821,Sandra Rose,16959
822,Jason Hernandez,5480
823,Ashley Jacobs,4749
824,Todd Hayes,19106
825,Michael Watson,16420
826,Daryl Sanchez,18359
827,Wayne Lloyd,14865
828,Sheila Gonzales,16069
829,Daniel Rivas,24815
830,Dean Harrison,20561
831,Colleen Hester,24174
832,Joseph Pope,16539
833,Matthew Reynolds,10704
834,David Clark,12203
835,Molly Hall,8623
836,Jennifer Johnson,24234
837,Andrew Gonzalez,16397
838,James Molina,2518
839,Robert Lester,6401
840,Robin Freeman,2988
841,Robert Williams,11204
842,Sharon Johnson,15835
843,William Duncan,2685
844,Erin Macdonald,13876
845,James Lewis,14533
846,Laura Anthony,3575
847,Edwin Sanchez,9153
848,Chad Richardson,23826
849,Jonathan Adams,15639
850,Michael Dixon,1629
851,Ashley Christensen MD,6198
852,Jenna Gonzalez,14164
853,Benjamin Boyd,14273
854,Angela Duncan,21061
855,Roy Green,1117
856,Kelsey Riley,16643
857,Samantha Smith,9034
858,Anthony Williams,17748
859,Mark Reed,7123
860,Rachel Rodriguez,14308
861,Laura Patel,6429
862,Jonathan Brown,23720
863,Lawrence White,14257
864,Maurice Cohen,16031
865,Heather Castro,2564
866,David Garcia,12830
867,Jason Ray,18873
868,Jacqueline Brown,10550
869,Michelle Moses,14544
870,Jennifer Vasquez,6093
871,Christina Taylor,13361
872,Kyle Baker Jr.,11426
873,Steven Horn,12547
874,James Schultz,3909
875,Kristina Wilson,19193
876,Cynthia Ross,4098
877,Michelle Jackson,12399
878,Jack Edwards,19406
879,Denise Gates,6048
880,Yesenia Hill,4447
881,Gary Carlson,23824
882,Zachary Davis,15552
883,Chelsea Newton,14938
884,Joshua Holmes,5975
885,Stephanie King,6429
886,Heather Lewis,21998
887,Dawn Oliver,20562
888,Keith Hall,7967
889,Eric Rosales,4719
890,Haley Rangel,22453
891,Daniel Edwards MD,4393
892,Donna Miller,11055
893,Jeffrey Wells,4252
894,Jeremy Coleman,13339
895,John Lane,6180
896,John Wall,8384
897,Haley Williams,19958
898,Luke Richardson,18225
899,Sue Thomas,17728
900,Carol Smith,2032
901,Karen Mcdaniel,21019
902,Ricky Hayes,7572
903,Kelli West,15963
904,Steven Choi,8977
905,Tammy Bishop,9785
906,Michael Barker,11307
907,Dean Moreno,17139
908,Jared Bryant,7105
909,Jamie Johnson,8259
910,Jacob Thompson,15046
911,Susan Simmons,22636
912,Kristine Vaughan,3014
913,Scott Vance,5231
914,Joseph Gonzalez,17504
915,Margaret Carter,7820
916,Valerie Green,18437
917,Rebecca White,4370
918,Brittany Barnett,11517
919,Lee Gardner,11690
920,Richard Daniel,19800
921,Derek Meyer,17523
922,Christopher Hughes,2531
923,Tina Williams PhD,9402
924,Lisa Choi,22875
925,Kimberly Beck,11036
926,Brenda Olson,14856
927,April Ward,14396
928,Christopher Fisher,17128
929,Daryl Farley,14439
930,Christine Contreras,20227
931,Erin Shaw,24624
932,Robert Horton,24333
933,Katherine Owens,13831
934,Dustin Keith,24080
935,Steven Richard,4261
936,Laura Sherman,15010
937,Jodi Castillo DVM,12042
938,Jeremy Todd,20524
939,Bridget Nguyen,18207
940,Anthony Johnson,21854
941,Marcus James,21106
942,Kyle Owens,2282
943,Dr. Maxwell Higgins,9748
944,Alicia Herrera,3483
945,Nicholas Taylor,6560
946,Lauren Cook,14918
947,Megan Rich,11415
948,Brittany Black,2356
949,Robert Shaffer,13982
950,Thomas Anderson,3638
951,Melody Shields,2124
952,Timothy Liu,24231
953,Michael Johnson,11624
954,Nathaniel Vaughan,9853
955,Curtis Watkins,7490
956,Kara Henry,17190
957,Steven Howard,17067
958,Mr. Benjamin West Jr.,23251
959,Rebecca Livingston,16580
960,David Lopez,23484
961,Mrs. Pam Jones DDS,16122
962,Jason Ball,8863
963,Melissa Beard,20836
964,Edward Tran,9157
965,Gloria Powell,21007
966,Andrew Ware,15501
967,Mackenzie Martinez,24758
968,James Daniels,17867
969,Sharon Kennedy,7501
970,Nathaniel Sellers,8386
971,Meghan Hernandez,8742
972,Dennis Padilla,1845
973,Amy Wallace,10039
974,James Farmer,15664
975,Nicole Ryan,4671
976,Yolanda Matthews,22573
977,Albert Miller,14498
978,Rebecca Porter,13352
979,John Lewis,10854
980,Sarah Santos,7127
981,Michael Lambert,6432
982,Elizabeth Martinez,21731
983,Paige Riley,19628
984,Dr. Jenna Patel PhD,10774
985,Adam Baker,1375
986,Natalie Young,7944
987,James Huff,16179
988,Holly Cain,10802
989,Joseph Garcia,22361
990,Christopher Smith,14935
991,Alex Mcintyre,16144
992,Jaclyn Allen,4124
993,Jeffrey White,15751
994,Charles Mays,3554
995,Shelley Miller,24134
996,Nathan Martin,3278
997,Harold Harris,22531
998,Julie Kelly,15040
999,Cynthia Miles,17111
1000,Leslie Meyer,7041
1001,Steven Vance,24243
1002,Claudia Allen,1879
1003,Michael Rush,5533
1004,Elizabeth Guerrero,1054
1005,Jonathan Long,17279
1006,Jennifer Salinas,6192
1007,William Montgomery,6544
1008,Michael Graves,16579
1009,Charles Ramirez,19541
1010,Patrick Curtis,15551
1011,Destiny Mitchell,11510
1012,Mark Salazar MD,21332
1013,William Baird,11253
1014,Jorge Lewis,1759
1015,Jonathan Walker,13295
1016,Thomas Little,10176
1017,Matthew Sloan DDS,1284
1018,David Morrison,23798
1019,Steven Jenkins,16833
1020,Elizabeth Camacho,8414
1021,Anita Horne,1188
1022,Timothy Ortiz,15502
1023,Victor Gonzalez,3583
1024,Mr. Stephen Ward,18867
1025,Curtis Horne,7615
1026,Megan Smith,8593
1027,Paul Daniel,24795
1028,Mark Thompson,23212
1029,George Ramos,17652
1030,Elizabeth Macdonald,19461
1031,Robert Wise,14405
1032,Mary Vazquez,10180
1033,Jerome West,19193
1034,Jerry Crawford,16887
1035,Shaun Griffin,4927
1036,John Cooley DVM,4967
1037,Monica Skinner,10908
1038,Troy Ford,2458
1039,David Bender,19790
1040,Diane Ramirez,7618
1041,James Garcia,17376
1042,Dalton Lawrence,19504
1043,Zachary Dixon,24222
1044,Paul Farley,3107
1045,Benjamin James,7309
1046,Heather Morrison,23588
1047,Nicole Knapp,20988
1048,James Wood,18248
1049,Edward Green,13805
1050,Wayne Johnston,10008
1051,Jeffrey Jackson DDS,1925
1052,Mary Gonzales,18308
1053,Colleen Gomez,22181
1054,Shawn King,8172
1055,Kevin French,6659
1056,Jenna Jackson,9976
1057,Leslie Smith,20315
1058,Gregory Wright,14955
1059,Martha Horne,24843
1060,Evan Anderson,16768
1061,Pamela Patterson,3873
1062,Robert Perez,5493
1063,Cristian Gutierrez,8595
1064,Michael Austin,17430
1065,Douglas Campbell,19047
1066,Kimberly Diaz,1070
1067,Terri Dawson,2349
1068,Francisco Jenkins,7043
1069,Noah Jones,18761
1070,Steve Benton,12040
1071,Robin Vaughn,14581
1072,Carol Whitaker,4347
1073,Megan Morgan,7246
1074,Jacob Green,19373
1075,Victor Wood,1675
1076,Sarah Taylor,6489
1077,Brianna Mullen,9087
1078,Tristan Cain,4402
1079,Mario Harris,19400
1080,Christine Hernandez,3803
1081,Robert Schneider,15947
1082,Denise Espinoza,10636
1083,Joanne Chavez,7469
1084,Miranda Vazquez,4415
1085,Sharon Davis,10841
1086,Brandi Garcia,14347
1087,Kathleen Wood,13837
1088,Robert Warren,11670
1089,Charles Jones,24331
1090,Richard Wilson,10313
1091,Cody Peterson,10540
1092,Brian Turner,20986
1093,Alicia Martinez,17939
1094,Jenny Adams,19018
1095,Gregory Brown,23673
1096,Anthony Martin,21805
1097,Jennifer Williams,10095
1098,Carl Simpson,8576
1099,Travis Rogers,4185
1100,Justin Wall,3210
1101,Emily Banks,11852
1102,Ms. Roberta Weber,17343
1103,Donna Lane,18372
1104,Jacob Rice,7609
1105,Jennifer Lang,12366
1106,Sergio Tran,13577
1107,Joel Fuentes,17668
1108,Amy Smith,22644
1109,John Bowen,10463
1110,Calvin Johnson,15041
1111,Jeremy Navarro,22194
1112,Rachel Weaver,10744
1113,Douglas Carroll,17977
1114,Mark Arnold,6656
1115,Jessica Everett,9563
1116,Michele Jackson,22760
1117,Leah Anderson,20149
1118,Robert Lopez,7773
1119,Devin Castro,5399
1120,Roberto Torres,23859
1121,Rhonda Alvarado,9982
1122,Michael Schwartz,18485
1123,Kevin Zimmerman,15753
1124,Roberto Erickson,8365
1125,Alex Cannon,23445
1126,Juan Clark,3591
1127,Angelica Cruz,7062
1128,Rhonda Barr,1627
1129,Taylor Jones,16104
1130,Diane Rodriguez,17926
1131,Michele Miller,18322
1132,Jason Martin,11135
1133,Nicole Fitzpatrick,14936
1134,Nicole Jackson DDS,1650
1135,Lawrence Bradford,3000
1136,Laura Padilla DDS,14031
1137,Ryan Moreno,12734
1138,Dawn Brown MD,24838
1139,Lauren Kelly,7886
1140,Daniel Daniels,22126
1141,Steven Franco,1147
1142,Jennifer Newman,17131
1143,Robert Richardson,24600
1144,Brian Gillespie,3992
1145,Amanda Fitzpatrick,15635
1146,William Pena,16455
1147,Aaron Torres,17751
1148,Regina Kirby,21541
1149,Robert Roberts,8199
1150,Monica Smith,14106
1151,James Skinner,15045
1152,Craig Roberts,5275
1153,Victor Duke,3660
1154,Jeffrey Wallace,9598
1155,Monique Jones,5361
1156,Douglas Boyd,7100
1157,Kimberly Whitehead,2714
1158,Samantha Diaz,14226
1159,Russell Lambert,21716
1160,Christopher Williams,11751
1161,Robert Potts,15257
1162,Taylor Salinas,4494
1163,Christine Anthony,11846
1164,Victoria Goodwin,5792
1165,Steven Williams MD,6654
1166,Angela Scott,11236
1167,Zachary Donaldson,4604
1168,Brandon Martin,8117
1169,Jeffrey Ramirez,22039
1170,Charles Wallace,10708
1171,Shirley Dunn,19529
1172,William Cole,4434
1173,Theresa Rodgers,14090
1174,Marie Collins,2031
1175,Kendra Lewis,1213
1176,Jessica Smith,6399
1177,David Harvey,7957
1178,Laura Rich,13152
1179,Daniel Powers,2503
1180,Jeffrey Hill,22457
1181,John Kidd,12256
1182,Courtney Sloan,12057
1183,Michelle Meyer,14915
1184,Richard Morgan,18796
1185,Julie Garcia,18457
1186,James Johnson,16565
1187,William Johnson,8986
1188,Charles Whitehead,17918
1189,Luis Cox,9417
1190,Ariel Smith,11643
1191,Jacob Morris,21802
1192,Anthony Stevenson,15125
1193,John Burton,6977
1194,Lisa Hayes,9070
1195,Kimberly Brock,2401
1196,Erik Clark,11194
1197,Daniel Smith,18428
1198,Ricky Smith,12143
1199,Justin Odom,11895
1200,Emily Shepherd,13755
1201,Elizabeth Hunter,14932
1202,Ashley Dean,14404
1203,Krystal Reed,8413
1204,James Vance,6425
1205,Lisa Warren,3247
1206,Michele Greene,15522
1207,John Fernandez,4095
1208,Ricky Welch,8415
1209,Jasmine Potter,17941
1210,Michael Green,14069
1211,Todd Clark,21849
1212,Mary Meyer,3664
1213,Matthew Smith,2536
1214,Diana Ward,5695
1215,Paul Singleton,21027
1216,Jose Kelley,18089
1217,Terrance Stein,13688
1218,Deborah Wallace,10468
1219,Kendra Hill,1393
1220,Christopher Barker,14777
1221,Emily Orr,4295
1222,Roy Harrison,4356
1223,Daniel Allen,6066
1224,Tara Sparks,24513
1225,Jeffrey Davis,7438
1226,Anthony Perez,16971
1227,Dustin Torres,22387
1228,James Brewer,6546
1229,Bruce Gomez,10827
1230,Matthew Wilson,20279
1231,Isaiah Wagner,11114
1232,Stephen Garcia,14686
1233,Terry Garcia,8817
1234,Wanda Lee,15263
1235,Katherine Sanders,13528
1236,Ronald Park,2931
1237,Jennifer Stout,2303
1238,Timothy Garcia,15174
1239,Garrett Lewis,15885
1240,David Henderson,11789
1241,Joshua Calhoun,14446
1242,Taylor Roberts,19785
1243,Jessica Rich,20550
1244,Gregory Thomas,7240
1245,Devin Alvarado,11276
1246,Candace Kennedy,5309
1247,Tracey Melton,19437
1248,Thomas Smith,12613
1249,Thomas Todd,4202
1250,Matthew Carlson,7122
1251,Keith Cunningham,3497
1252,Christine Butler,24820
1253,Stacey Bowman,7108
1254,Mark Randolph,16172
1255,Brandon Ho,4916
1256,Jack Palmer,4089
1257,William Rodriguez,22596
1258,Frederick Edwards,3275
1259,Danielle Williams,16433
1260,Maria Hill,10060
1261,Rebecca Lee,9729
1262,Sharon Thornton DDS,8256
1263,Brittany George,24889
1264,Tanya Hill,1450
1265,Patricia Mejia,19637
1266,Gary Smith,3042
1267,Heather Davenport,19490
1268,Roy Fowler,3989
1269,Elizabeth Anderson,13130
1270,Anthony House,14331
1271,Mark Booth,4619
1272,Dwayne Santiago,4095
1273,Roger Day,3750
1274,Julie Ruiz,1065
1275,Cory Hickman,7587
1276,William Fuller,15937
1277,Jessica Odom MD,15738
1278,Denise Smith,8777
1279,Anna Butler,21559
1280,Amy Mitchell,22340
1281,Michael Miller,19090
1282,Chelsea Patterson,24055
1283,James Jennings,17215
1284,Matthew Morales,22065
1285,Andrea Chavez,12165
1286,Jamie Boyd,23608
1287,Spencer Weiss,24056
1288,Shannon Baker,15606
1289,Brian Jones,17158
1290,Michelle Johnson,17837
1291,Jonathan Simpson,10990
1292,Dawn Shannon,2795
1293,Gregory Moses,22338
1294,Alexis Welch,13324
1295,Jeffrey Simmons,15099
1296,Dale Stewart,21804
1297,Emily Horn,8067
1298,Ricardo Perez,10026
1299,Roger Clarke,18623
1300,Diana Johnson,2281
1301,Denise Torres,22890
1302,Christopher Howard,5704
1303,Monica Williams,13768
1304,Megan Marshall,15825
1305,Linda Fowler,11295
1306,Bill Drake,11251
1307,Lisa Smith,22468
1308,Jessica Roy,24333
1309,Holly Perez,10411
1310,Larry Thomas,14116
1311,Richard Simmons,11018
1312,Lisa Oconnor,11725
1313,Holly Page,2883
1314,Chase Holland,15872
1315,Cody Adams,24226
1316,Christine Trujillo,8373
1317,James Buchanan,22357
1318,Amanda Shannon,2509
1319,Michael Leon,9786
1320,Erica Hernandez,12077
1321,John Scott,21541
1322,Timothy Wagner,9934
1323,Connie Williams,3169
1324,Brett Mayo,18986
1325,Kyle Ramirez,3079
1326,Mitchell Hayes,13182
1327,Joseph Marshall,11248
1328,Elizabeth Alexander,7673
1329,Elizabeth Park,6574
1330,Brian Palmer,23495
1331,Mason Bradford,19456
1332,Alexis White,3369
1333,Donald Martinez,1931
1334,John Soto,22335
1335,Caitlin Gallegos,12155
1336,Alex Compton,5152
1337,Mrs. Shirley Williams MD,23883
1338,Lisa Kim DVM,20068
1339,Ann Stanley,18198
1340,Alejandra Foster,17831
1341,Jason Jordan,7833
1342,Dr. Steve Robertson,19363
1343,Tiffany Smith,18703
1344,Alicia Schmidt,9547
1345,Dennis Williamson,3218
1346,Melissa Marshall,9088
1347,Teresa Marsh,16400
1348,Paula Mack,8825
1349,Brandon Cruz,3555
1350,Brooke Moran,21056
1351,Matthew Brown,2230
1352,Francis Walters,15103
1353,Mark White,10918
1354,Jeremy Silva,23656
1355,Richard Powell,18829
1356,Thomas Hayes,15409
1357,Susan Hunter,8296
1358,Courtney Avila,9857
1359,Jessica Barnes,24119
1360,Stephanie Johnson,3178
1361,Mary Sullivan,6928
1362,Sean Watts,2505
1363,Sharon Salazar,22414
1364,Troy Hardy,6187
1365,Ryan Reeves,22450
1366,Selena Ortiz,18067
1367,David Barber,13363
1368,Dylan Johnson,7013
1369,Megan Rojas MD,10911
1370,Cameron Johnson,20060
1371,Sarah Rodriguez,15076
1372,Susan Little,23755
1373,Patricia Lopez,12258
1374,Melissa Price,21441
1375,Jennifer Perkins,22812
1376,Jamie Ramirez,3148
1377,Brian Carrillo,23274
1378,Evan Ferguson,9615
1379,Helen Alvarez,15964
1380,Stephanie Gilbert,18763
1381,Patricia Leon,4638
1382,Lynn Jacobson,1452
1383,Steven Short,7308
1384,Natalie Keller,16618
1385,Troy Wells,24890
1386,Allison Brown,1214
1387,Donna Chan,19983
1388,Luis Boyle,7879
1389,Fernando Rodriguez,19099
1390,Lindsey Shelton,10344
1391,Kari York,15637
1392,Samuel Adams,3093
1393,Sheila Velazquez,3124
1394,Mary Barnett,5284
1395,Brenda Rosales,24590
1396,Brandon Moore,5468
1397,Sierra Williams,16075
1398,Samantha Jackson,9870
1399,Jodi Ballard,17286
1400,Donald Wagner,5706
1401,Daniel Hamilton,18780
1402,Frederick Arias,18144
1403,Dr. Angela Richardson,17450
1404,Anna Watson,23224
1405,Ricky Chambers,11695
1406,Jessica Thompson,22204
1407,John Simpson,6400
1408,Elizabeth Best,15744
1409,Eric Guerrero,4110
1410,Emily Taylor,21244
1411,Matthew Davis,3177
1412,Robert Perez,16372
1413,Kevin Collins,22281
1414,Dustin Diaz,4052
1415,David Mcclure,24254
1416,Christopher Baker,11805
1417,Heather Cline,3884
1418,Joseph Sanders,5260
1419,Erin Carr,12922
1420,Virginia Bell,4911
1421,Margaret Perry,15869
1422,Jacob Murphy,10592
1423,Melissa Soto,11091
1424,Renee Sanders,16210
1425,Melissa Villarreal,2435
1426,Philip Johnson,3459
1427,Joseph Bradley,20351
1428,Sara Page,20643
1429,Evan Allen,15711
1430,Carlos Graham,17992
1431,Ronald Burke,12551
1432,Dana Jefferson,17863
1433,Richard Smith,4356
1434,Mrs. Brandy Cruz,8888
1435,Ashley Johnson,10271
1436,Krista Gilbert,23388
1437,Jennifer Martin,11496
1438,Mr. Antonio Smith Jr.,11463
1439,Joyce Reynolds,21740
1440,Daniel Bailey PhD,22527
1441,Megan Howard,1300
1442,Wayne Thomas,20516
1443,Timothy Smith,16950
1444,Miss Donna Anthony,22988
1445,Alex Davenport,13227
1446,Christian Smith,12326
1447,Rodney Lee,17372
1448,James Hill,8864
1449,Luke Tucker,18359
1450,Joel Baker,6960
1451,Marisa Price,11464
1452,Lori Edwards,17041
1453,Michael Walker,18033
1454,Bryce Oliver,19259
1455,Brandon Brown,19563
1456,Thomas Black,5927
1457,Debra Davis,12208
1458,Paige Gibson,10970
1459,Kevin Perkins,17189
1460,Heather Quinn,6982
1461,Rachel Evans,9952
1462,Monica Le,15242
1463,Dillon Miller,8071
1464,George Jimenez,16215
1465,Vanessa Walker,3963
1466,Nicole Olson,23762
1467,Andrea Nelson,11536
1468,Olivia Lewis,11319
1469,Angela Barker,19978
1470,Veronica Holden,5578
1471,Jesse Burke,4170
1472,Rodney Pierce,19342
1473,Vincent Wade,16314
1474,Matthew Nelson,3739
1475,Michelle Ramirez,18697
1476,Daryl Mckay,10790
1477,Michael Bowman,7649
1478,Chad Kelley,10476
1479,Melissa Hernandez,7890
1480,Austin Alexander,14089
1481,Melinda Erickson,2150
1482,Ann Taylor,10686
1483,Donald Hansen,2916
1484,Amy Andrews,11030
1485,John Scott,24216
1486,Jordan Brady PhD,7787
1487,Michael Smith,8464
1488,Jessica Jordan,14316
1489,Karen Tanner,22314
1490,Corey Ashley,2557
1491,Martin Fowler,7016
1492,Christopher Cohen,13653
1493,Cynthia Lang,9004
1494,Monique Williamson,18567
1495,Anne Gilbert,19425
1496,Makayla Davis,11775
1497,Kayla Mcmahon,10215
1498,Ashley Mitchell,23322
1499,Matthew Smith,3495
1500,Matthew Fox,10580
1501,Patricia Lam,18229
1502,Steven Church,24018
1503,Rachel Mills,14833
1504,Sean Hunt,4420
1505,Jesus Woodard,13220
1506,Scott Rodriguez,6514
1507,Maria Castro,15537
1508,David Hernandez,22742
1509,April Ryan,16323
1510,John Daugherty,12592
1511,Mary Rivas,13232
1512,Michael Love,6888
1513,Michael Arias,6792
1514,Mary Perez,3261
1515,Bob Thomas,13508
1516,Julia Perez,5009
1517,Joseph Robinson,4979
1518,Melissa Watkins,5139
1519,Jessica Nichols,13421
1520,Wendy Wolfe,10476
1521,Jeremiah Simmons,24204
1522,Jennifer Sweeney,14961
1523,Sarah Tran,20949
1524,Roy Nelson,22810
1525,Jeanette Santiago,18043
1526,Kevin Davis,17487
1527,Jeffrey Pena,8319
1528,Adrienne Taylor,7141
1529,Brian Ruiz,17694
1530,Timothy Schroeder DDS,10750
1531,Dustin Jordan,24995
1532,Dr. Heather Lopez MD,7308
1533,Anthony Flores,10990
1534,Nathan Murray,16123
1535,Valerie Jones,9549
1536,Karen Brooks,23984
1537,Corey Church,20373
1538,Amanda Terry,3019
1539,Rebecca Miller,19586
1540,Kelly Stanley,3298
1541,Andrea Jackson,19492
1542,Alan Brooks,24300
1543,David Chandler,17863
1544,Emily Brown,2950
1545,Theresa Bradley,14554
1546,Donna Morales,18079
1547,Toni Hartman,19538
1548,Sandra Carr,14052
1549,Anthony Avila,8514
1550,Chris Garcia,22041
1551,Susan Burke,13110
1552,Laura Gonzales,16021
1553,Eduardo Walton,7072
1554,Brian Alvarez,9035
1555,William Thomas,18533
1556,Melissa Rosales,24996
1557,Frederick Cook,22753
1558,Anthony Stewart,10753
1559,Tony Fisher,17251
1560,Michael Wright,13905
1561,Jennifer Wilson,13411
1562,Frederick Miller,20356
1563,Alexis Martin,3775
1564,Alec Bush,17875
1565,Jennifer Scott,19725
1566,Luke Scott,7445
1567,Christopher Webster,23725
1568,Kayla Chavez,16600
1569,Christopher Alvarado,5807
1570,Jasmine Gallegos,5984
1571,Crystal Nicholson,9807
1572,Laura Savage,11423
1573,Joshua James,23600
1574,Phillip Cameron,3932
1575,Chad Chaney,21941
1576,Stephanie Meyer,24420
1577,Jordan Green,16069
1578,Anna Melton,8008
1579,Lisa Pruitt,23284
1580,Rachel Munoz,9441
1581,Joshua Roberts,18283
1582,Aaron Clark,14252
1583,Dylan Cummings,22829
1584,Rose Garza,7569
1585,Andrea Richardson,12436
1586,Karen Rogers,10334
1587,Johnathan Chapman,24179
1588,Alan Meyer,6892
1589,Sean Jones,21702
1590,Christian Collins,15901
1591,Nicole Burns,6665
1592,Joshua Snyder,19421
1593,Amanda Hill,22048
1594,Seth Collier,18995
1595,Jerome Beck,16106
1596,Glen Murphy,15705
1597,Jesse Dominguez,14308
1598,Ross Horton,8937
1599,Laura Silva,2164
1600,Melissa Novak,22046
1601,William Moss,12469
1602,Justin Davis,12252
1603,Tracey Sloan,8655
1604,Andrea Buck,21993
1605,Seth Miller,18169
1606,Melanie Wright,19553
1607,Sherry Armstrong MD,3882
1608,Melissa Lewis,23058
1609,Charles Hamilton,21939
1610,Cheryl Marshall,20306
1611,Vanessa Wells,15656
1612,Stephanie Wagner,6330
1613,Austin Hanna,1630
1614,Dr. Brandy Phillips MD,4372
1615,William Watts,6596
1616,Stefanie Robinson,21305
1617,Taylor Lambert,6522
1618,Michelle Miles,5752
1619,Manuel Matthews,5090
1620,Johnathan Robbins,21384
1621,Victor Watson,20433
1622,Nancy Graham,3953
1623,Benjamin Brown,6452
1624,Sara Simmons,4579
1625,Nicole Lewis,19977
1626,Matthew Mata,12780
1627,Andrea Leonard,4644
1628,Theodore Foster,5401
1629,Kyle Nguyen,18023
1630,Joel Madden,16105
1631,Amy Nunez,10337
1632,Angela Johnston,1306
1633,John Robertson,5636
1634,Jacob Kirk,23825
1635,Lisa Nguyen,11525
1636,Robert French,7820
1637,Johnny Castaneda,24213
1638,Jessica Rivera,5333
1639,Robert Anthony,3598
1640,Elizabeth Diaz,4271
1641,Richard Pope,23705
1642,Joshua Carroll,15717
1643,Timothy Mccarthy,23154
1644,Eric Smith,18937
1645,John Hart,14341
1646,Katherine Miller,5462
1647,Jasmine Davis,4082
1648,Kristin Garcia,12623
1649,Karen Hart,10471
1650,Corey Smith,21239
1651,Shelly Smith,21198
1652,Evan Jackson,23546
1653,Kristen Morse,9691
1654,Melissa Hood,24774
1655,Raymond Robinson,4788
1656,Nicholas Ross,14388
1657,Tonya Bailey,6732
1658,Mr. Jacob Gutierrez,15087
1659,Brett Graham,17761
1660,Hannah Matthews,2111
1661,Jeffery Riley,9140
1662,Kristin Shields,2923
1663,Jessica Acevedo,20736
1664,Paul Bailey,13428
1665,Ashlee Yang,7772
1666,Patricia Hill,18370
1667,Jessica Carter,10867
1668,Jim Nelson,14587
1669,Melissa Taylor,6978
1670,Mary Hopkins,18100
1671,Jonathan Scott,20962
1672,Alexis Baldwin,2446
1673,Mark Stone,21333
1674,Joseph Wood,7066
1675,Paige Bell,15215
1676,Nicholas Knight,12966
1677,Brian Lee,21316
1678,Anna Olson MD,8551
1679,Danielle Jones,21134
1680,Jennifer Peck,19489
1681,Joshua Frye,1970
1682,Becky Anderson,22702
1683,Amanda Anderson,5848
1684,Gary Martinez,1713
1685,Wyatt Perez,19081
1686,Morgan Jackson,21542
1687,Roy Vaughn,21835
1688,Mr. Jon Barry,7373
1689,Katie Lopez,14932
1690,Nathaniel Guzman,24307
1691,Christine Brown,3943
1692,Mark Kaiser,5593
1693,Dana Kennedy,11010
1694,Dustin Wolf,23919
1695,Steven Miller,17853
1696,Paul Peterson,19859
1697,Corey Fuentes,18405
1698,Christine Tran,2140
1699,Mary Liu,23282
1700,Teresa Brown,3079
1701,Bill Peterson,8315
1702,Elizabeth Hatfield,5707
1703,Hector Lester,12606
1704,Scott Perez,20402
1705,Joshua Thomas,16180
1706,Noah Rogers,12702
1707,Sandra Allen,16434
1708,Christine Klein,17054
1709,Jose Walker,19028
1710,Kevin Mccullough,23053
1711,Bonnie Smith,19261
1712,Kristen Nguyen,19820
1713,Andrea Lucero,14431
1714,Evan Rhodes,1978
1715,Tanya Morgan,5099
1716,Christian White,16044
1717,Marc Mccarthy,5643
1718,Aaron Hernandez,12393
1719,Debbie Meyers,14470
1720,Traci Dickerson,16620
1721,Thomas Campbell,7215
1722,Heather Smith,19043
1723,Kathleen Luna,9486
1724,William Stewart,17750
1725,Sheryl Davis,16842
1726,Robin Willis,16902
1727,Taylor Rivas,12118
1728,Keith Wilson,18121
1729,Jennifer Pearson,10074
1730,Michelle Holmes,11598
1731,Andrew Lopez,9470
1732,John Beck,8921
1733,Darryl Martinez,1123
1734,Alexander Smith,4919
1735,Kelly Carter,10328
1736,Amy Little,16232
1737,William Adams,4564
1738,Robert Smith,18930
1739,Lauren May,19385
1740,Theresa Miller,7518
1741,Cassandra Marshall,5622
1742,Tammy Edwards,10018
1743,Andrew Hickman,6012
1744,Beth Baker,18757
1745,Melanie Johnston,10193
1746,Colin Chavez,11793
1747,John Estes,19658
1748,Robert Leach,11695
1749,Cody Hammond,15749
1750,Eric Mercado,24465
1751,Ashley Duncan,9714
1752,Heather Lopez,5154
1753,Kelly Rodriguez,23911
1754,Stephanie Neal,3895
1755,Dylan Herrera,19527
1756,Devon Cooper,10792
1757,Nicholas Williams,4553
1758,Gabriel Turner,19583
1759,Tiffany Wood,10542
1760,Jonathan Sutton,15916
1761,John Young,23907
1762,Stephanie Gutierrez,6914
1763,Patrick Olson,14968
1764,Darrell Norman,9373
1765,Adam Bartlett,7790
1766,Ashley Cochran,19027
1767,Christopher Wood,18456
1768,Christopher Miranda,13712
1769,Kevin Mcdonald,21671
1770,Steven Martinez,15346
1771,Anthony Rodriguez,13566
1772,Jason Cooper,22541
1773,Brian Cook,20322
1774,Michael Brewer,17827
1775,Chad Jackson,4749
1776,Jacqueline Gibson,19814
1777,Scott Young,2541
1778,Joseph Holmes,16259
1779,Peter Mills,15799
1780,Brandon Lucas,12362
1781,Edward Johnson,6514
1782,Lauren Olsen,24761
1783,Christina Mcneil,14492
1784,Theresa Edwards,1008
1785,Beth Sanchez,8311
1786,Katherine Smith,9650
1787,David Jackson,16206
1788,Bonnie Owens,18505
1789,Shannon Mora,6363
1790,Austin Davis,20140
1791,Linda Terry,12155
1792,Amy Dunn,9062
1793,Gregory Chan,5450
1794,Travis Ortega,9156
1795,Jerome Knox,14372
1796,Edward Stone,12674
1797,Elaine Chavez,5010
1798,Brad Brewer,22480
1799,Tamara Patterson,3062
1800,Taylor Phelps,15469
1801,Michael Riggs,3220
1802,Richard Brooks,8455
1803,Bradley Holmes,16291
1804,Kevin Bailey,18749
1805,Matthew Barrett,12362
1806,Douglas Chandler,5720
1807,Peter Davis,20653
1808,Carly Wells,15683
1809,Michael Brown,6254
1810,Thomas Campbell,8499
1811,Jennifer Blackburn,18930
1812,Brianna Santiago,5907
1813,Michele Williams,8831
1814,Dawn Stuart,7203
1815,Patricia Hoover,6675
1816,Steven Allen,21232
1817,Michael Hudson,6207
1818,Nichole Garcia,11257
1819,Michael Sparks,24744
1820,Casey Elliott,16963
1821,Samantha Kane,23182
1822,Kendra Green,15416
1823,Sean Campbell,1284
1824,Matthew Boyd,9811
1825,Austin Martinez,4147
1826,Micheal Benitez,6997
1827,David Jones,23176
1828,Timothy Dean,24730
1829,Victoria Smith,10376
1830,Valerie Hines,10625
1831,Michele Johnson,4034
1832,Jeremiah Watson,19086
1833,Christopher Arias,8130
1834,Katherine Nash,5180
1835,Ronnie Campbell,23098
1836,Sarah Bell,23408
1837,Sally Hartman,1919
1838,Michael Huynh,18609
1839,Timothy Anderson,15642
1840,Terry Hill,4352
1841,Denise Tucker,14904
1842,Rebecca Taylor,1557
1843,Tanya Edwards,19269
1844,Matthew Wood,17227
1845,Robert Jones,11973
1846,Sarah Hall,3490
1847,April Weaver,21360
1848,Lisa Green,4791
1849,Travis Ryan,6673
1850,Zachary Reed,1816
1851,Richard Park,3491
1852,Melvin Kennedy,18601
1853,Shannon Leon,9452
1854,Dakota Jackson,6102
1855,Scott Galloway,21788
1856,Gina Walters,5908
1857,Katherine Bell,9101
1858,Carol Jackson,12677
1859,Renee James,2333
1860,Mark Wright,6414
1861,Julie Buchanan,16726
1862,Christopher Steele,3033
1863,Richard Carter,21936
1864,Christine Bishop,5741
1865,Nicholas Santos,24009
1866,Tammy Sweeney,19153
1867,Katherine Carr,13102
1868,Eric Hall,16516
1869,Jacob Norman,7986
1870,Rebecca Morgan,18881
1871,Joann Harrison,3204
1872,Dana Barron,10833
1873,Michelle Moore,23767
1874,Jeremy Manning DVM,3112
1875,Janet Wells,15941
1876,Joshua Klein,11147
1877,Howard Hill,8243
1878,Mrs. Erica Wilson DDS,24765
1879,Steven Griffin,15754
1880,Joel Aguilar,22146
1881,Maria Gonzales,24183
1882,Jessica Johnston,7594
1883,Alexander Williams,4787
1884,Stacey Bishop,24603
1885,Ashley Oliver,4246
1886,Jacqueline Black,21098
1887,Lisa Brown,20887
1888,Alexandra Grimes,24318
1889,Sarah Dawson,2123
1890,Lori Armstrong,12552
1891,Benjamin Myers,17565
1892,Joshua Rojas,20774
1893,Gloria Johns,17325
1894,Sherry Mitchell,17197
1895,Kathleen Mack,6112
1896,Christopher Pearson,3139
1897,Cassandra Davis,2962
1898,Gabriel Santiago,24617
1899,Andrew Manning,22020
1900,Taylor Hart,4422
1901,Danielle Pitts,5044
1902,William Holloway,2875
1903,Marcus Robinson,11985
1904,Daniel Lucas,7740
1905,Michael Green,14539
1906,Julie Kennedy,21908
1907,Linda Soto,9018
1908,Katherine Shaw,13530
1909,Seth Gonzales,16272
1910,Kimberly Franco,2768
1911,Travis Nelson,8154
1912,Melanie Lloyd,2530
1913,Thomas Robinson,6835
1914,Teresa Mendoza,18782
1915,Christopher Oconnor,14724
1916,Jenna Rodriguez,12076
1917,Jennifer Randall,8391
1918,Emily Roach,4283
1919,Melissa Wilson,13263
1920,Nicole Kelley,23356
1921,Rachel Lopez,21150
1922,Nina Levy,6221
1923,Mario Taylor,18048
1924,Sarah Cole,12697
1925,James Wong,9881
1926,Andres Marsh,12790
1927,Luke Cunningham,5797
1928,Carly Vargas,1223
1929,Melissa Greer,18817
1930,John Young,19327
1931,Jon Reeves,6545
1932,Jasmin Lara,8102
1933,Matthew Jackson,23606
1934,Stephanie Garcia,5257
1935,Christine Fisher,10371
1936,Daniel Krause,7563
1937,Alyssa Alvarez,4179
1938,Jacqueline Ramsey,12945
1939,Luke Lopez,9440
1940,Patrick Garner,4179
1941,Lee Chavez,24927
1942,Mrs. Maureen Thompson DVM,24287
1943,Lisa Lewis,10286
1944,Elizabeth Aguilar,15420
1945,Krista Ferguson,2627
1946,Carlos Mendoza,16920
1947,Hannah Johnson,23882
1948,Russell Armstrong,3128
1949,Michael Lewis,11377
1950,James Diaz,18481
1951,Craig Johnson,1774
1952,Dominic Miller,18828
1953,David Watts,7858
1954,Stephanie Fisher,19196
1955,Michele Zuniga,24720
1956,Ernest Hernandez,9390
1957,Tonya Ruiz MD,21932
1958,Bradley Lopez,12853
1959,Jacob Evans,7604
1960,Lisa Arroyo,5384
1961,Megan Anderson,18788
1962,James Miller,5330
1963,Emma Munoz,8520
1964,Amy Thomas,5020
1965,Mrs. Christina Larson MD,12950
1966,Alexander Ramirez,11178
1967,Bryan Wilson,17118
1968,Colin Dunn,16348
1969,Terri Duran,5841
1970,Marcus Hicks,12149
1971,Tara Fleming,13414
1972,Lisa Mcconnell,1534
1973,Wanda Sanchez,2777
1974,Deborah James,12272
1975,Frank Owens,7188
1976,Patrick Barrett,6954
1977,Derek Carter,9660
1978,Jon Willis,4678
1979,Nicholas Austin,23752
1980,Cathy Brewer,13801
1981,Brent Rivas,24911
1982,Justin Byrd,1240
1983,Jason Lynch,22460
1984,Crystal Jordan,12327
1985,Brittany Davis,8439
1986,Joseph Doyle,20107
1987,David Sullivan,6151
1988,Mary Ashley,7404
1989,Albert Frey,11747
1990,Michael Simmons,15347
1991,Phillip Jones,12789
1992,Mrs. Carla Sullivan MD,10961
1993,Patrick Valdez,10475
1994,Terri Garcia MD,15452
1995,Elizabeth Hernandez DVM,19304
1996,Leslie Pruitt,12359
1997,Roger Vincent,23910
1998,Carl Wilson,1273
1999,Jeffrey Haas,21998
2000,Brendan Bailey,14489
2001,Lindsey Rodriguez,22924
2002,Sarah Grant,5280
2003,Ashley Perkins,4447
2004,Jerry Serrano,10289
2005,Peter Wilson,5376
2006,Taylor Mendoza,5272
2007,Sierra Morris,4437
2008,Bailey Ramirez,17846
2009,Jessica Shah,9072
2010,Lisa Sosa,13294
2011,Nancy Mathews,14970
2012,Jennifer Hall,12744
2013,Brandon Clark,3440
2014,Roger Valenzuela,9582
2015,Kelsey Singh,1017
2016,Justin Charles,14309
2017,Maria Russo,11519
2018,Julie Osborn,12104
2019,Rachel Johnson,18348
2020,Ashley Buck,18696
2021,April Rodriguez,10955
2022,Karen Durham,22383
2023,Clayton Hall,16605
2024,Stephen Schroeder,19689
2025,Mark Higgins,15846
2026,Deborah Johnson,20935
2027,Rachel Wilson,11694
2028,Christy Henderson,3501
2029,Mark Dorsey,18806
2030,Brian Tran,15259
2031,Pamela Gomez,9445
2032,Terri Lucero,10026
2033,Stephanie King,13011
2034,Nancy Coffey,4246
2035,Alyssa Bishop,8781
2036,Jeanette Garcia,5201
2037,Dana Moreno,5665
2038,John Solis,18436
2039,Virginia Schroeder,12184
2040,Raven Barnett,6575
2041,Sara Soto,17858
2042,Eugene Mcclure,7385
2043,Kimberly Barron,20821
2044,Amber Johnson,16474
2045,Ann Chavez,18075
2046,Elizabeth Finley,16238
2047,Shawn Pollard,4108
2048,Steven Gonzalez,18589
2049,Martin Smith,21457
2050,Debbie Shea,6422
2051,Crystal Mcclain,7247
2052,Bethany Nunez,16682
2053,Kristin Gilbert,14397
2054,Joanna Colon DDS,20840
2055,Robert Cox,12843
2056,Thomas Duffy,15452
2057,Brandon Wiley,16242
2058,Ryan Yang,24042
2059,Rachel Turner,9421
2060,Jared Ballard,4348
2061,Melinda Franklin,13058
2062,Ryan Acosta,3038
2063,Ethan Cox,7027
2064,Morgan Jackson,21905
2065,Donald Bell,15985
2066,Tony Schmidt,4974
2067,John Wolfe,10445
2068,Amanda Wagner,3358
2069,Brian Perry,16474
2070,Dr. Bryan Horton,18922
2071,Sydney Howard,9640
2072,Rita Martinez,10777
2073,Jim White,11750
2074,Matthew Hardin,15025
2075,Austin Bruce,1901
2076,Cameron Robinson MD,11237
2077,Anthony Rosario,6782
2078,Christopher Chandler,11211
2079,Thomas Robinson,24733
2080,Beth Velasquez,16213
2081,Deborah Weber,11106
2082,Bradley Reeves,2761
2083,Michael Mccann,2332
2084,Kenneth Austin,10030
2085,Scott Reyes,23507
2086,Lisa Wright,24910
2087,Emma Donovan,24260
2088,Bonnie Berger,7762
2089,Daniel Thomas,13031
2090,Robert Carroll,6973
2091,Tonya Thompson,17689
2092,Gary Pittman,14267
2093,Yolanda Franklin,5414
2094,John Carpenter,22944
2095,Yvonne Riggs,1883
2096,Tammy Mcdaniel,4838
2097,Richard Potter,9272
2098,William Rivera,14572
2099,Stephen Merritt,23453
2100,Lindsay Little,8784
2101,Angela Gonzalez,14139
2102,Kurt Cooper,15960
2103,Danielle Morris,14541
2104,Christopher Johnson,7404
2105,Patricia Gordon,10944
2106,Lawrence Anderson,4789
2107,Katherine Murphy,19504
2108,Brian Page,5397
2109,Karen Martinez,4778
2110,Travis Melton,13414
2111,Shawn Butler,2135
2112,Debra Rivas,18483
2113,Willie Scott,7553
2114,Scott Middleton,6305
2115,Amanda Mejia,21703
2116,Roy Reese,11843
2117,Aaron Briggs,17042
2118,Jennifer Roberts,16102
2119,Julie Castro,21119
2120,Michele Peck,21748
2121,Steven Garcia,17834
2122,Richard Gilbert,14781
2123,Michelle Hardy,13172
2124,Jason Rios,20062
2125,Julie Clarke,15269
2126,Michael Williams,21761
2127,Mary Watkins,22300
2128,Michael Gonzalez,16482
2129,Kimberly Miller,24607
2130,Marie Mccullough,14891
2131,Michael Duffy,13724
2132,Nathaniel Pollard,3974
2133,Cody Anderson,18569
2134,Megan Huff,3886
2135,Michael Rivera,10812
2136,Wayne Carrillo,24125
2137,Jonathan Howe,8992
2138,Corey Perkins DVM,19526
2139,Kimberly Brown,14503
2140,Christopher Dennis,8410
2141,Brian Roberson,24725
2142,Eric Benjamin,8934
2143,Jose Vargas,10145
2144,Mary Oneill,20018
2145,Amber Newman,11879
2146,Anthony Lewis,13283
2147,Robert Graves,1226
2148,Kevin Riley,24307
2149,Lance Gardner,17614
2150,David Ortiz,7399
2151,Eddie Gonzalez,7615
2152,Amanda Hill,7284
2153,Patricia Johnson,13230
2154,Nicholas Williams,12595
2155,Adrienne Martin,24975
2156,Suzanne Pace,15607
2157,Mitchell Roy,10589
2158,Bradley Cox,11894
2159,Dylan Jones,3414
2160,Bethany Hernandez,13299
2161,Brent Perkins,6610
2162,Raymond Espinoza,5761
2163,Heather Jackson,22500
2164,John Rich,2846
2165,Bradley Cox,7567
2166,Jennifer Fernandez,6579
2167,Dr. Sarah Austin,11258
2168,Elijah Acosta,18104
2169,Cynthia Wilcox,8407
2170,Kirk Harris,18102
2171,Brianna Mitchell,9894
2172,Valerie Norris,12661
2173,Ronald Underwood,3645
2174,Rhonda Rivera,19749
2175,Stacey Wade,2645
2176,Daniel Bush,24947
2177,Jason Petty,21936
2178,April Flowers,15552
2179,Joseph Lambert,11469
2180,Adrian Sandoval,6801
2181,Lisa Cross,19670
2182,Benjamin Fletcher,15863
2183,John Harris,5260
2184,Danielle Pratt,19384
2185,Curtis Weaver,21721
2186,Theresa Bishop,13545
2187,Patricia Mooney,15019
2188,Zachary Johnston,9937
2189,James Obrien,19897
2190,Ashley George,12372
2191,Zachary Ward,23883
2192,Julie Gill,8179
2193,Kimberly Deleon,23981
2194,Thomas Harris,24624
2195,Luke Oneal,2296
2196,James Hamilton,19871
2197,Lisa Fisher,22668
2198,John Russell,16401
2199,Marc Brown,8943
2200,Justin Reyes,21851
2201,Omar Thomas,19033
2202,Miranda Washington,17345
2203,Jacqueline Jackson,23367
2204,Terry Savage,7290
2205,Amy Carroll,22069
2206,Mr. Victor Martin DVM,19580
2207,Joshua Olsen,18194
2208,Robin Joseph,9899
2209,Theresa Davis,1818
2210,Michael Mcpherson,2055
2211,Brian Gates,2959
2212,Suzanne Wilcox,20573
2213,Joseph Rangel,11543
2214,Rick Young,7083
2215,Geoffrey Peterson,3770
2216,Kelly Arnold,9974
2217,Megan Chung,13275
2218,Jason Andrews,1389
2219,Jo Montoya,2734
2220,Elaine Murillo,12286
2221,Michael Miller,17511
2222,Lisa Salazar,2466
2223,Joy Burch,23677
2224,Gabriel Velazquez,21511
2225,Jeremy Wallace,5174
2226,Melissa Mathews,16197
2227,Rachel Ross,3037
2228,Mary May,3043
2229,Mark Ward,10413
2230,Dennis Lee,17507
2231,Mandy Crane,6743
2232,Brenda Henry,10764
2233,Theresa Walters,13334
2234,Tamara Sutton,2929
2235,James Walker,4053
2236,Nicole Dennis,6864
2237,Gary Maldonado,19859
2238,Robert Reynolds,12733
2239,Patrick Bryant,20371
2240,Alex Elliott,10721
2241,Brenda Allen,5284
2242,Mark Anderson,5045
2243,Sean Ortega,21779
2244,Billy Brown,24348
2245,Edward Gonzalez,24357
2246,Michael Collins,18056
2247,Amber Moore,5389
2248,Wayne Smith,4182
2249,Catherine Baker,18222
2250,Tina Michael,9368
2251,Lindsey Anderson,5143
2252,Andrew Cook,4821
2253,John Bailey,16195
2254,Renee Fitzgerald,12557
2255,David Thomas,6272
2256,Laura Young,17610
2257,Jennifer Fox,3050
2258,Johnny Beasley,8964
2259,Kathy Becker,14279
2260,Angel Sherman,7969
2261,Linda Snyder,17103
2262,Bernard Vega,9662
2263,Gary Moon,22755
2264,Roberto Lawrence,23259
2265,Rachel Hobbs,23274
2266,Henry Anderson,22815
2267,Marc Davis,10211
2268,Jeremy Sparks,3264
2269,Sandy Martinez,2888
2270,Marcia Walker,8253
2271,Steven Edwards,19507
2272,Ryan Castillo,16276
2273,James Barton,15626
2274,Ricky Soto,10126
2275,Barbara Miranda,7975
2276,John Jensen,13750
2277,Stephen Watson,19582
2278,Renee Miller,10384
2279,Jeffrey Ortega,11743
2280,Patricia Charles,1283
2281,Frederick Clark,11023
2282,Becky Simmons,10141
2283,Kelli Taylor,13493
2284,Travis Webb,1297
2285,Mrs. Lindsay White,8336
2286,Melissa Rangel,8043
2287,Steven Pham,19354
2288,Stephen Williams,10642
2289,Kelly Vasquez,19208
2290,Megan Allen,23722
2291,Christine Burton,9415
2292,Kristi Hunt,4227
2293,Christopher Wagner,1053
2294,Jonathan Burgess,16445
2295,Mark Chaney,6414
2296,Brittany Martinez PhD,6675
2297,George Miller,1120
2298,Eric Green,22478
2299,Kimberly Conrad,20337
2300,Peter Young,24990
2301,Anna Schultz,5075
2302,Matthew Lawson,14396
2303,Cindy Garcia,7802
2304,Harold Vega,4569
2305,Julian Vance,5815
2306,Jennifer Baker,24601
2307,Samuel Lopez,15602
2308,Courtney Parks,4425
2309,Megan Hernandez,20215
2310,Sandra Bryan,14607
2311,Jane Aguilar,5606
2312,Nicholas Pollard,8354
2313,Cory Duarte,12943
2314,Blake Perkins,1060
2315,Brian Johnson,6723
2316,Timothy Reeves,13526
2317,Christopher Williams,1686
2318,Kevin Velasquez,17554
2319,Maria Myers,16560
2320,Thomas Mills,6196
2321,Cathy Solis,8667
2322,Theresa Adams,7713
2323,Melissa Davis,12936
2324,David Morris MD,24519
2325,Kristen Ashley,22472
2326,Heather Johnson,18819
2327,Ashley Dunn,2478
2328,Stephanie Smith,6949
2329,Terry Luna,15259
2330,Scott Reed,7885
2331,Maria Ayala,1554
2332,Jessica Moore,24515
2333,James Cummings,11798
2334,Amanda White,5331
2335,Kimberly Duffy,2339
2336,Sharon Williamson,16212
2337,Kelsey Parsons,2558
2338,Jason Baker,6388
2339,Steve Howe,11275
2340,Daniel Thomas,23937
2341,William Nelson,2631
2342,Luis Rodriguez,23748
2343,Ronnie Smith,5276
2344,Catherine Hamilton,3138
2345,Brandon Herrera,14303
2346,Stacy Mathis,15893
2347,Dr. Andrea Palmer,24002
2348,Alyssa Sanders,6523
2349,John Weeks,8228
2350,Gregory Martin,2880
2351,Jeffrey Barrett,11939
2352,Jennifer Williams,6391
2353,Brandon Jackson,10887
2354,Trevor Delgado,13680
2355,Todd Vargas,1070
2356,Dana Thompson DDS,9347
2357,Kristen Davis,24379
2358,Brittany Adams,10847
2359,Brittany Morales,5753
2360,Nicholas Torres,24644
2361,Amanda Levine,21059
2362,Stacey Crawford,7054
2363,Kristen Campbell,21496
2364,Allen Turner MD,11242
2365,Heather Goodwin,12680
2366,Kurt Caldwell,18715
2367,Patrick White,18505
2368,Laura Maddox,2441
2369,Janet Everett,15083
2370,Andrew Ruiz,15063
2371,Melinda Nguyen,22591
2372,Christopher Joseph,11606
2373,Hunter Little,4823
2374,Logan Watkins,3568
2375,Victoria Stevens,23607
2376,Jacob Melendez,10322
2377,Megan Riley,20369
2378,Thomas Butler,14962
2379,Richard Ramos,14942
2380,Mathew Garza,18647
2381,Amy Doyle,5954
2382,Donald Garrison,1332
2383,Benjamin Cardenas,5488
2384,Courtney Bishop,17919
2385,Daniel Elliott,6685
2386,Alexander Mcgrath,3614
2387,Angela Wood,8444
2388,Amanda Ortiz,18508
2389,Mario Rich,4244
2390,Jonathan Anthony MD,9854
2391,James Farrell,5926
2392,Yolanda Gonzalez,2409
2393,Allen Jones,3623
2394,Ryan Washington,22693
2395,Jordan Brandt,17680
2396,Jennifer Chavez,7360
2397,Amanda Jackson,17140
2398,Debra Thomas,8319
2399,Amber Smith,12048
2400,Amber Nelson,5436
2401,Joseph Cook,14265
2402,Alexandra Hunt,7551
2403,Phillip Gonzales,22497
2404,Russell Rodriguez,5067
2405,Carol Cruz,8639
2406,Eric Davis,16404
2407,Andrew Gentry,10009
2408,Andrew Long,8621
2409,Donna Daniels,24386
2410,Wesley Williams,2816
2411,Julie Ibarra,10536
2412,Francisco Sandoval,15078
2413,Clifford Jackson,15195
2414,Valerie Johnson,8341
2415,Matthew Ross,19229
2416,Patricia Frazier,14079
2417,Megan Graham,7354
2418,Harold Andrews,10655
2419,Anthony Daniel,5043
2420,Rachael Santana,15344
2421,Tony Lester,22142
2422,Richard King,9312
2423,Todd Flores,13627
2424,Valerie Stewart,13536
2425,Drew Berg,16319
2426,William Estes,7355
2427,Mark Reynolds,10531
2428,Katherine Daniels,11574
2429,Melissa Simpson,17109
2430,Eric Rivers,19744
2431,Stephanie Mcguire,8261
2432,Gina Flowers,20474
2433,David Phillips,3938
2434,Sierra Osborne,23064
2435,Michelle Hernandez,5373
2436,Peter Rice,19064
2437,Blake Morris,14558
2438,Lisa Bruce,4274
2439,Tonya Mccoy,21362
2440,Michelle Williams,16234
2441,Adam Walker,8586
2442,Julie Wheeler,7327
2443,Susan Reed,15715
2444,Ashley Espinoza,7478
2445,James Wallace,23307
2446,Carrie Cole,23104
2447,Brandon Howell,1155
2448,Steven Lee,12882
2449,Katherine Herman,6565
2450,Tammy Nguyen,3524
2451,Manuel Lewis,19153
2452,Abigail Rivera,6511
2453,James Mccarthy,2201
2454,James Santos,20874
2455,Nichole Garcia,24554
2456,Jordan Cross,2455
2457,Christine Hill,7988
2458,Kerry Wiley,11122
2459,Paul Montoya,18614
2460,Ashley Salinas,19984
2461,Jacqueline Terry,12499
2462,Helen Mcpherson,22810
2463,Gregory Davis,14904
2464,Devin Houston,21043
2465,Louis Anderson,13244
2466,James Hunter,10549
2467,Joseph James,7044
2468,Sarah Mendez,8003
2469,Steven Gordon,24457
2470,Samuel Hanna,15855
2471,Jose Blackwell,9544
2472,Mary Hughes,18794
2473,Gregory Cooper,1877
2474,Kent Stewart,11164
2475,Garrett Martin,20799
2476,Edward Wolfe,4764
2477,John Ross,4227
2478,Aaron Scott,9551
2479,Robert Sloan,11829
2480,Kevin Navarro,6107
2481,Jeffrey Riley,18939
2482,Nichole Johnson,19738
2483,Marcus Carter,18834
2484,Joseph Miles,9054
2485,Austin Gonzalez,6147
2486,Deanna Smith,7295
2487,Jennifer Hill,23060
2488,Laurie Gray,22841
2489,Dana Mitchell,14129
2490,Sarah Anderson,3489
2491,Geoffrey Stevenson,8577
2492,William Jefferson,21910
2493,Melanie Taylor,19794
2494,Amanda Spencer,22201
2495,Steven Turner,3240
2496,Derrick Alexander,23089
2497,Austin Foster,1149
2498,Carmen Smith,2538
2499,Bethany Dunlap,16467
2500,Amy Cohen,20913
2501,Lawrence Higgins,21417
2502,Justin Wade,24772
2503,Greg Holt,13548
2504,Tiffany Ramirez,15429
2505,Madeline Turner,1379
2506,Katrina Garner,10420
2507,Jeanette Hudson,23860
2508,Amber Hill,19237
2509,Carol Leon,24669
2510,Jeffrey Wilson,9817
2511,Darren Rose,16089
2512,Kristen Weaver,24402
2513,Marilyn Dean,16290
2514,Janice Johnston,15643
2515,Michael Harris,11983
2516,Ashley Fernandez,11513
2517,Jeremy Nelson,9144
2518,Anthony Doyle,5579
2519,Dennis Jones,13414
2520,Kari Garcia,19967
2521,Traci Nunez,6092
2522,Kellie Freeman,8692
2523,Jean Stone,24374
2524,Alexis Watkins,19035
2525,Denise Tate,9664
2526,Amber Mitchell,5589
2527,Kristina Gordon,9062
2528,Sean Barnes,13800
2529,Donna Hood,9930
2530,Amber Pineda,3593
2531,Taylor Bennett,17125
2532,Leah Cruz,13161
2533,Ann Gonzalez,13504
2534,Mary Cook,15253
2535,Max Lopez,4690
2536,Patrick Bowman,3980
2537,Julia Stevens,12981
2538,Nathaniel Castillo,15742
2539,Emily Smith,15217
2540,Adam Foster,6390
2541,Gwendolyn Cohen,3306
2542,Cindy Simpson,18136
2543,Pamela Bishop,7464
2544,Alexa Harrison,2190
2545,Kim Noble,2800
2546,Ruth Washington,23692
2547,Julian Haynes,11199
2548,Nathan Armstrong,23167
2549,Robert Sawyer,4267
2550,Jennifer Clark,6162
2551,Troy Dunn,4614
2552,Elijah Calderon,17351
2553,Robert Price,20715
2554,Dr. Jesse Johnson,5597
2555,Samantha Hill,5042
2556,Brittany Garner,4151
2557,Mario Molina,19060
2558,Paul Walker,7225
2559,James Brown,23803
2560,Jennifer Knight,8657
2561,Erik Mccarty,5550
2562,Philip Lutz,10677
2563,Kathleen Smith,18747
2564,Kayla Gibson,2226
2565,Chad Jenkins,2215
2566,Patrick Kerr,20521
2567,Alexis Skinner,22338
2568,Danielle Miller,17966
2569,Sharon Reyes,18960
2570,Cody King,24008
2571,Todd Williams,17504
2572,Yolanda Galvan,3502
2573,Alicia Carr PhD,9667
2574,Erica Moore,12606
2575,Kelsey Keith,11755
2576,Reginald Sosa,14117
2577,Steve Murray,15079
2578,Lisa Weaver,4856
2579,Autumn Brown,16445
2580,Robert Duffy,19529
2581,Tracy Tate,13142
2582,Connie White,19676
2583,Dana Alvarado,23376
2584,Penny Morrow,7680
2585,Maria Rodriguez,19324
2586,Sharon White,10622
2587,Michelle Martin,19374
2588,Jennifer Armstrong,3349
2589,Gina Johnson,17559
2590,Elizabeth Williams,24392
2591,Erika Smith,14917
2592,Linda Knight MD,10542
2593,Vanessa Mclaughlin,19106
2594,Jennifer Johnson,24595
2595,Mitchell Fox,10507
2596,Jeffrey Curtis,1193
2597,Kimberly Porter,3161
2598,Jose Green,16248
2599,Heather Fox,9395
2600,Joseph Hamilton,10926
2601,Mary Browning,21675
2602,Jennifer Mcclain,18636
2603,Zachary Thompson,9907
2604,Andrea Wood,7391
2605,Kim Williams,19192
2606,Joshua Clark,5114
2607,Amber Ward,15368
2608,Krystal Hayes,23052
2609,Trevor Cox,16466
2610,Denise Charles,14903
2611,Sean Martin,11278
2612,Robin Wagner,2580
2613,Steven Gibson,15381
2614,Christie Bowen,5650
2615,Ryan Flowers,1295
2616,Jasmine Lynch,22578
2617,Kevin Dodson,14286
2618,Curtis Johnson,21559
2619,Sonya Gentry,11358
2620,Zachary Phillips,24599
2621,Colleen Walker,5967
2622,Tanya Green,9887
2623,Patricia Richardson,7866
2624,Mary Owens,22311
2625,John Murray,22587
2626,Martin Garcia,24349
2627,Daniel Sloan,18293
2628,Scott Lee,6705
2629,Alexander James,24153
2630,Belinda Castro,8021
2631,Katherine Robinson,1064
2632,Larry Tran MD,2901
2633,Rachael Vasquez,3087
2634,Kenneth Parks,14965
2635,Candice Mullen,12272
2636,Michael Grant,5784
2637,Kenneth Wilson,7976
2638,Anthony Burton,12465
2639,Donna King,13395
2640,Amanda Dodson,10107
2641,Nicholas Kim,19201
2642,Andrew Farrell,5825
2643,David Mueller,18225
2644,Christopher Bernard,14887
2645,Eric Hampton,19038
2646,Robin Blair,13729
2647,Janice Kelly,13793
2648,Diana Lee,5085
2649,Charles Vasquez,15365
2650,Gerald Small,2099
2651,Max Rodriguez,3107
2652,Kathleen Powell,14798
2653,Cameron Martin,1044
2654,Melanie Walker,22315
2655,Joanna Rogers,21339
2656,Rachel Callahan,24289
2657,Christina Wilson,18743
2658,Jeffrey Skinner,6767
2659,Mary White,13893
2660,James Morris,17190
2661,Donna Warren,8321
2662,Courtney Boyd,23369
2663,Tina Williams,8083
2664,Joshua Jackson,12824
2665,Austin Duffy,4707
2666,Thomas Hill,14945
2667,Brad Williams Jr.,2267
2668,Heather Murray,17610
2669,Monica Davis,24341
2670,Jeffrey Christian,5040
2671,Donald Cohen,2825
2672,Mark Meyer,18169
2673,Nicole Ramos,16016
2674,Christina Sullivan,7631
2675,Lisa Hernandez,21172
2676,John Armstrong,8787
2677,Mr. Maurice Turner,14355
2678,Rebecca Williams,18339
2679,Martha Moore,21605
2680,Keith Wilkerson,11510
2681,Danny Nguyen,16189
2682,Willie Robbins,3543
2683,Nathan Garcia,11158
2684,Jeremy Maddox,7360
2685,James Gutierrez,11210
2686,Amber Knight,11816
2687,Elizabeth Ramos,7268
2688,Mrs. Ashley Williams,3843
2689,Martha Steele,1416
2690,Matthew Scott,4968
2691,Kevin Hall,3670
2692,Deborah Perkins,13744
2693,Sean Crawford,9265
2694,Dr. Matthew Smith,2266
2695,Lorraine Reed,6027
2696,Anita Parks,20321
2697,Julie Hogan,19864
2698,Angela Flores,12077
2699,Maria Martin,1804
2700,William Wells,6930
2701,Jim Vincent,8307
2702,Keith Durham,3558
2703,Jeffrey Cohen,13957
2704,Audrey Fuller,20916
2705,James Gutierrez,23623
2706,Nicholas Green,15238
2707,Eric Alvarez,2734
2708,Frank Forbes,8096
2709,Luke Mclaughlin,5651
2710,Edward Nicholson,12593
2711,Angel Scott,8963
2712,John Johnson,3269
2713,Laura Patton,12473
2714,Leslie Schmidt,5660
2715,Joshua Wilson,18710
2716,Luis Giles,4363
2717,Zachary Thompson,17814
2718,Amanda Davis,22807
2719,Aaron Tate,14778
2720,Jamie Swanson,14074
2721,Amanda Lopez,11450
2722,Reginald Carter,8292
2723,James Parker,18453
2724,Sandra Palmer,21956
2725,Christine Alexander,3642
2726,Jennifer Chavez,11067
2727,John Vega,1980
2728,Stephen Grant,5873
2729,Amanda Berry,7945
2730,Katrina Mcdowell,4965
2731,Angela Peterson,24077
2732,Kristine Hess,23737
2733,Alyssa Smith,10120
2734,Jose Perry,12938
2735,Kevin Simon,15305
2736,Darlene Jimenez,10064
2737,Marissa Green,3127
2738,Keith Waller,2360
2739,Christopher Lawrence,5273
2740,Richard White,19792
2741,Helen Phelps,16949
2742,Victor Ramirez,13491
2743,Kayla Carney,16081
2744,Dominique Gonzalez,1220
2745,Cheyenne Perez,4108
2746,Mark Douglas,12849
2747,Sharon Mccall,1271
2748,Douglas Abbott,11447
2749,Jennifer Williams,12025
2750,Ashley Parker,23068
2751,John Barnes,24367
2752,Deborah Ward,4293
2753,Michael Brown,18438
2754,Arthur Sanchez,18330
2755,Steve Valdez,9381
2756,Kimberly Gordon,14127
2757,James Long,16061
2758,Cynthia Shea,15286
2759,Todd Krueger,8609
2760,Daniel Campbell,21397
2761,Heather Butler,1702
2762,David Rodgers,7225
2763,Christopher Vazquez,18479
2764,Laura Wells,2094
2765,Alexander Taylor,6955
2766,Nancy Anthony,12741
2767,Emily Clayton,18419
2768,John Ross,5323
2769,Molly Potter,13103
2770,Stacey Powell,22895
2771,Ms. Allison Miller,14118
2772,Brandon Ingram,15368
2773,Victoria Le,3236
2774,Tammy Roberson DVM,6767
2775,Kelly Padilla,14001
2776,Samantha Nielsen,23575
2777,Mackenzie Hansen,4964
2778,Anthony Hendricks,21023
2779,Charles Lee,18131
2780,Heather Stewart,12229
2781,Leonard Adams,1698
2782,Alexandria Gomez,2971
2783,Dawn Thomas,6439
2784,Jennifer Kelly,12678
2785,Martha Brown,9580
2786,Katie Barnes,15001
2787,Michael Miller,20493
2788,Sean Lozano,18314
2789,Travis Pittman,10814
2790,Jonathan Hoffman,1829
2791,Elizabeth Cooper,13614
2792,Judy Thomas,18844
2793,Donald Cooper MD,13819
2794,Lauren Goodwin,12399
2795,David Robbins,21226
2796,Nathaniel Young,6526
2797,Stephen Edwards,3751
2798,Alexander Dixon,1515
2799,Becky Dunn,3260
2800,Cody Jimenez,13543
2801,Amber Jefferson,13820
2802,Ralph Woods,19353
2803,Jared Wright,22253
2804,Christopher Stone,5307
2805,Monique Bailey,18659
2806,Sandy Duncan MD,23943
2807,Erin Roberts,21444
2808,Bruce Casey,9196
2809,Jason Mason,21751
2810,Steven Wallace,10047
2811,Cassandra Wood,20129
2812,Dillon Reyes,13447
2813,Jessica Scott,22541
2814,Robert Levine,22283
2815,Hannah Diaz,23838
2816,Jessica Newman,19165
2817,Kelsey Parsons,20553
2818,Christopher Flores,18662
2819,Terry Mills,5323
2820,Daniel Walker,24707
2821,Amy Wright,15984
2822,Jeffrey Beck,2638
2823,Jennifer Norris MD,9908
2824,Dr. Jasmine Williams,16989
2825,Abigail Vasquez,19394
2826,Kenneth Bass,11414
2827,Keith Miller,8543
2828,Mark White,17679
2829,Alexandra Chaney,6072
2830,Miranda Wang,18537
2831,Erica Smith,9415
2832,Bryan Hall,19942
2833,Gloria Davis,10680
2834,Theresa Turner,1779
2835,Holly Martin,2468
2836,Stephen Sanchez,19043
2837,Derrick Pineda,2405
2838,Mikayla James,21392
2839,Joseph Reese,2011
2840,Melanie Kim,3717
2841,Jamie Ray,22391
2842,Haley Nichols,17770
2843,Carolyn Johnson,2772
2844,Ryan Farmer,12779
2845,Kenneth Crosby,19945
2846,Anthony Case,24920
2847,Sharon Sawyer,14655
2848,Sandra Hart,10586
2849,Samantha Rios,12672
2850,Tyler Santiago,13178
2851,Mrs. Sheena Holland,16762
2852,John Wright,15489
2853,Robert Hensley,22576
2854,Daniel Ortega,1854
2855,Tammy Gibbs,7708
2856,Michael Wells,9785
2857,Brenda Ellis,8381
2858,Kayla Perkins,17538
2859,Andrea Bailey,24606
2860,Thomas Moore,14544
2861,Elizabeth Adams,5414
2862,Mindy Bradley,3881
2863,Michelle Carson,9746
2864,Thomas Strickland,17640
2865,Mr. Eric Levine,7650
2866,James Craig,22908
2867,Nicholas Clark,1775
2868,Jillian Bryant,17460
2869,Michael Evans,14838
2870,Christopher Lyons,6426
2871,Mariah Mccall,22569
2872,Kelli Scott,10493
2873,Kelsey White,23490
2874,Ariana Clark,9424
2875,Mary Herrera,12563
2876,Lisa Leblanc,19772
2877,John Stephens,6646
2878,Jacob Brown,14377
2879,Jared Garza II,10155
2880,Kelly Rodriguez,20753
2881,Shari Mcconnell,21660
2882,Daniel Miller,10742
2883,Michael Ayers,14070
2884,Kevin Cortez,23670
2885,Thomas Pierce,11799
2886,Joshua Adkins,12565
2887,Megan Smith,10989
2888,Ryan Willis,22704
2889,Christy Golden,12987
2890,Miss Carrie English,15041
2891,Kristi Malone,11852
2892,William Carpenter,4039
2893,Gary Lee,17717
2894,Tammie Gutierrez,23403
2895,Kimberly Hall,11975
2896,Shane Rowland,1177
2897,Karen Fuentes,13879
2898,Patricia Gibbs,16793
2899,Michael Huffman,7398
2900,Tyler Greene,22349
2901,John Vasquez,16015
2902,Shawn Mcmahon,6676
2903,Lauren Henry,12519
2904,Sandra Harper,12675
2905,Brittany Johnson,17843
2906,Gregory Williams,18706
2907,Lisa Brock,9774
2908,Sara Moore,23694
2909,Betty Vasquez,7077
2910,Carolyn Walter,16566
2911,Cynthia Ross,22084
2912,Paul Casey,2014
2913,Samantha Long,9601
2914,Tracy Smith,3728
2915,Michael Garrett,13330
2916,Kristopher Olson,9119
2917,Derek Sloan,16976
2918,Heather Ross,15593
2919,Stephen Drake,6805
2920,Zachary Morris,23122
2921,Thomas Davis,6464
2922,Lisa Winters,4678
2923,Catherine Powell,11922
2924,Stefanie Hill,7929
2925,Benjamin Lee,5288
2926,Dr. Robin Wright,15498
2927,Anthony Carroll PhD,19758
2928,Dr. Stephen Dominguez,21589
2929,Rebecca Taylor,15934
2930,Kim Smith,22210
2931,Rhonda Burgess,7208
2932,Renee Murphy,10788
2933,Catherine Barber,23281
2934,Eric White,2122
2935,Paul Nguyen,16826
2936,Brian Lee,18165
2937,Brian Morse,8277
2938,Megan Brooks,15701
2939,Courtney Lane,2513
2940,Lisa White,12547
2941,Jamie Porter,5384
2942,Kevin Frye,20599
2943,Rachel Norris,16594
2944,Laura Green,1519
2945,Ashley Wilson,24223
2946,Whitney Sutton,16913
2947,Brandy Reese,6651
2948,Melissa Simpson,9469
2949,Matthew Holland,3581
2950,Michael Lawrence,11283
2951,David Taylor,13467
2952,Tammy Miller,4244
2953,Bryan Patterson,11243
2954,Pamela Johnson,6680
2955,James Foster,9519
2956,Mr. Matthew Stewart PhD,19791
2957,Renee Davis,17473
2958,Collin Collins,12505
2959,Dawn Rodriguez,22485
2960,Aaron Bailey,20067
2961,Robin Martinez,18527
2962,Carolyn Obrien,18174
2963,Christian Diaz,6598
2964,Patricia Martinez,17154
2965,Joshua Garner,8605
2966,Megan Wright,16323
2967,Scott Edwards,21669
2968,Steven Cantrell,11517
2969,Dr. Ashley Terrell,23633
2970,Vanessa Jones,13400
2971,Sarah Baker,20912
2972,Melissa Ritter,11123
2973,Matthew Hill,1043
2974,Nicole Sanchez,3353
2975,Laura Rodriguez,5163
2976,Danielle Miller,17380
2977,Brandon Brown,17271
2978,Brandon Rangel,22862
2979,Joe Porter,3304
2980,Melanie Shaffer,24596
2981,Steven Garrett,17117
2982,Tamara Hunter,8353
2983,Michael Bradley,1807
2984,Larry Baldwin,2300
2985,Donald Sanchez,17256
2986,Carrie Reeves,11246
2987,Ian Jackson,18751
2988,Kenneth Davis,7905
2989,Christina Brown,21660
2990,Amanda Rogers,2408
2991,William Williams,24365
2992,Mark Hamilton,17937
2993,Jason Green,1953
2994,Brenda Stewart,4672
2995,Ms. Kimberly Moore,5676
2996,Maurice Webster,15405
2997,Shawn Davila,8600
2998,Sara Hayes,15748
2999,Adriana Myers,10881
3000,Mathew Taylor,21949
3001,Samuel Rodriguez,20887
3002,Heather Bailey,18413
3003,William Butler,12524
3004,Charles Shaw,2830
3005,Tammy Butler,9268
3006,Corey Barr,2799
3007,Joseph Garcia,12678
3008,Sarah Brown,12873
3009,Joshua Moore,24369
3010,Meredith Martinez,22466
3011,Linda Vaughn,14392
3012,Whitney Tucker,4829
3013,Mrs. Makayla Barker,4470
3014,Kenneth Moody,15596
3015,Charles Rocha,15212
3016,Tommy Peters,17533
3017,Gregory Page,21476
3018,Michael Conner,10495
3019,Lindsey Howell,20651
3020,Kristi Blanchard,22711
3021,Michelle Cox,16705
3022,Charles Bray,6219
3023,Stephanie Boyd,5882
3024,Mary Matthews,1793
3025,Jamie Rodriguez,23885
3026,Sabrina Keller,18562
3027,Samuel Spence,7299
3028,Lauren Harris,12749
3029,Tammy Haney,1327
3030,Maria Hudson,11770
3031,Hannah Payne,1004
3032,Lauren Thomas,18770
3033,Michael Coleman,2810
3034,Tammy Harris,2534
3035,Jennifer Jones,24778
3036,Jodi Hopkins,15891
3037,Kimberly Harris,12583
3038,Sierra Roberts,13935
3039,Ricardo Mayo,9566
3040,Colton Francis,15287
3041,Nicholas Gomez,16354
3042,Teresa Myers,11006
3043,Harry Nichols,2319
3044,William Gonzalez,11441
3045,Anna Ferguson,24031
3046,Maria Sweeney,17142
3047,Margaret Nelson,13960
3048,Robert Nguyen,18263
3049,Randy Kelly,23968
3050,Mrs. Alison Dawson MD,14413
3051,Jennifer Kline,19177
3052,Kimberly Butler,4314
3053,Megan Cox,17105
3054,Brandon Tran,22354
3055,Rebecca Cook,10131
3056,Katie Wilson MD,6104
3057,Amy Armstrong,4244
3058,Jennifer Burnett,22036
3059,Christopher Taylor,12809
3060,Douglas Livingston,21994
3061,Sheryl Jones,7573
3062,Jordan Ballard,8554
3063,Michael Freeman,3237
3064,Brandi Long,1205
3065,Tina Lucas,6919
3066,Jeffery Webster,7008
3067,Darryl Martin,10393
3068,Benjamin Gonzales,5142
3069,Michael White,7323
3070,Aaron Davis,8660
3071,Adriana Cooper,19681
3072,George Scott,16924
3073,Chelsea Garcia,10255
3074,Kimberly Bright,7372
3075,Matthew Bentley,23201
3076,Carlos Peterson,20433
3077,Jeffrey Johnson,10650
3078,Danielle Williams,16453
3079,Donald Parks,24224
3080,Sandra King,11390
3081,Susan Brewer,2349
3082,Donald Erickson,15920
3083,Anna Black,17860
3084,Brandon Montgomery,10855
3085,Jennifer Camacho,24369
3086,Amy Lee,8017
3087,John Mccarty,20628
3088,Brian Lee,22376
3089,Diana Mitchell,17250
3090,Christina Webster,17082
3091,Jessica Mendez,15427
3092,Tiffany Cooke MD,10923
3093,James Young,5039
3094,Gabriel Martin,13969
3095,Kelly Thompson,22984
3096,Michael Jimenez,3820
3097,Isabel Bender,4377
3098,Joseph Ford,22605
3099,Robert Moore,17520
3100,Shannon Moss PhD,18041
3101,Joshua Velasquez,6355
3102,Brian Cruz,8263
3103,Brianna Avila,3794
3104,Michael Hernandez DDS,14306
3105,Henry Ortega,11090
3106,Ann Davis,18109
3107,Sara Drake,7382
3108,Shane Davila,19816
3109,Scott Williams,2777
3110,Kathryn Larson,10251
3111,Eugene Chen,14569
3112,William Ross,1535
3113,Martin Brown,10869
3114,Nicole Payne,16818
3115,Maria Jones,17748
3116,Carla Smith,15139
3117,Maria Pittman,6035
3118,Kimberly Johnson DVM,21410
3119,Michael Simon,7562
3120,Daniel Chambers,12696
3121,Crystal Hughes,3453
3122,Sandra Anderson,9814
3123,Jason Lopez,11972
3124,Scott Miller,14571
3125,Justin Gutierrez,12809
3126,April Crawford,1053
3127,Mark Garcia,5485
3128,Erica Reed,2955
3129,Timothy Parker,17697
3130,Bryan Wagner,14081
3131,Kevin Sanders,24116
3132,Michael Brooks,23549
3133,Joseph Jones,23553
3134,Amy Norman,21641
3135,Mary Golden,15409
3136,Anthony Jones,7036
3137,David Allen,12511
3138,Dr. Steven Scott,15625
3139,Willie Haynes,7104
3140,Felicia Smith,21916
3141,Gary Richardson,11173
3142,Gabriel Smith,15370
3143,Roger Alvarado,10236
3144,James Clark,18189
3145,Brian Jacobs,24881
3146,Tamara Rios,8538
3147,Monica Patton,14933
3148,Ashley Anderson,10878
3149,Timothy Quinn,23886
3150,Jason Benitez,18489
3151,Caitlin Mercado,6557
3152,Jimmy Flores,23300
3153,Mitchell Christensen,10810
3154,Sherry Stanley,18950
3155,Jason Peterson,15746
3156,Jeffrey Harrison,12536
3157,Albert Garcia,1091
3158,Victoria Prince,11478
3159,Matthew Cohen,22003
3160,Taylor Michael,23373
3161,Karen Gardner,20169
3162,Robin Hood,2957
3163,Ashley Hunt,5758
3164,Corey Brown,6151
3165,Kayla Gates,10816
3166,Leslie White,6835
3167,Patricia Meyer,2980
3168,Dawn Palmer,23404
3169,Larry Parks,3584
3170,Gregory Conner,5618
3171,Lisa Kirby,7780
3172,Anne Fisher,3522
3173,Melissa Walters,20229
3174,Wyatt Reyes,12250
3175,Andre Lopez,23907
3176,James Fernandez,20448
3177,Francis Garcia,24392
3178,Ronald Green,13587
3179,Shelby Garcia,15621
3180,Jenna Jenkins,21350
3181,Jessica Sandoval,9607
3182,Raymond Harvey,18566
3183,Mary Lloyd,9205
3184,Robert Mitchell,10568
3185,Melissa Hicks,17725
3186,Mrs. Elizabeth Johnson,19208
3187,Anna Martin,13230
3188,Ryan Davis,15200
3189,Dale Olson,14244
3190,Justin Rollins,7367
3191,Shirley Lambert,3900
3192,William Woodard,16430
3193,Chad Cruz,9056
3194,Jonathan Hurley,18556
3195,Pamela Petersen,8895
3196,Eric White,21848
3197,Heather May,20600
3198,Allison Kane,2898
3199,Jacqueline Lawson,10146
3200,Mary Bartlett,3960
3201,Veronica Tapia,13200
3202,Autumn Wagner,14600
3203,Kristi Byrd,15529
3204,Angel Summers,12153
3205,Jennifer Cannon,12538
3206,Erin Miller,1126
3207,Joseph Hendricks,12472
3208,Zachary Fisher,6048
3209,Alexa Thomas,21388
3210,Shannon Russo,24602
3211,Sean Wright,24512
3212,Michael Miller,19583
3213,Denise Scott,4230
3214,Cindy Collins,4208
3215,Tammy Galvan,24342
3216,Katrina Sheppard,7879
3217,Angela Anderson,6220
3218,Gary Kent,6796
3219,Jose Smith,7804
3220,Jennifer Robinson,11468
3221,Steven May PhD,7339
3222,Crystal Eaton,16888
3223,Chad Strong,4268
3224,Joshua Avery,5726
3225,Joanne Rodriguez,3299
3226,Mary Woods,23725
3227,Jennifer Brown,23553
3228,Gregory Tanner,2120
3229,Kenneth Lee,19927
3230,Christina West,20643
3231,Tina Meyers,14280
3232,Elizabeth Gutierrez,1564
3233,Jenna Singleton,11956
3234,Angel Rodgers,7753
3235,Dr. Michael Lewis MD,7855
3236,Hannah Johnson,17896
3237,Omar Johnson,8035
3238,April Blevins,12710
3239,Sara Lee,24266
3240,Samantha Porter,16360
3241,Mrs. Christina Morales,20076
3242,David Wyatt,4572
3243,Mr. Steven Becker,23092
3244,Katie Moore,19276
3245,Tiffany Carey,23041
3246,Lauren Martin,4510
3247,Christina Costa,16802
3248,Janet Gomez,11427
3249,Angelica Carr,22970
3250,Joseph Gibson,2547
3251,Lauren Lawson,14742
3252,Edward Downs,11350
3253,Bernard Jones,10762
3254,Kimberly Clark,14550
3255,Paul Hancock,9518
3256,Jessica Stout,7198
3257,Joseph Garcia,12622
3258,Karen Marks,2325
3259,Joseph Kramer,23989
3260,Eddie Hughes,15397
3261,Mary Johnson,18711
3262,Nicholas Hernandez,3032
3263,Krista Montgomery,24168
3264,Joshua Ali,24932
3265,Nancy Patel,5919
3266,Tasha Dyer,7851
3267,Ruben Martin,6203
3268,Derek Yates,23360
3269,Ryan Cruz,7809
3270,Alexandria Ray,10196
3271,Mark Roberts,21495
3272,Ronald Castillo,10485
3273,Tina Stafford,15475
3274,Heather Marshall,15456
3275,Kevin Oliver,3710
3276,Kimberly Chambers,18166
3277,Mario Mcgee,23525
3278,Ashley Hawkins,1538
3279,Sarah Newton,2638
3280,Laurie Huerta,9780
3281,Carl Turner,16955
3282,Tiffany Cook,8804
3283,Devin Brown,12339
3284,Sergio Hill,6388
3285,Eric Ross,18472
3286,Bryan Estrada,19087
3287,Tammy Novak,1277
3288,Justin Bush,22965
3289,Brandon Rubio,12318
3290,Anthony Torres,16559
3291,Jennifer Riddle,24829
3292,Kelsey Patterson,13981
3293,Gary Cook,10131
3294,Pamela Rich,9947
3295,Andrew Perkins,13614
3296,William Mccoy,10731
3297,Hector Valencia,14989
3298,Carrie Armstrong,15085
3299,Duane Powell,9395
3300,Tracy Walsh,17957
3301,Christie Little,17556
3302,Karina Mcgee,6095
3303,Lee Marshall,22015
3304,Curtis Lopez,18018
3305,Kelly Hall,7739
3306,Kendra Flores,6822
3307,Denise Mack,2269
3308,Emily Flores,18338
3309,Dave Duncan,23033
3310,Miss Marisa Crawford DVM,15226
3311,Erica Miller,3651
3312,Ashley Evans,24655
3313,Steven Clay,7957
3314,James Rodriguez,19127
3315,Sheri Russell,22601
3316,Christine Fisher,8286
3317,Kimberly Thomas,23878
3318,Mark Murray,22882
3319,Andrew Cole,22465
3320,Andrea Young,5464
3321,Monica Murray,13598
3322,Stephanie Faulkner,11824
3323,Dustin Walter,1468
3324,Rebecca Kelley,15528
3325,Logan Simpson,15429
3326,Melissa Stephens,3436
3327,Stephanie Long,5833
3328,Eugene Johnson,9960
3329,Matthew Vaughan,11060
3330,Eric Randolph,16618
3331,Jessica Cardenas,6696
3332,Brandy Jones,22767
3333,Thomas Norris,18996
3334,George Page,19886
3335,Charles Henderson,14298
3336,Lisa Baker,7093
3337,Alexa Harrington,16774
3338,Alexis Young,6822
3339,Alexander Wyatt,6487
3340,Vanessa Taylor,22568
3341,Joan Garcia,22995
3342,Edward Campos,22470
3343,Jennifer Patrick,2376
3344,Katrina Barnett,5594
3345,Natalie Whitney,1225
3346,Mark Garcia,4280
3347,Samantha Neal,4540
3348,Antonio Smith,19570
3349,Victoria Murphy,24860
3350,Steven Rhodes,21734
3351,Pamela Beck,18531
3352,Timothy Whitehead,6117
3353,David Scott,10634
3354,Katie Stewart,7495
3355,Jennifer Li,24309
3356,Mark Marshall,19925
3357,Jordan Carrillo,24366
3358,Madison Munoz,2778
3359,Wendy Holt,2103
3360,Lisa Martinez,6862
3361,Danielle Cole,13774
3362,Juan Rice,13016
3363,Jonathan Horton,12626
3364,Alyssa Hill,7865
3365,Dr. Dominique Banks DDS,9447
3366,Kimberly Buck,8942
3367,Benjamin Montes,14911
3368,Brian Dixon,17187
3369,Robert Kelley,19229
3370,Karen Martinez,13472
3371,Roy Ward,22918
3372,Sarah Smith,19372
3373,Jesse Austin,8305
3374,Matthew Blake,2511
3375,Lisa Miller,10418
3376,Laurie Ferguson,23262
3377,Martin Reyes,12375
3378,Richard Jarvis,8847
3379,Michelle Brown,20094
3380,Isaac Simmons,21845
3381,Carmen Fuentes,16120
3382,Belinda Pena,12397
3383,Roberta Greene,23189
3384,Jason Conner,13092
3385,Robert Wilson,23702
3386,James Richardson,1537
3387,Gina Acosta,20976
3388,Robert Moore,23684
3389,Robert Howe,4710
3390,Judy Cooper,24202
3391,Anthony Conner,2957
3392,Brad Davis,17000
3393,Judith Dominguez,4221
3394,Teresa Perez,22399
3395,Dana Arnold,18940
3396,Andrew Mcgee,15252
3397,Eric Mosley,22083
3398,Kimberly Rodriguez,20818
3399,Philip Bates,23703
3400,Justin Stewart,23511
3401,Paul Wilson,17791
3402,Anthony Rodriguez,11469
3403,Brenda Mccoy,13420
3404,Brittany Reed,20059
3405,Lindsey Moreno,2011
3406,Brianna Chang,23651
3407,Heather Duran,19958
3408,Ashley King,12829
3409,Jose Herrera,15124
3410,Jennifer Scott,20890
3411,Louis Miller,2976
3412,Kelly Santos,23268
3413,Peter Jones,23171
3414,Kathy Singh,6206
3415,Crystal Hanson,24986
3416,Sharon Burnett,12728
3417,Erin Burke,2837
3418,Marc Gomez,8055
3419,Ryan Carter,15873
3420,Patricia Shaw,4414
3421,Kara Prince,7278
3422,Lisa Molina,19123
3423,John Diaz,2732
3424,Kelly Gonzales,2690
3425,Jason Davis,9041
3426,Derrick Austin,21697
3427,Kara Jones,18250
3428,Dominique Garner,16254
3429,James Smith,21438
3430,Calvin James,9830
3431,John Ortega,22517
3432,Heather Lewis,17865
3433,Tracy Mills,23991
3434,Ana Stanley,15397
3435,Elizabeth Sharp,4572
3436,Maria Thompson DDS,20215
3437,Tracey Nicholson,22809
3438,Joshua Wells,6969
3439,Tyler Jones,9569
3440,Scott Hodges,19050
3441,Ryan Aguilar,9162
3442,Angela Manning,6801
3443,Kathryn Smith,22081
3444,Bradley Bond,6975
3445,David Fry,15342
3446,Allen Chen,13854
3447,Debbie Johnson,3193
3448,Richard Young,21563
3449,Thomas Mccoy,15057
3450,Renee Morris,7906
3451,Deborah Ramirez,11992
3452,Jennifer Hardy,22300
3453,Mark Tanner,3180
3454,Sandra Taylor,10276
3455,Kristen Hunter,24711
3456,Andrew Walter,7952
3457,Nathaniel Hunter,5113
3458,Steven Martin,3998
3459,Lori King,2398
3460,Margaret Adams,1089
3461,Leslie Perry,19262
3462,Jennifer Obrien,18778
3463,Chris Fischer,5370
3464,Sharon Armstrong,5642
3465,Grace Walker,13515
3466,Cheryl Hall,6699
3467,Michael Johnston,11161
3468,Adrian Sims,13396
3469,Amanda Woodard,6403
3470,Robert Ramirez Jr.,16010
3471,David Arellano,2108
3472,Michael Arellano,4794
3473,Dalton Price,6453
3474,Brandon Johnson,18111
3475,Ronald Ruiz,18526
3476,Michael Phillips,2958
3477,Daniel Carroll,19649
3478,Amy Mendoza,19137
3479,Nathan Johnson,13220
3480,Chad Allen,19087
3481,Kathleen Guerrero,2792
3482,Veronica Gomez,3265
3483,Victoria Harris,1548
3484,Diane Stephenson,3173
3485,Wanda Guzman,11485
3486,Brian Bruce,15047
3487,Jeffrey Crawford,17623
3488,Timothy Mcdonald,10653
3489,Jessica Moon,5217
3490,Jeremy Morgan,22176
3491,Clayton Hall,8257
3492,Claudia Reese,1920
3493,Brandy Garcia,10727
3494,Mrs. Michelle Harris,21266
3495,Lindsay Fisher,19160
3496,Rodney Jones,3270
3497,Justin Smith,6662
3498,Robert Coleman,13052
3499,Shelley Hall,21466
3500,Amber Perez,4177
3501,Brooke Perry,3934
3502,Robert Gonzalez,13071
3503,Howard Griffith,19395
3504,David Welch,14865
3505,Kevin Brown,1694
3506,Nicholas Campbell,13297
3507,Katherine Jackson,2450
3508,Matthew Baker,21356
3509,Trevor Williams,20235
3510,Stephen Stevens,17652
3511,Shane Kelly,6508
3512,Melissa Anthony,24825
3513,Glenn Norris,12877
3514,Tanner Lopez,20980
3515,Christine Simpson,8581
3516,Krista Rodriguez,15614
3517,Lindsay Sanchez,20524
3518,Jonathan Daniels,3592
3519,Marissa Marshall,10350
3520,Jeremy Bennett,6564
3521,Katherine Herrera,6250
3522,Ronald Jones,13202
3523,Logan Maldonado,24968
3524,Katie Sanford,10167
3525,Lisa Garcia,24583
3526,Valerie Burton,21694
3527,Darrell Brown,4006
3528,Lisa Jones,20099
3529,Kimberly Bailey,19596
3530,Christina May,15208
3531,Benjamin Burch,9212
3532,Dawn Baker,5681
3533,Bryan Rogers,4500
3534,Sarah Meyers,8545
3535,William May,5183
3536,Megan Miles,3588
3537,Darryl Turner,22768
3538,Kevin Cox,3733
3539,Casey Osborne,18360
3540,Ellen Miller,19638
3541,Daniel Turner,18794
3542,Stephanie Flowers,3953
3543,Christopher Gibbs,19132
3544,Logan Neal,15426
3545,Shannon Clark,13638
3546,Brittany Campbell,14088
3547,Stacy Stephenson,6611
3548,Ashley Wolf,21402
3549,James Brown,23879
3550,Gary Foster,4969
3551,Jonathan Bell,18944
3552,Jared Moyer,14680
3553,Nicole Jenkins,17640
3554,Logan Malone,24801
3555,Brian Warner,5443
3556,Carolyn Frederick,5581
3557,Robert Gill,5254
3558,David Ryan,20856
3559,Michele Lopez,18738
3560,John Liu,11131
3561,Kelsey Hampton,11754
3562,Miranda Moore,4993
3563,Johnny Young,11668
3564,Allison Anderson,23376
3565,Heidi Yates,24442
3566,Jessica Lambert,15817
3567,Allen Hernandez,24525
3568,Sherry Chung,11708
3569,Glenn Johnson,10355
3570,Julia Porter,1510
3571,Elaine Yang,17095
3572,Donna Steele,16462
3573,Denise Turner,18648
3574,Cynthia Jackson,6262
3575,Eric Douglas,24173
3576,Linda Alexander,15218
3577,Julia Scott,13102
3578,Terrence Price,8962
3579,Kimberly Ray,22384
3580,Karen Johnson,14413
3581,Dominique Barnes,5321
3582,Audrey Marks,1555
3583,Brittany Thomas,20679
3584,Vincent Jones,24779
3585,Michael Harrington,24287
3586,Anna Hughes,17839
3587,Mrs. Jamie Mckinney DDS,12640
3588,Zachary Hale,9013
3589,Jacob Reyes,10317
3590,Cameron Patterson,10141
3591,Julie Flynn,23947
3592,Craig Roth,2982
3593,Sarah Robinson,22763
3594,Daniel Ford,4236
3595,Amy Dawson,21129
3596,Emma Williams,22450
3597,Kimberly Murphy,20767
3598,Michelle Conway,9819
3599,Steven Taylor,8374
3600,Tiffany Scott,24533
3601,Vickie Palmer,7330
3602,Kathleen Fernandez,12918
3603,Corey Baker,8942
3604,Christopher Brady,4438
3605,Meagan Dawson,2636
3606,Alex Mendoza,8622
3607,Tiffany Alexander,19661
3608,Charles Vazquez,19282
3609,Cody George,6810
3610,Raymond Yang,14856
3611,Mark Torres,15080
3612,Michael Odom,21767
3613,Shane Everett,20179
3614,Carl Blankenship,8817
3615,Donna Schneider,11382
3616,Carmen Hunter,12749
3617,Ian Griffith,18594
3618,Joseph York,19520
3619,Xavier Esparza,10147
3620,Crystal Baker,8374
3621,John Wilkerson,21320
3622,Vanessa Leonard,21245
3623,Suzanne Blevins,11889
3624,Barbara Weber,1800
3625,Michael Cruz,10909
3626,Angela Bradford,1866
3627,Cindy Campbell,11834
3628,Erin Thornton,1637
3629,Alec Cooley,14831
3630,Derek Duarte,13406
3631,Kenneth Smith,1368
3632,David Lewis,15036
3633,Regina Davis,19087
3634,Tyler Gonzalez PhD,6022
3635,Steven Johnson,5423
3636,Michael Ponce,13673
3637,Joseph Castillo,11108
3638,Garrett Smith,10310
3639,Patrick Ward,21027
3640,Dr. Tara Daniel MD,17850
3641,John Hernandez,22706
3642,Paul Boyle,21451
3643,Ivan Le,10068
3644,Steve King,13948
3645,Jennifer Butler,23171
3646,Jason Sweeney,2354
3647,Tammy Wright,24186
3648,April Hernandez,2169
3649,Alexandria Powell,14115
3650,Ricky Mills,11309
3651,Samantha Hester,7798
3652,Andrew Hughes MD,11902
3653,Jeffrey Ibarra,12255
3654,Kirsten York,2110
3655,Joseph Bowman,3006
3656,Jim Jones,24226
3657,Vincent Hall,8158
3658,Anthony Jackson,23903
3659,Susan Bennett,12091
3660,Todd Ayers,3171
3661,Stephanie Salazar,4803
3662,Dawn Smith,8885
3663,Eric Kim,24303
3664,Seth Davis,22119
3665,Christopher Davis,24313
3666,Samantha Walsh,23481
3667,Brandon Mclaughlin,2192
3668,Jared Jones,15031
3669,Joe Roberts,19769
3670,Meghan Dillon,4997
3671,John Christian,22020
3672,David Ryan,24555
3673,Joseph Ballard,9360
3674,Anthony Shepard,9768
3675,Richard Armstrong,20530
3676,Stephanie Bell,16979
3677,Rachel Delgado,24920
3678,Benjamin Bell,11586
3679,Danielle Watson,23152
3680,Thomas Mccormick,7823
3681,John Salinas,3389
3682,Keith Schmidt,24695
3683,Tony Rios,12846
3684,Laura Ayala,10744
3685,Jacob Shaw,17892
3686,Holly Beard,9572
3687,Grant Reed,12855
3688,Jamie Casey,19957
3689,Jerry Taylor,11688
3690,Jason Anderson,7711
3691,Bryan Mcclain,6329
3692,Kristen Rose,21562
3693,Jennifer Scott,20559
3694,David Powers,5628
3695,Maurice Garrett,16338
3696,Brian Richardson,5234
3697,Alicia Green,15348
3698,Paige Moody,14610
3699,Scott Rubio,13317
3700,Wesley Roberts,9449
3701,Linda Savage,22808
3702,Jasmine Norris,24581
3703,Courtney Wilkinson,18479
3704,Jeffrey Black,22069
3705,Cheryl Davenport,8855
3706,Denise Armstrong,11992
3707,Paula Flynn,21208
3708,Theresa Mitchell,18840
3709,Stephen Snyder,16511
3710,Heather Tate,17943
3711,Jeffrey Gibson,7869
3712,Maria Hill,24763
3713,Jill Wolf,4454
3714,Lisa Shah,20933
3715,Cindy Alexander,5793
3716,Vicki Hall,17240
3717,Alexis Flores,11541
3718,Kelly Gutierrez,8622
3719,Steven Allen,11103
3720,Jessica Moore,13303
3721,Joy Patton,9933
3722,Alec Wolfe,6709
3723,Gary Powell,12556
3724,Michael Avila,17845
3725,Andrew Graham,17072
3726,Miranda Cole,17433
3727,Jesus Morgan,23307
3728,Ronald Romero,13059
3729,Valerie Foster,3167
3730,Cristina Chambers,7865
3731,Ronald Berry,17857
3732,Holly Benitez,14264
3733,John Jones,11962
3734,Albert Mccall,24676
3735,William Kline,18670
3736,David Durham,20775
3737,Elizabeth Turner,20958
3738,Richard Shaw,17243
3739,Kelly Steele,10112
3740,Amy Smith,11919
3741,Adam Cohen,12770
3742,Jason Reynolds,6134
3743,Kim Hudson,3885
3744,Roberta David,14106
3745,Leonard Bennett,5330
3746,Alex Monroe,5746
3747,Christopher Young,6233
3748,Gloria Pacheco,8601
3749,Michael Bennett,4396
3750,Cody Knox,5364
3751,Grace Hernandez,2159
3752,Andrew Joseph,15650
3753,Bianca Williams,3421
3754,Lisa Rasmussen,6479
3755,Jeff Diaz,7820
3756,Thomas Black,7374
3757,Deborah Mendoza,2342
3758,Charles Garrett,14234
3759,Ryan Welch,7428
3760,Jonathan Butler,6235
3761,Francisco Lucas,15084
3762,Stephanie Sloan,19033
3763,Peter Monroe,13341
3764,Corey Owen,6479
3765,April Fleming,18043
3766,Adam Young,11108
3767,Jim Liu,22126
3768,Ryan Harris,18504
3769,James Brown,10544
3770,John Ayala,14696
3771,Valerie Parker,7161
3772,Amanda Golden,18181
3773,Natasha Smith,4768
3774,Debra Parker,10767
3775,Jared Williamson,19356
3776,Gina Brown,1895
3777,Daniel Singleton,19732
3778,Darren May,1208
3779,John Cervantes,4405
3780,Paul Lin,14206
3781,Joshua Ramsey,22103
3782,Gerald Martinez,10238
3783,Scott James,3808
3784,Jason Sampson,14505
3785,Dustin Mendoza,4199
3786,Susan Sanchez,19146
3787,Courtney Williams,23910
3788,George Davis,15343
3789,Danny Evans,22308
3790,Douglas Bailey,12824
3791,Crystal Ray,16906
3792,Manuel Wang,4543
3793,Nicholas Calhoun,24447
3794,Sean George,13737
3795,Holly Turner,15313
3796,Virginia Adams,13105
3797,Jerry Johnson,20611
3798,Matthew Evans,5808
3799,Theresa Powers,16750
3800,Melissa Coffey,2496
3801,Jennifer Conrad,21264
3802,Jordan Washington,15762
3803,April Robertson,23347
3804,Joe Mckee,9352
3805,Karen King,5304
3806,Yolanda Thornton,11467
3807,Joann Mullins,8883
3808,Ryan Wagner,21632
3809,Paul Rogers,19457
3810,Samantha Mcbride,17509
3811,Angela Kirby,6264
3812,Gwendolyn Underwood,3310
3813,Kristen Rangel,7845
3814,Jacqueline Gutierrez,6666
3815,Sharon Neal,12116
3816,Alexander Schmidt,9540
3817,Ebony Huffman,17830
3818,Christopher Robles,11954
3819,Evelyn Finley,20999
3820,Michael Thomas,19108
3821,Michael Perez,15457
3822,Amanda Hawkins,16248
3823,William Wood,18738
3824,Nicholas Martin,2898
3825,Amanda Ryan,13675
3826,Dr. Nichole Sanchez,19450
3827,David Elliott,17446
3828,Andrew Hart,11480
3829,Toni Pacheco,6487
3830,Dawn Bailey,5667
3831,Mason Roberts,10424
3832,Virginia Townsend,15643
3833,Mrs. Heather Jones MD,22982
3834,Karen Wright,24602
3835,Jeffrey Bass,10004
3836,Steven Cantu,14685
3837,Karen Perkins,4801
3838,Raymond Schneider,21156
3839,Vincent Wilson,20935
3840,Mrs. Stephanie Dunn,21443
3841,Danielle Bryan,7980
3842,Terry Howe,8715
3843,Donald Lopez,23476
3844,Maria Chen,15233
3845,Joshua Chapman,18410
3846,Bradley Adams,9065
3847,Steven Parker,14739
3848,Blake Hanna,1991
3849,Manuel Wilson,15755
3850,Kelly Moreno,5749
3851,Eric Willis,21876
3852,Sandra Moore,4777
3853,Timothy Hurley,2634
3854,Jacqueline Stewart,24112
3855,Kimberly Bass,8023
3856,Caleb Roberts,18849
3857,Joseph Johnson,2536
3858,Peter Gay,9726
3859,Caroline Cohen,4016
3860,Kathy Hayes,24424
3861,Dawn Brandt,7549
3862,Tammy Wilson,18283
3863,Nicholas Hill,13544
3864,Whitney Goodwin,9853
3865,Michael Gutierrez,18842
3866,James Ellis,16298
3867,James Ward,5224
3868,Jessica Miller,1956
3869,Anna Cox,24351
3870,Janet Simon,15636
3871,Sarah Watson,21999
3872,Juan Bailey,22411
3873,Julie Clark,14015
3874,Ryan Rush,23845
3875,Linda Sloan,24144
3876,Paige Davidson,6979
3877,Larry Smith,22255
3878,Sara Gonzalez,15035
3879,Sarah Villegas,14873
3880,Paige Harvey,9843
3881,Jodi Wilson,10976
3882,Janice Hendrix,15456
3883,Mr. Andre Fisher,8484
3884,Benjamin Bean,10052
3885,Terry Phillips,3063
3886,Thomas Lee,21754
3887,Melissa Lewis,8580
3888,Teresa Foster,7386
3889,Kimberly Zimmerman,1733
3890,Tanya Clark,7329
3891,Pamela Webster,21380
3892,Alexander Garrett,14339
3893,Paula Jackson,6571
3894,Cynthia Murphy,7959
3895,Wayne Ramos,1900
3896,Jeffrey Good MD,18287
3897,Amanda Nunez,16587
3898,Thomas Fuller,13870
3899,Thomas Watts,20615
3900,Paul Walton,17419
3901,Anthony Parker,8160
3902,Jacqueline Webb,3299
3903,Bruce Sullivan,5525
3904,Christopher Shaffer,20736
3905,David Medina,14831
3906,Eric Kelly,22900
3907,Kathleen Hamilton,20216
3908,David Flores,15536
3909,Stacey Campbell,21050
3910,Ricardo Guerrero,17831
3911,Courtney Fisher,20066
3912,Antonio Lawson,1647
3913,Jerry Carroll,14882
3914,Amber Smith,16239
3915,Tonya Long,5763
3916,Angela Rice,6495
3917,Chad Vance,13821
3918,Julie Moore,8555
3919,Cynthia Roberts,7478
3920,Molly Perkins,16064
3921,Alexandra Rosales,1574
3922,Nathaniel Hamilton,6226
3923,Kirsten Moore,20178
3924,Nicholas Morrow,17000
3925,William Hawkins,6884
3926,Teresa Riddle,13380
3927,Kenneth Bright,23130
3928,Tracy Lee,23764
3929,Brent Dawson,4718
3930,Taylor Edwards,9413
3931,Mary Ross,22206
3932,Ricky Anderson,17587
3933,Shelly Sandoval,16314
3934,Jennifer Ramirez,10886
3935,Patrick Lewis,13587
3936,Vickie Hanna,7224
3937,Willie Smith,16391
3938,Nicholas Raymond,5324
3939,Lisa Dixon,15079
3940,John Parks,18315
3941,Daniel Lambert,24803
3942,Karen Sullivan,12905
3943,Edward Peters,5068
3944,Donald Hernandez,7733
3945,Sara Potter,12768
3946,Lorraine Woods,12290
3947,Melissa Gomez,21009
3948,Cheyenne Johnson,7826
3949,Erika Thomas,24044
3950,Kathy Morgan,15256
3951,Stephanie Clark,12427
3952,Christina Reyes,21535
3953,Amanda Allen,2013
3954,Brian Harrison,6026
3955,Cesar Davis,20883
3956,Alan Shah,16312
3957,Robert Hughes,6089
3958,Erin Hatfield,1532
3959,Derrick Flores,1865
3960,Keith Howard,21071
3961,Kathleen Reed,9001
3962,Jessica Hernandez,4299
3963,John Moore,14544
3964,Andrea Gonzalez,2637
3965,Andrea Jones,16966
3966,Mary Rosales,18496
3967,Jamie Davis,12556
3968,Peter Gonzalez,11877
3969,Alison King,3048
3970,Lauren Soto,22144
3971,Teresa Holmes,21479
3972,Riley Taylor,11458
3973,Matthew Kelly,1425
3974,Alyssa Washington,12912
3975,Shannon Williams,10734
3976,Dustin Wheeler,21593
3977,Anthony Fischer,15594
3978,Colleen Perry,19426
3979,Meghan Jones,21825
3980,Gerald Choi,11470
3981,Robert Edwards,18171
3982,Terry Benson,4695
3983,Christopher West,10594
3984,Brittany Barnett,22577
3985,Teresa Bishop,12426
3986,Crystal Drake,19112
3987,William Mann,1372
3988,Kayla Castaneda,10365
3989,Jeffrey Ross,12664
3990,Oscar Johnson,9420
3991,Lauren Sutton,21296
3992,Christina Gonzalez,2190
3993,Mario Lopez,23253
3994,Toni Wade,19196
3995,Sabrina Fitzpatrick DDS,10980
3996,Alexandra Thompson,8927
3997,Richard Lewis MD,9723
3998,Jillian Fernandez,13154
3999,Keith Potts,16437
4000,Dr. Kayla Dean,22618
4001,Tiffany Berry,5016
4002,Jay Davila,23598
4003,Leslie Graham,24078
4004,Keith Miller,14960
4005,Carl Murray,8888
4006,Linda Clark,18026
4007,Sarah Johnson,1166
4008,Megan Douglas MD,5779
4009,Emily Hurst,7197
4010,Sara Cardenas,7899
4011,Angelica Arias,13654
4012,Allison Smith,15267
4013,Dale Bryant,7341
4014,Jason Terry,3668
4015,Derek Smith,4929
4016,Jennifer Neal,17492
4017,Megan Wagner,9207
4018,Rodney Adkins,6351
4019,Penny Sims,11430
4020,Peter Olson,10511
4021,Brent Hawkins,8644
4022,Thomas Cordova,24895
4023,Cindy Evans,2684
4024,Michael Lozano,10540
4025,Samantha Mathis,6364
4026,Alex Padilla Jr.,21784
4027,Christopher Clark,22310
4028,Andrew Reeves,20367
4029,Michelle Burgess,17460
4030,Hannah Hester,19151
4031,Jessica Rose,1789
4032,Stacy Pena,13593
4033,Dr. Alicia Rubio,19104
4034,Melanie Davis,18279
4035,Maria Cooper,24661
4036,Donald Floyd,7884
4037,George Liu,19345
4038,Jacob Reilly,2690
4039,Jessica Lloyd,5886
4040,Jorge Bauer,8897
4041,Robert Lyons,16244
4042,Maurice Robinson,3312
4043,Phillip Cooper,9799
4044,David Miller,10135
4045,Michael Porter,20776
4046,Anna Davis,17679
4047,Zachary Frederick,1036
4048,Shane Johnson,15989
4049,John Gilbert,18079
4050,Tiffany Cooke,7253
4051,Joshua Brown,19724
4052,Nicholas Franklin,12729
4053,Susan Nelson,10334
4054,John Welch,19842
4055,Michael Black,18658
4056,Julia Smith,13591
4057,Margaret Williams,16557
4058,Melissa Jones,22407
4059,Annette Pham,14281
4060,Larry Schmidt,13109
4061,James King,24933
4062,Mark Johnson,16000
4063,Ronnie Pollard,22259
4064,Dawn Brown,19306
4065,Jeffery Nichols,18721
4066,Hector Johnson,6816
4067,Jacob Williams,12310
4068,Erika Davis,20358
4069,Kimberly Burke,12707
4070,Raymond Ray,3966
4071,Henry Roberts,20496
4072,Molly Harris,23573
4073,Todd Rivers,12341
4074,Megan Foster,10186
4075,Christopher Sanchez,21250
4076,Elizabeth Martin MD,3122
4077,Tiffany Jacobson,19402
4078,Ralph Castaneda,12325
4079,Victoria Martin,14183
4080,Heather Bullock,2089
4081,Billy Collier,2063
4082,Jeffrey Mason,6877
4083,Joseph Townsend,24807
4084,Nichole Edwards,19726
4085,Anthony Shah,7458
4086,Amanda Ramirez,3389
4087,Tonya Martinez,13484
4088,Patricia Rogers,19596
4089,Steven Davis,4042
4090,Melinda Chavez,11741
4091,Andrew Huffman,4588
4092,Molly Robinson,3149
4093,Joshua Alexander,9494
4094,Kevin Reyes,7605
4095,Justin Murphy,16144
4096,Norman Rodriguez,18931
4097,Juan Lawson MD,9651
4098,Michelle Leonard,19774
4099,Arthur Bullock,24401
4100,Melanie Miller DDS,9835
4101,Jennifer Wilson,21598
4102,Cheryl White,6275
4103,Mary Brock,10138
4104,Joshua Brewer,2605
4105,Natalie Mitchell,15339
4106,Chad Fitzpatrick,18077
4107,Maureen Lawrence,22135
4108,Jeffery Miller,20299
4109,Rachael Davis,21851
4110,Jason Lane,5984
4111,Joseph Frazier,9162
4112,Garrett Shaw,1880
4113,Jamie Reid,23540
4114,Amanda Kelly,4693
4115,Miranda Martin,7262
4116,Leah Gonzalez,18836
4117,Heidi Norton,14763
4118,Brian Williams,12071
4119,Christopher Sullivan,18738
4120,William Baker,12291
4121,James Collins,2449
4122,Joseph Ray,19581
4123,Melinda Dickerson,4403
4124,Matthew Hodges,16710
4125,Patrick Stone,11556
4126,John Rodriguez MD,23462
4127,Christopher Williams,8486
4128,Matthew Martin,5850
4129,Bryan Martin,2572
4130,Ruth Watson,5865
4131,Nathaniel Garcia,4807
4132,Elizabeth Evans,3526
4133,Paula Richardson,7952
4134,Michael Boyer,16297
4135,Timothy Frank,9813
4136,Eric Underwood,9838
4137,Lawrence Smith,2417
4138,Matthew Phillips,6067
4139,Jay Fisher,1091
4140,Ethan Larson,2414
4141,Nancy Davis,4209
4142,Catherine Horne,20778
4143,Roy Warren,19924
4144,Phyllis Bond,9578
4145,John Conway,2177
4146,Judy Anderson,11318
4147,Karen Sanchez,4006
4148,Jeffrey Beck,1056
4149,Ronald Rogers,16059
4150,Scott Wood,11139
4151,Tamara Miller,5385
4152,James Wu,15007
4153,Sharon White,13443
4154,Timothy Price,2316
4155,Richard Thornton,18601
4156,Taylor Boyer,2118
4157,Pamela Gutierrez,15563
4158,Kyle Turner,10036
4159,William Williams,21354
4160,Shelia Garcia,15850
4161,Debbie Arnold,10249
4162,Sheryl Buckley,8702
4163,Joe Williams,24477
4164,Robin Knight,22720
4165,Jacqueline Smith,16206
4166,Brian Taylor,12068
4167,Fred Sanchez,15371
4168,Thomas Coleman,14057
4169,Adam Lewis,14982
4170,Jeanne Romero,10276
4171,Evan Dunn,17389
4172,Rhonda Murray,10354
4173,Craig King,6864
4174,Alison Owens,21511
4175,William Perry,13786
4176,Debra Myers,21581
4177,Thomas Wells,21931
4178,Sandra Shaw,10929
4179,Daniel Simmons,14638
4180,Jennifer Hensley,22919
4181,Heather Reid,23602
4182,Kristopher Avery,24680
4183,Emily Johnson,11333
4184,Charles Li,3235
4185,Michael Foley,16225
4186,Peter Shaffer,13522
4187,Jordan Johnson,8843
4188,Brad Cummings,5447
4189,James Hall,10698
4190,Tyler Bell,18984
4191,Sharon Maldonado,17651
4192,Tiffany Parker,16329
4193,Chelsea Smith,18729
4194,Eric Rodriguez,15700
4195,Michelle Jordan,7648
4196,Anna Arnold,19523
4197,Randy Reilly,24673
4198,Elizabeth Garrett,19606
4199,Timothy Fernandez,13280
4200,Matthew Jenkins,2609
4201,Kathleen Mueller,18568
4202,Justin Gamble,15450
4203,Jesse King,13722
4204,Kimberly Jensen,24467
4205,Bethany Johnson,13502
4206,Brady White,8575
4207,William Young,2596
4208,Timothy Phillips,2841
4209,Jessica Yoder,5901
4210,Kenneth Small,19188
4211,Robert Shaffer,12096
4212,Michael Williams,18554
4213,Joel Mitchell,2123
4214,Russell Jones,18868
4215,Denise Powell,4263
4216,Jack Scott,7176
4217,Anna Cisneros,14173
4218,Tammy Wilson,21128
4219,Nancy Silva DDS,6783
4220,Charlotte Stewart,18906
4221,Elizabeth Garrett,14089
4222,Alexandra Neal,22841
4223,Yolanda Martin,12868
4224,Miguel Jenkins,19545
4225,Brianna Olson,15812
4226,Jacob Lewis,5807
4227,Tristan Leon,11308
4228,Kaitlin Horton,16075
4229,Gregory Ruiz,5021
4230,Dustin Evans,15959
4231,Nicholas Sparks,1806
4232,Emily Wade,24506
4233,Joy Johnson,21976
4234,Brittany Briggs,16762
4235,Jessica Williams,15497
4236,Rachel Ellis,22174
4237,Benjamin George,13738
4238,Barbara Turner,6255
4239,Louis Walker,21471
4240,Kristina Hicks,3191
4241,Anthony Ruiz,24545
4242,Denise Myers,8954
4243,Kevin Mitchell,1980
4244,George Lawrence,15900
4245,Michael Moore,17343
4246,Stacy Santos,20880
4247,Joel Higgins,11975
4248,Lauren Lopez,19432
4249,Brenda Walker,23886
4250,Cynthia Carter,6478
4251,Heather Owens,6067
4252,Joshua Pham,23307
4253,Patricia Aguilar,3490
4254,Sarah Brewer,17630
4255,Dr. Charles Phillips II,5470
4256,Joan Brown,18048
4257,Nicholas Vargas Jr.,5696
4258,Alicia Finley,6419
4259,Sean Rodriguez,17901
4260,Mark Hernandez,16468
4261,Tristan Bailey,15410
4262,Mary Christian,16062
4263,Cynthia Walker,18885
4264,Lauren Long,19091
4265,Jennifer Mccoy,3841
4266,Kimberly West MD,13424
4267,Deborah Jensen,17727
4268,Christina Neal,5737
4269,Tom Rios,19918
4270,Shawn Fuentes,13948
4271,Natalie Cole,17357
4272,John Dixon,1187
4273,Suzanne Ray,19117
4274,Sean Yang,22229
4275,Candice Simpson,24581
4276,Jeremy Everett,20303
4277,Zachary Anderson,10696
4278,Peter Smith,16011
4279,Kristin Romero,4190
4280,Jaime Hill,1084
4281,Michael Williams,18854
4282,Emily Vaughn,16025
4283,David Cook,20341
4284,Robert Martin,4904
4285,Kelli Lopez,15345
4286,Melissa Lloyd,13221
4287,David Payne,10212
4288,Barbara Stewart,2957
4289,Michael Miller,14636
4290,David White,17224
4291,Richard Norton,23270
4292,Kathleen Hendrix,8079
4293,Katrina Hurst,20790
4294,Michael Lyons,20861
4295,Nicholas Klein,3899
4296,Kevin Dean,4867
4297,Patrick Smith PhD,20621
4298,Danielle Flores,19791
4299,Dr. Brandi Wise DDS,20822
4300,Tiffany Stevens,6288
4301,Gregory Conner,12756
4302,John Rodriguez,13931
4303,Ashley Little,4704
4304,Chad Farrell,24038
4305,Tina Hopkins,3156
4306,Michael Lopez,13410
4307,Robin Baker,16691
4308,Kimberly Potter,24782
4309,Alexander Brown,16468
4310,Kayla Gibson,20975
4311,Sherry Zhang,9185
4312,Elizabeth Smith,20784
4313,Allison Wyatt,23221
4314,Gregory Snow,13817
4315,Stephanie Alvarez,3800
4316,Timothy Williams,2524
4317,Sarah Suarez,4756
4318,Angela Gilmore,2016
4319,Eileen Patel,21463
4320,John White,4072
4321,Judy Ward,6957
4322,Janet Miller,7861
4323,Sydney Santos,8821
4324,Kelly Harrison,23853
4325,Anthony Kennedy,18399
4326,Stephanie Jones,23451
4327,Thomas Hall,20966
4328,April Richards,2087
4329,Jason Lewis,6989
4330,Jason Williams,12946
4331,Alicia Ford,20732
4332,Samuel Flores,16113
4333,Dr. Maria Hill,13681
4334,Kyle Elliott,15598
4335,Rebecca Mcneil,2862
4336,Gregory Moore,1694
4337,Joshua Edwards,13200
4338,Eileen Cardenas,4540
4339,Robert Bray,9971
4340,Taylor Maldonado,6032
4341,Raymond Graham,7797
4342,Ricky Scott DDS,14530
4343,Anna Dominguez,16903
4344,Michael Cannon,19346
4345,Kevin Martinez,1718
4346,Caitlyn Evans,2252
4347,Jason Lutz,21259
4348,Tammy Johnson,15776
4349,Tyler Garcia,11144
4350,Adam Mcdaniel,15544
4351,Andrew Beard,23650
4352,Kristina Nunez,20540
4353,Krista Bowers,15533
4354,Daniel Pruitt,2111
4355,Joshua Campbell,4215
4356,Jason Baker,23840
4357,Richard Pittman,11902
4358,Angela Johnson,10142
4359,Andrew Harris,12671
4360,Emily Sparks,15052
4361,Elizabeth Wright,16226
4362,George Miller,16757
4363,James Mccullough,12665
4364,Amber Chang,21161
4365,James Richardson,11907
4366,Alan Scott,3478
4367,Andrew Rhodes,3823
4368,Bailey Lucero,2662
4369,Samantha Briggs,15784
4370,Julia Wallace,7487
4371,Devon Craig,11268
4372,Elizabeth Robinson,23378
4373,Lindsay Thompson,24349
4374,Kenneth Trujillo,10617
4375,Craig Norris,16851
4376,Michael Herrera,2820
4377,Joshua Garcia MD,22132
4378,Timothy Martinez PhD,24246
4379,Colleen Williamson,19853
4380,Savannah Bryant,15439
4381,Kaitlyn Williams,8682
4382,Cheryl Hamilton,20938
4383,Patrick Oneal,5624
4384,Tanya Lawrence,21657
4385,Robert Beard,1364
4386,Tara Stephens,3361
4387,Rachel Aguilar,3016
4388,Craig Bean,8457
4389,Peter Frank,1064
4390,Kiara Lawrence,10570
4391,Katie Hancock,9690
4392,Sean Crawford,23810
4393,Paula Collins,9170
4394,Sean Underwood,2138
4395,Amber Friedman,8408
4396,Henry Barnes,15119
4397,Carl Dickerson,16462
4398,Cynthia Atkins,5822
4399,Richard Alexander,23330
4400,Randy Sanchez,14004
4401,Samantha Goodwin,12697
4402,Alex Peters,9330
4403,Daniel Wade,4288
4404,Zachary Werner,24936
4405,Melody Mitchell,2421
4406,Anthony Mitchell,23703
4407,Jonathan Rodriguez,10358
4408,James Cohen,4580
4409,Jennifer Cole,23114
4410,Kelly Bullock,23282
4411,Dr. Lindsay Vincent MD,18460
4412,Ashley Gregory,14438
4413,Shaun Anderson,20732
4414,Kristina Lopez,18912
4415,Stephanie Small,20065
4416,Mark Woods,6188
4417,William Flynn,11689
4418,Shelby Harrison,22112
4419,Jennifer Allen,1891
4420,Charles Davidson,22626
4421,Ashley Ramirez,12918
4422,Ashley Ross,17416
4423,Aaron Gibbs,10352
4424,Charles Martin,22076
4425,Nicholas Stewart,22508
4426,Tonya Poole,23421
4427,Karina Chavez,18344
4428,James Smith,16083
4429,Erica Wolfe,13512
4430,Eric Gonzalez,20894
4431,Benjamin Dominguez,5525
4432,Seth Duncan,24019
4433,Patrick Whitaker,4045
4434,Eric Warner,13446
4435,Brandon Thompson,7121
4436,Debbie Young,7288
4437,Andrew Nguyen,9665
4438,Brendan Russell,8458
4439,Vanessa Randall,4721
4440,Lisa Lawrence,17524
4441,Joshua Caldwell,21008
4442,Alexis Villanueva,9704
4443,Shari Jenkins,24960
4444,Michael Clements,5809
4445,Kristie Schwartz,7000
4446,Joseph Preston,8854
4447,Scott Brooks,14414
4448,Victoria Austin,6207
4449,Linda Dennis,8246
4450,Shannon Hernandez,14745
4451,Alyssa Williams,24467
4452,Bethany Ray,15208
4453,Brett Palmer,13404
4454,Dawn Meyers,12332
4455,Megan Porter,19045
4456,Zachary Watson,10494
4457,Rebecca Riley,22583
4458,Jennifer Perry PhD,1396
4459,Donald Lin,21001
4460,John Pennington,17651
4461,Breanna Williams,17754
4462,Tracy Perez,24479
4463,Lisa Harris,4988
4464,Shane Weeks,10357
4465,Mr. Michael Barnett,20797
4466,Anna Gray,11938
4467,Brian Singh,12843
4468,Lori Stewart,22531
4469,Anna Curtis,1484
4470,Cynthia Oconnor,4828
4471,Catherine Nelson,6238
4472,Theresa Daniels,24039
4473,Alicia Cohen,24841
4474,Kelly Velazquez,9461
4475,John Mason,15380
4476,Tara Romero,5654
4477,Theodore Woods,6207
4478,Charles Garcia,22576
4479,Evan Schaefer,15588
4480,Richard Hansen,15645
4481,Kyle Cunningham,2272
4482,James Smith,1853
4483,Linda Pena,24968
4484,Adam Saunders,4416
4485,Walter Carlson,19634
4486,Amber Haney,20593
4487,Christina Robles,5350
4488,Deborah Smith,2272
4489,Elizabeth Sanders,12150
4490,Brittney Winters,1429
4491,Nicholas Carson,19610
4492,Shannon Gregory,19818
4493,Tara Mclaughlin,2219
4494,Randy Williams,1887
4495,Darin Malone,21311
4496,Brian Edwards,8833
4497,Laurie Powell,1073
4498,Mary Wagner,10792
4499,Antonio Burns,5548
4500,Jennifer Adams,4529
4501,Heather Hernandez,14586
4502,Amanda Henson MD,9589
4503,Steven Garcia,3613
4504,Lindsey Lawson,15105
4505,Mrs. Maria Callahan,7225
4506,Martin Bird,2439
4507,Steven Perry,5988
4508,Reginald Dunn,16292
4509,Heather Martinez,2163
4510,Aaron Martinez,2538
4511,Carrie Henry,8654
4512,Kevin Johnson,14705
4513,Richard Powell,22239
4514,Samantha Horne,6556
4515,Regina Peck,2895
4516,James Nash,1680
4517,Isaac Rivas,11499
4518,Angela Gibson,19379
4519,Angel Meyers MD,18870
4520,Antonio Moreno,24011
4521,Louis Perry,7326
4522,James Garcia,2892
4523,Angela Church MD,19348
4524,Julie George,14759
4525,Mrs. Lauren Johnson,17800
4526,Joshua Atkins,5369
4527,Daniel Anderson,13173
4528,James Perez,18973
4529,George Brock DDS,10421
4530,Tina Perez,23786
4531,Jacob Anderson,24072
4532,Gary White,13528
4533,Gregory Richard,7404
4534,Joseph Jones,3123
4535,Cameron Mitchell,14728
4536,Diane Johnson,4262
4537,Kristen Washington,10507
4538,Timothy Lee,21535
4539,Sydney Deleon,12515
4540,William Ramirez,5220
4541,Margaret Smith,17079
4542,Frances Woodward,1071
4543,Donna Navarro,9140
4544,Kathryn Santiago,13153
4545,Jason Moore,24815
4546,Thomas Bennett,17375
4547,Kayla Hickman,23286
4548,Dominique Sparks,18208
4549,Dawn Webb,24098
4550,Jose Santiago,12121
4551,Arthur Meyer,3265
4552,Brad Vargas,18149
4553,Michelle Olson,24818
4554,Shawn Mccarthy,22558
4555,Elizabeth Garcia,5256
4556,Janet Hunter,18763
4557,Ashley Henderson,15548
4558,Dennis Rodriguez,20529
4559,Jason Campbell,3961
4560,Jacqueline Norton,19121
4561,Andrew Thompson,3898
4562,Joseph Doyle,24773
4563,Amanda Cox,4923
4564,Sean Hill,17920
4565,Stephen Gutierrez,24473
4566,Lori Sanders,17213
4567,Joseph Johnson,2338
4568,Anthony Goodman,4199
4569,Holly Harris,13243
4570,Terri Diaz,7922
4571,Michael Nielsen,4917
4572,Joe Garcia,3961
4573,Melinda Jackson,9309
4574,Earl Simmons,2161
4575,Laura Cole,5271
4576,Donna Ross,9248
4577,Michael Curry,8708
4578,Matthew Lopez,19191
4579,Tony Hernandez,13096
4580,Todd Johnson,7821
4581,Nancy Golden,11665
4582,Melissa Carey,4262
4583,Natasha Wade,18087
4584,Peter Perry,10587
4585,Scott Burns,2986
4586,Rebekah Nelson,24158
4587,Jennifer Shaw,10673
4588,Kristen Gardner,21894
4589,Ethan Bush,10228
4590,Allison Schaefer,20853
4591,Mitchell Brooks,10237
4592,Eric Wilson,24385
4593,Rita Pham,12247
4594,Diana Hardy,9143
4595,Sarah Lee,12866
4596,Natasha Houston,24549
4597,Pamela Reed,18094
4598,Rebekah Ball,4871
4599,Travis Franco,22303
4600,Michelle Russo,12794
4601,Lauren Mercado,15794
4602,Angela Reed,15212
4603,Clifford Cruz,10354
4604,Joshua Lopez,12580
4605,Vincent Salas,18831
4606,Thomas Montoya,15258
4607,Jennifer Potter,9417
4608,Yvette Wilson,21727
4609,Jennifer Cochran,22052
4610,Lynn Cochran,18210
4611,Danielle Faulkner,7989
4612,Paula Blevins,18875
4613,Terry Reid,21193
4614,Adam Davis,21581
4615,Brittany Adams,8870
4616,James Lopez,5071
4617,Lisa Flores MD,11753
4618,Christopher Martinez,20011
4619,Bridget Anderson,14679
4620,Susan Williams,19398
4621,Kevin Moore,1830
4622,Dr. Kenneth Grant MD,23680
4623,Sheri Delgado,20334
4624,Jeffrey Mills,6012
4625,Ashley Fischer,10616
4626,Edward Serrano,24779
4627,Robin Vaughn,17847
4628,Christopher Boyd,9621
4629,Judy Mejia DDS,16246
4630,Stephanie Brooks,20995
4631,Deanna Green,15932
4632,Jimmy Martin,24807
4633,Julie Lawrence,5371
4634,Mrs. Tammy Sanchez,8778
4635,Tom Gross,13706
4636,Leah Hensley,1750
4637,Jorge Roberts,5344
4638,Gary Payne,3119
4639,Derek Hall,1073
4640,Destiny Gutierrez,10610
4641,Olivia Frazier,12593
4642,Samantha Howard,1574
4643,Amanda Taylor,7374
4644,Joseph Kelley,7553
4645,Christopher Nichols,16382
4646,Terry Patrick,21189
4647,Madison Lee,13664
4648,Diane Clark,8997
4649,Brandon Howard,8451
4650,Angel Bishop,18160
4651,Edgar Young,3241
4652,Maria Wallace,13900
4653,Molly Levy,19996
4654,Stephanie Obrien,10348
4655,Aaron Robles,15245
4656,Ashley Garcia,2621
4657,Tara Ibarra,1446
4658,Richard Hayden,12280
4659,Andrea Bush,14430
4660,Pamela Robinson,10105
4661,Kelly Avery,9735
4662,Mary Riley,3037
4663,Amber Howard,16142
4664,Kenneth Wilson,8547
4665,Leslie Merritt,19742
4666,Harold Perez,16203
4667,Scott Webb,18211
4668,John Newman,5502
4669,Lisa Bell,4009
4670,Emily Green,3989
4671,Jessica Morris,17460
4672,Michael Campbell,14630
4673,Stephen Martinez,16189
4674,Mark Sheppard,6881
4675,Jeffrey Webb DDS,3284
4676,Shelly Gibbs,4429
4677,Mark Brown,17902
4678,Michael Herrera,7900
4679,Leslie Short,13267
4680,Ashley Smith,19116
4681,Stacey Gordon,15544
4682,Jacob Christensen,5151
4683,Ian Kane,9847
4684,Amanda Johnson,1712
4685,Kristen Berry,3138
4686,Duane Adams,13418
4687,Christopher Mitchell,2036
4688,Mitchell Espinoza,5125
4689,Zachary Valdez,18258
4690,Russell Meyer,14482
4691,Edgar Hill,22139
4692,Ashley Calderon,19133
4693,Rebecca Stanley,9139
4694,Dylan Miller,19667
4695,Denise Woodward,11028
4696,Jerome Sullivan,4892
4697,Ivan Watts,10257
4698,Colleen Murray,13160
4699,Gina Tapia,16653
4700,Tyler Greene,17314
4701,Mary Rodgers,5814
4702,Eric Li,12583
4703,Anthony Foster,1984
4704,Rachel Knapp,14986
4705,Stephanie Baker,2529
4706,Isabella Wilson,24477
4707,Melissa Yoder,1658
4708,Andrew Lopez,19453
4709,Matthew Gonzales,8429
4710,Sarah Oliver,3740
4711,Kim Smith,5991
4712,Michael Johnson,9965
4713,Shane Shaw,8598
4714,Kyle Hahn,14133
4715,Kelly Smith,4622
4716,Michael Freeman,8254
4717,Mr. Frederick Moore,9731
4718,Chad Lawrence,15170
4719,Kelly Anderson,22690
4720,Frank Jones,9988
4721,Dawn Owens,8773
4722,Cameron Wong,23093
4723,Christopher Lyons,4453
4724,Joseph Watson,18936
4725,Selena Gonzalez,17742
4726,Megan Moore MD,18099
4727,Nancy Hill,12491
4728,Rodney Murray,13868
4729,Brooke Ruiz,11053
4730,Tami Odom,12495
4731,Thomas Hancock,4754
4732,Vickie Avery,18737
4733,Bianca Hayes,14433
4734,Wendy Mendoza,14870
4735,Mr. Darren Tate,22257
4736,Daniel Reese,17648
4737,Andrew Hines,5360
4738,Marie Cisneros,2304
4739,Rachel Watson,6444
4740,Corey Orr,13200
4741,Lindsey Ortiz,23114
4742,Erik Yang,16518
4743,Billy Peterson Jr.,1530
4744,Stacy Cunningham,21916
4745,Andrea Sosa,20801
4746,Stephanie Cardenas,3827
4747,Alison Wilson,9751
4748,Jennifer Brown,14237
4749,Yolanda Cook,19501
4750,Michelle Stewart,13288
4751,Pamela Richard,5312
4752,Diana Grant,4991
4753,Paul Rose,12068
4754,Michael Wolf,10630
4755,Richard Crawford,10587
4756,Ryan Flores,12780
4757,James Roberts,16917
4758,Cynthia Stein,20415
4759,Michael Brown,21712
4760,Sheila Oliver,19882
4761,Brandon Thompson,10146
4762,Jeffrey Rodriguez,6286
4763,Monica Pearson,13756
4764,David Miller,3364
4765,Dr. Scott Hicks,11442
4766,Douglas Miller,1976
4767,Christine Hoffman,22798
4768,Kevin Brown,1212
4769,Gina Russo,3303
4770,Ashley Anderson DVM,15688
4771,Brent Leach,4043
4772,Jackie Mahoney,12302
4773,Christopher Zamora,15540
4774,Chris Allen,4423
4775,Ronald Lopez,19228
4776,Jeffrey Hopkins,19553
4777,Ronald Nichols,17333
4778,Kevin Hernandez,24181
4779,Phillip Bradley,19102
4780,Brittany Moore,11128
4781,Sarah Miller,11644
4782,Charles Ball,23242
4783,Maureen Murray,3052
4784,Susan Stevens,18830
4785,James Padilla,18213
4786,Carmen Young,15685
4787,Shirley Rosario,12856
4788,Jermaine Figueroa,22904
4789,Jennifer Anderson,10519
4790,Matthew Brown,11289
4791,Peter Clark,5802
4792,Kevin Harris,8409
4793,Anthony Lewis,20925
4794,Victoria Lynn,21794
4795,Scott Brown,16990
4796,Hannah Todd,6205
4797,Anthony Payne,9773
4798,Samantha Manning,24997
4799,George Walker,10376
4800,Vincent Butler,4606
4801,Wendy Goodwin,20601
4802,Laurie Miller,3063
4803,Jennifer Young,7192
4804,Amy Hines,5490
4805,Elizabeth Davis,14997
4806,Marcus Johnson,12328
4807,Jennifer Smith,13568
4808,Bailey Henson,21160
4809,Jared Briggs,1213
4810,Nathan Martin,16053
4811,Kimberly Wright,23686
4812,Andrea Webb,19396
4813,Richard West,21084
4814,Mr. Jamie Davis MD,11867
4815,Robert Smith,17353
4816,April Hill,11334
4817,John Perez,4258
4818,John Jackson,10800
4819,Ralph Robinson,12632
4820,Jennifer Escobar,9739
4821,Sierra Davis,15795
4822,Renee Phillips,15852
4823,Norma Russell,13042
4824,Richard Reyes,15511
4825,Tamara Bell,23033
4826,Sarah Allen,4598
4827,Dr. Philip Whitaker,13686
4828,Adam Nunez,22722
4829,Kristopher Mitchell,2567
4830,Ricardo Butler,17127
4831,Alexa Jimenez,9006
4832,Sara Elliott,21982
4833,Dawn Ross,8993
4834,Paul Maldonado,22166
4835,Dana Hughes,20332
4836,Tanya Sullivan,13708
4837,Matthew Lopez,17418
4838,James Shepard,5118
4839,Mrs. Christina Jenkins,21254
4840,Paul Lewis,6983
4841,Kevin Roth,20855
4842,Mark Oliver,9326
4843,Michelle Williams,15344
4844,Tiffany Thompson,21050
4845,Connor Harrington,10894
4846,William Ward,15507
4847,Julia Brown,21434
4848,James Moreno,3551
4849,Kristy Ware,20240
4850,Annette Ashley,21106
4851,Mark Orr,11006
4852,Jason Taylor,9952
4853,Karen Wright,22313
4854,Kelly Rodriguez,24546
4855,Dominique Johnson,1955
4856,Jane Johnson,4189
4857,Erin Watson,7052
4858,Julie Sanders,19960
4859,Paul Valdez,7464
4860,Christine Anderson,18159
4861,Gary Arellano,24960
4862,Mark Shepard,1791
4863,John Sullivan,2953
4864,Megan Morgan,5805
4865,Cody Chen MD,14085
4866,Marilyn Villegas,15782
4867,Steven Shepard,19922
4868,Michelle Oliver,2925
4869,Kenneth Cruz,20710
4870,Steven Gonzalez,15200
4871,Misty Hines,19585
4872,David Cox,3470
4873,Marissa House,12141
4874,Carlos Smith,24423
4875,Stephen Shaw,2885
4876,William Mccormick,12257
4877,Lauren Wang,3348
4878,Robert Mathis,22030
4879,Brandy Melton,7310
4880,Robert Parker,12311
4881,Dr. Jennifer Gordon,15655
4882,David Holland,7982
4883,Jamie Morales,3173
4884,Samantha Davis,17029
4885,Ann Williamson,21701
4886,Andrew Williams,1588
4887,Todd Perez,7825
4888,Jamie Arnold,10634
4889,Vanessa Clay,21717
4890,Ryan Parker,8209
4891,David Taylor,13644
4892,Michael Brown,2376
4893,Jose Thomas,3820
4894,Edward Guerra,19982
4895,Andre Anderson,13177
4896,Beth Flores,18084
4897,Arthur Williams,18831
4898,Crystal Simpson,4182
4899,Stephen Myers,21183
4900,Robert Liu,7780
4901,Marcus Taylor,13049
4902,Mallory Gomez,5640
4903,Anthony Anderson,1427
4904,Lauren Henderson,14298
4905,Timothy Arroyo,19772
4906,Elizabeth Pearson,21629
4907,Sarah Parker,4118
4908,Edgar Mack,22726
4909,Blake Hale,20941
4910,Kristen Conrad,22662
4911,Meghan Baldwin,12936
4912,Connie Jimenez,19848
4913,Thomas Page,18077
4914,Mr. Anthony Burch,5143
4915,Brian Romero,14475
4916,James Mcbride,22283
4917,Anthony Owens,22237
4918,David Gregory,12893
4919,Steven Weiss,20398
4920,Katelyn Cooper,14406
4921,Marc Edwards,10235
4922,Lauren Munoz,24508
4923,Bradley Harris,5242
4924,James Parrish,23072
4925,Jeffrey Davis,22436
4926,Denise Ramsey,17570
4927,Brian Thompson DVM,20955
4928,Thomas Singleton,6094
4929,Todd Castaneda,22320
4930,James Padilla,23602
4931,Alexis Martin,19245
4932,Raymond Edwards,7408
4933,Miguel Sanders,12020
4934,Tracey Pittman,18152
4935,Karla Baker MD,18032
4936,Sheila Bennett,2551
4937,Jessica Davis,9825
4938,Kevin Summers,19638
4939,Christine Williams,2551
4940,Linda Middleton,12969
4941,Kirsten Phillips,16253
4942,Rhonda Garza,12476
4943,Jillian George,13268
4944,Richard Green,16265
4945,Eduardo Scott,10321
4946,Charles Robinson,18538
4947,Aaron Fisher,3466
4948,Heather Long,7806
4949,Michael Mendoza,16470
4950,Ryan Gonzalez,19552
4951,Joseph Baker,1119
4952,Tiffany Johnson,7737
4953,Charles Sanchez,11748
4954,Billy Armstrong,4573
4955,Rachel Spencer MD,8773
4956,Karen Martinez,6616
4957,Elijah Pham,19854
4958,Connie Gutierrez,10872
4959,Jeremy Morales,21329
4960,Charles Adams,16639
4961,Carol Anthony,3687
4962,Deborah Jackson,19489
4963,Zachary Wilson,5752
4964,Jamie Murray,21920
4965,Lindsay Booth,6982
4966,Jessica Lee,10281
4967,Carol Travis,15318
4968,Lori Jones,2930
4969,Donna Lambert,12755
4970,William Holland,7420
4971,Nathan Ramirez,13277
4972,Kevin Cooke,23004
4973,Mary Vazquez,24561
4974,Max Powers,7678
4975,William Gonzalez,4962
4976,Craig Wilson,3234
4977,Kenneth Williamson,11909
4978,Heidi Tate,22770
4979,Daniel Ford,17733
4980,Karen Werner,11280
4981,Dana Allen,19639
4982,Robert Gardner,21902
4983,Anita Wilson,1898
4984,Dawn Moore,8453
4985,Alexis Torres,14816
4986,Jose Davis,16807
4987,Joanne Baker,2451
4988,Luis Thomas MD,3887
4989,Timothy Johnson,12835
4990,Randall Perkins,18506
4991,Jeremy Summers,2142
4992,Michele Johnson,7614
4993,Lisa Fleming,7493
4994,Amber Miller,21044
4995,Nicole Reyes,14065
4996,Nicholas Ferguson,2285
4997,Thomas Hanson,15179
4998,James Barnett,2656
4999,Catherine Johnson,16406
5000,Nicholas Spencer,13927
