ClienteID,Nombre,MontoOriginal,MontoPagado,PagosTotales,FechaUltimoPago,EstadoPago
1,Curtis White,24587,18482,7,2025-05-18,En mora
2,Peter King,14497,19298,7,2025-01-28,Al día
3,Michael Ryan,4240,2784,4,2025-06-11,En mora
4,Katherine Fisher,10929,19811,10,2025-08-18,Al día
5,Claire Winters,2768,5988,3,2025-05-23,Al día
6,James Fleming,22572,8316,4,2025-03-23,En mora
7,Matthew Horn,24749,7601,4,2025-04-16,En mora
8,Travis Rice,20841,8549,3,2025-07-12,En mora
9,Julie Powell,17439,1953,2,2024-07-06,En mora
10,Adam Harris,13273,13762,5,2025-08-05,Al día
11,Kimberly Murray DVM,17833,12006,7,2025-03-02,En mora
12,Vanessa Howard,9368,17823,9,2025-05-23,Al día
13,Thomas Martin,22725,17869,9,2025-06-24,En mora
14,Linda Mcgrath,17443,7086,2,2024-01-17,En mora
15,Mary Johnson,11214,19838,10,2025-08-22,Al día
16,John Weiss,9436,18043,8,2025-03-02,Al día
17,Jeffery Miller,23146,6057,4,2024-12-31,En mora
18,Aaron Rivera,7336,12753,7,2025-05-31,Al día
19,Christina Cobb,14736,24079,10,2025-05-22,Al día
20,Daniel Scott,5040,16788,10,2025-07-04,Al día
21,Phillip Gomez,18428,9247,4,2024-12-04,En mora
22,Tammy Anderson,14371,12774,6,2025-05-08,En mora
23,Linda Burgess,14095,15305,7,2025-06-02,Al día
24,Jennifer Davis,17975,9993,4,2025-02-25,En mora
25,Christopher Thompson,3810,8131,3,2025-05-09,Al día
26,Daniel Hoffman,23575,19647,8,2025-08-25,En mora
27,Rebecca Mathis,2819,5821,3,2025-03-31,Al día
28,Rodney Lopez,12070,15790,10,2025-07-03,Al día
29,Dwayne Willis,7884,11237,6,2025-08-19,Al día
30,Daniel Ross,16852,1791,2,2024-12-05,En mora
31,Jennifer Gutierrez,7905,20041,9,2025-06-20,Al día
32,Brandon Hobbs,4134,5406,2,2024-11-20,Al día
33,Mikayla Ross,10745,17184,8,2025-05-07,Al día
34,Eric Pena,19505,16592,6,2025-05-13,En mora
35,Emily Sawyer,14472,16038,7,2025-07-21,Al día
36,Colleen Lamb,12541,899,1,2024-09-01,En mora
37,Danielle Phillips,7383,11733,5,2025-03-19,Al día
38,Angela Kim,20299,26675,9,2025-08-10,Al día
39,Dawn Gordon,15867,685,1,2024-11-19,En mora
40,Shelly Kramer,22170,22611,7,2025-08-18,Al día
41,Tara Scott,18157,9631,4,2025-07-16,En mora
42,Jennifer Barrett,11592,14843,6,2025-04-01,Al día
43,Diane Gregory,6851,18942,9,2025-05-16,Al día
44,Victoria Estrada,10035,4896,2,2024-11-08,En mora
45,James Clay,13402,15021,8,2025-05-25,Al día
46,Michael Benson,1011,19863,9,2025-06-10,Al día
47,Cheryl Ortega,12997,8213,4,2025-08-06,En mora
48,Mark Sandoval,22599,22391,10,2025-04-26,En mora
49,Sharon Hall,23385,13154,8,2025-06-26,En mora
50,Haley Ross,20579,1648,1,2024-11-04,En mora
51,Joseph Smith,3977,12300,6,2025-06-01,Al día
52,Michael Adkins,21748,4416,3,2025-04-20,En mora
53,Richard Wallace,16437,8352,4,2025-03-11,En mora
54,Paul Stevenson,10676,3240,3,2025-06-01,En mora
55,Joseph Harvey,22987,15722,8,2025-02-22,En mora
56,Pamela Mack,18496,24392,10,2025-07-24,Al día
57,Alex Garcia,6577,7153,3,2025-03-30,Al día
58,Kevin Woodward,18010,14471,9,2025-06-15,En mora
59,Jacob Grant,8673,6072,3,2025-06-12,En mora
60,Leah Phillips,13264,3527,1,2023-09-12,En mora
61,Wendy Leon,22504,4357,2,2024-05-15,En mora
62,Christopher Murray,4595,3979,1,2023-12-25,En mora
63,Carlos Griffin,5210,8041,3,2025-04-21,Al día
64,Mia Barnes,16856,22983,8,2025-08-20,Al día
65,Cassidy Wright,13710,14034,7,2025-07-18,Al día
66,Kenneth Preston,1381,5110,2,2025-07-20,Al día
67,Ronald Giles,15320,12356,7,2025-08-02,En mora
68,Steven Small,18858,2502,2,2024-10-04,En mora
69,Christopher Jones,1315,6665,3,2024-04-08,Al día
70,Joe Smith,2107,9926,5,2024-10-29,Al día
71,Johnny Rogers,13348,21315,10,2025-07-28,Al día
72,Laura Patel,5200,1749,1,2024-07-02,En mora
73,Lauren Gutierrez,8963,12584,7,2025-03-18,Al día
74,Kevin Williams,4491,13289,6,2025-07-12,Al día
75,Gordon Hall,3669,6659,3,2025-07-15,Al día
76,Brooke Gonzales,17413,22431,9,2025-08-19,Al día
77,Jennifer Trujillo,14973,18601,7,2025-07-01,Al día
78,Christopher Hill,19540,13217,4,2025-06-19,En mora
79,Justin Gonzalez,8073,2884,1,2024-10-05,En mora
80,Mia Delgado,19477,10561,4,2025-03-07,En mora
81,Angela Byrd,3397,15245,8,2025-05-06,Al día
82,Samantha Hernandez,12711,8219,5,2025-08-20,En mora
83,Peter Lucas,15782,20834,9,2025-06-19,Al día
84,Seth Love,12807,9424,7,2025-07-23,En mora
85,Paige Carr,21043,6667,3,2025-06-14,En mora
86,Anthony Peterson,14067,10780,6,2025-06-03,En mora
87,Chelsea White,3796,15045,8,2025-08-14,Al día
88,Jonathan Levy,16204,3623,1,2024-05-12,En mora
89,Alexandria Bennett,17215,6646,3,2024-06-25,En mora
90,Anne Norton,15006,21440,10,2025-07-07,Al día
91,Jeremy Mcguire,19235,3067,3,2025-08-16,En mora
92,Angela Roth,21315,23529,10,2025-07-18,Al día
93,Sara Schroeder,3277,12476,7,2024-09-22,Al día
94,Erik Williams,7679,3338,2,2025-07-25,En mora
95,Eric Moore,15634,4941,2,2024-12-26,En mora
96,Shirley Pacheco,23875,3749,2,2024-07-29,En mora
97,Caleb Simmons,21645,6939,3,2025-07-19,En mora
98,Hector Obrien,5380,13094,5,2025-05-06,Al día
99,George Murphy,3235,1888,3,2024-12-26,En mora
100,Amanda Cervantes,12241,2164,3,2024-10-03,En mora
101,Kimberly Steele,12589,13500,7,2025-07-18,Al día
102,Scott Roberts,20879,3564,3,2025-07-07,En mora
103,Jose Santana,13472,8943,4,2025-01-31,En mora
104,Joseph Frey,8544,24326,9,2025-07-29,Al día
105,Matthew Martin,3736,11257,6,2025-05-06,Al día
106,Jessica Cunningham,8732,9805,8,2025-08-18,Al día
107,Dale Lester,23176,3760,4,2024-12-13,En mora
108,Eric Hays,23248,7639,5,2025-07-15,En mora
109,Kevin Jordan,12035,5791,2,2025-04-25,En mora
110,Mason Shaw,24872,11841,6,2025-07-06,En mora
111,Vanessa Jones,18769,8735,3,2025-07-18,En mora
112,Gloria Anderson,12578,4205,2,2024-03-29,En mora
113,Ann Shaw,20360,15536,9,2025-07-24,En mora
114,Kenneth Clark,14688,10302,5,2025-04-23,En mora
115,Jessica Harris,18124,254,1,2025-05-25,En mora
116,Brandy Rojas,15811,18718,10,2025-08-01,Al día
117,Ryan Scott,10873,2976,1,2025-07-29,En mora
118,Megan Wagner,1013,11452,6,2025-05-22,Al día
119,Kimberly Young,19672,8880,4,2025-05-08,En mora
120,Melissa Fisher,1537,9030,7,2025-02-11,Al día
121,Andrea King,3207,15798,7,2025-04-16,Al día
122,Felicia Lopez,12162,19148,6,2024-09-14,Al día
123,Alyssa Johnson,3551,15936,7,2025-02-01,Al día
124,Colton Williams,16894,14577,7,2025-07-27,En mora
125,Derrick Leblanc,7794,15613,7,2025-04-26,Al día
126,Kenneth Phillips,18004,11466,6,2025-07-28,En mora
127,Ashley Cooper,16713,20924,9,2025-08-17,Al día
128,Eric Green,18268,6143,2,2024-07-06,En mora
129,Tony Johnson,5338,6595,3,2025-05-11,Al día
130,Lee Davenport,22240,2544,1,2023-09-24,En mora
131,Ian Stewart,22906,13724,6,2025-06-06,En mora
132,Joshua Chan,11829,20334,7,2025-01-23,Al día
133,Christopher Walker,23717,13654,8,2025-07-20,En mora
134,Paige Jones,18662,8163,4,2025-05-24,En mora
135,Brian Graham,14442,8945,5,2025-07-12,En mora
136,Valerie Wood,24591,8789,4,2025-05-04,En mora
137,Shawn Saunders,23242,6808,5,2025-07-04,En mora
138,Deborah Joseph,4715,3951,2,2025-03-03,En mora
139,Denise Sanchez,12855,11981,6,2025-05-26,En mora
140,Colleen Nguyen,24807,10226,4,2025-08-08,En mora
141,Shawn Howell,2866,9313,4,2025-08-25,Al día
142,Jeremy Wallace,18626,14372,7,2025-08-14,En mora
143,Patrick Jones,14254,10769,5,2025-07-22,En mora
144,Oscar Campbell,1417,17094,8,2025-05-31,Al día
145,Stephanie Padilla,16499,3983,2,2025-08-05,En mora
146,Timothy Flores,13126,16399,8,2025-06-02,Al día
147,Lisa Nichols DVM,13222,15875,7,2025-08-25,Al día
148,Dustin Rowe,6958,10435,5,2025-05-15,Al día
149,Timothy Chavez,12919,3127,2,2024-07-05,En mora
150,Zachary Miller Jr.,2151,17257,9,2025-08-25,Al día
151,Madison Huffman,24775,9807,5,2025-06-16,En mora
152,Stephen Sandoval,6187,11025,6,2025-03-20,Al día
153,Alicia Lloyd,7266,17677,8,2025-06-22,Al día
154,Michael Holder,16260,15335,9,2025-08-05,En mora
155,Jeffrey Mays,12462,4405,3,2025-01-20,En mora
156,Ryan Fuentes,12079,11363,5,2025-08-12,En mora
157,Yvette Thornton,7036,13251,7,2025-08-21,Al día
158,Ryan Walton,15633,9824,5,2025-08-11,En mora
159,Brent Adams,13121,15160,7,2025-06-01,Al día
160,Danielle Hatfield,9059,20549,10,2025-06-22,Al día
161,Donald Martinez,22653,5085,3,2024-04-29,En mora
162,Sandra King,3565,11016,5,2025-04-01,Al día
163,Stephen Harper,14726,14386,7,2025-05-12,En mora
164,Zachary Hammond,2264,18109,10,2025-05-16,Al día
165,Jerome Porter,14410,18772,10,2025-08-21,Al día
166,Julia Hernandez,19471,16109,8,2025-06-18,En mora
167,Carl Shaw,1444,7955,4,2024-11-17,Al día
168,Lindsay Jones,23144,15580,7,2025-07-15,En mora
169,Rachael Berry,12334,13920,6,2025-04-21,Al día
170,Richard Ross,15231,11231,4,2025-08-07,En mora
171,Alexandra Davis,15610,15161,6,2025-05-02,En mora
172,Bradley Lee,15600,3729,1,2024-02-14,En mora
173,Paula Evans,16894,10601,6,2025-04-10,En mora
174,Nicholas Erickson,16067,8007,5,2024-12-28,En mora
175,Justin Davidson,3948,10150,4,2025-05-11,Al día
176,Brian Johnson,14426,5568,3,2025-06-30,En mora
177,Elizabeth Cook,4279,8815,5,2025-06-03,Al día
178,Matthew Wright,19144,13366,7,2025-06-15,En mora
179,Hannah Bailey,16361,4276,4,2024-12-10,En mora
180,Frederick Durham,14136,11008,7,2025-06-30,En mora
181,Suzanne Rosales,13117,15342,6,2025-06-17,Al día
182,Lori Jacobs,13427,16716,7,2025-08-14,Al día
183,Toni Munoz,23083,423,1,2024-01-19,En mora
184,Monica Kirk,14237,2322,2,2025-02-04,En mora
185,Alicia Obrien,11745,20089,9,2025-06-03,Al día
186,Carl Williams,12512,17217,9,2025-07-20,Al día
187,Tina Grant,5382,11173,4,2025-07-31,Al día
188,Carrie Murphy,3387,3395,1,2023-10-09,Al día
189,Melissa Acosta,10377,13026,9,2025-07-24,Al día
190,Michael Cooper,14053,9640,5,2025-06-07,En mora
191,Christopher Thompson,15367,5993,3,2025-02-10,En mora
192,James Dillon,3461,16909,9,2025-05-26,Al día
193,Jacqueline May,20274,14116,8,2025-07-22,En mora
194,Deanna Sellers,19192,12324,4,2025-08-02,En mora
195,Mrs. Amy Becker,8831,8998,5,2025-05-26,Al día
196,Holly Edwards,3359,13056,7,2025-06-26,Al día
197,Caleb Beck,12520,10892,8,2025-06-11,En mora
198,Timothy Russell,20783,25023,9,2025-08-02,Al día
199,Michael Jarvis,5580,19074,9,2025-08-02,Al día
200,Wayne Stanley,14744,18036,10,2025-07-04,Al día
201,Theresa Kelley,21841,19464,10,2025-07-16,En mora
202,Brenda Jenkins,24193,5036,5,2025-06-18,En mora
203,Deborah Hamilton,20406,11329,4,2025-06-09,En mora
204,Ryan Reed,22912,3020,1,2024-10-25,En mora
205,Crystal Curtis,6440,1715,2,2025-07-24,En mora
206,Mr. Richard Zhang Jr.,5846,12025,5,2025-03-10,Al día
207,Andrea Kelly,15988,5145,2,2025-02-02,En mora
208,Traci Mcintosh,23135,20623,10,2025-06-03,En mora
209,Patrick Rowland,11335,319,1,2023-11-01,En mora
210,Ronald Ramsey,11599,563,1,2025-04-19,En mora
211,Joanne Day,1933,13950,7,2025-08-03,Al día
212,Kathleen Higgins,1243,10981,5,2025-02-12,Al día
213,Andrew Robinson,14470,16119,6,2025-05-16,Al día
214,Mrs. Stacy Waller,19230,27299,9,2025-08-06,Al día
215,Kirsten Roberts,8301,21242,10,2025-05-07,Al día
216,Patricia Bowen,24425,18417,10,2025-07-29,En mora
217,Anthony Johnson,12694,12694,5,2025-08-10,Al día
218,James Watson,14797,10692,4,2024-11-27,En mora
219,Pamela Mitchell,20868,3397,2,2024-01-30,En mora
220,Steven Vazquez,19053,18221,7,2025-07-20,En mora
221,Gary Colon,22444,13968,7,2025-08-02,En mora
222,Christina Perry,5835,3289,3,2025-04-27,En mora
223,Cassandra King,24073,11139,5,2025-07-06,En mora
224,Jasmine Gutierrez,4417,24882,8,2025-07-29,Al día
225,Tina Turner MD,14508,11045,6,2025-06-19,En mora
226,William Park,11794,9540,3,2025-02-14,En mora
227,Tanner Wiley,18228,9968,3,2025-01-27,En mora
228,Alicia Rice,14432,14230,8,2025-05-16,En mora
229,David Long,23766,11509,7,2025-08-04,En mora
230,Stephen Brooks,19684,14544,7,2025-01-04,En mora
231,Christopher Ford,10230,21764,9,2025-08-05,Al día
232,Ryan Soto,1426,9487,3,2025-08-19,Al día
233,Cassandra Knight,17779,12453,6,2025-01-27,En mora
234,Amber Ross,12413,13755,5,2025-04-13,Al día
235,Brittany Krueger,21326,10252,4,2025-07-16,En mora
236,Bruce Watts,8143,8850,5,2025-03-03,Al día
237,Dr. Kim Murphy,17985,21873,8,2025-08-01,Al día
238,Austin Walker,20334,19386,10,2025-08-11,En mora
239,Danielle Hinton,5443,9251,7,2025-07-28,Al día
240,David Russell,24265,5697,3,2024-12-30,En mora
241,Glenda Lopez,15760,17683,8,2025-06-15,Al día
242,Angelica Ruiz,4140,20525,10,2025-06-11,Al día
243,William Kim,5194,16817,8,2025-08-12,Al día
244,Tina Delgado,11082,4408,3,2025-08-21,En mora
245,Jessica Brennan MD,16910,5657,2,2025-04-06,En mora
246,Tyler Dean,18862,21268,9,2025-08-07,Al día
247,Keith Vazquez,6760,8100,4,2024-04-06,Al día
248,John Wallace,2749,19491,8,2025-07-24,Al día
249,Michael Freeman,11719,19961,9,2025-05-15,Al día
250,Kimberly Mendez,20781,2455,1,2025-07-26,En mora
251,Karen Hanna,16476,2660,2,2025-07-24,En mora
252,Jordan Martinez,16162,17885,6,2025-08-25,Al día
253,James Oneal MD,17481,15906,8,2025-07-22,En mora
254,Cory Humphrey,20802,3627,2,2025-02-13,En mora
255,Theodore Jordan,14303,13198,6,2025-03-18,En mora
256,Nicole Dillon,15935,392,1,2023-11-04,En mora
257,Kevin Lopez,10457,19584,10,2025-07-18,Al día
258,Patricia King,21077,22816,9,2025-03-27,Al día
259,William Rubio,13458,6276,5,2025-07-12,En mora
260,Amanda Robinson,17876,1718,1,2025-08-14,En mora
261,Christine Holmes,10421,18874,10,2024-12-31,Al día
262,Joel Alvarez,3138,9802,6,2025-03-03,Al día
263,Hannah Mccullough,21926,14944,7,2025-04-04,En mora
264,Alan Hayes,9265,8157,5,2025-05-22,En mora
265,Troy Short,15958,7418,3,2025-07-07,En mora
266,Cindy Golden,1589,7854,3,2025-03-25,Al día
267,Diane Briggs,24680,22282,10,2025-08-14,En mora
268,Cody Rhodes,13433,1935,1,2024-06-05,En mora
269,Eric Newman,21726,17686,7,2025-05-08,En mora
270,Alexis Johnson,20084,2805,1,2024-10-05,En mora
271,Ann Rodriguez,12295,1286,1,2024-12-04,En mora
272,Tiffany Joseph,22503,11757,6,2025-08-14,En mora
273,Melissa House,2648,22084,9,2024-11-26,Al día
274,Jake Diaz,6230,11884,4,2025-07-05,Al día
275,Derrick Flores,7859,17933,9,2025-07-24,Al día
276,Tiffany Weeks,16130,9716,5,2025-07-01,En mora
277,Larry Hall,2315,6479,3,2025-06-28,Al día
278,Thomas Ryan,23934,14074,8,2025-08-21,En mora
279,John Mccormick,12176,1876,1,2025-05-07,En mora
280,Ashley Price,19820,20941,7,2025-07-07,Al día
281,Daniel Sanchez,18484,6423,4,2025-05-28,En mora
282,Kristen Pratt,6499,10641,4,2025-07-25,Al día
283,Ryan Smith,15949,4459,2,2025-08-24,En mora
284,Connor Adams,3921,13945,8,2025-08-06,Al día
285,Cassandra Humphrey,14157,2304,3,2025-08-10,En mora
286,Sheri Johnson,12174,13594,5,2025-03-06,Al día
287,Andrew Benitez,3303,9773,5,2025-04-20,Al día
288,Anthony Roberts,20538,11603,6,2024-12-04,En mora
289,David Edwards,18447,3644,2,2024-12-26,En mora
290,David Reynolds,18941,18382,9,2025-03-05,En mora
291,Kyle Aguirre,4910,9055,4,2024-07-09,Al día
292,Mark Jennings,11901,25292,9,2025-06-02,Al día
293,James Taylor,18195,6591,3,2024-10-12,En mora
294,Veronica Frank,2048,14062,6,2025-04-21,Al día
295,Jeffrey Hicks,20187,19750,9,2025-08-12,En mora
296,Victor Humphrey,11989,7508,2,2025-01-01,En mora
297,Darrell Goodwin,13146,5454,2,2025-05-24,En mora
298,Michelle Baxter,10322,5505,3,2025-03-20,En mora
299,Rachel Harris,21458,4010,3,2024-03-12,En mora
300,Michelle Thompson,13748,2367,3,2025-06-29,En mora
301,Denise Allison MD,24583,21690,9,2025-07-31,En mora
302,Alan Miller,1150,4844,2,2025-07-02,Al día
303,Bob Cummings,11427,3976,1,2024-05-09,En mora
304,Rebecca Cardenas,24459,21183,9,2025-04-02,En mora
305,Carrie Cruz,12203,10461,7,2025-04-28,En mora
306,Christopher Gonzalez,15390,11463,3,2024-08-07,En mora
307,Thomas Gomez,10665,10041,6,2025-03-15,En mora
308,Mary Parker,20856,11231,4,2025-08-09,En mora
309,Daniel Gonzalez,14721,21374,10,2025-07-08,Al día
310,Emily Pearson,10346,25732,10,2025-08-08,Al día
311,Ashley Heath,12524,23960,10,2025-08-09,Al día
312,Daniel Johnson,17708,8040,3,2024-03-01,En mora
313,Mr. Paul Harris,11093,13036,6,2025-07-21,Al día
314,Jeffery Jones,11307,1180,1,2024-08-29,En mora
315,Savannah Miller,19380,10757,6,2025-02-17,En mora
316,Roy Tate,24468,7121,7,2025-08-22,En mora
317,Megan Alexander,14111,11259,4,2025-02-20,En mora
318,Lisa Manning,21875,12892,5,2025-04-14,En mora
319,Kelly Anderson,20943,7540,3,2025-03-26,En mora
320,Valerie Medina,1989,4738,2,2025-05-24,Al día
321,Nicole Christensen,7630,3833,3,2025-04-12,En mora
322,Lisa Rodriguez,13736,16624,8,2025-07-02,Al día
323,Sean Day,1901,26702,9,2025-08-04,Al día
324,David Baxter,11531,2774,1,2024-06-19,En mora
325,Kevin Hodges,12524,9199,4,2025-06-20,En mora
326,Alan Cruz,5601,12873,7,2025-06-22,Al día
327,Sherry George,11672,5829,2,2025-08-03,En mora
328,Craig Hicks,23858,9788,4,2025-03-20,En mora
329,Casey Moore,19408,19439,10,2025-07-05,Al día
330,Hannah Christian,20334,19650,8,2025-04-19,En mora
331,Gwendolyn Nunez,4512,28361,10,2025-07-16,Al día
332,Donald Walker,9404,5584,2,2024-08-18,En mora
333,Ashley Drake,9667,4287,3,2025-05-27,En mora
334,Beth Ramirez,11491,3521,3,2025-07-22,En mora
335,Tony Yoder,16507,15706,8,2025-08-24,En mora
336,Marcus Walton,3114,9549,6,2025-05-02,Al día
337,Diana Horn,17988,12114,5,2025-07-09,En mora
338,Timothy Molina,11620,9835,6,2025-07-28,En mora
339,Denise Davis,8416,25536,10,2025-08-02,Al día
340,Jose Berry,21575,1719,1,2023-10-24,En mora
341,Jacob Moore,23337,17220,10,2025-06-17,En mora
342,Jorge Olson,18673,17081,7,2024-11-04,En mora
343,Jessica Ortega,8759,2488,1,2023-12-10,En mora
344,Jennifer Silva,22867,11296,5,2025-05-21,En mora
345,Katelyn Smith,18466,7619,3,2025-04-10,En mora
346,Kenneth Matthews,22343,7818,3,2025-08-23,En mora
347,Gregory Garcia,20579,1877,1,2024-07-22,En mora
348,Maria Wilson,18199,7124,5,2025-08-25,En mora
349,David Mitchell,8327,22269,9,2025-06-10,Al día
350,Rebecca Knight,23039,13569,5,2025-05-21,En mora
351,Ellen Reyes,21420,16970,5,2024-10-21,En mora
352,Sara Rocha,13047,1706,2,2024-11-07,En mora
353,Cassandra Lawrence,10285,19320,8,2025-05-04,Al día
354,Clinton Kim,21265,14780,7,2025-05-13,En mora
355,Christine Simmons,11127,1300,2,2025-01-16,En mora
356,Brian Wu,7323,2995,1,2024-04-12,En mora
357,Rachel Thomas,11750,10360,6,2025-03-16,En mora
358,Tanya Jones,6484,6503,3,2024-11-25,Al día
359,Eduardo Gonzalez,10498,20499,10,2025-05-05,Al día
360,Monique Willis,21152,13155,6,2025-06-12,En mora
361,Lindsey Oconnor,18289,12805,6,2025-07-19,En mora
362,Patrick Thomas,10214,8569,6,2025-07-15,En mora
363,David Brooks,20620,1027,1,2024-04-01,En mora
364,Bernard Robertson,3796,14349,7,2025-08-10,Al día
365,Joseph Ferguson,14726,7747,5,2025-06-04,En mora
366,Shawn Schmidt,7916,22807,10,2025-07-01,Al día
367,Taylor Alexander,8891,5759,4,2025-06-08,En mora
368,Jennifer Smith,9749,18552,9,2025-07-15,Al día
369,David Wong,24161,6705,3,2025-07-03,En mora
370,Matthew Edwards,19456,2407,1,2024-02-18,En mora
371,Susan Barrett,3593,7257,5,2025-02-19,Al día
372,Lauren Armstrong,16516,16215,7,2025-08-07,En mora
373,Paul Gutierrez,12385,13602,7,2025-08-12,Al día
374,Robert Francis,8264,22630,9,2025-04-29,Al día
375,Ethan Morris,19589,3013,4,2025-07-25,En mora
376,Bryan Kennedy,17677,6881,3,2025-06-24,En mora
377,Marcus Myers,21456,17970,9,2025-07-29,En mora
378,Natalie Fitzpatrick,15890,13893,7,2025-07-02,En mora
379,Rodney Faulkner,22589,1668,1,2025-06-12,En mora
380,Kelly Meadows,19440,7507,4,2025-08-01,En mora
381,Robert Ford,12962,11954,4,2025-07-16,En mora
382,Nancy Kennedy,23755,9758,5,2024-10-20,En mora
383,Dwayne Schultz,17721,6565,3,2024-10-29,En mora
384,Corey Adams,12903,14959,10,2025-06-10,Al día
385,Kevin Cross,11519,3810,2,2025-07-26,En mora
386,Kyle Miller,2761,13556,7,2025-04-09,Al día
387,Claire Baldwin,18333,889,1,2023-12-25,En mora
388,Bruce Porter,12542,20647,10,2025-07-03,Al día
389,Michael Lam,11813,1141,1,2023-11-14,En mora
390,Dr. Amy Rice MD,21416,8781,4,2025-03-20,En mora
391,Dawn Stark,5941,6194,3,2025-01-19,Al día
392,Charles Scott,6546,7509,3,2024-07-09,Al día
393,Robert Reyes,19427,13749,5,2024-10-24,En mora
394,Sarah Davis,10026,3436,1,2024-06-28,En mora
395,Mr. Nathan Brown MD,15428,5066,5,2025-05-01,En mora
396,Bethany Smith,10349,10162,3,2025-02-07,En mora
397,Brandi Hunt,16610,16022,10,2025-07-11,En mora
398,Jeffrey Richard,20962,14486,7,2025-08-23,En mora
399,Michelle Richard,13909,3971,3,2025-01-24,En mora
400,Patricia Jones,21540,3865,1,2023-12-21,En mora
401,Carly Valenzuela,9312,2939,1,2023-09-27,En mora
402,Rhonda Gardner,9974,16364,9,2025-08-22,Al día
403,Gabriel Giles,3027,11417,7,2025-04-26,Al día
404,Brittany Miller,13930,19080,8,2025-01-16,Al día
405,Donna Patel,17719,3987,2,2023-10-31,En mora
406,Jessica Garcia,1687,3588,3,2025-02-26,Al día
407,Stephanie Ford,4766,19078,10,2025-07-23,Al día
408,Chad Hanna,11797,5348,4,2025-01-03,En mora
409,Erika Hicks,21424,10111,6,2025-06-24,En mora
410,Jessica Lewis,15937,13536,7,2025-02-06,En mora
411,Leah Henry,19842,8358,3,2025-05-16,En mora
412,Martin Daniels,1280,17595,8,2025-07-05,Al día
413,Zachary Washington,6051,17091,10,2025-07-20,Al día
414,Lindsay Martin,11849,4319,2,2025-06-19,En mora
415,Shawn Cooper,10658,15675,6,2025-07-17,Al día
416,Daniel Lawrence,9732,16797,9,2025-07-09,Al día
417,Janet Griffin,24260,5605,3,2025-08-01,En mora
418,Larry Parker,10307,8937,4,2024-09-28,En mora
419,Sharon Smith,15536,25533,10,2025-07-26,Al día
420,Gina King,16323,13400,8,2025-04-07,En mora
421,Eric Davis,15495,8596,4,2025-02-06,En mora
422,Anthony Nguyen,2273,2191,2,2025-06-28,En mora
423,Gina Bruce,20938,18114,7,2025-08-09,En mora
424,Micheal Ashley,22233,23936,10,2025-06-11,Al día
425,Kevin Barber,13436,9057,4,2024-03-20,En mora
426,Alvin Jordan,14199,8438,3,2025-01-30,En mora
427,Jacob Herrera,16453,5366,3,2025-08-04,En mora
428,Danielle Randall,21867,16163,8,2025-04-20,En mora
429,Michael Preston,1607,7737,4,2025-07-26,Al día
430,Travis Smith,6240,7712,3,2024-11-27,Al día
431,Lee Obrien,5806,9694,5,2025-08-01,Al día
432,Mary White,20354,5327,3,2025-05-05,En mora
433,Tracy Underwood,14532,16500,9,2025-02-20,Al día
434,Danielle Alexander,11987,19102,9,2025-05-19,Al día
435,Beth Powell,8073,17421,9,2025-07-13,Al día
436,James Mejia,12683,1014,2,2025-06-08,En mora
437,John Dougherty,19233,9396,4,2025-07-13,En mora
438,Kelly Simon,4903,5934,4,2024-09-23,Al día
439,Kristen Watson,19890,22835,9,2025-05-12,Al día
440,Tammy Barnes,4860,12404,4,2024-07-06,Al día
441,Deborah Boyd,20333,11089,7,2025-06-20,En mora
442,Eric Harris,10267,13792,7,2025-02-02,Al día
443,Brent Williams,12358,18960,9,2024-10-27,Al día
444,Megan Lee,3221,19546,9,2025-04-14,Al día
445,Ryan Martinez,19507,1750,2,2024-11-24,En mora
446,Brent Murray,10978,10216,4,2024-11-21,En mora
447,Anthony Hart,13186,12010,5,2025-02-06,En mora
448,Melinda Lawson,24864,13018,6,2025-03-29,En mora
449,Anthony Vasquez,9812,15170,10,2025-07-15,Al día
450,Eric Jennings,18403,9988,6,2025-05-28,En mora
451,Evelyn Holloway,8037,14288,8,2025-04-03,Al día
452,Bryan Thompson,22405,11047,4,2024-09-04,En mora
453,Kristen Sandoval,11558,2929,2,2025-08-09,En mora
454,Julian Callahan,10801,721,1,2024-06-23,En mora
455,Michelle Cooper,6360,462,1,2025-05-12,En mora
456,Ronald Hubbard,5155,12800,7,2025-08-23,Al día
457,Gerald Wilson,2644,1933,1,2025-03-24,En mora
458,Jackson Carter,5869,14933,6,2025-04-21,Al día
459,Stacy Garrett,24557,10425,4,2024-12-09,En mora
460,James Dyer,10940,2802,1,2024-04-03,En mora
461,Jamie Davis,12243,15822,5,2025-01-19,Al día
462,Kathryn Grant,1228,10413,3,2025-08-06,Al día
463,Henry Lopez,19259,11072,5,2025-03-25,En mora
464,Julie Jones,3940,5780,5,2025-01-11,Al día
465,John Flores,7573,430,1,2023-12-16,En mora
466,Tanya Kim,22765,20293,10,2025-07-23,En mora
467,Debbie Trevino,22547,23385,9,2025-07-02,Al día
468,Virginia Snyder,7751,10942,5,2025-08-07,Al día
469,Caroline Roach,17636,9971,4,2025-07-25,En mora
470,Autumn Carlson,3656,10916,6,2025-06-10,Al día
471,Aaron Jones,11445,4291,2,2025-06-26,En mora
472,Jeffery Serrano,17419,5586,3,2025-01-25,En mora
473,Mary Martinez,24978,11736,6,2025-04-04,En mora
474,Jessica Martinez,1398,14650,7,2025-07-28,Al día
475,Russell Santiago,21951,4887,3,2025-03-04,En mora
476,April Green,15040,11369,5,2025-01-02,En mora
477,Mrs. Carrie Ross MD,10215,14051,9,2025-08-01,Al día
478,Steven May,24991,3967,5,2025-01-01,En mora
479,Nicole Brennan,14594,7722,4,2025-08-25,En mora
480,David Smith,3559,20159,8,2025-05-08,Al día
481,Michael Howard,15100,251,1,2024-05-18,En mora
482,Yolanda Griffin,4145,2799,1,2025-06-12,En mora
483,Kimberly Bryant,12259,13656,6,2024-12-27,Al día
484,James Trujillo,4321,14170,4,2025-04-07,Al día
485,Sherry Prince,24272,5021,3,2024-06-06,En mora
486,Jenna Rollins,9071,19569,10,2025-08-09,Al día
487,Gabriel Jackson,2687,5019,2,2024-12-16,Al día
488,Michael Harrington,23583,16251,7,2025-05-28,En mora
489,Ricky Noble,23503,1484,1,2025-01-23,En mora
490,Ashley Moreno,12656,15522,6,2025-08-20,Al día
491,Kyle Smith,7700,16266,6,2024-10-11,Al día
492,James Mitchell,13032,16544,7,2025-08-15,Al día
493,Andrea Taylor,17562,8985,4,2025-07-16,En mora
494,Michelle Valentine,17574,20208,9,2025-08-22,Al día
495,Christina Ramirez,17077,5636,3,2025-03-09,En mora
496,Kathy Smith,7075,6197,2,2024-08-07,En mora
497,Jennifer Mccarthy,5566,1358,1,2024-02-24,En mora
498,Justin Hendricks,1087,2492,1,2024-08-19,Al día
499,Jennifer Lopez,6217,3455,3,2025-01-14,En mora
500,Jeffrey Gutierrez,19411,10469,4,2025-08-01,En mora
501,Anna Bell,14474,8207,4,2025-04-30,En mora
502,Ashley Perez,21428,10380,6,2025-04-07,En mora
503,Cynthia Long,21689,28496,10,2025-08-04,Al día
504,Tammy Escobar,18839,10921,5,2024-11-09,En mora
505,Jonathan Warren,10830,3205,2,2024-09-27,En mora
506,Michael Williams,21349,822,1,2024-12-02,En mora
507,Amanda Flores,22112,13804,7,2025-05-17,En mora
508,Randall Clark,4460,2874,2,2025-06-05,En mora
509,Jesus Brown,16633,17665,7,2025-04-09,Al día
510,Catherine Davis,16019,7272,2,2024-12-30,En mora
511,Tammy Washington,4595,14120,6,2025-06-03,Al día
512,Jeffrey Mason,22741,14777,8,2025-07-25,En mora
513,Cynthia Hernandez,3791,17649,7,2025-07-24,Al día
514,Sheila Gibbs,1890,20564,9,2025-06-30,Al día
515,Katherine Harrington,10203,16417,7,2025-08-20,Al día
516,Shelby Davis,16517,14720,9,2025-06-30,En mora
517,Dennis Newman,15707,11820,5,2025-03-03,En mora
518,Roberto Baxter,9382,13117,6,2025-05-29,Al día
519,David Velasquez,13851,9161,6,2025-06-22,En mora
520,Curtis Marshall,12622,4796,2,2024-02-01,En mora
521,Miguel Herrera,15495,13572,5,2025-07-13,En mora
522,Timothy Richard,8035,20408,9,2025-08-20,Al día
523,Jacob Gibson,5960,9000,4,2024-10-19,Al día
524,Christopher Morris,16404,4606,2,2025-02-26,En mora
525,Jillian Hall,22508,3335,1,2025-02-18,En mora
526,Shannon Gonzales,8530,12650,4,2025-05-20,Al día
527,Donald Nichols,17898,11075,5,2025-06-18,En mora
528,Austin Santiago,3615,14862,6,2025-03-12,Al día
529,Michael Salazar,3258,17835,10,2024-12-05,Al día
530,Hailey Ho,21383,6088,2,2025-02-16,En mora
531,Billy Holmes,15140,11554,5,2024-11-07,En mora
532,Andrew Castillo,5442,6588,5,2025-08-05,Al día
533,Jennifer Henderson,24358,24673,10,2025-08-20,Al día
534,Sharon Lee,13248,20403,10,2025-07-11,Al día
535,Mary Roberts,6261,7147,4,2025-08-25,Al día
536,Robert Lewis,22820,9990,4,2025-01-10,En mora
537,Jeremy Daniel,5593,20153,8,2025-08-25,Al día
538,Monica Bernard,13107,17376,8,2025-07-16,Al día
539,Alice Joyce,9886,18104,9,2025-07-31,Al día
540,James Turner,8971,1654,1,2024-11-19,En mora
541,Jacqueline Williams,6300,16483,10,2025-04-13,Al día
542,Daniel Fisher,12929,14478,5,2025-06-26,Al día
543,Robert Valenzuela,18118,4421,2,2025-08-04,En mora
544,Jennifer Taylor,12458,18705,7,2024-10-20,Al día
545,Mark Brown,13391,1435,2,2025-06-01,En mora
546,Steven Joyce,11323,872,1,2024-12-27,En mora
547,Kimberly Bailey,11325,10977,5,2025-08-07,En mora
548,Nathan Hernandez,13616,20315,8,2024-11-18,Al día
549,Nicole Nguyen,24480,16574,8,2025-04-26,En mora
550,Cynthia Rodriguez,18061,15339,7,2025-07-29,En mora
551,Guy Jones,23937,9115,6,2025-08-04,En mora
552,Stephanie Duarte,13020,23085,9,2025-07-20,Al día
553,Marcus Gibson,4454,8420,4,2025-05-11,Al día
554,Levi Wise,19825,20788,10,2025-05-10,Al día
555,Joshua Marks,1312,21559,9,2025-07-19,Al día
556,Tiffany Williams,19299,3540,2,2025-08-18,En mora
557,Christopher Wright,22813,15965,5,2025-06-22,En mora
558,Mr. Kevin Yu,21540,14412,7,2025-07-06,En mora
559,Kimberly Brown,9732,8741,4,2025-05-17,En mora
560,Emily Hawkins,10112,4923,2,2024-10-14,En mora
561,Michael Robinson,12117,20215,10,2025-06-13,Al día
562,Rachel Garza,6456,12483,5,2025-08-23,Al día
563,Ronald Bender,8363,15845,8,2024-12-16,Al día
564,Robert Harrington,21884,10251,8,2025-06-30,En mora
565,Kelsey Thomas,17604,13054,6,2025-01-16,En mora
566,Michael Caldwell,23002,20791,10,2025-03-27,En mora
567,Allen Wilson,15153,4825,2,2024-10-13,En mora
568,Allison Miller,9688,324,1,2025-01-06,En mora
569,Anthony Garcia,24778,3833,1,2024-04-07,En mora
570,Vickie Olsen,22265,19437,10,2025-06-14,En mora
571,Gregory Hernandez,7739,4374,2,2024-11-29,En mora
572,Elizabeth Perez,19702,6770,3,2025-05-18,En mora
573,Michael Reid,16028,15999,7,2025-05-25,En mora
574,Savannah Ruiz,21478,8003,4,2024-07-13,En mora
575,Allison Briggs,12219,19050,7,2025-02-23,Al día
576,Robert Grant,24112,18395,10,2025-04-21,En mora
577,Nicole Reed,5840,20831,10,2025-03-04,Al día
578,Micheal Lopez,11129,3804,1,2024-08-06,En mora
579,Tyler Davis,14129,761,1,2024-04-19,En mora
580,Cassandra Mills,5324,5630,2,2024-05-16,Al día
581,Holly Evans,11409,11547,6,2025-07-24,Al día
582,Mary Smith,1459,7667,4,2025-08-15,Al día
583,Matthew Watkins,18592,9474,4,2024-10-23,En mora
584,Cynthia Cantu,8118,5432,2,2025-06-07,En mora
585,Ashlee Lee,11561,1925,1,2023-12-04,En mora
586,Karen Wagner,18895,11976,7,2025-03-16,En mora
587,Johnny Green,9281,13906,5,2025-07-20,Al día
588,Kimberly Rhodes MD,13359,5080,3,2025-04-27,En mora
589,Shawn King,14102,8133,3,2025-05-03,En mora
590,Jessica Henry,5245,11155,5,2025-08-11,Al día
591,Walter Smith,2199,8442,3,2025-05-06,Al día
592,David Spencer,5084,15816,7,2025-06-08,Al día
593,Katrina Scott,2771,4693,2,2025-01-13,Al día
594,Sonya Blanchard,21782,12575,5,2025-07-24,En mora
595,Sharon Joseph,10447,5169,3,2025-05-16,En mora
596,Cheyenne Thomas,9455,15217,7,2025-05-21,Al día
597,Tiffany Herrera,20619,12730,7,2025-07-18,En mora
598,Lisa Vaughn,10649,3433,2,2024-12-29,En mora
599,Bruce Thompson,5673,5657,2,2024-03-05,En mora
600,Brian Brown,16358,9626,5,2025-05-24,En mora
601,Theresa Sullivan,20130,16023,9,2025-08-16,En mora
602,Kristen Kim,1775,10866,5,2024-11-29,Al día
603,Yolanda Wilson,6734,9704,5,2025-08-18,Al día
604,Denise Watkins,9937,3767,3,2024-12-20,En mora
605,Erin King,20358,11349,5,2025-03-25,En mora
606,Alexander Pearson,1291,6187,2,2024-08-07,Al día
607,Charles Sanchez,3936,979,1,2025-01-14,En mora
608,Stacey Humphrey,21590,20404,10,2025-07-31,En mora
609,Francisco Bernard,12300,4548,2,2024-11-01,En mora
610,Chelsea Martinez,23204,9595,5,2025-06-26,En mora
611,Ricky Sullivan,22449,17302,8,2025-03-28,En mora
612,Aaron Rivera,6433,16035,7,2025-07-04,Al día
613,Ernest Smith,17933,5362,3,2024-09-22,En mora
614,Jon Wood,4949,10619,5,2025-06-25,Al día
615,Kathleen White,9921,16673,10,2025-07-15,Al día
616,James Velasquez,15642,23658,8,2025-06-27,Al día
617,Timothy Simpson,2878,5770,4,2025-04-12,Al día
618,Joseph Baker,24974,17980,9,2025-07-22,En mora
619,Diane Melton,12481,15506,5,2025-07-12,Al día
620,Samantha Stuart,23383,17770,8,2025-07-17,En mora
621,Todd Gonzalez,19337,13674,5,2025-02-24,En mora
622,Paul Bradley,7327,20918,9,2025-06-27,Al día
623,Jorge Young,6158,10080,5,2025-07-15,Al día
624,Troy Bonilla,18340,3613,3,2025-06-19,En mora
625,Carolyn Hall,4183,15892,8,2025-07-04,Al día
626,Kelsey Mcdonald,23529,14572,5,2025-05-28,En mora
627,Todd Wright,3370,5782,3,2025-08-08,Al día
628,Brian Barr,14723,7502,4,2025-01-05,En mora
629,Caitlyn Cobb,9430,15468,6,2025-07-25,Al día
630,Judy Watts,20527,17675,9,2025-07-19,En mora
631,Rebecca Hendricks,17961,7820,3,2024-03-07,En mora
632,Daniel Davis,4237,16144,9,2024-12-01,Al día
633,Brian Wheeler,5795,9851,4,2025-05-07,Al día
634,Tracy Turner,11079,23903,10,2025-07-11,Al día
635,Amber Grant,21731,11232,6,2025-05-24,En mora
636,Vincent Delgado,5096,21617,10,2025-06-15,Al día
637,Brittany White,9325,21090,9,2025-06-10,Al día
638,Latasha Wolf,7994,6114,2,2025-05-06,En mora
639,Melvin Mccoy,2722,8954,4,2025-05-06,Al día
640,Melanie Young,21610,18365,9,2025-07-07,En mora
641,Joseph Hebert,12750,16382,7,2025-04-10,Al día
642,Dana Bender,7034,5644,3,2025-02-18,En mora
643,Michael Farmer,19280,20230,10,2025-07-29,Al día
644,David Rivas,8591,944,1,2025-03-22,En mora
645,Samantha Chavez,23587,15088,6,2024-12-13,En mora
646,Sergio Griffin,9001,14102,7,2025-08-20,Al día
647,Mrs. Ashley Wallace,4184,27160,10,2025-07-05,Al día
648,Kimberly Nelson,20277,4784,2,2024-08-03,En mora
649,Eric Meza MD,19583,2637,1,2023-10-01,En mora
650,Lonnie Ramos,6887,15851,7,2025-05-28,Al día
651,Amy Mccullough,16554,2190,2,2024-12-12,En mora
652,Jason Franco,2591,13127,7,2025-06-26,Al día
653,John Perkins,16658,16721,8,2025-07-01,Al día
654,Brandy Marquez,23617,3821,2,2024-12-02,En mora
655,Melissa Jones,19330,4884,2,2025-05-21,En mora
656,Melissa Schmidt,10777,3427,1,2025-05-05,En mora
657,Erin Howard,15763,10210,4,2025-02-21,En mora
658,Paul Taylor,21184,4777,2,2024-11-03,En mora
659,Rodney Weiss,23817,8305,4,2025-05-27,En mora
660,Lawrence Gray,11188,10325,5,2025-06-03,En mora
661,Michael Patel,15058,7718,4,2025-06-07,En mora
662,Zachary Estrada,21201,4155,2,2025-08-10,En mora
663,Michael Williams,21086,5848,3,2025-06-30,En mora
664,Cody Jones,22784,9035,5,2025-08-18,En mora
665,Sandy White,22071,7951,5,2024-12-14,En mora
666,Jennifer Fuller,15346,9514,3,2024-10-16,En mora
667,James Miles,2033,16885,9,2025-04-28,Al día
668,David Ramsey,7743,10932,4,2025-07-26,Al día
669,Melissa Graves,24305,2661,2,2024-04-01,En mora
670,Roger Howard,15522,22474,10,2025-08-25,Al día
671,Curtis Hunt,14201,4954,2,2025-07-14,En mora
672,Jack Higgins,22386,11807,6,2025-08-18,En mora
673,Elizabeth Thompson,8713,2918,1,2025-02-22,En mora
674,Mrs. Lori Taylor,21684,9387,4,2025-06-20,En mora
675,Wyatt Bates,4618,5965,5,2025-08-03,Al día
676,Molly Higgins,11775,13591,7,2025-06-17,Al día
677,Sherri Brock,17303,15659,6,2025-08-20,En mora
678,Gary Walker,15428,15566,9,2025-08-01,Al día
679,Anthony Wilson,15502,2050,1,2024-08-02,En mora
680,William Graham,9489,17444,8,2025-06-26,Al día
681,Scott Knight,1348,7455,5,2024-07-07,Al día
682,Jessica Smith,10827,13780,8,2025-03-04,Al día
683,Jacob Mcfarland,18045,21948,9,2025-07-28,Al día
684,James Williams,17089,26383,10,2025-08-04,Al día
685,Carrie Hall,13133,14971,6,2025-08-04,Al día
686,Adam Diaz,3107,7878,4,2025-06-03,Al día
687,Brandy Burch,6085,13544,6,2024-08-29,Al día
688,Stephanie Perry,19223,6528,3,2025-05-25,En mora
689,Michael Harris,20041,773,1,2025-05-25,En mora
690,Stephanie Thompson,4868,12218,6,2025-08-16,Al día
691,Michael Ortega,23683,19548,9,2025-05-27,En mora
692,Andrew Evans,21387,8380,4,2024-09-14,En mora
693,Walter Hudson,3020,8811,4,2025-06-13,Al día
694,Mrs. Jennifer Vincent,16898,20105,9,2025-08-21,Al día
695,Kristin Lewis,11251,18984,10,2025-07-17,Al día
696,William Young,2732,11667,7,2025-06-25,Al día
697,Megan Gonzales,6538,19888,8,2025-07-24,Al día
698,Stacy Jones,20316,5466,3,2025-04-14,En mora
699,Lindsey Hill,9745,15637,10,2025-05-13,Al día
700,Phillip Madden,8633,10792,6,2025-07-30,Al día
701,Diane Campbell,9418,20992,9,2025-07-20,Al día
702,Mark Mills,12190,8499,3,2025-08-01,En mora
703,Patricia Hernandez,20292,20975,9,2025-08-16,Al día
704,Jeremy Turner,11177,15440,9,2025-08-10,Al día
705,Catherine Molina,19071,7728,5,2025-06-13,En mora
706,William Sandoval,11678,3817,1,2024-05-14,En mora
707,Pamela Butler,21450,1313,1,2024-09-19,En mora
708,Melissa Escobar,23162,23601,10,2025-07-06,Al día
709,Jocelyn Tucker,24943,23974,10,2025-08-19,En mora
710,Ralph Alexander,22968,8365,6,2025-07-23,En mora
711,Daniel Keller,23525,9775,3,2025-06-28,En mora
712,Carl Sanchez,20142,6558,3,2025-01-08,En mora
713,Kevin Chaney,15575,20093,7,2025-05-30,Al día
714,Joshua Smith,13504,868,1,2024-03-25,En mora
715,Wesley Adams,17353,7076,2,2025-04-01,En mora
716,Victoria Reid,11220,20293,9,2025-05-01,Al día
717,Timothy Gordon,6677,14776,6,2025-02-19,Al día
718,Tanya Herrera,18847,19189,9,2025-08-09,Al día
719,Michelle Garcia,9883,12252,5,2025-08-06,Al día
720,Edward Pittman,16515,12052,6,2025-08-17,En mora
721,Stephen Edwards,4038,4035,3,2025-05-17,En mora
722,Miranda Reed,3295,22387,9,2025-08-12,Al día
723,Kelly West,8584,13393,6,2025-05-11,Al día
724,Monica Decker,9108,3225,2,2025-08-13,En mora
725,Austin Morales,17991,11534,9,2025-07-12,En mora
726,Kelsey Martinez,1647,10350,5,2025-04-26,Al día
727,Regina Spears,14659,3399,1,2025-07-18,En mora
728,Amy Johnson,22029,12622,6,2025-04-29,En mora
729,Jasmin Valenzuela,8079,13664,7,2025-03-16,Al día
730,Lee Graham,10420,5070,4,2025-08-05,En mora
731,Maria Collins,21942,9152,3,2025-05-04,En mora
732,Marissa Pugh DVM,11922,3176,1,2024-07-17,En mora
733,Alicia Sullivan,3500,7041,3,2025-04-27,Al día
734,Cynthia Miller,3574,5451,2,2025-01-16,Al día
735,Victoria Hernandez,21253,20276,8,2025-04-25,En mora
736,Russell Mason,4413,16661,7,2025-04-18,Al día
737,Shannon Eaton,11289,16346,7,2025-08-10,Al día
738,Thomas Lang,3891,18653,9,2025-08-03,Al día
739,Carolyn Monroe,21798,15012,9,2025-08-03,En mora
740,Tiffany Sutton,8010,20187,7,2025-08-20,Al día
741,Emma Elliott,21039,9561,6,2025-07-17,En mora
742,Steven Murphy,13614,19976,10,2025-07-14,Al día
743,Monique Zuniga,24603,9880,7,2025-08-15,En mora
744,Brian Galloway,8021,11654,5,2025-05-09,Al día
745,Amanda Simpson,2635,1551,2,2025-07-08,En mora
746,Melissa Powell,21320,5233,4,2025-04-01,En mora
747,Kenneth Martinez,11611,7672,6,2025-07-03,En mora
748,Shawn Gates,9327,6319,3,2025-02-03,En mora
749,Heather Kirk,7400,4175,2,2025-06-10,En mora
750,Joseph Welch,18859,10025,5,2025-05-04,En mora
751,David Solis,19853,4464,2,2025-06-19,En mora
752,Emily Mitchell,19549,1270,1,2025-06-07,En mora
753,Jill Bryan MD,17569,12570,6,2025-02-25,En mora
754,Christopher Case,7341,12543,7,2025-08-24,Al día
755,Janice Lawrence,18259,11314,6,2025-07-08,En mora
756,James Gutierrez,21953,18122,10,2025-06-07,En mora
757,Stephen Fitzgerald,24645,9364,4,2024-10-16,En mora
758,Denise Guerrero,16784,22686,10,2025-08-02,Al día
759,Bruce Wright,3975,4798,2,2024-12-31,Al día
760,Laurie Ortiz,5014,23399,10,2025-07-15,Al día
761,Jessica Stevens,9356,9383,5,2025-06-29,Al día
762,Jonathan Burns,8143,14914,5,2025-07-14,Al día
763,Michael Durham,6597,16668,7,2025-01-24,Al día
764,William Davenport,13553,4279,3,2025-08-02,En mora
765,Jennifer White,21850,5929,3,2025-07-23,En mora
766,Sylvia Harris,16229,4694,3,2024-10-02,En mora
767,Patricia Armstrong,17917,7597,5,2025-05-18,En mora
768,Tracy Johnston,17463,2101,1,2023-12-14,En mora
769,Susan Santiago,15879,14476,9,2025-07-12,En mora
770,Tamara Harris,18250,15222,9,2025-07-07,En mora
771,Jessica Osborne,14148,17201,9,2025-05-10,Al día
772,David Coleman,3277,11574,5,2024-11-08,Al día
773,Victor Jones,10540,9212,3,2025-03-15,En mora
774,Lori Patterson,4596,11374,4,2025-07-01,Al día
775,Teresa George,19752,12388,7,2025-06-13,En mora
776,Devin Adams,2198,18102,9,2025-05-20,Al día
777,Sarah Espinoza,21334,23362,9,2024-11-19,Al día
778,Nathan Payne,8732,4837,3,2025-07-24,En mora
779,Douglas Floyd,11791,5267,5,2025-05-24,En mora
780,Paul Williamson,18959,12454,5,2025-06-19,En mora
781,Krystal Kelley,5495,8321,7,2024-12-01,Al día
782,Natalie Gonzalez,2806,19784,7,2025-07-15,Al día
783,Linda Meyer,7816,4972,2,2025-04-09,En mora
784,Dylan Contreras,20501,10042,6,2025-05-12,En mora
785,John Alexander,14288,2184,1,2025-05-11,En mora
786,Holly Travis MD,21685,21338,8,2025-01-28,En mora
787,Kevin Allen,3620,10755,4,2025-04-08,Al día
788,Michael Holt,12515,18886,8,2025-05-24,Al día
789,Donna Jackson,3917,4341,2,2025-07-07,Al día
790,Brian Bernard,12188,14541,8,2025-06-01,Al día
791,James Hernandez,16973,10079,5,2025-07-30,En mora
792,Barbara Mendez,6247,8654,4,2025-07-01,Al día
793,Randall Woodward,21239,19651,9,2025-08-05,En mora
794,Brandy Mitchell,7948,2335,1,2025-08-25,En mora
795,Denise Davis,22250,5095,3,2024-09-25,En mora
796,Dawn Case,22955,20423,8,2025-06-30,En mora
797,Terri West,23754,5460,2,2024-08-15,En mora
798,Elizabeth Campbell,13492,9124,6,2025-08-11,En mora
799,Tammy Lester,20321,18491,9,2025-08-19,En mora
800,Theodore Thomas,22570,5412,3,2025-06-25,En mora
801,Joseph Smith,9377,9720,6,2025-07-25,Al día
802,Patricia Barton,5214,16538,9,2025-03-14,Al día
803,Rachel Bradley,15025,1639,1,2024-03-14,En mora
804,Sandra Carter,23942,7103,2,2025-02-26,En mora
805,Brady Roy,14303,2394,1,2024-07-30,En mora
806,Carlos Dean,2398,8278,4,2025-02-17,Al día
807,Katie Peterson,18251,283,1,2023-10-25,En mora
808,Christopher Greene,2520,17198,8,2025-08-11,Al día
809,Jessica Rodriguez,22119,8852,4,2025-07-23,En mora
810,Linda Matthews,11832,17915,9,2025-06-04,Al día
811,Lauren Bennett,13614,14127,8,2025-05-11,Al día
812,Michelle Myers,7121,14807,8,2025-04-04,Al día
813,Michelle Waters,1631,2059,1,2024-09-18,Al día
814,Marvin Richardson,23969,12085,4,2025-04-02,En mora
815,Amber Barnes,22877,3325,1,2024-09-19,En mora
816,Leah Edwards,18389,19459,10,2025-08-02,Al día
817,Andre Fitzgerald,2797,6444,4,2025-08-13,Al día
818,Robin Gonzales,20442,2542,3,2025-08-10,En mora
819,Scott Gutierrez,7573,12835,7,2025-06-27,Al día
820,Madison Leach,21641,5577,3,2025-06-01,En mora
821,Sandra Rose,16959,10873,3,2025-03-12,En mora
822,Jason Hernandez,5480,15402,9,2025-07-16,Al día
823,Ashley Jacobs,4749,14278,8,2025-01-27,Al día
824,Todd Hayes,19106,9197,5,2025-02-01,En mora
825,Michael Watson,16420,18004,10,2025-05-12,Al día
826,Daryl Sanchez,18359,251,1,2023-12-24,En mora
827,Wayne Lloyd,14865,3016,1,2025-02-21,En mora
828,Sheila Gonzales,16069,9916,5,2024-06-20,En mora
829,Daniel Rivas,24815,1129,1,2024-08-31,En mora
830,Dean Harrison,20561,1259,1,2023-11-26,En mora
831,Colleen Hester,24174,8359,4,2025-05-10,En mora
832,Joseph Pope,16539,25075,10,2025-06-12,Al día
833,Matthew Reynolds,10704,17204,7,2025-08-14,Al día
834,David Clark,12203,13158,6,2025-05-11,Al día
835,Molly Hall,8623,16926,8,2024-12-20,Al día
836,Jennifer Johnson,24234,2759,3,2024-12-18,En mora
837,Andrew Gonzalez,16397,15245,5,2025-08-09,En mora
838,James Molina,2518,21848,10,2025-04-22,Al día
839,Robert Lester,6401,14707,6,2025-07-14,Al día
840,Robin Freeman,2988,4766,3,2025-04-08,Al día
841,Robert Williams,11204,601,1,2025-03-22,En mora
842,Sharon Johnson,15835,11443,6,2025-07-22,En mora
843,William Duncan,2685,22902,10,2025-08-19,Al día
844,Erin Macdonald,13876,9310,6,2025-05-24,En mora
845,James Lewis,14533,22291,9,2025-08-11,Al día
846,Laura Anthony,3575,5444,4,2025-08-12,Al día
847,Edwin Sanchez,9153,13739,7,2025-03-11,Al día
848,Chad Richardson,23826,12206,5,2025-05-15,En mora
849,Jonathan Adams,15639,8103,3,2024-12-13,En mora
850,Michael Dixon,1629,15803,9,2025-08-12,Al día
851,Ashley Christensen MD,6198,8566,5,2025-07-16,Al día
852,Jenna Gonzalez,14164,16099,8,2025-07-29,Al día
853,Benjamin Boyd,14273,3835,2,2024-10-16,En mora
854,Angela Duncan,21061,14277,7,2025-04-23,En mora
855,Roy Green,1117,19427,7,2025-04-30,Al día
856,Kelsey Riley,16643,6346,5,2025-07-26,En mora
857,Samantha Smith,9034,24578,10,2025-08-19,Al día
858,Anthony Williams,17748,12467,5,2025-01-17,En mora
859,Mark Reed,7123,12315,8,2025-05-25,Al día
860,Rachel Rodriguez,14308,2445,1,2025-06-02,En mora
861,Laura Patel,6429,24458,9,2025-01-14,Al día
862,Jonathan Brown,23720,6501,3,2025-04-18,En mora
863,Lawrence White,14257,1344,1,2024-12-02,En mora
864,Maurice Cohen,16031,8782,5,2025-05-10,En mora
865,Heather Castro,2564,7556,4,2025-08-03,Al día
866,David Garcia,12830,8640,3,2025-05-04,En mora
867,Jason Ray,18873,3963,1,2024-05-09,En mora
868,Jacqueline Brown,10550,4612,3,2025-05-23,En mora
869,Michelle Moses,14544,20187,9,2025-08-23,Al día
870,Jennifer Vasquez,6093,5273,4,2025-06-25,En mora
871,Christina Taylor,13361,12167,5,2025-05-01,En mora
872,Kyle Baker Jr.,11426,9897,5,2024-08-16,En mora
873,Steven Horn,12547,15602,6,2025-05-21,Al día
874,James Schultz,3909,17409,7,2025-05-17,Al día
875,Kristina Wilson,19193,9903,6,2025-06-07,En mora
876,Cynthia Ross,4098,16610,7,2025-08-15,Al día
877,Michelle Jackson,12399,5844,3,2025-01-08,En mora
878,Jack Edwards,19406,8496,5,2025-03-21,En mora
879,Denise Gates,6048,14792,6,2024-09-12,Al día
880,Yesenia Hill,4447,4083,3,2025-07-27,En mora
881,Gary Carlson,23824,3556,1,2024-02-08,En mora
882,Zachary Davis,15552,6507,3,2025-08-06,En mora
883,Chelsea Newton,14938,19655,9,2025-07-22,Al día
884,Joshua Holmes,5975,16786,8,2025-04-12,Al día
885,Stephanie King,6429,17281,8,2025-07-12,Al día
886,Heather Lewis,21998,7869,5,2025-07-14,En mora
887,Dawn Oliver,20562,17114,8,2025-06-30,En mora
888,Keith Hall,7967,16406,6,2025-07-31,Al día
889,Eric Rosales,4719,5423,3,2025-04-02,Al día
890,Haley Rangel,22453,19221,6,2025-03-20,En mora
891,Daniel Edwards MD,4393,20740,10,2025-03-24,Al día
892,Donna Miller,11055,8395,3,2025-08-17,En mora
893,Jeffrey Wells,4252,24169,10,2025-05-05,Al día
894,Jeremy Coleman,13339,599,1,2023-10-01,En mora
895,John Lane,6180,26153,9,2025-06-30,Al día
896,John Wall,8384,12254,7,2025-02-14,Al día
897,Haley Williams,19958,20295,9,2025-05-20,Al día
898,Luke Richardson,18225,18849,10,2025-08-16,Al día
899,Sue Thomas,17728,9402,3,2024-10-11,En mora
900,Carol Smith,2032,17875,8,2025-06-01,Al día
901,Karen Mcdaniel,21019,11836,4,2025-06-27,En mora
902,Ricky Hayes,7572,14900,9,2025-08-17,Al día
903,Kelli West,15963,4166,2,2025-08-25,En mora
904,Steven Choi,8977,13089,7,2025-06-25,Al día
905,Tammy Bishop,9785,9431,6,2025-06-27,En mora
906,Michael Barker,11307,13444,7,2025-05-11,Al día
907,Dean Moreno,17139,18348,9,2025-08-18,Al día
908,Jared Bryant,7105,6929,6,2025-04-01,En mora
909,Jamie Johnson,8259,11731,6,2025-08-17,Al día
910,Jacob Thompson,15046,7836,4,2025-06-28,En mora
911,Susan Simmons,22636,1879,2,2024-11-17,En mora
912,Kristine Vaughan,3014,4377,2,2025-07-03,Al día
913,Scott Vance,5231,6197,4,2025-07-11,Al día
914,Joseph Gonzalez,17504,9091,4,2024-11-28,En mora
915,Margaret Carter,7820,17971,7,2025-07-04,Al día
916,Valerie Green,18437,7913,3,2025-06-05,En mora
917,Rebecca White,4370,6942,4,2025-08-20,Al día
918,Brittany Barnett,11517,13769,7,2025-07-16,Al día
919,Lee Gardner,11690,10533,4,2025-01-26,En mora
920,Richard Daniel,19800,11578,6,2025-05-28,En mora
921,Derek Meyer,17523,1114,2,2024-03-17,En mora
922,Christopher Hughes,2531,6123,3,2025-07-12,Al día
923,Tina Williams PhD,9402,350,1,2025-08-18,En mora
924,Lisa Choi,22875,841,1,2024-09-19,En mora
925,Kimberly Beck,11036,4407,2,2025-06-18,En mora
926,Brenda Olson,14856,18439,8,2025-07-01,Al día
927,April Ward,14396,19330,7,2025-08-17,Al día
928,Christopher Fisher,17128,10791,4,2025-08-24,En mora
929,Daryl Farley,14439,13019,5,2025-05-25,En mora
930,Christine Contreras,20227,12774,8,2025-08-21,En mora
931,Erin Shaw,24624,12408,6,2024-12-18,En mora
932,Robert Horton,24333,18417,9,2025-01-19,En mora
933,Katherine Owens,13831,3099,1,2024-09-23,En mora
934,Dustin Keith,24080,2743,3,2025-06-08,En mora
935,Steven Richard,4261,14859,9,2025-08-13,Al día
936,Laura Sherman,15010,15949,7,2025-02-26,Al día
937,Jodi Castillo DVM,12042,23744,10,2025-07-22,Al día
938,Jeremy Todd,20524,18439,7,2024-07-30,En mora
939,Bridget Nguyen,18207,13356,6,2025-03-17,En mora
940,Anthony Johnson,21854,15327,5,2025-06-28,En mora
941,Marcus James,21106,7629,3,2025-08-03,En mora
942,Kyle Owens,2282,17286,10,2025-06-11,Al día
943,Dr. Maxwell Higgins,9748,5652,3,2025-01-20,En mora
944,Alicia Herrera,3483,18139,8,2025-07-28,Al día
945,Nicholas Taylor,6560,19751,10,2025-08-04,Al día
946,Lauren Cook,14918,12171,6,2025-08-02,En mora
947,Megan Rich,11415,6753,3,2024-02-18,En mora
948,Brittany Black,2356,15294,8,2025-06-17,Al día
949,Robert Shaffer,13982,15458,8,2025-08-14,Al día
950,Thomas Anderson,3638,14873,8,2025-08-20,Al día
951,Melody Shields,2124,6748,3,2025-02-01,Al día
952,Timothy Liu,24231,14669,8,2025-08-23,En mora
953,Michael Johnson,11624,17528,9,2025-06-26,Al día
954,Nathaniel Vaughan,9853,14979,8,2025-08-25,Al día
955,Curtis Watkins,7490,25158,10,2025-08-03,Al día
956,Kara Henry,17190,24631,10,2025-08-13,Al día
957,Steven Howard,17067,15909,5,2025-07-25,En mora
958,Mr. Benjamin West Jr.,23251,24016,9,2025-06-06,Al día
959,Rebecca Livingston,16580,16889,8,2025-08-13,Al día
960,David Lopez,23484,23170,10,2025-08-03,En mora
961,Mrs. Pam Jones DDS,16122,12903,8,2025-03-22,En mora
962,Jason Ball,8863,6908,2,2025-06-06,En mora
963,Melissa Beard,20836,19230,8,2025-07-25,En mora
964,Edward Tran,9157,3735,1,2025-05-06,En mora
965,Gloria Powell,21007,18168,8,2025-04-10,En mora
966,Andrew Ware,15501,11365,4,2024-10-01,En mora
967,Mackenzie Martinez,24758,1774,2,2025-08-10,En mora
968,James Daniels,17867,8194,6,2025-06-27,En mora
969,Sharon Kennedy,7501,12316,8,2025-05-29,Al día
970,Nathaniel Sellers,8386,2489,1,2024-09-21,En mora
971,Meghan Hernandez,8742,19414,7,2025-08-05,Al día
972,Dennis Padilla,1845,13296,7,2025-01-19,Al día
973,Amy Wallace,10039,17964,6,2025-05-16,Al día
974,James Farmer,15664,2740,1,2025-06-04,En mora
975,Nicole Ryan,4671,8844,4,2025-08-15,Al día
976,Yolanda Matthews,22573,7479,3,2025-07-23,En mora
977,Albert Miller,14498,5177,2,2024-07-02,En mora
978,Rebecca Porter,13352,25657,9,2025-08-25,Al día
979,John Lewis,10854,13032,7,2025-05-20,Al día
980,Sarah Santos,7127,17971,9,2025-07-05,Al día
981,Michael Lambert,6432,3502,1,2025-04-23,En mora
982,Elizabeth Martinez,21731,4352,2,2024-08-30,En mora
983,Paige Riley,19628,7603,3,2024-12-31,En mora
984,Dr. Jenna Patel PhD,10774,18066,10,2025-07-20,Al día
985,Adam Baker,1375,7653,4,2024-12-24,Al día
986,Natalie Young,7944,7573,3,2025-08-20,En mora
987,James Huff,16179,9225,4,2025-06-02,En mora
988,Holly Cain,10802,5814,5,2025-07-21,En mora
989,Joseph Garcia,22361,3913,1,2024-11-06,En mora
990,Christopher Smith,14935,16798,6,2025-08-01,Al día
991,Alex Mcintyre,16144,3707,1,2023-11-12,En mora
992,Jaclyn Allen,4124,3214,1,2023-12-19,En mora
993,Jeffrey White,15751,7380,4,2025-02-18,En mora
994,Charles Mays,3554,2788,1,2023-12-01,En mora
995,Shelley Miller,24134,7407,4,2025-05-20,En mora
996,Nathan Martin,3278,8662,4,2025-02-07,Al día
997,Harold Harris,22531,23587,10,2025-07-26,Al día
998,Julie Kelly,15040,5159,4,2025-08-17,En mora
999,Cynthia Miles,17111,9027,4,2025-04-28,En mora
1000,Leslie Meyer,7041,16665,9,2025-08-22,Al día
1001,Steven Vance,24243,2934,1,2025-01-15,En mora
1002,Claudia Allen,1879,8609,3,2025-04-17,Al día
1003,Michael Rush,5533,21148,8,2025-05-23,Al día
1004,Elizabeth Guerrero,1054,13960,5,2025-08-25,Al día
1005,Jonathan Long,17279,16463,8,2025-03-08,En mora
1006,Jennifer Salinas,6192,16423,6,2024-12-09,Al día
1007,William Montgomery,6544,11175,6,2025-08-23,Al día
1008,Michael Graves,16579,10835,6,2025-02-26,En mora
1009,Charles Ramirez,19541,10819,6,2025-05-19,En mora
1010,Patrick Curtis,15551,10238,4,2024-05-11,En mora
1011,Destiny Mitchell,11510,11407,5,2025-07-28,En mora
1012,Mark Salazar MD,21332,707,1,2023-12-31,En mora
1013,William Baird,11253,17555,8,2025-07-08,Al día
1014,Jorge Lewis,1759,4761,2,2024-04-26,Al día
1015,Jonathan Walker,13295,6963,3,2025-01-23,En mora
1016,Thomas Little,10176,15138,10,2025-08-22,Al día
1017,Matthew Sloan DDS,1284,3799,1,2023-12-14,Al día
1018,David Morrison,23798,5483,4,2025-01-22,En mora
1019,Steven Jenkins,16833,16982,7,2024-11-18,Al día
1020,Elizabeth Camacho,8414,13291,5,2025-03-13,Al día
1021,Anita Horne,1188,11629,6,2025-05-11,Al día
1022,Timothy Ortiz,15502,9793,6,2025-05-05,En mora
1023,Victor Gonzalez,3583,4999,3,2025-02-02,Al día
1024,Mr. Stephen Ward,18867,21669,8,2025-04-26,Al día
1025,Curtis Horne,7615,13233,6,2025-04-09,Al día
1026,Megan Smith,8593,10507,5,2025-07-01,Al día
1027,Paul Daniel,24795,20875,8,2025-08-24,En mora
1028,Mark Thompson,23212,17483,8,2025-06-16,En mora
1029,George Ramos,17652,1826,1,2025-06-04,En mora
1030,Elizabeth Macdonald,19461,12557,8,2025-06-17,En mora
1031,Robert Wise,14405,866,1,2024-05-27,En mora
1032,Mary Vazquez,10180,10143,5,2025-08-15,En mora
1033,Jerome West,19193,17674,9,2025-06-28,En mora
1034,Jerry Crawford,16887,20992,10,2025-08-11,Al día
1035,Shaun Griffin,4927,6995,2,2025-03-24,Al día
1036,John Cooley DVM,4967,13348,6,2025-07-21,Al día
1037,Monica Skinner,10908,6492,2,2024-01-16,En mora
1038,Troy Ford,2458,1067,1,2024-02-17,En mora
1039,David Bender,19790,14916,7,2025-07-28,En mora
1040,Diane Ramirez,7618,12071,6,2025-06-04,Al día
1041,James Garcia,17376,1230,1,2025-07-15,En mora
1042,Dalton Lawrence,19504,4458,3,2025-08-25,En mora
1043,Zachary Dixon,24222,15080,6,2025-06-16,En mora
1044,Paul Farley,3107,13191,6,2025-04-14,Al día
1045,Benjamin James,7309,18023,6,2025-01-03,Al día
1046,Heather Morrison,23588,20395,10,2025-07-25,En mora
1047,Nicole Knapp,20988,9972,6,2025-06-29,En mora
1048,James Wood,18248,6900,5,2025-07-30,En mora
1049,Edward Green,13805,12543,6,2025-07-22,En mora
1050,Wayne Johnston,10008,11296,5,2025-07-11,Al día
1051,Jeffrey Jackson DDS,1925,11554,7,2025-04-24,Al día
1052,Mary Gonzales,18308,7596,3,2024-12-22,En mora
1053,Colleen Gomez,22181,20847,10,2025-08-03,En mora
1054,Shawn King,8172,6509,4,2025-02-12,En mora
1055,Kevin French,6659,12708,5,2025-06-30,Al día
1056,Jenna Jackson,9976,20307,9,2025-08-06,Al día
1057,Leslie Smith,20315,2121,2,2025-05-01,En mora
1058,Gregory Wright,14955,2005,2,2024-12-27,En mora
1059,Martha Horne,24843,15112,8,2025-05-13,En mora
1060,Evan Anderson,16768,4378,2,2025-01-07,En mora
1061,Pamela Patterson,3873,7915,2,2025-07-23,Al día
1062,Robert Perez,5493,5396,4,2025-07-10,En mora
1063,Cristian Gutierrez,8595,5174,2,2025-07-19,En mora
1064,Michael Austin,17430,10221,6,2025-03-30,En mora
1065,Douglas Campbell,19047,19645,7,2025-04-23,Al día
1066,Kimberly Diaz,1070,17213,6,2024-12-16,Al día
1067,Terri Dawson,2349,5177,4,2024-12-10,Al día
1068,Francisco Jenkins,7043,9531,4,2025-06-21,Al día
1069,Noah Jones,18761,3615,1,2025-03-27,En mora
1070,Steve Benton,12040,5454,3,2024-12-31,En mora
1071,Robin Vaughn,14581,25628,9,2025-07-08,Al día
1072,Carol Whitaker,4347,9356,5,2025-07-02,Al día
1073,Megan Morgan,7246,21048,9,2025-07-19,Al día
1074,Jacob Green,19373,8343,7,2025-03-16,En mora
1075,Victor Wood,1675,8747,3,2025-05-05,Al día
1076,Sarah Taylor,6489,2476,1,2024-04-07,En mora
1077,Brianna Mullen,9087,10343,6,2025-08-24,Al día
1078,Tristan Cain,4402,13121,6,2025-07-23,Al día
1079,Mario Harris,19400,8902,4,2025-03-02,En mora
1080,Christine Hernandez,3803,13350,7,2025-05-11,Al día
1081,Robert Schneider,15947,14026,5,2025-03-14,En mora
1082,Denise Espinoza,10636,18177,8,2025-07-08,Al día
1083,Joanne Chavez,7469,8510,3,2025-08-18,Al día
1084,Miranda Vazquez,4415,4247,3,2025-05-25,En mora
1085,Sharon Davis,10841,20304,10,2025-07-07,Al día
1086,Brandi Garcia,14347,1679,1,2024-04-08,En mora
1087,Kathleen Wood,13837,3267,1,2024-05-25,En mora
1088,Robert Warren,11670,6071,3,2024-09-12,En mora
1089,Charles Jones,24331,3807,1,2024-04-26,En mora
1090,Richard Wilson,10313,14119,5,2025-02-18,Al día
1091,Cody Peterson,10540,11905,6,2025-03-21,Al día
1092,Brian Turner,20986,12144,8,2025-05-27,En mora
1093,Alicia Martinez,17939,7621,3,2025-07-01,En mora
1094,Jenny Adams,19018,922,1,2024-02-04,En mora
1095,Gregory Brown,23673,8338,3,2025-05-28,En mora
1096,Anthony Martin,21805,10671,5,2025-05-11,En mora
1097,Jennifer Williams,10095,12426,6,2025-06-06,Al día
1098,Carl Simpson,8576,21005,10,2025-06-16,Al día
1099,Travis Rogers,4185,7771,5,2025-07-23,Al día
1100,Justin Wall,3210,9286,4,2025-06-10,Al día
1101,Emily Banks,11852,12700,6,2025-04-06,Al día
1102,Ms. Roberta Weber,17343,8109,4,2025-04-25,En mora
1103,Donna Lane,18372,3109,1,2024-02-27,En mora
1104,Jacob Rice,7609,5280,4,2025-06-20,En mora
1105,Jennifer Lang,12366,10312,5,2024-10-20,En mora
1106,Sergio Tran,13577,11578,7,2025-05-06,En mora
1107,Joel Fuentes,17668,1817,2,2025-04-25,En mora
1108,Amy Smith,22644,20518,10,2025-07-03,En mora
1109,John Bowen,10463,3885,2,2024-04-10,En mora
1110,Calvin Johnson,15041,15165,9,2025-07-29,Al día
1111,Jeremy Navarro,22194,6913,3,2025-04-29,En mora
1112,Rachel Weaver,10744,2150,1,2025-01-05,En mora
1113,Douglas Carroll,17977,26539,10,2025-08-21,Al día
1114,Mark Arnold,6656,6598,4,2025-07-01,En mora
1115,Jessica Everett,9563,14826,6,2025-08-05,Al día
1116,Michele Jackson,22760,19170,8,2025-04-06,En mora
1117,Leah Anderson,20149,14507,7,2025-07-30,En mora
1118,Robert Lopez,7773,14611,6,2025-06-15,Al día
1119,Devin Castro,5399,7808,3,2025-06-08,Al día
1120,Roberto Torres,23859,17052,10,2025-06-09,En mora
1121,Rhonda Alvarado,9982,2996,4,2025-08-23,En mora
1122,Michael Schwartz,18485,6550,4,2024-05-31,En mora
1123,Kevin Zimmerman,15753,19376,7,2025-01-02,Al día
1124,Roberto Erickson,8365,22170,9,2025-07-03,Al día
1125,Alex Cannon,23445,14142,8,2025-08-20,En mora
1126,Juan Clark,3591,12861,5,2025-06-28,Al día
1127,Angelica Cruz,7062,18279,7,2025-01-21,Al día
1128,Rhonda Barr,1627,4596,4,2025-04-19,Al día
1129,Taylor Jones,16104,17418,8,2025-08-23,Al día
1130,Diane Rodriguez,17926,6399,4,2025-06-08,En mora
1131,Michele Miller,18322,10971,5,2025-08-07,En mora
1132,Jason Martin,11135,20898,9,2025-06-20,Al día
1133,Nicole Fitzpatrick,14936,3638,1,2023-12-22,En mora
1134,Nicole Jackson DDS,1650,6156,4,2025-07-08,Al día
1135,Lawrence Bradford,3000,14160,6,2025-08-24,Al día
1136,Laura Padilla DDS,14031,15030,8,2025-08-02,Al día
1137,Ryan Moreno,12734,9142,4,2024-06-17,En mora
1138,Dawn Brown MD,24838,1163,2,2025-06-28,En mora
1139,Lauren Kelly,7886,20970,9,2025-07-31,Al día
1140,Daniel Daniels,22126,3525,1,2025-06-15,En mora
1141,Steven Franco,1147,6467,3,2024-11-09,Al día
1142,Jennifer Newman,17131,636,1,2024-07-14,En mora
1143,Robert Richardson,24600,9678,4,2025-02-08,En mora
1144,Brian Gillespie,3992,9309,5,2025-08-04,Al día
1145,Amanda Fitzpatrick,15635,15486,7,2025-05-26,En mora
1146,William Pena,16455,2713,1,2025-05-30,En mora
1147,Aaron Torres,17751,3931,2,2024-01-25,En mora
1148,Regina Kirby,21541,5669,2,2025-05-07,En mora
1149,Robert Roberts,8199,8673,3,2025-01-17,Al día
1150,Monica Smith,14106,2899,1,2024-06-09,En mora
1151,James Skinner,15045,11859,4,2025-03-10,En mora
1152,Craig Roberts,5275,5871,2,2023-12-13,Al día
1153,Victor Duke,3660,4814,2,2024-01-12,Al día
1154,Jeffrey Wallace,9598,4265,2,2025-05-15,En mora
1155,Monique Jones,5361,4997,2,2025-04-12,En mora
1156,Douglas Boyd,7100,4956,2,2025-01-30,En mora
1157,Kimberly Whitehead,2714,1364,1,2023-12-02,En mora
1158,Samantha Diaz,14226,10429,5,2025-06-04,En mora
1159,Russell Lambert,21716,14723,6,2025-08-18,En mora
1160,Christopher Williams,11751,13083,6,2025-03-22,Al día
1161,Robert Potts,15257,4267,3,2025-03-28,En mora
1162,Taylor Salinas,4494,19222,8,2025-08-15,Al día
1163,Christine Anthony,11846,13885,7,2025-04-07,Al día
1164,Victoria Goodwin,5792,17260,10,2025-07-15,Al día
1165,Steven Williams MD,6654,1488,1,2024-10-08,En mora
1166,Angela Scott,11236,13700,7,2025-04-05,Al día
1167,Zachary Donaldson,4604,6421,3,2024-12-22,Al día
1168,Brandon Martin,8117,15819,8,2025-08-22,Al día
1169,Jeffrey Ramirez,22039,6991,4,2025-05-25,En mora
1170,Charles Wallace,10708,19652,9,2025-07-05,Al día
1171,Shirley Dunn,19529,15712,8,2025-05-24,En mora
1172,William Cole,4434,14990,6,2024-11-22,Al día
1173,Theresa Rodgers,14090,5514,2,2025-07-02,En mora
1174,Marie Collins,2031,14931,6,2025-05-14,Al día
1175,Kendra Lewis,1213,6544,3,2025-07-12,Al día
1176,Jessica Smith,6399,14069,5,2025-06-28,Al día
1177,David Harvey,7957,11820,5,2025-08-23,Al día
1178,Laura Rich,13152,29901,10,2025-08-11,Al día
1179,Daniel Powers,2503,2252,1,2025-05-12,En mora
1180,Jeffrey Hill,22457,10522,4,2025-03-16,En mora
1181,John Kidd,12256,9774,4,2024-08-21,En mora
1182,Courtney Sloan,12057,1224,1,2023-11-22,En mora
1183,Michelle Meyer,14915,17147,9,2025-06-20,Al día
1184,Richard Morgan,18796,17794,9,2025-07-03,En mora
1185,Julie Garcia,18457,11367,6,2025-08-06,En mora
1186,James Johnson,16565,6875,4,2025-07-09,En mora
1187,William Johnson,8986,20891,10,2025-06-09,Al día
1188,Charles Whitehead,17918,15818,8,2025-05-23,En mora
1189,Luis Cox,9417,3676,2,2024-08-30,En mora
1190,Ariel Smith,11643,10910,5,2025-01-25,En mora
1191,Jacob Morris,21802,16068,9,2025-06-23,En mora
1192,Anthony Stevenson,15125,11320,7,2025-06-17,En mora
1193,John Burton,6977,8200,4,2025-01-29,Al día
1194,Lisa Hayes,9070,1157,2,2025-06-17,En mora
1195,Kimberly Brock,2401,1577,1,2025-07-09,En mora
1196,Erik Clark,11194,3843,3,2024-10-13,En mora
1197,Daniel Smith,18428,24533,8,2025-06-03,Al día
1198,Ricky Smith,12143,1597,2,2024-12-07,En mora
1199,Justin Odom,11895,2641,3,2025-03-21,En mora
1200,Emily Shepherd,13755,10853,4,2025-08-14,En mora
1201,Elizabeth Hunter,14932,8979,3,2025-07-24,En mora
1202,Ashley Dean,14404,5280,3,2025-01-28,En mora
1203,Krystal Reed,8413,12946,7,2025-08-20,Al día
1204,James Vance,6425,1692,2,2024-03-16,En mora
1205,Lisa Warren,3247,22079,10,2025-08-25,Al día
1206,Michele Greene,15522,14538,5,2025-04-04,En mora
1207,John Fernandez,4095,1664,2,2025-04-29,En mora
1208,Ricky Welch,8415,6280,4,2025-01-10,En mora
1209,Jasmine Potter,17941,8647,4,2025-07-16,En mora
1210,Michael Green,14069,12135,9,2025-08-13,En mora
1211,Todd Clark,21849,23351,9,2024-10-11,Al día
1212,Mary Meyer,3664,211,1,2024-01-16,En mora
1213,Matthew Smith,2536,17943,10,2025-03-26,Al día
1214,Diana Ward,5695,18252,8,2024-09-16,Al día
1215,Paul Singleton,21027,19655,10,2025-05-17,En mora
1216,Jose Kelley,18089,15655,8,2025-08-21,En mora
1217,Terrance Stein,13688,19314,10,2025-08-04,Al día
1218,Deborah Wallace,10468,6713,5,2025-08-22,En mora
1219,Kendra Hill,1393,22431,10,2025-08-07,Al día
1220,Christopher Barker,14777,9145,5,2025-08-12,En mora
1221,Emily Orr,4295,19813,9,2025-06-20,Al día
1222,Roy Harrison,4356,13845,8,2025-08-16,Al día
1223,Daniel Allen,6066,5484,3,2025-02-13,En mora
1224,Tara Sparks,24513,17808,9,2024-12-28,En mora
1225,Jeffrey Davis,7438,13480,8,2025-08-05,Al día
1226,Anthony Perez,16971,11138,9,2025-07-28,En mora
1227,Dustin Torres,22387,13102,6,2025-05-15,En mora
1228,James Brewer,6546,11956,8,2024-11-21,Al día
1229,Bruce Gomez,10827,8051,4,2025-04-14,En mora
1230,Matthew Wilson,20279,15370,9,2025-04-27,En mora
1231,Isaiah Wagner,11114,15606,10,2025-04-27,Al día
1232,Stephen Garcia,14686,1231,2,2025-07-27,En mora
1233,Terry Garcia,8817,3282,3,2024-12-07,En mora
1234,Wanda Lee,15263,4490,2,2025-02-27,En mora
1235,Katherine Sanders,13528,2579,2,2025-06-19,En mora
1236,Ronald Park,2931,10138,3,2025-07-26,Al día
1237,Jennifer Stout,2303,21076,10,2025-07-26,Al día
1238,Timothy Garcia,15174,3758,4,2025-08-16,En mora
1239,Garrett Lewis,15885,19689,9,2025-07-20,Al día
1240,David Henderson,11789,9447,3,2024-01-24,En mora
1241,Joshua Calhoun,14446,11610,9,2025-03-05,En mora
1242,Taylor Roberts,19785,20728,10,2025-07-05,Al día
1243,Jessica Rich,20550,15082,7,2025-08-02,En mora
1244,Gregory Thomas,7240,12533,5,2025-07-08,Al día
1245,Devin Alvarado,11276,3305,1,2025-05-16,En mora
1246,Candace Kennedy,5309,10509,5,2025-03-28,Al día
1247,Tracey Melton,19437,11544,7,2025-04-17,En mora
1248,Thomas Smith,12613,5351,3,2025-03-16,En mora
1249,Thomas Todd,4202,12223,6,2025-03-28,Al día
1250,Matthew Carlson,7122,26078,10,2025-08-01,Al día
1251,Keith Cunningham,3497,1320,1,2025-07-28,En mora
1252,Christine Butler,24820,4605,2,2025-06-01,En mora
1253,Stacey Bowman,7108,19809,10,2025-07-16,Al día
1254,Mark Randolph,16172,6092,4,2025-05-03,En mora
1255,Brandon Ho,4916,19506,9,2025-05-09,Al día
1256,Jack Palmer,4089,8879,5,2025-05-19,Al día
1257,William Rodriguez,22596,11748,6,2025-06-24,En mora
1258,Frederick Edwards,3275,3411,3,2024-06-24,Al día
1259,Danielle Williams,16433,9722,3,2024-03-12,En mora
1260,Maria Hill,10060,19383,8,2025-02-05,Al día
1261,Rebecca Lee,9729,13213,6,2024-05-29,Al día
1262,Sharon Thornton DDS,8256,25372,10,2025-04-30,Al día
1263,Brittany George,24889,18918,8,2025-07-26,En mora
1264,Tanya Hill,1450,6950,3,2024-06-12,Al día
1265,Patricia Mejia,19637,9212,6,2025-08-17,En mora
1266,Gary Smith,3042,15253,6,2025-08-10,Al día
1267,Heather Davenport,19490,5974,4,2024-10-28,En mora
1268,Roy Fowler,3989,10550,4,2025-03-13,Al día
1269,Elizabeth Anderson,13130,9945,5,2024-11-20,En mora
1270,Anthony House,14331,10174,5,2025-07-05,En mora
1271,Mark Booth,4619,6789,4,2025-01-22,Al día
1272,Dwayne Santiago,4095,11138,10,2025-08-11,Al día
1273,Roger Day,3750,25046,9,2025-01-03,Al día
1274,Julie Ruiz,1065,23826,10,2025-08-03,Al día
1275,Cory Hickman,7587,4268,2,2025-08-15,En mora
1276,William Fuller,15937,17304,8,2025-07-17,Al día
1277,Jessica Odom MD,15738,26357,10,2025-07-19,Al día
1278,Denise Smith,8777,4248,3,2025-02-10,En mora
1279,Anna Butler,21559,15132,8,2025-04-02,En mora
1280,Amy Mitchell,22340,10783,5,2025-02-12,En mora
1281,Michael Miller,19090,7699,5,2025-06-03,En mora
1282,Chelsea Patterson,24055,19207,8,2025-07-14,En mora
1283,James Jennings,17215,4868,3,2025-06-12,En mora
1284,Matthew Morales,22065,5585,4,2025-07-23,En mora
1285,Andrea Chavez,12165,17975,10,2025-01-30,Al día
1286,Jamie Boyd,23608,6476,5,2025-08-13,En mora
1287,Spencer Weiss,24056,2247,1,2024-11-26,En mora
1288,Shannon Baker,15606,26398,9,2025-08-22,Al día
1289,Brian Jones,17158,17578,8,2025-06-01,Al día
1290,Michelle Johnson,17837,8713,5,2025-05-24,En mora
1291,Jonathan Simpson,10990,1104,1,2023-12-14,En mora
1292,Dawn Shannon,2795,11212,6,2025-02-08,Al día
1293,Gregory Moses,22338,1539,1,2025-06-17,En mora
1294,Alexis Welch,13324,11496,7,2025-02-19,En mora
1295,Jeffrey Simmons,15099,8585,3,2025-05-29,En mora
1296,Dale Stewart,21804,17899,10,2025-03-18,En mora
1297,Emily Horn,8067,16241,9,2025-02-04,Al día
1298,Ricardo Perez,10026,8742,5,2025-04-02,En mora
1299,Roger Clarke,18623,17694,9,2025-01-21,En mora
1300,Diana Johnson,2281,4894,2,2024-10-06,Al día
1301,Denise Torres,22890,7411,3,2025-04-07,En mora
1302,Christopher Howard,5704,18389,7,2025-06-22,Al día
1303,Monica Williams,13768,19301,9,2025-08-24,Al día
1304,Megan Marshall,15825,21226,10,2025-06-15,Al día
1305,Linda Fowler,11295,17604,10,2025-03-14,Al día
1306,Bill Drake,11251,4621,3,2024-04-22,En mora
1307,Lisa Smith,22468,21673,9,2025-04-07,En mora
1308,Jessica Roy,24333,11892,6,2025-04-26,En mora
1309,Holly Perez,10411,8103,4,2025-07-20,En mora
1310,Larry Thomas,14116,6373,3,2024-04-21,En mora
1311,Richard Simmons,11018,3247,1,2025-06-14,En mora
1312,Lisa Oconnor,11725,13080,9,2024-12-25,Al día
1313,Holly Page,2883,5939,2,2024-06-13,Al día
1314,Chase Holland,15872,17247,8,2025-05-14,Al día
1315,Cody Adams,24226,2015,2,2025-07-26,En mora
1316,Christine Trujillo,8373,21480,10,2025-08-04,Al día
1317,James Buchanan,22357,12863,7,2025-06-21,En mora
1318,Amanda Shannon,2509,14564,5,2024-12-05,Al día
1319,Michael Leon,9786,15197,9,2025-03-20,Al día
1320,Erica Hernandez,12077,12366,7,2025-07-20,Al día
1321,John Scott,21541,21094,10,2025-06-17,En mora
1322,Timothy Wagner,9934,21877,9,2025-04-17,Al día
1323,Connie Williams,3169,15657,8,2025-08-12,Al día
1324,Brett Mayo,18986,1060,1,2024-08-25,En mora
1325,Kyle Ramirez,3079,18413,10,2025-08-12,Al día
1326,Mitchell Hayes,13182,1488,2,2024-07-16,En mora
1327,Joseph Marshall,11248,14466,8,2025-08-14,Al día
1328,Elizabeth Alexander,7673,25880,10,2025-08-19,Al día
1329,Elizabeth Park,6574,15061,10,2025-07-23,Al día
1330,Brian Palmer,23495,24530,10,2025-06-26,Al día
1331,Mason Bradford,19456,15429,6,2025-06-26,En mora
1332,Alexis White,3369,10136,4,2025-06-23,Al día
1333,Donald Martinez,1931,16799,6,2025-07-21,Al día
1334,John Soto,22335,13357,6,2025-05-13,En mora
1335,Caitlin Gallegos,12155,6625,2,2024-11-10,En mora
1336,Alex Compton,5152,2836,1,2024-04-03,En mora
1337,Mrs. Shirley Williams MD,23883,5022,2,2025-06-02,En mora
1338,Lisa Kim DVM,20068,3076,3,2025-07-23,En mora
1339,Ann Stanley,18198,8920,4,2024-10-29,En mora
1340,Alejandra Foster,17831,9435,5,2025-07-01,En mora
1341,Jason Jordan,7833,17103,10,2025-06-01,Al día
1342,Dr. Steve Robertson,19363,8655,4,2025-06-08,En mora
1343,Tiffany Smith,18703,10724,4,2025-06-25,En mora
1344,Alicia Schmidt,9547,25325,10,2025-07-26,Al día
1345,Dennis Williamson,3218,12143,8,2025-08-22,Al día
1346,Melissa Marshall,9088,1297,1,2024-10-21,En mora
1347,Teresa Marsh,16400,8491,5,2025-06-09,En mora
1348,Paula Mack,8825,4244,4,2025-02-02,En mora
1349,Brandon Cruz,3555,16463,7,2025-06-08,Al día
1350,Brooke Moran,21056,11256,8,2025-08-21,En mora
1351,Matthew Brown,2230,12478,5,2025-01-16,Al día
1352,Francis Walters,15103,2489,1,2024-01-26,En mora
1353,Mark White,10918,3316,3,2025-08-15,En mora
1354,Jeremy Silva,23656,11458,4,2025-05-27,En mora
1355,Richard Powell,18829,25411,10,2025-05-24,Al día
1356,Thomas Hayes,15409,4353,2,2024-03-25,En mora
1357,Susan Hunter,8296,5851,2,2024-07-17,En mora
1358,Courtney Avila,9857,16200,7,2025-06-12,Al día
1359,Jessica Barnes,24119,9084,3,2024-12-28,En mora
1360,Stephanie Johnson,3178,22198,9,2025-07-27,Al día
1361,Mary Sullivan,6928,16032,7,2025-03-08,Al día
1362,Sean Watts,2505,19063,10,2025-08-13,Al día
1363,Sharon Salazar,22414,6071,3,2025-04-10,En mora
1364,Troy Hardy,6187,7991,4,2025-08-13,Al día
1365,Ryan Reeves,22450,13056,10,2025-08-07,En mora
1366,Selena Ortiz,18067,19417,7,2025-05-26,Al día
1367,David Barber,13363,9865,5,2025-06-15,En mora
1368,Dylan Johnson,7013,3420,2,2024-09-02,En mora
1369,Megan Rojas MD,10911,4211,2,2025-07-10,En mora
1370,Cameron Johnson,20060,3252,2,2025-08-14,En mora
1371,Sarah Rodriguez,15076,10348,6,2024-12-27,En mora
1372,Susan Little,23755,16597,8,2025-07-23,En mora
1373,Patricia Lopez,12258,4104,3,2025-06-23,En mora
1374,Melissa Price,21441,3991,4,2025-01-26,En mora
1375,Jennifer Perkins,22812,20141,9,2025-06-19,En mora
1376,Jamie Ramirez,3148,2733,2,2025-03-30,En mora
1377,Brian Carrillo,23274,2399,2,2025-08-20,En mora
1378,Evan Ferguson,9615,12673,7,2025-07-08,Al día
1379,Helen Alvarez,15964,7840,4,2025-06-25,En mora
1380,Stephanie Gilbert,18763,21026,9,2024-12-27,Al día
1381,Patricia Leon,4638,11124,5,2025-06-21,Al día
1382,Lynn Jacobson,1452,15831,8,2025-06-13,Al día
1383,Steven Short,7308,11672,4,2025-05-05,Al día
1384,Natalie Keller,16618,18209,9,2025-05-10,Al día
1385,Troy Wells,24890,12572,6,2025-02-26,En mora
1386,Allison Brown,1214,18652,10,2025-02-08,Al día
1387,Donna Chan,19983,15222,7,2025-07-21,En mora
1388,Luis Boyle,7879,21111,10,2025-08-05,Al día
1389,Fernando Rodriguez,19099,19270,10,2025-07-17,Al día
1390,Lindsey Shelton,10344,18870,6,2025-08-03,Al día
1391,Kari York,15637,9794,3,2025-06-26,En mora
1392,Samuel Adams,3093,21204,8,2025-06-28,Al día
1393,Sheila Velazquez,3124,4071,3,2025-06-18,Al día
1394,Mary Barnett,5284,9923,4,2025-05-15,Al día
1395,Brenda Rosales,24590,6865,3,2025-04-11,En mora
1396,Brandon Moore,5468,14405,7,2025-06-08,Al día
1397,Sierra Williams,16075,15750,8,2025-05-04,En mora
1398,Samantha Jackson,9870,13995,8,2025-06-29,Al día
1399,Jodi Ballard,17286,3506,5,2025-06-07,En mora
1400,Donald Wagner,5706,11161,6,2025-07-25,Al día
1401,Daniel Hamilton,18780,14183,7,2025-05-15,En mora
1402,Frederick Arias,18144,15376,6,2025-05-21,En mora
1403,Dr. Angela Richardson,17450,2468,2,2025-03-02,En mora
1404,Anna Watson,23224,19146,10,2025-06-26,En mora
1405,Ricky Chambers,11695,19126,9,2025-05-09,Al día
1406,Jessica Thompson,22204,1291,1,2024-06-29,En mora
1407,John Simpson,6400,3775,4,2025-05-06,En mora
1408,Elizabeth Best,15744,17412,8,2025-08-04,Al día
1409,Eric Guerrero,4110,16452,9,2025-04-22,Al día
1410,Emily Taylor,21244,15637,9,2025-01-02,En mora
1411,Matthew Davis,3177,3648,1,2023-09-17,Al día
1412,Robert Perez,16372,19231,8,2025-08-18,Al día
1413,Kevin Collins,22281,12301,7,2025-06-15,En mora
1414,Dustin Diaz,4052,16415,9,2025-08-04,Al día
1415,David Mcclure,24254,534,1,2025-04-19,En mora
1416,Christopher Baker,11805,6912,4,2025-03-12,En mora
1417,Heather Cline,3884,5969,2,2025-06-12,Al día
1418,Joseph Sanders,5260,20533,8,2025-07-22,Al día
1419,Erin Carr,12922,22045,10,2025-07-18,Al día
1420,Virginia Bell,4911,5485,7,2025-04-14,Al día
1421,Margaret Perry,15869,14606,8,2025-08-19,En mora
1422,Jacob Murphy,10592,2302,1,2025-05-13,En mora
1423,Melissa Soto,11091,7270,4,2025-06-22,En mora
1424,Renee Sanders,16210,10821,4,2025-07-25,En mora
1425,Melissa Villarreal,2435,5004,2,2025-02-18,Al día
1426,Philip Johnson,3459,6996,4,2025-02-28,Al día
1427,Joseph Bradley,20351,17174,9,2024-11-24,En mora
1428,Sara Page,20643,12830,7,2025-06-12,En mora
1429,Evan Allen,15711,3953,3,2025-04-21,En mora
1430,Carlos Graham,17992,5804,3,2025-08-23,En mora
1431,Ronald Burke,12551,8895,4,2025-03-12,En mora
1432,Dana Jefferson,17863,17829,6,2024-11-28,En mora
1433,Richard Smith,4356,12751,7,2025-04-23,Al día
1434,Mrs. Brandy Cruz,8888,10147,6,2025-08-18,Al día
1435,Ashley Johnson,10271,3316,2,2024-08-16,En mora
1436,Krista Gilbert,23388,23853,10,2025-06-22,Al día
1437,Jennifer Martin,11496,18789,10,2025-05-18,Al día
1438,Mr. Antonio Smith Jr.,11463,5750,8,2025-01-21,En mora
1439,Joyce Reynolds,21740,2763,1,2025-05-22,En mora
1440,Daniel Bailey PhD,22527,8872,4,2025-02-19,En mora
1441,Megan Howard,1300,20297,7,2025-06-18,Al día
1442,Wayne Thomas,20516,23948,9,2025-07-13,Al día
1443,Timothy Smith,16950,17441,7,2025-04-09,Al día
1444,Miss Donna Anthony,22988,6603,3,2025-06-19,En mora
1445,Alex Davenport,13227,2099,1,2025-03-25,En mora
1446,Christian Smith,12326,10392,6,2025-06-08,En mora
1447,Rodney Lee,17372,19422,9,2025-06-08,Al día
1448,James Hill,8864,6942,6,2025-07-27,En mora
1449,Luke Tucker,18359,9810,4,2025-02-17,En mora
1450,Joel Baker,6960,8312,5,2024-12-31,Al día
1451,Marisa Price,11464,15541,6,2025-06-22,Al día
1452,Lori Edwards,17041,4655,2,2025-07-09,En mora
1453,Michael Walker,18033,4424,4,2025-07-11,En mora
1454,Bryce Oliver,19259,14724,8,2025-05-19,En mora
1455,Brandon Brown,19563,14612,5,2025-01-18,En mora
1456,Thomas Black,5927,17538,8,2025-04-04,Al día
1457,Debra Davis,12208,11410,6,2025-02-20,En mora
1458,Paige Gibson,10970,21909,10,2025-04-28,Al día
1459,Kevin Perkins,17189,16129,7,2025-07-21,En mora
1460,Heather Quinn,6982,4444,3,2025-04-01,En mora
1461,Rachel Evans,9952,2710,1,2024-09-07,En mora
1462,Monica Le,15242,6547,2,2024-06-14,En mora
1463,Dillon Miller,8071,14414,10,2025-07-06,Al día
1464,George Jimenez,16215,17787,9,2025-01-15,Al día
1465,Vanessa Walker,3963,3890,1,2023-12-21,En mora
1466,Nicole Olson,23762,21451,9,2025-03-14,En mora
1467,Andrea Nelson,11536,13593,6,2025-03-24,Al día
1468,Olivia Lewis,11319,21350,9,2025-07-17,Al día
1469,Angela Barker,19978,10995,5,2025-05-16,En mora
1470,Veronica Holden,5578,12080,8,2025-08-05,Al día
1471,Jesse Burke,4170,2196,1,2025-03-26,En mora
1472,Rodney Pierce,19342,3716,1,2023-11-03,En mora
1473,Vincent Wade,16314,16617,8,2025-06-03,Al día
1474,Matthew Nelson,3739,5784,3,2025-06-10,Al día
1475,Michelle Ramirez,18697,3313,3,2024-07-21,En mora
1476,Daryl Mckay,10790,8926,5,2025-06-14,En mora
1477,Michael Bowman,7649,9443,7,2025-07-11,Al día
1478,Chad Kelley,10476,12149,6,2025-05-22,Al día
1479,Melissa Hernandez,7890,2279,1,2025-02-05,En mora
1480,Austin Alexander,14089,5379,4,2025-02-05,En mora
1481,Melinda Erickson,2150,12749,5,2025-03-30,Al día
1482,Ann Taylor,10686,16639,10,2025-08-18,Al día
1483,Donald Hansen,2916,17634,8,2025-06-27,Al día
1484,Amy Andrews,11030,25557,10,2025-05-26,Al día
1485,John Scott,24216,15118,10,2025-08-21,En mora
1486,Jordan Brady PhD,7787,14987,10,2025-06-24,Al día
1487,Michael Smith,8464,12466,7,2025-06-06,Al día
1488,Jessica Jordan,14316,3513,1,2024-10-02,En mora
1489,Karen Tanner,22314,5481,4,2024-03-01,En mora
1490,Corey Ashley,2557,22184,10,2025-08-12,Al día
1491,Martin Fowler,7016,4824,2,2025-01-29,En mora
1492,Christopher Cohen,13653,12319,8,2024-11-14,En mora
1493,Cynthia Lang,9004,19935,9,2025-06-21,Al día
1494,Monique Williamson,18567,6652,3,2025-07-21,En mora
1495,Anne Gilbert,19425,4569,4,2025-05-04,En mora
1496,Makayla Davis,11775,4638,3,2025-07-29,En mora
1497,Kayla Mcmahon,10215,19322,8,2025-08-15,Al día
1498,Ashley Mitchell,23322,15370,6,2025-03-07,En mora
1499,Matthew Smith,3495,4644,2,2024-10-16,Al día
1500,Matthew Fox,10580,10831,8,2025-01-04,Al día
1501,Patricia Lam,18229,12306,9,2025-07-31,En mora
1502,Steven Church,24018,2732,2,2025-02-20,En mora
1503,Rachel Mills,14833,12752,8,2025-08-10,En mora
1504,Sean Hunt,4420,21947,10,2025-07-11,Al día
1505,Jesus Woodard,13220,16204,10,2025-05-26,Al día
1506,Scott Rodriguez,6514,6531,3,2024-09-14,Al día
1507,Maria Castro,15537,3214,1,2023-09-30,En mora
1508,David Hernandez,22742,24496,9,2025-04-20,Al día
1509,April Ryan,16323,5180,3,2025-04-30,En mora
1510,John Daugherty,12592,19303,7,2025-08-24,Al día
1511,Mary Rivas,13232,6069,4,2025-08-01,En mora
1512,Michael Love,6888,8784,4,2025-01-15,Al día
1513,Michael Arias,6792,13300,5,2025-08-18,Al día
1514,Mary Perez,3261,4763,3,2025-03-05,Al día
1515,Bob Thomas,13508,6051,3,2024-12-19,En mora
1516,Julia Perez,5009,1111,1,2025-01-21,En mora
1517,Joseph Robinson,4979,12943,5,2025-03-12,Al día
1518,Melissa Watkins,5139,12727,5,2025-07-28,Al día
1519,Jessica Nichols,13421,11561,6,2025-08-19,En mora
1520,Wendy Wolfe,10476,13570,8,2025-02-17,Al día
1521,Jeremiah Simmons,24204,5168,4,2025-03-08,En mora
1522,Jennifer Sweeney,14961,13730,7,2025-08-01,En mora
1523,Sarah Tran,20949,19023,8,2025-07-06,En mora
1524,Roy Nelson,22810,21551,10,2025-07-10,En mora
1525,Jeanette Santiago,18043,11888,5,2025-03-08,En mora
1526,Kevin Davis,17487,1980,2,2025-06-25,En mora
1527,Jeffrey Pena,8319,16389,9,2025-08-05,Al día
1528,Adrienne Taylor,7141,14035,8,2025-08-23,Al día
1529,Brian Ruiz,17694,2322,1,2025-06-04,En mora
1530,Timothy Schroeder DDS,10750,12571,6,2025-06-21,Al día
1531,Dustin Jordan,24995,6470,4,2025-05-21,En mora
1532,Dr. Heather Lopez MD,7308,8613,3,2025-08-07,Al día
1533,Anthony Flores,10990,7181,6,2025-07-30,En mora
1534,Nathan Murray,16123,3183,1,2024-08-24,En mora
1535,Valerie Jones,9549,2884,1,2025-08-18,En mora
1536,Karen Brooks,23984,8353,3,2024-08-07,En mora
1537,Corey Church,20373,15374,7,2025-06-19,En mora
1538,Amanda Terry,3019,24356,9,2025-06-16,Al día
1539,Rebecca Miller,19586,3468,1,2024-01-07,En mora
1540,Kelly Stanley,3298,8748,6,2025-06-11,Al día
1541,Andrea Jackson,19492,18880,9,2025-06-22,En mora
1542,Alan Brooks,24300,18632,7,2025-08-12,En mora
1543,David Chandler,17863,12946,7,2025-04-18,En mora
1544,Emily Brown,2950,12608,6,2025-07-29,Al día
1545,Theresa Bradley,14554,9674,4,2025-05-16,En mora
1546,Donna Morales,18079,4687,2,2024-12-06,En mora
1547,Toni Hartman,19538,10879,6,2025-06-13,En mora
1548,Sandra Carr,14052,18141,10,2025-08-25,Al día
1549,Anthony Avila,8514,5705,3,2025-05-06,En mora
1550,Chris Garcia,22041,21047,10,2025-07-15,En mora
1551,Susan Burke,13110,4220,3,2025-05-02,En mora
1552,Laura Gonzales,16021,2905,2,2024-06-04,En mora
1553,Eduardo Walton,7072,863,1,2024-08-07,En mora
1554,Brian Alvarez,9035,22614,9,2025-08-19,Al día
1555,William Thomas,18533,12299,6,2025-08-12,En mora
1556,Melissa Rosales,24996,17191,7,2025-07-23,En mora
1557,Frederick Cook,22753,1993,1,2025-06-14,En mora
1558,Anthony Stewart,10753,15824,6,2025-08-19,Al día
1559,Tony Fisher,17251,6964,5,2025-01-25,En mora
1560,Michael Wright,13905,8160,5,2025-07-20,En mora
1561,Jennifer Wilson,13411,4755,3,2025-06-23,En mora
1562,Frederick Miller,20356,5817,2,2025-08-11,En mora
1563,Alexis Martin,3775,9485,4,2025-06-03,Al día
1564,Alec Bush,17875,3270,1,2024-12-22,En mora
1565,Jennifer Scott,19725,11096,5,2025-03-08,En mora
1566,Luke Scott,7445,3361,2,2024-10-13,En mora
1567,Christopher Webster,23725,26269,9,2025-08-06,Al día
1568,Kayla Chavez,16600,4038,2,2024-08-01,En mora
1569,Christopher Alvarado,5807,20504,10,2025-08-07,Al día
1570,Jasmine Gallegos,5984,17672,7,2025-08-07,Al día
1571,Crystal Nicholson,9807,16465,9,2025-08-19,Al día
1572,Laura Savage,11423,4981,2,2025-03-28,En mora
1573,Joshua James,23600,12673,5,2024-12-20,En mora
1574,Phillip Cameron,3932,15152,9,2025-06-24,Al día
1575,Chad Chaney,21941,4735,2,2024-03-02,En mora
1576,Stephanie Meyer,24420,14172,8,2025-06-14,En mora
1577,Jordan Green,16069,10569,4,2025-08-07,En mora
1578,Anna Melton,8008,5127,3,2025-02-26,En mora
1579,Lisa Pruitt,23284,6755,3,2024-05-08,En mora
1580,Rachel Munoz,9441,15306,6,2025-06-29,Al día
1581,Joshua Roberts,18283,7377,2,2024-04-19,En mora
1582,Aaron Clark,14252,12651,6,2024-11-27,En mora
1583,Dylan Cummings,22829,16693,9,2024-12-22,En mora
1584,Rose Garza,7569,13998,5,2025-06-13,Al día
1585,Andrea Richardson,12436,16991,7,2025-07-31,Al día
1586,Karen Rogers,10334,3694,2,2025-08-08,En mora
1587,Johnathan Chapman,24179,6336,4,2024-12-27,En mora
1588,Alan Meyer,6892,14745,10,2025-08-02,Al día
1589,Sean Jones,21702,15327,8,2025-04-29,En mora
1590,Christian Collins,15901,4859,3,2025-06-13,En mora
1591,Nicole Burns,6665,10358,6,2025-02-24,Al día
1592,Joshua Snyder,19421,21728,9,2025-07-06,Al día
1593,Amanda Hill,22048,26870,10,2024-12-16,Al día
1594,Seth Collier,18995,8630,5,2025-05-30,En mora
1595,Jerome Beck,16106,16676,8,2025-01-20,Al día
1596,Glen Murphy,15705,4803,2,2024-08-12,En mora
1597,Jesse Dominguez,14308,12688,10,2025-06-20,En mora
1598,Ross Horton,8937,945,1,2024-11-21,En mora
1599,Laura Silva,2164,7245,3,2024-05-03,Al día
1600,Melissa Novak,22046,17338,10,2025-07-21,En mora
1601,William Moss,12469,3105,1,2025-06-09,En mora
1602,Justin Davis,12252,5123,2,2024-12-08,En mora
1603,Tracey Sloan,8655,10855,4,2025-07-19,Al día
1604,Andrea Buck,21993,11741,6,2025-06-10,En mora
1605,Seth Miller,18169,21695,9,2025-08-04,Al día
1606,Melanie Wright,19553,13448,8,2025-07-09,En mora
1607,Sherry Armstrong MD,3882,17694,9,2025-07-20,Al día
1608,Melissa Lewis,23058,8341,4,2025-04-08,En mora
1609,Charles Hamilton,21939,19554,10,2025-08-18,En mora
1610,Cheryl Marshall,20306,19971,7,2024-10-15,En mora
1611,Vanessa Wells,15656,14504,8,2025-01-09,En mora
1612,Stephanie Wagner,6330,7240,3,2024-08-30,Al día
1613,Austin Hanna,1630,8275,4,2025-02-21,Al día
1614,Dr. Brandy Phillips MD,4372,22703,8,2025-08-06,Al día
1615,William Watts,6596,20280,10,2025-07-10,Al día
1616,Stefanie Robinson,21305,14934,6,2025-06-22,En mora
1617,Taylor Lambert,6522,14977,5,2025-08-16,Al día
1618,Michelle Miles,5752,16573,8,2025-07-22,Al día
1619,Manuel Matthews,5090,1330,2,2025-01-28,En mora
1620,Johnathan Robbins,21384,942,1,2023-10-22,En mora
1621,Victor Watson,20433,22182,10,2025-08-23,Al día
1622,Nancy Graham,3953,515,1,2025-04-13,En mora
1623,Benjamin Brown,6452,12968,6,2025-04-02,Al día
1624,Sara Simmons,4579,17901,7,2025-07-31,Al día
1625,Nicole Lewis,19977,10501,5,2025-08-12,En mora
1626,Matthew Mata,12780,13216,4,2024-12-31,Al día
1627,Andrea Leonard,4644,12467,5,2024-12-21,Al día
1628,Theodore Foster,5401,10321,5,2025-06-20,Al día
1629,Kyle Nguyen,18023,7396,2,2024-07-06,En mora
1630,Joel Madden,16105,5075,3,2024-07-30,En mora
1631,Amy Nunez,10337,18780,10,2025-06-06,Al día
1632,Angela Johnston,1306,1839,1,2024-03-25,Al día
1633,John Robertson,5636,4338,2,2023-11-25,En mora
1634,Jacob Kirk,23825,11717,6,2025-02-28,En mora
1635,Lisa Nguyen,11525,24289,10,2025-06-02,Al día
1636,Robert French,7820,11019,6,2024-12-13,Al día
1637,Johnny Castaneda,24213,17656,10,2025-07-29,En mora
1638,Jessica Rivera,5333,3253,4,2025-06-08,En mora
1639,Robert Anthony,3598,6787,3,2025-02-13,Al día
1640,Elizabeth Diaz,4271,6431,4,2025-05-25,Al día
1641,Richard Pope,23705,13008,7,2025-08-17,En mora
1642,Joshua Carroll,15717,9623,3,2025-04-03,En mora
1643,Timothy Mccarthy,23154,5953,4,2024-10-06,En mora
1644,Eric Smith,18937,2040,1,2024-11-25,En mora
1645,John Hart,14341,12389,10,2025-06-11,En mora
1646,Katherine Miller,5462,3959,1,2025-02-13,En mora
1647,Jasmine Davis,4082,738,1,2024-10-29,En mora
1648,Kristin Garcia,12623,11091,6,2024-12-28,En mora
1649,Karen Hart,10471,3579,1,2024-04-06,En mora
1650,Corey Smith,21239,15132,7,2025-07-20,En mora
1651,Shelly Smith,21198,13988,8,2024-12-25,En mora
1652,Evan Jackson,23546,6505,5,2025-06-07,En mora
1653,Kristen Morse,9691,10111,6,2025-07-12,Al día
1654,Melissa Hood,24774,9343,4,2024-07-27,En mora
1655,Raymond Robinson,4788,20703,9,2025-07-20,Al día
1656,Nicholas Ross,14388,9704,4,2025-06-13,En mora
1657,Tonya Bailey,6732,18176,7,2025-06-04,Al día
1658,Mr. Jacob Gutierrez,15087,9735,4,2025-07-06,En mora
1659,Brett Graham,17761,25701,10,2025-03-06,Al día
1660,Hannah Matthews,2111,6634,5,2025-07-13,Al día
1661,Jeffery Riley,9140,5381,4,2024-11-30,En mora
1662,Kristin Shields,2923,3424,2,2025-03-14,Al día
1663,Jessica Acevedo,20736,18897,6,2025-06-01,En mora
1664,Paul Bailey,13428,2438,1,2024-07-03,En mora
1665,Ashlee Yang,7772,2320,1,2024-01-02,En mora
1666,Patricia Hill,18370,2866,2,2025-06-08,En mora
1667,Jessica Carter,10867,4505,2,2025-05-01,En mora
1668,Jim Nelson,14587,24841,10,2025-05-28,Al día
1669,Melissa Taylor,6978,18658,10,2025-06-09,Al día
1670,Mary Hopkins,18100,2717,1,2025-06-28,En mora
1671,Jonathan Scott,20962,16982,7,2025-03-08,En mora
1672,Alexis Baldwin,2446,9846,3,2025-07-25,Al día
1673,Mark Stone,21333,8591,4,2024-08-26,En mora
1674,Joseph Wood,7066,22646,9,2025-02-22,Al día
1675,Paige Bell,15215,20087,10,2025-05-28,Al día
1676,Nicholas Knight,12966,5252,2,2024-11-08,En mora
1677,Brian Lee,21316,22243,10,2025-05-20,Al día
1678,Anna Olson MD,8551,12456,4,2025-06-19,Al día
1679,Danielle Jones,21134,18550,6,2025-07-15,En mora
1680,Jennifer Peck,19489,15746,8,2025-06-27,En mora
1681,Joshua Frye,1970,17483,10,2025-06-01,Al día
1682,Becky Anderson,22702,14024,7,2025-04-05,En mora
1683,Amanda Anderson,5848,8171,3,2025-07-19,Al día
1684,Gary Martinez,1713,10820,5,2025-02-23,Al día
1685,Wyatt Perez,19081,20173,7,2025-05-04,Al día
1686,Morgan Jackson,21542,9867,4,2025-03-06,En mora
1687,Roy Vaughn,21835,15974,8,2025-01-13,En mora
1688,Mr. Jon Barry,7373,9794,5,2025-03-30,Al día
1689,Katie Lopez,14932,14716,7,2025-01-14,En mora
1690,Nathaniel Guzman,24307,17029,8,2025-08-17,En mora
1691,Christine Brown,3943,10004,5,2025-08-22,Al día
1692,Mark Kaiser,5593,12891,6,2025-08-23,Al día
1693,Dana Kennedy,11010,22024,8,2025-06-07,Al día
1694,Dustin Wolf,23919,18332,10,2025-04-30,En mora
1695,Steven Miller,17853,24941,10,2025-04-21,Al día
1696,Paul Peterson,19859,18858,9,2025-07-18,En mora
1697,Corey Fuentes,18405,6321,4,2025-08-12,En mora
1698,Christine Tran,2140,13014,8,2025-07-23,Al día
1699,Mary Liu,23282,18427,9,2025-07-23,En mora
1700,Teresa Brown,3079,6118,3,2025-08-03,Al día
1701,Bill Peterson,8315,13756,6,2025-06-11,Al día
1702,Elizabeth Hatfield,5707,11590,4,2025-05-22,Al día
1703,Hector Lester,12606,18963,10,2025-08-19,Al día
1704,Scott Perez,20402,17093,9,2025-06-09,En mora
1705,Joshua Thomas,16180,12115,7,2024-12-31,En mora
1706,Noah Rogers,12702,8476,5,2025-07-13,En mora
1707,Sandra Allen,16434,12114,8,2025-08-04,En mora
1708,Christine Klein,17054,15423,9,2025-08-24,En mora
1709,Jose Walker,19028,9593,5,2025-06-20,En mora
1710,Kevin Mccullough,23053,7488,5,2025-07-17,En mora
1711,Bonnie Smith,19261,6549,5,2025-05-20,En mora
1712,Kristen Nguyen,19820,19127,6,2025-01-15,En mora
1713,Andrea Lucero,14431,9139,4,2025-02-16,En mora
1714,Evan Rhodes,1978,12127,5,2025-03-26,Al día
1715,Tanya Morgan,5099,3309,3,2025-05-04,En mora
1716,Christian White,16044,8134,5,2025-06-23,En mora
1717,Marc Mccarthy,5643,6511,2,2025-08-03,Al día
1718,Aaron Hernandez,12393,13184,5,2024-11-07,Al día
1719,Debbie Meyers,14470,2776,1,2024-03-10,En mora
1720,Traci Dickerson,16620,11247,5,2025-03-27,En mora
1721,Thomas Campbell,7215,13164,7,2025-08-24,Al día
1722,Heather Smith,19043,18498,10,2025-03-20,En mora
1723,Kathleen Luna,9486,10441,4,2025-08-21,Al día
1724,William Stewart,17750,21976,8,2025-08-20,Al día
1725,Sheryl Davis,16842,4641,2,2025-05-19,En mora
1726,Robin Willis,16902,8959,7,2025-05-14,En mora
1727,Taylor Rivas,12118,5135,3,2025-04-18,En mora
1728,Keith Wilson,18121,13325,7,2025-08-25,En mora
1729,Jennifer Pearson,10074,2944,2,2025-05-18,En mora
1730,Michelle Holmes,11598,12711,8,2025-08-04,Al día
1731,Andrew Lopez,9470,18806,10,2025-07-17,Al día
1732,John Beck,8921,16184,8,2025-04-25,Al día
1733,Darryl Martinez,1123,7491,4,2025-06-26,Al día
1734,Alexander Smith,4919,812,1,2023-09-22,En mora
1735,Kelly Carter,10328,2115,1,2024-04-29,En mora
1736,Amy Little,16232,21237,9,2025-08-20,Al día
1737,William Adams,4564,16241,8,2025-05-08,Al día
1738,Robert Smith,18930,15626,10,2025-08-24,En mora
1739,Lauren May,19385,20184,9,2025-05-21,Al día
1740,Theresa Miller,7518,19053,10,2025-05-12,Al día
1741,Cassandra Marshall,5622,9576,4,2024-12-27,Al día
1742,Tammy Edwards,10018,1651,1,2023-12-10,En mora
1743,Andrew Hickman,6012,4091,2,2025-04-05,En mora
1744,Beth Baker,18757,2077,1,2024-03-08,En mora
1745,Melanie Johnston,10193,11234,6,2025-04-10,Al día
1746,Colin Chavez,11793,17266,8,2025-07-10,Al día
1747,John Estes,19658,26428,9,2025-07-16,Al día
1748,Robert Leach,11695,6724,4,2025-04-13,En mora
1749,Cody Hammond,15749,18796,10,2025-06-12,Al día
1750,Eric Mercado,24465,10298,5,2025-02-06,En mora
1751,Ashley Duncan,9714,8399,4,2025-07-01,En mora
1752,Heather Lopez,5154,7992,5,2025-04-26,Al día
1753,Kelly Rodriguez,23911,11436,6,2025-08-06,En mora
1754,Stephanie Neal,3895,23896,10,2025-07-19,Al día
1755,Dylan Herrera,19527,12115,7,2025-05-25,En mora
1756,Devon Cooper,10792,3951,2,2025-03-27,En mora
1757,Nicholas Williams,4553,1445,2,2025-03-21,En mora
1758,Gabriel Turner,19583,4739,2,2024-03-14,En mora
1759,Tiffany Wood,10542,26715,8,2025-04-20,Al día
1760,Jonathan Sutton,15916,7381,3,2024-11-22,En mora
1761,John Young,23907,5468,4,2025-04-18,En mora
1762,Stephanie Gutierrez,6914,20927,9,2025-03-19,Al día
1763,Patrick Olson,14968,8561,4,2025-08-24,En mora
1764,Darrell Norman,9373,496,1,2023-10-13,En mora
1765,Adam Bartlett,7790,6150,3,2025-01-11,En mora
1766,Ashley Cochran,19027,15468,9,2025-04-03,En mora
1767,Christopher Wood,18456,24194,9,2025-07-04,Al día
1768,Christopher Miranda,13712,14270,9,2025-05-28,Al día
1769,Kevin Mcdonald,21671,6894,4,2025-06-28,En mora
1770,Steven Martinez,15346,12164,6,2025-08-21,En mora
1771,Anthony Rodriguez,13566,9840,3,2025-02-26,En mora
1772,Jason Cooper,22541,12462,5,2025-04-23,En mora
1773,Brian Cook,20322,5544,3,2025-03-31,En mora
1774,Michael Brewer,17827,1486,1,2025-07-10,En mora
1775,Chad Jackson,4749,14290,6,2025-08-10,Al día
1776,Jacqueline Gibson,19814,15756,6,2025-03-23,En mora
1777,Scott Young,2541,7063,5,2025-06-04,Al día
1778,Joseph Holmes,16259,3851,2,2025-03-20,En mora
1779,Peter Mills,15799,5305,2,2025-03-23,En mora
1780,Brandon Lucas,12362,6098,4,2025-06-02,En mora
1781,Edward Johnson,6514,20849,9,2025-02-13,Al día
1782,Lauren Olsen,24761,13951,6,2025-08-24,En mora
1783,Christina Mcneil,14492,13402,5,2024-09-04,En mora
1784,Theresa Edwards,1008,15186,7,2025-06-21,Al día
1785,Beth Sanchez,8311,6160,4,2025-02-10,En mora
1786,Katherine Smith,9650,10738,6,2025-05-17,Al día
1787,David Jackson,16206,12333,5,2025-07-25,En mora
1788,Bonnie Owens,18505,12782,7,2025-05-29,En mora
1789,Shannon Mora,6363,10611,5,2025-07-31,Al día
1790,Austin Davis,20140,20880,9,2025-08-01,Al día
1791,Linda Terry,12155,5274,2,2025-02-25,En mora
1792,Amy Dunn,9062,24521,10,2025-07-06,Al día
1793,Gregory Chan,5450,12498,7,2025-06-28,Al día
1794,Travis Ortega,9156,3277,2,2025-08-24,En mora
1795,Jerome Knox,14372,12750,6,2025-08-22,En mora
1796,Edward Stone,12674,23969,10,2025-06-24,Al día
1797,Elaine Chavez,5010,1467,1,2025-05-07,En mora
1798,Brad Brewer,22480,15372,8,2025-07-10,En mora
1799,Tamara Patterson,3062,15933,9,2025-08-10,Al día
1800,Taylor Phelps,15469,3281,2,2025-06-05,En mora
1801,Michael Riggs,3220,12827,6,2025-01-30,Al día
1802,Richard Brooks,8455,7226,3,2025-06-28,En mora
1803,Bradley Holmes,16291,5277,3,2025-07-17,En mora
1804,Kevin Bailey,18749,15439,7,2025-06-28,En mora
1805,Matthew Barrett,12362,16347,8,2025-05-28,Al día
1806,Douglas Chandler,5720,10590,6,2025-07-02,Al día
1807,Peter Davis,20653,2863,2,2024-07-28,En mora
1808,Carly Wells,15683,16048,7,2025-04-15,Al día
1809,Michael Brown,6254,8797,3,2025-06-22,Al día
1810,Thomas Campbell,8499,16196,8,2025-06-20,Al día
1811,Jennifer Blackburn,18930,17591,8,2025-04-17,En mora
1812,Brianna Santiago,5907,13441,7,2025-08-11,Al día
1813,Michele Williams,8831,13146,6,2025-08-10,Al día
1814,Dawn Stuart,7203,16030,8,2025-07-02,Al día
1815,Patricia Hoover,6675,19727,10,2025-08-10,Al día
1816,Steven Allen,21232,20298,7,2025-03-31,En mora
1817,Michael Hudson,6207,6800,4,2024-06-12,Al día
1818,Nichole Garcia,11257,18763,10,2025-04-24,Al día
1819,Michael Sparks,24744,19168,8,2025-08-12,En mora
1820,Casey Elliott,16963,9221,5,2025-06-30,En mora
1821,Samantha Kane,23182,2852,2,2024-09-24,En mora
1822,Kendra Green,15416,5942,2,2025-07-31,En mora
1823,Sean Campbell,1284,27598,10,2025-06-28,Al día
1824,Matthew Boyd,9811,7363,3,2025-05-30,En mora
1825,Austin Martinez,4147,17599,8,2025-07-22,Al día
1826,Micheal Benitez,6997,8704,5,2025-05-18,Al día
1827,David Jones,23176,6781,3,2024-11-05,En mora
1828,Timothy Dean,24730,15950,8,2025-07-03,En mora
1829,Victoria Smith,10376,13696,9,2025-07-28,Al día
1830,Valerie Hines,10625,14535,7,2025-03-02,Al día
1831,Michele Johnson,4034,4239,2,2024-12-17,Al día
1832,Jeremiah Watson,19086,1438,1,2025-05-23,En mora
1833,Christopher Arias,8130,24401,10,2025-05-20,Al día
1834,Katherine Nash,5180,10707,5,2024-12-04,Al día
1835,Ronnie Campbell,23098,629,1,2024-10-15,En mora
1836,Sarah Bell,23408,3902,1,2025-03-15,En mora
1837,Sally Hartman,1919,3595,2,2024-03-17,Al día
1838,Michael Huynh,18609,17086,10,2025-04-05,En mora
1839,Timothy Anderson,15642,1097,1,2024-06-04,En mora
1840,Terry Hill,4352,2203,1,2023-11-07,En mora
1841,Denise Tucker,14904,13713,7,2025-03-16,En mora
1842,Rebecca Taylor,1557,13319,7,2025-05-08,Al día
1843,Tanya Edwards,19269,12094,5,2025-07-09,En mora
1844,Matthew Wood,17227,20972,10,2025-04-18,Al día
1845,Robert Jones,11973,9261,6,2025-02-24,En mora
1846,Sarah Hall,3490,13728,7,2025-05-10,Al día
1847,April Weaver,21360,1682,2,2025-03-27,En mora
1848,Lisa Green,4791,17045,9,2025-07-03,Al día
1849,Travis Ryan,6673,6854,3,2025-07-10,Al día
1850,Zachary Reed,1816,12208,8,2025-08-22,Al día
1851,Richard Park,3491,5094,2,2025-05-05,Al día
1852,Melvin Kennedy,18601,15861,7,2025-05-27,En mora
1853,Shannon Leon,9452,14281,8,2025-06-03,Al día
1854,Dakota Jackson,6102,9280,4,2025-08-01,Al día
1855,Scott Galloway,21788,6432,3,2025-03-29,En mora
1856,Gina Walters,5908,2110,1,2024-09-05,En mora
1857,Katherine Bell,9101,14105,8,2025-07-15,Al día
1858,Carol Jackson,12677,3028,1,2024-03-31,En mora
1859,Renee James,2333,12323,5,2025-07-11,Al día
1860,Mark Wright,6414,3855,1,2025-05-20,En mora
1861,Julie Buchanan,16726,4524,2,2025-03-11,En mora
1862,Christopher Steele,3033,2191,1,2024-11-13,En mora
1863,Richard Carter,21936,17263,7,2025-08-02,En mora
1864,Christine Bishop,5741,8458,3,2025-04-15,Al día
1865,Nicholas Santos,24009,3698,1,2024-10-13,En mora
1866,Tammy Sweeney,19153,17631,7,2025-08-19,En mora
1867,Katherine Carr,13102,18683,10,2025-07-28,Al día
1868,Eric Hall,16516,6892,2,2025-06-19,En mora
1869,Jacob Norman,7986,14223,6,2025-06-17,Al día
1870,Rebecca Morgan,18881,9331,4,2025-08-20,En mora
1871,Joann Harrison,3204,10771,4,2025-07-26,Al día
1872,Dana Barron,10833,8186,6,2025-05-31,En mora
1873,Michelle Moore,23767,15718,9,2025-08-22,En mora
1874,Jeremy Manning DVM,3112,12064,5,2025-01-03,Al día
1875,Janet Wells,15941,23607,10,2025-06-16,Al día
1876,Joshua Klein,11147,5280,2,2025-07-05,En mora
1877,Howard Hill,8243,20504,9,2025-07-20,Al día
1878,Mrs. Erica Wilson DDS,24765,7789,5,2025-07-10,En mora
1879,Steven Griffin,15754,3176,1,2025-03-24,En mora
1880,Joel Aguilar,22146,2215,1,2025-06-09,En mora
1881,Maria Gonzales,24183,8183,6,2025-07-03,En mora
1882,Jessica Johnston,7594,6059,3,2025-05-03,En mora
1883,Alexander Williams,4787,14145,6,2025-01-07,Al día
1884,Stacey Bishop,24603,16554,10,2025-08-15,En mora
1885,Ashley Oliver,4246,2980,1,2024-01-08,En mora
1886,Jacqueline Black,21098,14028,8,2025-05-16,En mora
1887,Lisa Brown,20887,14029,8,2025-02-07,En mora
1888,Alexandra Grimes,24318,21955,10,2025-04-01,En mora
1889,Sarah Dawson,2123,20001,9,2025-04-16,Al día
1890,Lori Armstrong,12552,5678,3,2025-01-26,En mora
1891,Benjamin Myers,17565,19287,8,2025-06-21,Al día
1892,Joshua Rojas,20774,3127,2,2024-12-23,En mora
1893,Gloria Johns,17325,3113,2,2025-01-25,En mora
1894,Sherry Mitchell,17197,580,1,2025-08-23,En mora
1895,Kathleen Mack,6112,15473,7,2025-08-06,Al día
1896,Christopher Pearson,3139,10945,5,2025-01-27,Al día
1897,Cassandra Davis,2962,5092,3,2024-10-27,Al día
1898,Gabriel Santiago,24617,4670,2,2024-03-15,En mora
1899,Andrew Manning,22020,21383,8,2025-06-01,En mora
1900,Taylor Hart,4422,14160,7,2025-07-12,Al día
1901,Danielle Pitts,5044,8628,4,2025-01-29,Al día
1902,William Holloway,2875,12047,6,2025-07-05,Al día
1903,Marcus Robinson,11985,11160,6,2025-04-24,En mora
1904,Daniel Lucas,7740,2500,1,2025-08-02,En mora
1905,Michael Green,14539,5221,3,2025-07-29,En mora
1906,Julie Kennedy,21908,13534,5,2025-04-04,En mora
1907,Linda Soto,9018,6508,4,2024-12-08,En mora
1908,Katherine Shaw,13530,25935,10,2025-07-03,Al día
1909,Seth Gonzales,16272,16116,7,2025-08-03,En mora
1910,Kimberly Franco,2768,545,1,2024-10-23,En mora
1911,Travis Nelson,8154,234,1,2023-10-01,En mora
1912,Melanie Lloyd,2530,16919,10,2025-04-23,Al día
1913,Thomas Robinson,6835,21855,9,2024-12-22,Al día
1914,Teresa Mendoza,18782,3154,2,2025-05-23,En mora
1915,Christopher Oconnor,14724,22828,9,2025-07-20,Al día
1916,Jenna Rodriguez,12076,17613,10,2025-08-03,Al día
1917,Jennifer Randall,8391,15974,6,2025-05-14,Al día
1918,Emily Roach,4283,13250,10,2025-08-01,Al día
1919,Melissa Wilson,13263,21986,10,2025-05-25,Al día
1920,Nicole Kelley,23356,3124,1,2024-02-04,En mora
1921,Rachel Lopez,21150,1549,1,2024-12-01,En mora
1922,Nina Levy,6221,7567,3,2025-02-27,Al día
1923,Mario Taylor,18048,10703,6,2025-05-14,En mora
1924,Sarah Cole,12697,12662,5,2025-08-13,En mora
1925,James Wong,9881,11035,5,2025-05-25,Al día
1926,Andres Marsh,12790,4748,3,2024-08-25,En mora
1927,Luke Cunningham,5797,9543,6,2025-03-31,Al día
1928,Carly Vargas,1223,2469,2,2024-10-18,Al día
1929,Melissa Greer,18817,4022,2,2024-07-22,En mora
1930,John Young,19327,3205,3,2025-04-09,En mora
1931,Jon Reeves,6545,14217,7,2025-04-21,Al día
1932,Jasmin Lara,8102,11661,5,2025-04-30,Al día
1933,Matthew Jackson,23606,9829,4,2025-05-28,En mora
1934,Stephanie Garcia,5257,17777,9,2024-10-06,Al día
1935,Christine Fisher,10371,7547,4,2025-07-17,En mora
1936,Daniel Krause,7563,13611,5,2025-07-29,Al día
1937,Alyssa Alvarez,4179,13661,8,2025-03-27,Al día
1938,Jacqueline Ramsey,12945,15388,9,2025-06-24,Al día
1939,Luke Lopez,9440,1344,1,2023-10-13,En mora
1940,Patrick Garner,4179,5967,3,2024-04-11,Al día
1941,Lee Chavez,24927,13512,9,2025-08-21,En mora
1942,Mrs. Maureen Thompson DVM,24287,8122,3,2025-06-26,En mora
1943,Lisa Lewis,10286,16662,7,2025-05-10,Al día
1944,Elizabeth Aguilar,15420,4674,5,2025-03-02,En mora
1945,Krista Ferguson,2627,12178,6,2025-06-17,Al día
1946,Carlos Mendoza,16920,3030,1,2025-01-20,En mora
1947,Hannah Johnson,23882,17939,7,2025-08-25,En mora
1948,Russell Armstrong,3128,15886,9,2025-06-26,Al día
1949,Michael Lewis,11377,4532,3,2025-07-14,En mora
1950,James Diaz,18481,22502,9,2025-06-07,Al día
1951,Craig Johnson,1774,10278,7,2025-04-29,Al día
1952,Dominic Miller,18828,15912,7,2025-04-05,En mora
1953,David Watts,7858,16527,7,2025-05-17,Al día
1954,Stephanie Fisher,19196,5756,4,2024-12-22,En mora
1955,Michele Zuniga,24720,6372,2,2023-12-21,En mora
1956,Ernest Hernandez,9390,3816,3,2025-07-01,En mora
1957,Tonya Ruiz MD,21932,14997,5,2025-06-03,En mora
1958,Bradley Lopez,12853,15143,7,2025-07-05,Al día
1959,Jacob Evans,7604,20607,9,2025-02-01,Al día
1960,Lisa Arroyo,5384,14100,7,2025-03-18,Al día
1961,Megan Anderson,18788,20918,9,2025-06-14,Al día
1962,James Miller,5330,26570,10,2025-05-23,Al día
1963,Emma Munoz,8520,5692,2,2025-08-25,En mora
1964,Amy Thomas,5020,4647,4,2025-05-23,En mora
1965,Mrs. Christina Larson MD,12950,12698,6,2025-08-16,En mora
1966,Alexander Ramirez,11178,14765,7,2025-07-28,Al día
1967,Bryan Wilson,17118,1039,1,2024-12-03,En mora
1968,Colin Dunn,16348,2079,2,2024-10-31,En mora
1969,Terri Duran,5841,10405,5,2025-08-24,Al día
1970,Marcus Hicks,12149,11729,4,2024-10-31,En mora
1971,Tara Fleming,13414,10521,4,2025-03-17,En mora
1972,Lisa Mcconnell,1534,16457,10,2025-05-10,Al día
1973,Wanda Sanchez,2777,18036,7,2025-08-11,Al día
1974,Deborah James,12272,21206,10,2025-08-07,Al día
1975,Frank Owens,7188,17004,10,2025-05-11,Al día
1976,Patrick Barrett,6954,17844,8,2025-08-21,Al día
1977,Derek Carter,9660,24197,9,2025-04-28,Al día
1978,Jon Willis,4678,13033,7,2025-05-13,Al día
1979,Nicholas Austin,23752,1656,1,2025-01-23,En mora
1980,Cathy Brewer,13801,19180,9,2025-04-26,Al día
1981,Brent Rivas,24911,19732,9,2025-08-23,En mora
1982,Justin Byrd,1240,6246,5,2025-04-16,Al día
1983,Jason Lynch,22460,6710,4,2025-05-12,En mora
1984,Crystal Jordan,12327,3965,1,2024-01-10,En mora
1985,Brittany Davis,8439,2751,2,2024-07-23,En mora
1986,Joseph Doyle,20107,4769,3,2024-07-02,En mora
1987,David Sullivan,6151,3951,1,2024-12-07,En mora
1988,Mary Ashley,7404,15515,9,2025-07-16,Al día
1989,Albert Frey,11747,9833,6,2025-01-15,En mora
1990,Michael Simmons,15347,1981,1,2023-10-09,En mora
1991,Phillip Jones,12789,13855,6,2025-06-29,Al día
1992,Mrs. Carla Sullivan MD,10961,8367,4,2025-02-28,En mora
1993,Patrick Valdez,10475,10418,5,2025-05-17,En mora
1994,Terri Garcia MD,15452,20303,7,2025-07-12,Al día
1995,Elizabeth Hernandez DVM,19304,9401,4,2025-01-15,En mora
1996,Leslie Pruitt,12359,16091,8,2025-07-31,Al día
1997,Roger Vincent,23910,8842,4,2025-06-05,En mora
1998,Carl Wilson,1273,3080,1,2025-03-22,Al día
1999,Jeffrey Haas,21998,3628,3,2024-11-01,En mora
2000,Brendan Bailey,14489,14851,7,2025-04-11,Al día
2001,Lindsey Rodriguez,22924,5129,2,2025-02-03,En mora
2002,Sarah Grant,5280,12033,4,2025-03-31,Al día
2003,Ashley Perkins,4447,22192,8,2025-06-10,Al día
2004,Jerry Serrano,10289,12337,6,2025-03-23,Al día
2005,Peter Wilson,5376,7621,4,2025-01-31,Al día
2006,Taylor Mendoza,5272,20740,7,2025-07-04,Al día
2007,Sierra Morris,4437,11975,6,2025-08-10,Al día
2008,Bailey Ramirez,17846,18437,9,2025-08-16,Al día
2009,Jessica Shah,9072,17781,7,2025-05-29,Al día
2010,Lisa Sosa,13294,3183,4,2025-08-08,En mora
2011,Nancy Mathews,14970,5975,3,2024-05-19,En mora
2012,Jennifer Hall,12744,6013,3,2025-05-12,En mora
2013,Brandon Clark,3440,1695,1,2024-03-31,En mora
2014,Roger Valenzuela,9582,15456,5,2025-04-06,Al día
2015,Kelsey Singh,1017,15187,8,2025-07-21,Al día
2016,Justin Charles,14309,11629,5,2025-06-27,En mora
2017,Maria Russo,11519,3581,2,2024-10-10,En mora
2018,Julie Osborn,12104,14940,10,2025-07-07,Al día
2019,Rachel Johnson,18348,8536,4,2025-08-03,En mora
2020,Ashley Buck,18696,8531,5,2025-04-02,En mora
2021,April Rodriguez,10955,798,1,2024-11-05,En mora
2022,Karen Durham,22383,16738,9,2025-08-05,En mora
2023,Clayton Hall,16605,8195,4,2025-06-21,En mora
2024,Stephen Schroeder,19689,12724,7,2025-03-07,En mora
2025,Mark Higgins,15846,9103,4,2025-06-25,En mora
2026,Deborah Johnson,20935,3555,2,2025-05-22,En mora
2027,Rachel Wilson,11694,17179,8,2025-05-04,Al día
2028,Christy Henderson,3501,8894,4,2025-02-14,Al día
2029,Mark Dorsey,18806,15200,9,2025-07-16,En mora
2030,Brian Tran,15259,17517,8,2025-02-16,Al día
2031,Pamela Gomez,9445,5008,3,2025-06-03,En mora
2032,Terri Lucero,10026,3814,2,2025-05-20,En mora
2033,Stephanie King,13011,7219,4,2024-10-08,En mora
2034,Nancy Coffey,4246,16453,9,2025-05-19,Al día
2035,Alyssa Bishop,8781,14541,8,2025-08-06,Al día
2036,Jeanette Garcia,5201,4654,2,2024-05-02,En mora
2037,Dana Moreno,5665,15641,7,2025-04-04,Al día
2038,John Solis,18436,10238,4,2025-05-13,En mora
2039,Virginia Schroeder,12184,20924,10,2025-08-10,Al día
2040,Raven Barnett,6575,10600,6,2025-08-06,Al día
2041,Sara Soto,17858,13826,6,2025-06-01,En mora
2042,Eugene Mcclure,7385,16137,8,2025-06-12,Al día
2043,Kimberly Barron,20821,7082,2,2024-10-26,En mora
2044,Amber Johnson,16474,1936,2,2025-02-05,En mora
2045,Ann Chavez,18075,2935,3,2025-08-18,En mora
2046,Elizabeth Finley,16238,15208,6,2025-05-28,En mora
2047,Shawn Pollard,4108,16650,6,2025-02-11,Al día
2048,Steven Gonzalez,18589,3215,1,2024-01-05,En mora
2049,Martin Smith,21457,18897,8,2025-05-16,En mora
2050,Debbie Shea,6422,21759,8,2025-05-26,Al día
2051,Crystal Mcclain,7247,15181,6,2025-04-08,Al día
2052,Bethany Nunez,16682,4905,4,2025-08-19,En mora
2053,Kristin Gilbert,14397,6115,7,2025-08-06,En mora
2054,Joanna Colon DDS,20840,12697,4,2025-05-02,En mora
2055,Robert Cox,12843,20564,8,2024-11-15,Al día
2056,Thomas Duffy,15452,17835,7,2025-08-22,Al día
2057,Brandon Wiley,16242,12692,7,2025-07-09,En mora
2058,Ryan Yang,24042,1409,2,2024-08-12,En mora
2059,Rachel Turner,9421,8763,5,2024-07-07,En mora
2060,Jared Ballard,4348,21259,9,2025-08-18,Al día
2061,Melinda Franklin,13058,2647,2,2025-08-21,En mora
2062,Ryan Acosta,3038,6977,3,2025-01-21,Al día
2063,Ethan Cox,7027,4659,2,2023-12-06,En mora
2064,Morgan Jackson,21905,3625,2,2025-04-24,En mora
2065,Donald Bell,15985,22413,10,2025-05-04,Al día
2066,Tony Schmidt,4974,8666,3,2025-06-04,Al día
2067,John Wolfe,10445,8416,6,2025-07-18,En mora
2068,Amanda Wagner,3358,12828,6,2025-06-15,Al día
2069,Brian Perry,16474,17054,10,2025-07-14,Al día
2070,Dr. Bryan Horton,18922,17046,6,2025-06-17,En mora
2071,Sydney Howard,9640,224,1,2024-07-15,En mora
2072,Rita Martinez,10777,13932,6,2025-01-01,Al día
2073,Jim White,11750,3885,2,2023-11-23,En mora
2074,Matthew Hardin,15025,6825,3,2025-04-10,En mora
2075,Austin Bruce,1901,18243,9,2025-05-31,Al día
2076,Cameron Robinson MD,11237,7226,4,2025-03-06,En mora
2077,Anthony Rosario,6782,11230,4,2025-07-27,Al día
2078,Christopher Chandler,11211,3855,1,2024-08-10,En mora
2079,Thomas Robinson,24733,916,1,2024-12-11,En mora
2080,Beth Velasquez,16213,13845,5,2025-03-02,En mora
2081,Deborah Weber,11106,12643,8,2025-05-26,Al día
2082,Bradley Reeves,2761,20554,10,2025-04-24,Al día
2083,Michael Mccann,2332,14242,7,2025-04-13,Al día
2084,Kenneth Austin,10030,5225,3,2024-03-17,En mora
2085,Scott Reyes,23507,11655,7,2025-04-28,En mora
2086,Lisa Wright,24910,19443,8,2025-07-27,En mora
2087,Emma Donovan,24260,24279,10,2025-08-10,Al día
2088,Bonnie Berger,7762,10456,4,2025-06-09,Al día
2089,Daniel Thomas,13031,9868,5,2024-07-29,En mora
2090,Robert Carroll,6973,13558,5,2025-06-05,Al día
2091,Tonya Thompson,17689,3183,2,2024-02-24,En mora
2092,Gary Pittman,14267,483,1,2023-09-26,En mora
2093,Yolanda Franklin,5414,5954,2,2025-02-22,Al día
2094,John Carpenter,22944,7880,4,2025-01-07,En mora
2095,Yvonne Riggs,1883,18175,8,2025-03-05,Al día
2096,Tammy Mcdaniel,4838,16560,8,2025-07-07,Al día
2097,Richard Potter,9272,21946,10,2025-01-26,Al día
2098,William Rivera,14572,21995,10,2025-08-19,Al día
2099,Stephen Merritt,23453,8244,6,2025-08-15,En mora
2100,Lindsay Little,8784,2692,1,2024-01-17,En mora
2101,Angela Gonzalez,14139,10006,7,2025-07-10,En mora
2102,Kurt Cooper,15960,17850,7,2025-07-10,Al día
2103,Danielle Morris,14541,1664,1,2024-11-14,En mora
2104,Christopher Johnson,7404,11735,5,2025-08-08,Al día
2105,Patricia Gordon,10944,12560,6,2025-04-15,Al día
2106,Lawrence Anderson,4789,3305,1,2025-05-25,En mora
2107,Katherine Murphy,19504,10183,7,2025-06-14,En mora
2108,Brian Page,5397,17433,8,2025-04-01,Al día
2109,Karen Martinez,4778,10006,4,2025-04-24,Al día
2110,Travis Melton,13414,9121,5,2025-06-05,En mora
2111,Shawn Butler,2135,11162,7,2025-07-17,Al día
2112,Debra Rivas,18483,7123,6,2025-07-30,En mora
2113,Willie Scott,7553,1772,1,2024-10-09,En mora
2114,Scott Middleton,6305,6923,3,2024-10-11,Al día
2115,Amanda Mejia,21703,10223,5,2025-02-23,En mora
2116,Roy Reese,11843,12493,6,2025-07-26,Al día
2117,Aaron Briggs,17042,21965,10,2025-02-15,Al día
2118,Jennifer Roberts,16102,10070,7,2025-08-08,En mora
2119,Julie Castro,21119,13626,7,2025-08-02,En mora
2120,Michele Peck,21748,8103,3,2023-12-26,En mora
2121,Steven Garcia,17834,5975,4,2025-05-30,En mora
2122,Richard Gilbert,14781,18646,7,2025-08-17,Al día
2123,Michelle Hardy,13172,20255,8,2025-06-23,Al día
2124,Jason Rios,20062,4210,2,2025-05-07,En mora
2125,Julie Clarke,15269,11658,6,2025-08-13,En mora
2126,Michael Williams,21761,13918,7,2025-05-24,En mora
2127,Mary Watkins,22300,20451,8,2025-06-15,En mora
2128,Michael Gonzalez,16482,4031,3,2025-05-23,En mora
2129,Kimberly Miller,24607,18476,9,2025-01-28,En mora
2130,Marie Mccullough,14891,11248,6,2024-06-20,En mora
2131,Michael Duffy,13724,8641,6,2025-07-05,En mora
2132,Nathaniel Pollard,3974,20809,8,2025-04-07,Al día
2133,Cody Anderson,18569,8188,3,2025-05-12,En mora
2134,Megan Huff,3886,985,1,2025-03-24,En mora
2135,Michael Rivera,10812,9055,3,2025-01-08,En mora
2136,Wayne Carrillo,24125,2980,1,2023-09-20,En mora
2137,Jonathan Howe,8992,17931,10,2025-04-30,Al día
2138,Corey Perkins DVM,19526,13020,6,2025-04-19,En mora
2139,Kimberly Brown,14503,7270,4,2025-07-29,En mora
2140,Christopher Dennis,8410,12966,7,2025-03-19,Al día
2141,Brian Roberson,24725,3947,2,2024-12-03,En mora
2142,Eric Benjamin,8934,14456,5,2025-05-15,Al día
2143,Jose Vargas,10145,5911,2,2025-05-08,En mora
2144,Mary Oneill,20018,14859,6,2024-12-02,En mora
2145,Amber Newman,11879,12675,5,2025-03-15,Al día
2146,Anthony Lewis,13283,3915,2,2025-08-11,En mora
2147,Robert Graves,1226,1368,1,2024-06-07,Al día
2148,Kevin Riley,24307,8327,5,2025-06-29,En mora
2149,Lance Gardner,17614,4703,3,2025-06-23,En mora
2150,David Ortiz,7399,12452,5,2025-07-08,Al día
2151,Eddie Gonzalez,7615,27206,10,2025-06-13,Al día
2152,Amanda Hill,7284,7489,5,2025-08-24,Al día
2153,Patricia Johnson,13230,15849,8,2024-08-28,Al día
2154,Nicholas Williams,12595,2246,2,2025-02-17,En mora
2155,Adrienne Martin,24975,14721,8,2025-06-19,En mora
2156,Suzanne Pace,15607,20555,10,2025-02-12,Al día
2157,Mitchell Roy,10589,21259,10,2025-07-14,Al día
2158,Bradley Cox,11894,5309,5,2025-07-14,En mora
2159,Dylan Jones,3414,9262,4,2025-07-09,Al día
2160,Bethany Hernandez,13299,15336,7,2025-04-12,Al día
2161,Brent Perkins,6610,21665,9,2025-07-17,Al día
2162,Raymond Espinoza,5761,1537,1,2024-05-11,En mora
2163,Heather Jackson,22500,6589,3,2025-05-08,En mora
2164,John Rich,2846,3452,1,2025-02-25,Al día
2165,Bradley Cox,7567,8404,6,2025-05-25,Al día
2166,Jennifer Fernandez,6579,17562,8,2025-03-13,Al día
2167,Dr. Sarah Austin,11258,4342,3,2025-03-16,En mora
2168,Elijah Acosta,18104,4589,2,2025-03-20,En mora
2169,Cynthia Wilcox,8407,8679,4,2025-03-27,Al día
2170,Kirk Harris,18102,608,1,2025-03-20,En mora
2171,Brianna Mitchell,9894,19529,8,2025-07-30,Al día
2172,Valerie Norris,12661,374,1,2024-10-03,En mora
2173,Ronald Underwood,3645,23967,9,2025-07-27,Al día
2174,Rhonda Rivera,19749,5581,3,2025-04-18,En mora
2175,Stacey Wade,2645,23724,10,2025-06-18,Al día
2176,Daniel Bush,24947,11253,5,2025-07-21,En mora
2177,Jason Petty,21936,16536,9,2025-07-15,En mora
2178,April Flowers,15552,3636,2,2025-07-06,En mora
2179,Joseph Lambert,11469,1464,1,2024-05-26,En mora
2180,Adrian Sandoval,6801,3772,2,2024-01-03,En mora
2181,Lisa Cross,19670,11954,6,2025-06-17,En mora
2182,Benjamin Fletcher,15863,13453,6,2025-07-29,En mora
2183,John Harris,5260,20414,9,2025-07-18,Al día
2184,Danielle Pratt,19384,5477,3,2025-05-11,En mora
2185,Curtis Weaver,21721,7199,4,2025-05-21,En mora
2186,Theresa Bishop,13545,13914,5,2025-03-16,Al día
2187,Patricia Mooney,15019,5650,3,2025-08-01,En mora
2188,Zachary Johnston,9937,23891,10,2025-07-07,Al día
2189,James Obrien,19897,6342,2,2024-05-13,En mora
2190,Ashley George,12372,12211,5,2025-04-27,En mora
2191,Zachary Ward,23883,17608,8,2025-07-28,En mora
2192,Julie Gill,8179,21785,10,2025-08-22,Al día
2193,Kimberly Deleon,23981,3040,1,2024-12-29,En mora
2194,Thomas Harris,24624,7808,4,2025-05-24,En mora
2195,Luke Oneal,2296,19146,9,2025-06-20,Al día
2196,James Hamilton,19871,2638,1,2024-05-28,En mora
2197,Lisa Fisher,22668,17397,9,2024-10-21,En mora
2198,John Russell,16401,10182,3,2024-10-02,En mora
2199,Marc Brown,8943,5337,2,2025-05-29,En mora
2200,Justin Reyes,21851,6306,6,2025-08-10,En mora
2201,Omar Thomas,19033,2052,1,2024-06-30,En mora
2202,Miranda Washington,17345,7455,4,2025-05-06,En mora
2203,Jacqueline Jackson,23367,2302,2,2025-03-22,En mora
2204,Terry Savage,7290,12264,7,2025-06-27,Al día
2205,Amy Carroll,22069,2678,1,2023-08-30,En mora
2206,Mr. Victor Martin DVM,19580,19325,9,2025-06-18,En mora
2207,Joshua Olsen,18194,3041,2,2025-03-12,En mora
2208,Robin Joseph,9899,8910,6,2025-07-09,En mora
2209,Theresa Davis,1818,10478,7,2025-08-11,Al día
2210,Michael Mcpherson,2055,1072,1,2024-02-22,En mora
2211,Brian Gates,2959,17955,8,2025-01-15,Al día
2212,Suzanne Wilcox,20573,3352,2,2024-10-28,En mora
2213,Joseph Rangel,11543,11051,5,2025-02-13,En mora
2214,Rick Young,7083,4192,2,2025-08-12,En mora
2215,Geoffrey Peterson,3770,308,1,2025-02-21,En mora
2216,Kelly Arnold,9974,17874,8,2025-02-03,Al día
2217,Megan Chung,13275,1434,2,2025-02-15,En mora
2218,Jason Andrews,1389,15365,8,2025-07-08,Al día
2219,Jo Montoya,2734,11343,4,2025-08-05,Al día
2220,Elaine Murillo,12286,6290,4,2025-06-10,En mora
2221,Michael Miller,17511,10221,6,2025-05-20,En mora
2222,Lisa Salazar,2466,8125,4,2025-06-21,Al día
2223,Joy Burch,23677,5171,3,2025-07-02,En mora
2224,Gabriel Velazquez,21511,16058,9,2025-07-24,En mora
2225,Jeremy Wallace,5174,3439,1,2025-08-06,En mora
2226,Melissa Mathews,16197,11204,5,2024-07-12,En mora
2227,Rachel Ross,3037,15119,9,2025-03-31,Al día
2228,Mary May,3043,6750,4,2025-03-22,Al día
2229,Mark Ward,10413,5831,3,2025-08-21,En mora
2230,Dennis Lee,17507,19075,8,2025-08-16,Al día
2231,Mandy Crane,6743,23000,10,2025-07-23,Al día
2232,Brenda Henry,10764,12755,8,2025-06-23,Al día
2233,Theresa Walters,13334,13784,9,2025-08-19,Al día
2234,Tamara Sutton,2929,2737,1,2024-04-20,En mora
2235,James Walker,4053,4604,2,2024-05-31,Al día
2236,Nicole Dennis,6864,18432,10,2025-05-02,Al día
2237,Gary Maldonado,19859,14565,6,2025-02-14,En mora
2238,Robert Reynolds,12733,15168,9,2025-08-22,Al día
2239,Patrick Bryant,20371,8794,4,2025-08-21,En mora
2240,Alex Elliott,10721,6137,4,2025-05-08,En mora
2241,Brenda Allen,5284,9143,6,2025-01-03,Al día
2242,Mark Anderson,5045,16131,7,2025-06-30,Al día
2243,Sean Ortega,21779,12225,7,2025-06-14,En mora
2244,Billy Brown,24348,8232,4,2025-06-10,En mora
2245,Edward Gonzalez,24357,2976,2,2025-05-04,En mora
2246,Michael Collins,18056,2033,1,2024-11-15,En mora
2247,Amber Moore,5389,26235,9,2025-07-05,Al día
2248,Wayne Smith,4182,11100,6,2025-04-17,Al día
2249,Catherine Baker,18222,3668,2,2025-03-14,En mora
2250,Tina Michael,9368,14942,6,2025-06-24,Al día
2251,Lindsey Anderson,5143,5664,3,2024-12-17,Al día
2252,Andrew Cook,4821,17695,9,2025-01-23,Al día
2253,John Bailey,16195,8915,6,2025-05-03,En mora
2254,Renee Fitzgerald,12557,20961,9,2024-11-07,Al día
2255,David Thomas,6272,15094,6,2025-05-27,Al día
2256,Laura Young,17610,13051,5,2025-02-02,En mora
2257,Jennifer Fox,3050,23018,10,2025-07-22,Al día
2258,Johnny Beasley,8964,24435,10,2025-07-14,Al día
2259,Kathy Becker,14279,2595,1,2024-11-07,En mora
2260,Angel Sherman,7969,1765,3,2025-04-07,En mora
2261,Linda Snyder,17103,8328,4,2025-07-04,En mora
2262,Bernard Vega,9662,3972,1,2024-08-22,En mora
2263,Gary Moon,22755,8262,4,2025-08-21,En mora
2264,Roberto Lawrence,23259,23614,10,2025-06-29,Al día
2265,Rachel Hobbs,23274,6944,6,2024-11-17,En mora
2266,Henry Anderson,22815,7833,4,2025-05-21,En mora
2267,Marc Davis,10211,19112,9,2025-06-09,Al día
2268,Jeremy Sparks,3264,22684,10,2025-02-09,Al día
2269,Sandy Martinez,2888,17999,9,2025-06-15,Al día
2270,Marcia Walker,8253,2229,2,2025-06-17,En mora
2271,Steven Edwards,19507,7035,4,2024-05-14,En mora
2272,Ryan Castillo,16276,13797,7,2025-06-23,En mora
2273,James Barton,15626,12514,8,2025-07-25,En mora
2274,Ricky Soto,10126,9394,5,2025-06-05,En mora
2275,Barbara Miranda,7975,16180,9,2025-08-02,Al día
2276,John Jensen,13750,13106,6,2025-03-15,En mora
2277,Stephen Watson,19582,9015,5,2025-08-02,En mora
2278,Renee Miller,10384,22671,8,2025-08-22,Al día
2279,Jeffrey Ortega,11743,8729,5,2024-05-09,En mora
2280,Patricia Charles,1283,10787,7,2025-08-03,Al día
2281,Frederick Clark,11023,19118,8,2025-04-29,Al día
2282,Becky Simmons,10141,20575,9,2025-04-17,Al día
2283,Kelli Taylor,13493,10699,6,2025-08-21,En mora
2284,Travis Webb,1297,11411,5,2025-01-14,Al día
2285,Mrs. Lindsay White,8336,24039,10,2025-07-20,Al día
2286,Melissa Rangel,8043,6380,4,2025-06-24,En mora
2287,Steven Pham,19354,4013,4,2025-06-11,En mora
2288,Stephen Williams,10642,9452,5,2025-02-19,En mora
2289,Kelly Vasquez,19208,24588,10,2025-08-03,Al día
2290,Megan Allen,23722,10749,7,2025-07-07,En mora
2291,Christine Burton,9415,2739,1,2023-12-08,En mora
2292,Kristi Hunt,4227,21212,8,2025-08-10,Al día
2293,Christopher Wagner,1053,8059,5,2025-03-19,Al día
2294,Jonathan Burgess,16445,17252,7,2025-01-17,Al día
2295,Mark Chaney,6414,13392,8,2024-12-13,Al día
2296,Brittany Martinez PhD,6675,1388,1,2023-10-08,En mora
2297,George Miller,1120,6536,3,2025-02-17,Al día
2298,Eric Green,22478,20399,8,2024-09-27,En mora
2299,Kimberly Conrad,20337,6371,4,2024-12-27,En mora
2300,Peter Young,24990,14971,7,2025-07-23,En mora
2301,Anna Schultz,5075,26775,9,2025-02-18,Al día
2302,Matthew Lawson,14396,4819,4,2025-06-14,En mora
2303,Cindy Garcia,7802,17899,8,2025-07-11,Al día
2304,Harold Vega,4569,22185,9,2025-07-04,Al día
2305,Julian Vance,5815,12297,5,2025-06-23,Al día
2306,Jennifer Baker,24601,12108,6,2025-08-09,En mora
2307,Samuel Lopez,15602,16116,7,2025-02-03,Al día
2308,Courtney Parks,4425,11696,7,2025-04-09,Al día
2309,Megan Hernandez,20215,11958,5,2025-08-08,En mora
2310,Sandra Bryan,14607,8832,6,2025-07-27,En mora
2311,Jane Aguilar,5606,7583,3,2025-03-19,Al día
2312,Nicholas Pollard,8354,8634,4,2025-06-07,Al día
2313,Cory Duarte,12943,6665,3,2025-06-09,En mora
2314,Blake Perkins,1060,20627,9,2025-05-05,Al día
2315,Brian Johnson,6723,14123,7,2025-06-12,Al día
2316,Timothy Reeves,13526,20102,9,2025-04-28,Al día
2317,Christopher Williams,1686,15254,8,2025-04-25,Al día
2318,Kevin Velasquez,17554,23133,10,2025-05-05,Al día
2319,Maria Myers,16560,20715,9,2025-08-11,Al día
2320,Thomas Mills,6196,4796,3,2025-05-27,En mora
2321,Cathy Solis,8667,16764,8,2025-03-20,Al día
2322,Theresa Adams,7713,6681,2,2025-08-19,En mora
2323,Melissa Davis,12936,8159,3,2025-06-06,En mora
2324,David Morris MD,24519,23292,9,2025-08-08,En mora
2325,Kristen Ashley,22472,18396,8,2025-05-27,En mora
2326,Heather Johnson,18819,13147,5,2025-06-02,En mora
2327,Ashley Dunn,2478,4185,2,2025-05-29,Al día
2328,Stephanie Smith,6949,18873,10,2025-07-21,Al día
2329,Terry Luna,15259,1469,1,2024-07-05,En mora
2330,Scott Reed,7885,11638,7,2025-06-27,Al día
2331,Maria Ayala,1554,20359,10,2025-07-03,Al día
2332,Jessica Moore,24515,15335,7,2025-05-10,En mora
2333,James Cummings,11798,21754,9,2025-08-07,Al día
2334,Amanda White,5331,17811,8,2025-04-22,Al día
2335,Kimberly Duffy,2339,18232,9,2024-12-23,Al día
2336,Sharon Williamson,16212,22357,10,2025-08-23,Al día
2337,Kelsey Parsons,2558,17304,8,2025-07-28,Al día
2338,Jason Baker,6388,6199,2,2025-01-02,En mora
2339,Steve Howe,11275,19101,10,2025-06-25,Al día
2340,Daniel Thomas,23937,5172,3,2024-12-26,En mora
2341,William Nelson,2631,9350,5,2025-06-10,Al día
2342,Luis Rodriguez,23748,914,2,2025-07-03,En mora
2343,Ronnie Smith,5276,18828,10,2025-05-21,Al día
2344,Catherine Hamilton,3138,14698,9,2025-07-29,Al día
2345,Brandon Herrera,14303,8657,3,2025-01-14,En mora
2346,Stacy Mathis,15893,12596,6,2025-08-20,En mora
2347,Dr. Andrea Palmer,24002,8648,5,2025-07-27,En mora
2348,Alyssa Sanders,6523,10191,6,2025-01-23,Al día
2349,John Weeks,8228,11353,4,2025-08-10,Al día
2350,Gregory Martin,2880,1968,1,2024-09-04,En mora
2351,Jeffrey Barrett,11939,10097,4,2024-07-28,En mora
2352,Jennifer Williams,6391,8082,3,2025-04-26,Al día
2353,Brandon Jackson,10887,13829,7,2025-07-07,Al día
2354,Trevor Delgado,13680,12336,4,2025-07-03,En mora
2355,Todd Vargas,1070,17325,10,2025-07-05,Al día
2356,Dana Thompson DDS,9347,16470,6,2025-05-04,Al día
2357,Kristen Davis,24379,11873,6,2025-08-19,En mora
2358,Brittany Adams,10847,15616,8,2025-08-22,Al día
2359,Brittany Morales,5753,20761,10,2025-08-22,Al día
2360,Nicholas Torres,24644,22332,9,2025-08-12,En mora
2361,Amanda Levine,21059,4946,3,2024-11-10,En mora
2362,Stacey Crawford,7054,17899,10,2025-07-23,Al día
2363,Kristen Campbell,21496,3649,2,2025-03-27,En mora
2364,Allen Turner MD,11242,6491,2,2025-07-07,En mora
2365,Heather Goodwin,12680,16669,7,2025-06-03,Al día
2366,Kurt Caldwell,18715,15864,7,2025-06-17,En mora
2367,Patrick White,18505,15346,6,2025-07-20,En mora
2368,Laura Maddox,2441,12302,5,2025-04-15,Al día
2369,Janet Everett,15083,7696,3,2025-01-19,En mora
2370,Andrew Ruiz,15063,3908,1,2024-06-09,En mora
2371,Melinda Nguyen,22591,16755,7,2025-06-12,En mora
2372,Christopher Joseph,11606,10927,6,2025-04-26,En mora
2373,Hunter Little,4823,7728,4,2025-06-26,Al día
2374,Logan Watkins,3568,2960,1,2024-10-24,En mora
2375,Victoria Stevens,23607,7812,5,2025-01-27,En mora
2376,Jacob Melendez,10322,12506,6,2025-07-08,Al día
2377,Megan Riley,20369,7614,4,2025-08-15,En mora
2378,Thomas Butler,14962,1389,1,2024-06-13,En mora
2379,Richard Ramos,14942,14443,5,2025-05-31,En mora
2380,Mathew Garza,18647,6483,3,2025-05-01,En mora
2381,Amy Doyle,5954,26715,9,2025-05-01,Al día
2382,Donald Garrison,1332,14710,8,2025-08-12,Al día
2383,Benjamin Cardenas,5488,21000,10,2025-08-02,Al día
2384,Courtney Bishop,17919,14854,6,2025-03-04,En mora
2385,Daniel Elliott,6685,6075,3,2025-08-13,En mora
2386,Alexander Mcgrath,3614,7376,2,2024-10-18,Al día
2387,Angela Wood,8444,19650,8,2025-07-02,Al día
2388,Amanda Ortiz,18508,3997,3,2024-11-27,En mora
2389,Mario Rich,4244,17769,9,2025-07-04,Al día
2390,Jonathan Anthony MD,9854,8939,3,2025-02-25,En mora
2391,James Farrell,5926,5783,2,2025-08-14,En mora
2392,Yolanda Gonzalez,2409,12823,7,2025-08-17,Al día
2393,Allen Jones,3623,18794,7,2025-05-27,Al día
2394,Ryan Washington,22693,4996,2,2024-07-20,En mora
2395,Jordan Brandt,17680,3591,3,2025-06-04,En mora
2396,Jennifer Chavez,7360,4001,2,2024-06-06,En mora
2397,Amanda Jackson,17140,22633,8,2025-02-13,Al día
2398,Debra Thomas,8319,4942,2,2025-01-18,En mora
2399,Amber Smith,12048,2817,3,2025-04-11,En mora
2400,Amber Nelson,5436,17976,8,2025-06-17,Al día
2401,Joseph Cook,14265,19697,9,2025-08-10,Al día
2402,Alexandra Hunt,7551,12429,5,2025-01-08,Al día
2403,Phillip Gonzales,22497,10146,9,2025-05-20,En mora
2404,Russell Rodriguez,5067,11841,5,2025-05-29,Al día
2405,Carol Cruz,8639,25271,9,2025-08-05,Al día
2406,Eric Davis,16404,25406,9,2025-07-30,Al día
2407,Andrew Gentry,10009,24501,10,2025-08-01,Al día
2408,Andrew Long,8621,14038,7,2025-07-22,Al día
2409,Donna Daniels,24386,17135,7,2025-08-11,En mora
2410,Wesley Williams,2816,10155,6,2025-08-19,Al día
2411,Julie Ibarra,10536,14080,7,2025-08-20,Al día
2412,Francisco Sandoval,15078,9105,4,2025-05-30,En mora
2413,Clifford Jackson,15195,2810,2,2025-08-12,En mora
2414,Valerie Johnson,8341,8461,3,2025-03-01,Al día
2415,Matthew Ross,19229,15531,8,2025-08-25,En mora
2416,Patricia Frazier,14079,25845,9,2025-08-24,Al día
2417,Megan Graham,7354,21449,10,2025-07-14,Al día
2418,Harold Andrews,10655,7068,2,2025-06-24,En mora
2419,Anthony Daniel,5043,7819,4,2025-02-23,Al día
2420,Rachael Santana,15344,15499,9,2025-06-19,Al día
2421,Tony Lester,22142,26374,10,2025-08-01,Al día
2422,Richard King,9312,6306,4,2025-07-09,En mora
2423,Todd Flores,13627,11174,6,2025-08-03,En mora
2424,Valerie Stewart,13536,5919,5,2025-08-08,En mora
2425,Drew Berg,16319,14579,8,2025-05-25,En mora
2426,William Estes,7355,7847,3,2025-07-31,Al día
2427,Mark Reynolds,10531,8993,5,2025-04-17,En mora
2428,Katherine Daniels,11574,5560,4,2025-07-26,En mora
2429,Melissa Simpson,17109,18119,9,2025-07-03,Al día
2430,Eric Rivers,19744,12882,8,2025-08-12,En mora
2431,Stephanie Mcguire,8261,15995,8,2025-07-22,Al día
2432,Gina Flowers,20474,14052,6,2025-06-29,En mora
2433,David Phillips,3938,201,1,2024-02-28,En mora
2434,Sierra Osborne,23064,8368,5,2025-03-26,En mora
2435,Michelle Hernandez,5373,7387,4,2025-05-21,Al día
2436,Peter Rice,19064,3630,2,2025-03-23,En mora
2437,Blake Morris,14558,5490,7,2025-07-24,En mora
2438,Lisa Bruce,4274,5153,2,2025-04-28,Al día
2439,Tonya Mccoy,21362,6394,3,2025-03-05,En mora
2440,Michelle Williams,16234,11321,7,2025-05-19,En mora
2441,Adam Walker,8586,1963,2,2025-08-09,En mora
2442,Julie Wheeler,7327,6351,4,2025-06-24,En mora
2443,Susan Reed,15715,12002,8,2025-05-02,En mora
2444,Ashley Espinoza,7478,12277,7,2025-04-27,Al día
2445,James Wallace,23307,18153,9,2025-05-11,En mora
2446,Carrie Cole,23104,9833,5,2025-06-20,En mora
2447,Brandon Howell,1155,1165,1,2023-09-04,Al día
2448,Steven Lee,12882,20941,9,2025-08-15,Al día
2449,Katherine Herman,6565,8216,4,2025-05-31,Al día
2450,Tammy Nguyen,3524,18613,8,2025-05-29,Al día
2451,Manuel Lewis,19153,1788,2,2025-02-15,En mora
2452,Abigail Rivera,6511,8096,3,2024-09-25,Al día
2453,James Mccarthy,2201,9069,3,2025-05-28,Al día
2454,James Santos,20874,5794,2,2025-08-25,En mora
2455,Nichole Garcia,24554,18326,9,2025-07-07,En mora
2456,Jordan Cross,2455,22382,10,2025-08-22,Al día
2457,Christine Hill,7988,8546,4,2025-03-27,Al día
2458,Kerry Wiley,11122,7107,3,2025-08-17,En mora
2459,Paul Montoya,18614,9908,5,2025-05-28,En mora
2460,Ashley Salinas,19984,9247,5,2025-03-19,En mora
2461,Jacqueline Terry,12499,18750,10,2025-06-30,Al día
2462,Helen Mcpherson,22810,8154,6,2025-07-02,En mora
2463,Gregory Davis,14904,3356,1,2024-10-17,En mora
2464,Devin Houston,21043,17416,8,2025-07-18,En mora
2465,Louis Anderson,13244,16220,9,2025-08-20,Al día
2466,James Hunter,10549,11870,5,2025-08-16,Al día
2467,Joseph James,7044,8808,6,2025-05-16,Al día
2468,Sarah Mendez,8003,16269,8,2025-08-01,Al día
2469,Steven Gordon,24457,4246,3,2025-06-18,En mora
2470,Samuel Hanna,15855,15264,8,2025-08-04,En mora
2471,Jose Blackwell,9544,5638,3,2024-04-16,En mora
2472,Mary Hughes,18794,23891,10,2025-07-12,Al día
2473,Gregory Cooper,1877,4912,3,2025-07-24,Al día
2474,Kent Stewart,11164,12511,5,2025-08-02,Al día
2475,Garrett Martin,20799,27069,10,2025-05-29,Al día
2476,Edward Wolfe,4764,17377,7,2025-08-14,Al día
2477,John Ross,4227,2560,2,2025-05-02,En mora
2478,Aaron Scott,9551,12675,8,2025-05-03,Al día
2479,Robert Sloan,11829,24103,9,2025-06-18,Al día
2480,Kevin Navarro,6107,2750,2,2025-08-08,En mora
2481,Jeffrey Riley,18939,5036,3,2025-03-31,En mora
2482,Nichole Johnson,19738,7683,4,2025-06-01,En mora
2483,Marcus Carter,18834,20670,8,2025-03-26,Al día
2484,Joseph Miles,9054,10875,5,2025-08-17,Al día
2485,Austin Gonzalez,6147,22683,9,2025-01-23,Al día
2486,Deanna Smith,7295,21180,9,2025-07-19,Al día
2487,Jennifer Hill,23060,13034,5,2025-03-21,En mora
2488,Laurie Gray,22841,17796,9,2025-07-03,En mora
2489,Dana Mitchell,14129,6867,4,2025-07-21,En mora
2490,Sarah Anderson,3489,15718,10,2025-07-08,Al día
2491,Geoffrey Stevenson,8577,21541,7,2025-04-24,Al día
2492,William Jefferson,21910,2577,1,2024-02-07,En mora
2493,Melanie Taylor,19794,19890,8,2025-06-10,Al día
2494,Amanda Spencer,22201,8057,4,2024-08-07,En mora
2495,Steven Turner,3240,2510,1,2025-02-02,En mora
2496,Derrick Alexander,23089,19371,9,2025-07-23,En mora
2497,Austin Foster,1149,13324,4,2025-07-07,Al día
2498,Carmen Smith,2538,929,1,2025-05-07,En mora
2499,Bethany Dunlap,16467,1451,1,2024-01-12,En mora
2500,Amy Cohen,20913,721,1,2023-11-14,En mora
2501,Lawrence Higgins,21417,5470,2,2025-06-02,En mora
2502,Justin Wade,24772,13532,8,2025-06-12,En mora
2503,Greg Holt,13548,7717,4,2025-04-28,En mora
2504,Tiffany Ramirez,15429,19818,7,2025-07-30,Al día
2505,Madeline Turner,1379,24559,10,2025-07-26,Al día
2506,Katrina Garner,10420,17218,8,2025-05-23,Al día
2507,Jeanette Hudson,23860,4453,2,2024-03-16,En mora
2508,Amber Hill,19237,6781,2,2025-06-11,En mora
2509,Carol Leon,24669,1095,2,2024-10-06,En mora
2510,Jeffrey Wilson,9817,5702,2,2025-02-13,En mora
2511,Darren Rose,16089,1060,2,2024-09-07,En mora
2512,Kristen Weaver,24402,16017,8,2025-03-19,En mora
2513,Marilyn Dean,16290,17339,10,2025-05-24,Al día
2514,Janice Johnston,15643,12577,10,2024-12-06,En mora
2515,Michael Harris,11983,18866,9,2025-04-29,Al día
2516,Ashley Fernandez,11513,11944,5,2024-08-27,Al día
2517,Jeremy Nelson,9144,11327,5,2025-07-29,Al día
2518,Anthony Doyle,5579,15982,8,2025-07-15,Al día
2519,Dennis Jones,13414,8683,5,2024-12-24,En mora
2520,Kari Garcia,19967,17864,6,2024-12-31,En mora
2521,Traci Nunez,6092,18152,7,2025-05-28,Al día
2522,Kellie Freeman,8692,18791,9,2025-04-09,Al día
2523,Jean Stone,24374,11458,5,2024-10-29,En mora
2524,Alexis Watkins,19035,17192,10,2025-05-24,En mora
2525,Denise Tate,9664,16979,7,2025-08-11,Al día
2526,Amber Mitchell,5589,15553,8,2025-08-25,Al día
2527,Kristina Gordon,9062,10085,5,2024-12-29,Al día
2528,Sean Barnes,13800,2440,1,2023-10-13,En mora
2529,Donna Hood,9930,1789,1,2023-12-12,En mora
2530,Amber Pineda,3593,2336,1,2025-01-15,En mora
2531,Taylor Bennett,17125,15715,9,2025-08-16,En mora
2532,Leah Cruz,13161,9398,5,2025-05-25,En mora
2533,Ann Gonzalez,13504,19221,7,2025-08-25,Al día
2534,Mary Cook,15253,21649,10,2025-06-27,Al día
2535,Max Lopez,4690,2992,2,2025-05-03,En mora
2536,Patrick Bowman,3980,14063,8,2025-06-12,Al día
2537,Julia Stevens,12981,20198,10,2025-08-09,Al día
2538,Nathaniel Castillo,15742,20394,9,2025-08-24,Al día
2539,Emily Smith,15217,15782,10,2025-08-05,Al día
2540,Adam Foster,6390,7662,3,2025-02-15,Al día
2541,Gwendolyn Cohen,3306,8863,4,2025-06-13,Al día
2542,Cindy Simpson,18136,1599,1,2024-11-13,En mora
2543,Pamela Bishop,7464,23381,9,2025-07-16,Al día
2544,Alexa Harrison,2190,18518,10,2025-08-03,Al día
2545,Kim Noble,2800,2135,2,2025-03-22,En mora
2546,Ruth Washington,23692,8224,4,2024-07-07,En mora
2547,Julian Haynes,11199,15615,7,2025-02-15,Al día
2548,Nathan Armstrong,23167,24564,9,2025-07-16,Al día
2549,Robert Sawyer,4267,4830,2,2024-12-25,Al día
2550,Jennifer Clark,6162,21992,10,2025-07-01,Al día
2551,Troy Dunn,4614,20839,10,2025-08-20,Al día
2552,Elijah Calderon,17351,12758,6,2025-07-01,En mora
2553,Robert Price,20715,12579,6,2024-10-10,En mora
2554,Dr. Jesse Johnson,5597,16974,6,2025-06-10,Al día
2555,Samantha Hill,5042,16033,8,2025-02-05,Al día
2556,Brittany Garner,4151,2700,2,2025-04-16,En mora
2557,Mario Molina,19060,7187,3,2025-08-12,En mora
2558,Paul Walker,7225,370,1,2023-12-06,En mora
2559,James Brown,23803,9142,3,2024-10-21,En mora
2560,Jennifer Knight,8657,6267,2,2025-02-19,En mora
2561,Erik Mccarty,5550,10745,6,2025-03-02,Al día
2562,Philip Lutz,10677,2594,2,2024-12-06,En mora
2563,Kathleen Smith,18747,17248,10,2025-06-25,En mora
2564,Kayla Gibson,2226,19597,10,2025-07-01,Al día
2565,Chad Jenkins,2215,13904,7,2024-09-01,Al día
2566,Patrick Kerr,20521,9183,6,2025-04-20,En mora
2567,Alexis Skinner,22338,21588,9,2025-04-16,En mora
2568,Danielle Miller,17966,7904,5,2024-12-24,En mora
2569,Sharon Reyes,18960,17138,6,2025-05-15,En mora
2570,Cody King,24008,20440,9,2025-06-30,En mora
2571,Todd Williams,17504,21218,10,2025-04-23,Al día
2572,Yolanda Galvan,3502,7712,4,2024-11-29,Al día
2573,Alicia Carr PhD,9667,16054,8,2025-05-20,Al día
2574,Erica Moore,12606,986,1,2024-05-31,En mora
2575,Kelsey Keith,11755,13310,7,2025-08-20,Al día
2576,Reginald Sosa,14117,9658,5,2025-02-09,En mora
2577,Steve Murray,15079,6044,3,2025-07-05,En mora
2578,Lisa Weaver,4856,4001,2,2025-07-23,En mora
2579,Autumn Brown,16445,5852,3,2024-11-06,En mora
2580,Robert Duffy,19529,3192,3,2024-07-01,En mora
2581,Tracy Tate,13142,2033,1,2023-10-01,En mora
2582,Connie White,19676,14685,7,2025-06-09,En mora
2583,Dana Alvarado,23376,2759,1,2024-03-12,En mora
2584,Penny Morrow,7680,19862,9,2025-05-08,Al día
2585,Maria Rodriguez,19324,4847,2,2025-06-13,En mora
2586,Sharon White,10622,12036,5,2025-02-05,Al día
2587,Michelle Martin,19374,12132,7,2025-01-03,En mora
2588,Jennifer Armstrong,3349,19507,8,2025-06-19,Al día
2589,Gina Johnson,17559,5885,2,2025-08-08,En mora
2590,Elizabeth Williams,24392,7123,4,2025-07-08,En mora
2591,Erika Smith,14917,3596,2,2025-05-26,En mora
2592,Linda Knight MD,10542,5152,2,2025-05-10,En mora
2593,Vanessa Mclaughlin,19106,17032,9,2025-07-11,En mora
2594,Jennifer Johnson,24595,14631,7,2025-07-13,En mora
2595,Mitchell Fox,10507,27737,10,2025-08-03,Al día
2596,Jeffrey Curtis,1193,11723,6,2025-06-30,Al día
2597,Kimberly Porter,3161,10652,4,2025-07-08,Al día
2598,Jose Green,16248,11780,6,2025-07-31,En mora
2599,Heather Fox,9395,7960,4,2025-08-10,En mora
2600,Joseph Hamilton,10926,5166,2,2025-06-26,En mora
2601,Mary Browning,21675,13763,9,2025-08-13,En mora
2602,Jennifer Mcclain,18636,8886,6,2025-07-31,En mora
2603,Zachary Thompson,9907,11589,6,2025-02-20,Al día
2604,Andrea Wood,7391,13469,5,2024-11-04,Al día
2605,Kim Williams,19192,8321,3,2024-12-08,En mora
2606,Joshua Clark,5114,10822,7,2025-05-07,Al día
2607,Amber Ward,15368,4243,3,2025-02-11,En mora
2608,Krystal Hayes,23052,16064,10,2025-07-02,En mora
2609,Trevor Cox,16466,23647,10,2025-08-19,Al día
2610,Denise Charles,14903,4051,3,2025-01-14,En mora
2611,Sean Martin,11278,15205,7,2025-08-14,Al día
2612,Robin Wagner,2580,19058,9,2025-05-25,Al día
2613,Steven Gibson,15381,2556,1,2023-11-26,En mora
2614,Christie Bowen,5650,9039,4,2025-03-11,Al día
2615,Ryan Flowers,1295,22361,7,2025-05-19,Al día
2616,Jasmine Lynch,22578,4213,2,2025-05-14,En mora
2617,Kevin Dodson,14286,1962,1,2024-01-28,En mora
2618,Curtis Johnson,21559,9293,6,2025-07-03,En mora
2619,Sonya Gentry,11358,7147,5,2025-07-06,En mora
2620,Zachary Phillips,24599,5584,4,2025-05-15,En mora
2621,Colleen Walker,5967,9826,5,2025-07-17,Al día
2622,Tanya Green,9887,956,1,2023-10-09,En mora
2623,Patricia Richardson,7866,8363,4,2025-05-28,Al día
2624,Mary Owens,22311,4088,2,2024-09-13,En mora
2625,John Murray,22587,12992,8,2025-08-20,En mora
2626,Martin Garcia,24349,12072,5,2024-12-28,En mora
2627,Daniel Sloan,18293,5037,2,2025-05-10,En mora
2628,Scott Lee,6705,18775,7,2025-07-09,Al día
2629,Alexander James,24153,6607,3,2025-05-20,En mora
2630,Belinda Castro,8021,3060,1,2023-12-29,En mora
2631,Katherine Robinson,1064,3481,2,2024-01-18,Al día
2632,Larry Tran MD,2901,6941,3,2024-11-30,Al día
2633,Rachael Vasquez,3087,17629,10,2025-08-04,Al día
2634,Kenneth Parks,14965,22443,10,2025-02-10,Al día
2635,Candice Mullen,12272,14015,9,2025-08-14,Al día
2636,Michael Grant,5784,3411,1,2024-02-28,En mora
2637,Kenneth Wilson,7976,14681,8,2025-07-27,Al día
2638,Anthony Burton,12465,3259,1,2024-01-08,En mora
2639,Donna King,13395,3817,2,2025-07-31,En mora
2640,Amanda Dodson,10107,4669,2,2025-07-26,En mora
2641,Nicholas Kim,19201,14938,6,2025-08-04,En mora
2642,Andrew Farrell,5825,21862,10,2025-08-14,Al día
2643,David Mueller,18225,290,1,2025-03-07,En mora
2644,Christopher Bernard,14887,10266,7,2025-02-25,En mora
2645,Eric Hampton,19038,2409,1,2025-04-15,En mora
2646,Robin Blair,13729,20756,10,2025-08-01,Al día
2647,Janice Kelly,13793,13751,7,2025-07-23,En mora
2648,Diana Lee,5085,6999,3,2024-07-12,Al día
2649,Charles Vasquez,15365,12890,5,2025-08-22,En mora
2650,Gerald Small,2099,4966,4,2025-01-16,Al día
2651,Max Rodriguez,3107,1117,1,2025-01-26,En mora
2652,Kathleen Powell,14798,4439,2,2025-04-15,En mora
2653,Cameron Martin,1044,441,1,2024-01-25,En mora
2654,Melanie Walker,22315,15670,6,2025-07-30,En mora
2655,Joanna Rogers,21339,24346,10,2025-08-18,Al día
2656,Rachel Callahan,24289,7074,3,2025-01-28,En mora
2657,Christina Wilson,18743,6385,2,2025-06-15,En mora
2658,Jeffrey Skinner,6767,21966,8,2025-02-14,Al día
2659,Mary White,13893,15533,8,2025-06-07,Al día
2660,James Morris,17190,12180,7,2025-08-15,En mora
2661,Donna Warren,8321,6237,4,2025-06-07,En mora
2662,Courtney Boyd,23369,15596,6,2025-07-01,En mora
2663,Tina Williams,8083,12549,4,2025-07-19,Al día
2664,Joshua Jackson,12824,14930,8,2025-08-21,Al día
2665,Austin Duffy,4707,5509,3,2025-06-09,Al día
2666,Thomas Hill,14945,5186,2,2025-05-06,En mora
2667,Brad Williams Jr.,2267,17890,8,2025-08-05,Al día
2668,Heather Murray,17610,410,1,2025-08-10,En mora
2669,Monica Davis,24341,1728,1,2024-11-06,En mora
2670,Jeffrey Christian,5040,14832,5,2025-06-30,Al día
2671,Donald Cohen,2825,4833,3,2024-11-11,Al día
2672,Mark Meyer,18169,19855,10,2025-04-20,Al día
2673,Nicole Ramos,16016,14822,6,2025-08-16,En mora
2674,Christina Sullivan,7631,19853,10,2025-08-23,Al día
2675,Lisa Hernandez,21172,6979,4,2025-08-25,En mora
2676,John Armstrong,8787,6555,2,2024-06-03,En mora
2677,Mr. Maurice Turner,14355,12535,5,2025-03-26,En mora
2678,Rebecca Williams,18339,12615,9,2025-08-11,En mora
2679,Martha Moore,21605,13470,7,2025-05-06,En mora
2680,Keith Wilkerson,11510,22337,10,2025-04-06,Al día
2681,Danny Nguyen,16189,8923,3,2025-08-04,En mora
2682,Willie Robbins,3543,14442,6,2025-07-22,Al día
2683,Nathan Garcia,11158,22123,9,2025-05-02,Al día
2684,Jeremy Maddox,7360,12065,4,2025-07-29,Al día
2685,James Gutierrez,11210,11148,5,2025-08-14,En mora
2686,Amber Knight,11816,3132,2,2023-11-10,En mora
2687,Elizabeth Ramos,7268,1095,1,2024-11-24,En mora
2688,Mrs. Ashley Williams,3843,7621,4,2025-04-04,Al día
2689,Martha Steele,1416,9454,8,2025-07-12,Al día
2690,Matthew Scott,4968,21561,9,2025-06-06,Al día
2691,Kevin Hall,3670,21938,8,2024-10-29,Al día
2692,Deborah Perkins,13744,1823,1,2023-12-02,En mora
2693,Sean Crawford,9265,3060,1,2024-01-28,En mora
2694,Dr. Matthew Smith,2266,3446,2,2024-11-03,Al día
2695,Lorraine Reed,6027,28563,10,2024-12-08,Al día
2696,Anita Parks,20321,4353,3,2025-07-13,En mora
2697,Julie Hogan,19864,10676,5,2025-06-29,En mora
2698,Angela Flores,12077,19120,8,2025-06-06,Al día
2699,Maria Martin,1804,22458,10,2025-04-11,Al día
2700,William Wells,6930,4874,2,2024-12-01,En mora
2701,Jim Vincent,8307,9028,5,2024-12-22,Al día
2702,Keith Durham,3558,24156,10,2025-07-12,Al día
2703,Jeffrey Cohen,13957,9325,5,2025-02-10,En mora
2704,Audrey Fuller,20916,6300,3,2024-08-18,En mora
2705,James Gutierrez,23623,3552,1,2024-03-12,En mora
2706,Nicholas Green,15238,5226,3,2025-06-14,En mora
2707,Eric Alvarez,2734,18226,9,2025-02-05,Al día
2708,Frank Forbes,8096,19819,10,2025-03-27,Al día
2709,Luke Mclaughlin,5651,17559,8,2025-07-06,Al día
2710,Edward Nicholson,12593,19553,10,2025-02-10,Al día
2711,Angel Scott,8963,7105,3,2024-06-25,En mora
2712,John Johnson,3269,11506,8,2024-11-29,Al día
2713,Laura Patton,12473,7067,4,2025-07-26,En mora
2714,Leslie Schmidt,5660,16558,8,2024-10-31,Al día
2715,Joshua Wilson,18710,10129,4,2025-07-23,En mora
2716,Luis Giles,4363,13816,5,2025-04-18,Al día
2717,Zachary Thompson,17814,691,1,2024-02-23,En mora
2718,Amanda Davis,22807,22991,10,2025-06-10,Al día
2719,Aaron Tate,14778,14820,5,2025-07-09,Al día
2720,Jamie Swanson,14074,6658,3,2025-07-22,En mora
2721,Amanda Lopez,11450,203,1,2024-11-16,En mora
2722,Reginald Carter,8292,9142,5,2025-08-06,Al día
2723,James Parker,18453,16095,7,2025-08-10,En mora
2724,Sandra Palmer,21956,12487,9,2025-03-25,En mora
2725,Christine Alexander,3642,9679,6,2025-07-06,Al día
2726,Jennifer Chavez,11067,2439,3,2025-02-16,En mora
2727,John Vega,1980,18582,7,2025-06-16,Al día
2728,Stephen Grant,5873,1793,2,2025-02-13,En mora
2729,Amanda Berry,7945,16417,8,2025-07-26,Al día
2730,Katrina Mcdowell,4965,2069,3,2025-07-25,En mora
2731,Angela Peterson,24077,17431,8,2025-05-22,En mora
2732,Kristine Hess,23737,17905,10,2025-04-13,En mora
2733,Alyssa Smith,10120,9878,4,2025-05-06,En mora
2734,Jose Perry,12938,4574,2,2024-07-21,En mora
2735,Kevin Simon,15305,12496,6,2025-08-23,En mora
2736,Darlene Jimenez,10064,15956,8,2025-07-10,Al día
2737,Marissa Green,3127,12026,7,2025-04-02,Al día
2738,Keith Waller,2360,20165,8,2025-08-25,Al día
2739,Christopher Lawrence,5273,8884,4,2024-09-06,Al día
2740,Richard White,19792,2196,1,2025-04-17,En mora
2741,Helen Phelps,16949,21353,8,2025-03-09,Al día
2742,Victor Ramirez,13491,6272,3,2025-06-06,En mora
2743,Kayla Carney,16081,8581,4,2025-08-12,En mora
2744,Dominique Gonzalez,1220,14586,4,2025-07-01,Al día
2745,Cheyenne Perez,4108,12909,6,2024-12-15,Al día
2746,Mark Douglas,12849,19037,9,2025-08-04,Al día
2747,Sharon Mccall,1271,22234,10,2025-07-05,Al día
2748,Douglas Abbott,11447,7272,3,2025-02-20,En mora
2749,Jennifer Williams,12025,4810,4,2025-05-30,En mora
2750,Ashley Parker,23068,15098,7,2025-06-26,En mora
2751,John Barnes,24367,11000,8,2025-03-26,En mora
2752,Deborah Ward,4293,19207,9,2025-06-16,Al día
2753,Michael Brown,18438,13510,4,2025-06-19,En mora
2754,Arthur Sanchez,18330,807,1,2024-12-14,En mora
2755,Steve Valdez,9381,2809,1,2024-08-13,En mora
2756,Kimberly Gordon,14127,19496,10,2025-05-05,Al día
2757,James Long,16061,6820,4,2025-08-20,En mora
2758,Cynthia Shea,15286,10823,5,2025-04-04,En mora
2759,Todd Krueger,8609,23737,9,2025-03-13,Al día
2760,Daniel Campbell,21397,4304,2,2025-05-04,En mora
2761,Heather Butler,1702,3866,2,2024-12-10,Al día
2762,David Rodgers,7225,3273,3,2025-02-08,En mora
2763,Christopher Vazquez,18479,10972,7,2025-05-26,En mora
2764,Laura Wells,2094,15655,9,2025-07-29,Al día
2765,Alexander Taylor,6955,16250,7,2025-07-20,Al día
2766,Nancy Anthony,12741,881,1,2024-11-24,En mora
2767,Emily Clayton,18419,24559,9,2025-03-14,Al día
2768,John Ross,5323,6372,2,2025-08-13,Al día
2769,Molly Potter,13103,20094,9,2025-07-18,Al día
2770,Stacey Powell,22895,10432,6,2025-08-14,En mora
2771,Ms. Allison Miller,14118,4368,2,2025-06-05,En mora
2772,Brandon Ingram,15368,18986,9,2025-04-12,Al día
2773,Victoria Le,3236,4594,2,2025-08-15,Al día
2774,Tammy Roberson DVM,6767,17210,9,2025-05-07,Al día
2775,Kelly Padilla,14001,10686,5,2025-06-19,En mora
2776,Samantha Nielsen,23575,9715,7,2025-05-07,En mora
2777,Mackenzie Hansen,4964,5952,2,2024-11-01,Al día
2778,Anthony Hendricks,21023,21893,10,2025-05-02,Al día
2779,Charles Lee,18131,10681,6,2025-02-15,En mora
2780,Heather Stewart,12229,14202,9,2025-05-30,Al día
2781,Leonard Adams,1698,1058,1,2023-12-04,En mora
2782,Alexandria Gomez,2971,11365,6,2025-05-09,Al día
2783,Dawn Thomas,6439,14389,9,2025-08-09,Al día
2784,Jennifer Kelly,12678,11878,8,2025-07-27,En mora
2785,Martha Brown,9580,11367,6,2025-05-19,Al día
2786,Katie Barnes,15001,8754,5,2025-08-24,En mora
2787,Michael Miller,20493,9774,5,2025-08-25,En mora
2788,Sean Lozano,18314,1239,2,2025-02-25,En mora
2789,Travis Pittman,10814,15876,7,2024-10-11,Al día
2790,Jonathan Hoffman,1829,1849,1,2023-10-09,Al día
2791,Elizabeth Cooper,13614,24638,9,2025-03-06,Al día
2792,Judy Thomas,18844,8036,4,2025-07-09,En mora
2793,Donald Cooper MD,13819,8621,3,2025-07-19,En mora
2794,Lauren Goodwin,12399,17535,10,2025-08-18,Al día
2795,David Robbins,21226,17670,10,2025-08-12,En mora
2796,Nathaniel Young,6526,13040,6,2024-10-27,Al día
2797,Stephen Edwards,3751,5496,2,2024-12-12,Al día
2798,Alexander Dixon,1515,768,1,2023-08-26,En mora
2799,Becky Dunn,3260,2315,1,2024-01-24,En mora
2800,Cody Jimenez,13543,19451,9,2025-07-02,Al día
2801,Amber Jefferson,13820,20107,7,2025-06-16,Al día
2802,Ralph Woods,19353,612,1,2025-08-16,En mora
2803,Jared Wright,22253,1734,1,2025-08-02,En mora
2804,Christopher Stone,5307,17495,9,2025-05-26,Al día
2805,Monique Bailey,18659,19448,10,2025-05-03,Al día
2806,Sandy Duncan MD,23943,9868,7,2025-08-03,En mora
2807,Erin Roberts,21444,7234,3,2025-04-13,En mora
2808,Bruce Casey,9196,215,1,2024-12-29,En mora
2809,Jason Mason,21751,14576,6,2024-08-18,En mora
2810,Steven Wallace,10047,11570,5,2024-07-18,Al día
2811,Cassandra Wood,20129,16776,8,2025-05-28,En mora
2812,Dillon Reyes,13447,14143,7,2025-05-30,Al día
2813,Jessica Scott,22541,1314,1,2025-02-26,En mora
2814,Robert Levine,22283,3868,1,2025-07-12,En mora
2815,Hannah Diaz,23838,14990,7,2025-02-17,En mora
2816,Jessica Newman,19165,11202,5,2025-02-08,En mora
2817,Kelsey Parsons,20553,10671,4,2025-01-10,En mora
2818,Christopher Flores,18662,11832,4,2025-08-19,En mora
2819,Terry Mills,5323,2753,2,2024-12-10,En mora
2820,Daniel Walker,24707,8607,6,2025-08-09,En mora
2821,Amy Wright,15984,9908,6,2025-08-22,En mora
2822,Jeffrey Beck,2638,7284,3,2025-05-14,Al día
2823,Jennifer Norris MD,9908,5609,2,2025-01-29,En mora
2824,Dr. Jasmine Williams,16989,3079,1,2024-10-30,En mora
2825,Abigail Vasquez,19394,16958,9,2025-08-12,En mora
2826,Kenneth Bass,11414,18898,9,2025-08-18,Al día
2827,Keith Miller,8543,10612,5,2025-06-21,Al día
2828,Mark White,17679,4886,4,2025-04-02,En mora
2829,Alexandra Chaney,6072,7230,4,2025-02-19,Al día
2830,Miranda Wang,18537,12722,5,2025-07-29,En mora
2831,Erica Smith,9415,14493,9,2025-08-12,Al día
2832,Bryan Hall,19942,17967,7,2025-08-14,En mora
2833,Gloria Davis,10680,4014,3,2024-12-30,En mora
2834,Theresa Turner,1779,16263,8,2025-01-25,Al día
2835,Holly Martin,2468,17244,9,2025-05-24,Al día
2836,Stephen Sanchez,19043,3958,3,2024-12-23,En mora
2837,Derrick Pineda,2405,6831,4,2025-01-09,Al día
2838,Mikayla James,21392,22455,10,2025-07-27,Al día
2839,Joseph Reese,2011,19217,9,2025-02-27,Al día
2840,Melanie Kim,3717,20303,10,2025-04-12,Al día
2841,Jamie Ray,22391,13846,6,2025-04-08,En mora
2842,Haley Nichols,17770,15168,10,2025-08-04,En mora
2843,Carolyn Johnson,2772,23401,10,2025-07-04,Al día
2844,Ryan Farmer,12779,15617,8,2025-05-11,Al día
2845,Kenneth Crosby,19945,19068,8,2025-05-22,En mora
2846,Anthony Case,24920,10062,6,2025-08-04,En mora
2847,Sharon Sawyer,14655,18605,9,2025-07-07,Al día
2848,Sandra Hart,10586,1809,1,2025-06-19,En mora
2849,Samantha Rios,12672,23233,8,2025-08-24,Al día
2850,Tyler Santiago,13178,4881,4,2025-05-05,En mora
2851,Mrs. Sheena Holland,16762,13610,8,2025-08-17,En mora
2852,John Wright,15489,15301,7,2025-08-05,En mora
2853,Robert Hensley,22576,3127,2,2024-08-06,En mora
2854,Daniel Ortega,1854,583,1,2025-03-10,En mora
2855,Tammy Gibbs,7708,19088,9,2025-07-24,Al día
2856,Michael Wells,9785,2419,1,2025-05-30,En mora
2857,Brenda Ellis,8381,1405,1,2024-05-19,En mora
2858,Kayla Perkins,17538,14771,8,2025-04-20,En mora
2859,Andrea Bailey,24606,7743,4,2025-05-19,En mora
2860,Thomas Moore,14544,15666,7,2025-06-14,Al día
2861,Elizabeth Adams,5414,7789,5,2025-06-18,Al día
2862,Mindy Bradley,3881,2326,1,2025-04-12,En mora
2863,Michelle Carson,9746,17162,9,2025-03-04,Al día
2864,Thomas Strickland,17640,15003,10,2025-02-11,En mora
2865,Mr. Eric Levine,7650,4232,2,2024-12-16,En mora
2866,James Craig,22908,6900,5,2025-07-21,En mora
2867,Nicholas Clark,1775,5850,4,2025-01-18,Al día
2868,Jillian Bryant,17460,5695,3,2024-03-31,En mora
2869,Michael Evans,14838,6671,3,2025-05-18,En mora
2870,Christopher Lyons,6426,13533,6,2025-06-09,Al día
2871,Mariah Mccall,22569,4100,4,2025-01-31,En mora
2872,Kelli Scott,10493,9966,6,2025-05-25,En mora
2873,Kelsey White,23490,8488,7,2025-06-22,En mora
2874,Ariana Clark,9424,12277,7,2025-06-30,Al día
2875,Mary Herrera,12563,16280,9,2025-08-10,Al día
2876,Lisa Leblanc,19772,7662,5,2025-08-13,En mora
2877,John Stephens,6646,11730,5,2025-03-25,Al día
2878,Jacob Brown,14377,6720,6,2025-07-08,En mora
2879,Jared Garza II,10155,7898,4,2024-11-10,En mora
2880,Kelly Rodriguez,20753,14652,8,2025-07-22,En mora
2881,Shari Mcconnell,21660,16129,9,2025-07-05,En mora
2882,Daniel Miller,10742,11051,6,2025-02-02,Al día
2883,Michael Ayers,14070,13991,5,2024-12-03,En mora
2884,Kevin Cortez,23670,1200,1,2025-01-20,En mora
2885,Thomas Pierce,11799,12579,8,2025-08-09,Al día
2886,Joshua Adkins,12565,16843,8,2025-07-27,Al día
2887,Megan Smith,10989,10600,7,2025-07-22,En mora
2888,Ryan Willis,22704,13525,7,2025-08-23,En mora
2889,Christy Golden,12987,11574,6,2025-03-28,En mora
2890,Miss Carrie English,15041,4122,3,2025-08-25,En mora
2891,Kristi Malone,11852,6155,2,2025-05-11,En mora
2892,William Carpenter,4039,13610,7,2025-01-25,Al día
2893,Gary Lee,17717,9928,5,2025-08-16,En mora
2894,Tammie Gutierrez,23403,23578,10,2025-06-29,Al día
2895,Kimberly Hall,11975,14580,6,2025-08-23,Al día
2896,Shane Rowland,1177,1552,1,2024-08-08,Al día
2897,Karen Fuentes,13879,12810,7,2025-06-15,En mora
2898,Patricia Gibbs,16793,24121,10,2025-06-07,Al día
2899,Michael Huffman,7398,16647,7,2025-05-06,Al día
2900,Tyler Greene,22349,10350,6,2025-07-11,En mora
2901,John Vasquez,16015,6030,6,2025-04-12,En mora
2902,Shawn Mcmahon,6676,17580,7,2025-04-11,Al día
2903,Lauren Henry,12519,9350,5,2025-05-03,En mora
2904,Sandra Harper,12675,7203,5,2025-08-12,En mora
2905,Brittany Johnson,17843,16874,10,2025-08-22,En mora
2906,Gregory Williams,18706,11693,8,2025-05-22,En mora
2907,Lisa Brock,9774,9968,5,2025-06-10,Al día
2908,Sara Moore,23694,10853,4,2025-01-24,En mora
2909,Betty Vasquez,7077,7437,6,2025-05-15,Al día
2910,Carolyn Walter,16566,859,2,2024-11-09,En mora
2911,Cynthia Ross,22084,3761,1,2025-02-20,En mora
2912,Paul Casey,2014,5343,2,2024-03-04,Al día
2913,Samantha Long,9601,6822,4,2024-09-13,En mora
2914,Tracy Smith,3728,7565,4,2025-07-26,Al día
2915,Michael Garrett,13330,3404,1,2023-12-25,En mora
2916,Kristopher Olson,9119,22647,10,2025-06-16,Al día
2917,Derek Sloan,16976,13916,7,2025-07-28,En mora
2918,Heather Ross,15593,18587,7,2024-06-06,Al día
2919,Stephen Drake,6805,13153,8,2025-06-02,Al día
2920,Zachary Morris,23122,18399,7,2025-07-18,En mora
2921,Thomas Davis,6464,17650,7,2025-03-22,Al día
2922,Lisa Winters,4678,15495,8,2025-08-01,Al día
2923,Catherine Powell,11922,9361,5,2024-08-10,En mora
2924,Stefanie Hill,7929,11885,6,2025-07-10,Al día
2925,Benjamin Lee,5288,5779,3,2025-02-05,Al día
2926,Dr. Robin Wright,15498,16650,9,2025-07-16,Al día
2927,Anthony Carroll PhD,19758,17830,8,2025-01-29,En mora
2928,Dr. Stephen Dominguez,21589,22566,8,2025-04-29,Al día
2929,Rebecca Taylor,15934,6209,4,2024-08-18,En mora
2930,Kim Smith,22210,4432,3,2024-03-12,En mora
2931,Rhonda Burgess,7208,1788,1,2024-02-26,En mora
2932,Renee Murphy,10788,22955,10,2025-03-24,Al día
2933,Catherine Barber,23281,14970,7,2025-08-06,En mora
2934,Eric White,2122,7422,3,2024-09-12,Al día
2935,Paul Nguyen,16826,6486,3,2025-06-04,En mora
2936,Brian Lee,18165,21467,10,2025-07-29,Al día
2937,Brian Morse,8277,23343,9,2024-12-16,Al día
2938,Megan Brooks,15701,2829,2,2024-10-13,En mora
2939,Courtney Lane,2513,24283,10,2025-04-28,Al día
2940,Lisa White,12547,7909,4,2025-05-02,En mora
2941,Jamie Porter,5384,17387,9,2025-08-17,Al día
2942,Kevin Frye,20599,19441,9,2024-10-01,En mora
2943,Rachel Norris,16594,23416,10,2025-05-31,Al día
2944,Laura Green,1519,7909,5,2025-03-20,Al día
2945,Ashley Wilson,24223,5645,5,2024-07-31,En mora
2946,Whitney Sutton,16913,17744,7,2025-08-23,Al día
2947,Brandy Reese,6651,22830,10,2025-08-07,Al día
2948,Melissa Simpson,9469,2087,1,2025-07-12,En mora
2949,Matthew Holland,3581,210,1,2024-02-23,En mora
2950,Michael Lawrence,11283,3281,1,2025-04-20,En mora
2951,David Taylor,13467,16874,6,2025-01-31,Al día
2952,Tammy Miller,4244,26520,10,2025-08-04,Al día
2953,Bryan Patterson,11243,25446,10,2025-06-18,Al día
2954,Pamela Johnson,6680,5173,4,2024-08-23,En mora
2955,James Foster,9519,16772,8,2025-01-30,Al día
2956,Mr. Matthew Stewart PhD,19791,10994,7,2025-07-25,En mora
2957,Renee Davis,17473,5879,4,2024-12-04,En mora
2958,Collin Collins,12505,17773,10,2025-05-31,Al día
2959,Dawn Rodriguez,22485,10591,4,2025-08-03,En mora
2960,Aaron Bailey,20067,10185,6,2025-07-05,En mora
2961,Robin Martinez,18527,14381,7,2025-08-11,En mora
2962,Carolyn Obrien,18174,13662,6,2025-08-17,En mora
2963,Christian Diaz,6598,3842,2,2024-02-06,En mora
2964,Patricia Martinez,17154,17434,9,2025-08-02,Al día
2965,Joshua Garner,8605,2855,2,2025-03-06,En mora
2966,Megan Wright,16323,3697,2,2025-06-18,En mora
2967,Scott Edwards,21669,18790,7,2025-06-04,En mora
2968,Steven Cantrell,11517,5960,3,2025-02-10,En mora
2969,Dr. Ashley Terrell,23633,17710,10,2025-07-22,En mora
2970,Vanessa Jones,13400,14016,7,2025-07-15,Al día
2971,Sarah Baker,20912,8351,5,2025-06-12,En mora
2972,Melissa Ritter,11123,12675,5,2025-06-08,Al día
2973,Matthew Hill,1043,5578,2,2024-03-27,Al día
2974,Nicole Sanchez,3353,5602,2,2024-12-01,Al día
2975,Laura Rodriguez,5163,15372,6,2025-07-30,Al día
2976,Danielle Miller,17380,18777,9,2025-08-20,Al día
2977,Brandon Brown,17271,4933,2,2025-08-21,En mora
2978,Brandon Rangel,22862,5377,3,2024-08-24,En mora
2979,Joe Porter,3304,13958,5,2025-01-30,Al día
2980,Melanie Shaffer,24596,5754,3,2025-05-19,En mora
2981,Steven Garrett,17117,19222,7,2025-04-23,Al día
2982,Tamara Hunter,8353,23579,7,2025-07-20,Al día
2983,Michael Bradley,1807,24658,10,2025-08-20,Al día
2984,Larry Baldwin,2300,18763,8,2025-06-18,Al día
2985,Donald Sanchez,17256,21735,10,2025-07-27,Al día
2986,Carrie Reeves,11246,5198,3,2025-07-05,En mora
2987,Ian Jackson,18751,18186,9,2025-01-23,En mora
2988,Kenneth Davis,7905,20186,7,2025-06-15,Al día
2989,Christina Brown,21660,24770,10,2025-08-16,Al día
2990,Amanda Rogers,2408,1776,2,2024-05-22,En mora
2991,William Williams,24365,7475,4,2025-05-01,En mora
2992,Mark Hamilton,17937,19615,9,2025-08-10,Al día
2993,Jason Green,1953,19053,9,2025-08-24,Al día
2994,Brenda Stewart,4672,18672,10,2025-08-06,Al día
2995,Ms. Kimberly Moore,5676,20098,10,2025-08-13,Al día
2996,Maurice Webster,15405,19784,9,2025-01-26,Al día
2997,Shawn Davila,8600,17205,8,2024-12-14,Al día
2998,Sara Hayes,15748,9920,4,2025-03-01,En mora
2999,Adriana Myers,10881,12349,5,2025-04-23,Al día
3000,Mathew Taylor,21949,25207,10,2025-08-25,Al día
3001,Samuel Rodriguez,20887,1092,1,2024-06-08,En mora
3002,Heather Bailey,18413,17303,8,2025-04-13,En mora
3003,William Butler,12524,17494,8,2025-03-21,Al día
3004,Charles Shaw,2830,14873,8,2025-07-19,Al día
3005,Tammy Butler,9268,3625,1,2023-11-21,En mora
3006,Corey Barr,2799,7717,4,2025-08-07,Al día
3007,Joseph Garcia,12678,12826,6,2025-05-23,Al día
3008,Sarah Brown,12873,1449,1,2025-01-29,En mora
3009,Joshua Moore,24369,14470,7,2025-08-25,En mora
3010,Meredith Martinez,22466,15547,9,2025-08-04,En mora
3011,Linda Vaughn,14392,6477,3,2025-08-21,En mora
3012,Whitney Tucker,4829,19808,8,2025-05-14,Al día
3013,Mrs. Makayla Barker,4470,22164,10,2025-05-28,Al día
3014,Kenneth Moody,15596,6012,4,2024-10-05,En mora
3015,Charles Rocha,15212,18616,9,2025-08-07,Al día
3016,Tommy Peters,17533,13617,6,2025-07-10,En mora
3017,Gregory Page,21476,15032,8,2025-06-16,En mora
3018,Michael Conner,10495,20592,10,2025-06-06,Al día
3019,Lindsey Howell,20651,20348,9,2025-08-12,En mora
3020,Kristi Blanchard,22711,9448,5,2024-08-23,En mora
3021,Michelle Cox,16705,8690,4,2024-10-09,En mora
3022,Charles Bray,6219,5775,3,2024-08-17,En mora
3023,Stephanie Boyd,5882,4210,2,2025-02-06,En mora
3024,Mary Matthews,1793,5297,3,2025-04-11,Al día
3025,Jamie Rodriguez,23885,3909,2,2025-08-09,En mora
3026,Sabrina Keller,18562,3627,2,2025-04-17,En mora
3027,Samuel Spence,7299,4424,4,2025-01-11,En mora
3028,Lauren Harris,12749,2272,1,2024-02-14,En mora
3029,Tammy Haney,1327,9041,6,2025-08-11,Al día
3030,Maria Hudson,11770,22713,10,2025-07-24,Al día
3031,Hannah Payne,1004,17813,7,2025-05-31,Al día
3032,Lauren Thomas,18770,18047,10,2025-06-09,En mora
3033,Michael Coleman,2810,3114,3,2025-07-21,Al día
3034,Tammy Harris,2534,9461,6,2025-03-29,Al día
3035,Jennifer Jones,24778,4718,2,2024-05-02,En mora
3036,Jodi Hopkins,15891,7269,2,2025-07-26,En mora
3037,Kimberly Harris,12583,20261,10,2025-08-19,Al día
3038,Sierra Roberts,13935,18457,9,2025-04-03,Al día
3039,Ricardo Mayo,9566,4985,3,2025-06-06,En mora
3040,Colton Francis,15287,19965,9,2025-07-29,Al día
3041,Nicholas Gomez,16354,13220,5,2025-07-10,En mora
3042,Teresa Myers,11006,11665,6,2025-08-21,Al día
3043,Harry Nichols,2319,8409,3,2025-08-21,Al día
3044,William Gonzalez,11441,8813,3,2025-06-14,En mora
3045,Anna Ferguson,24031,21422,9,2025-03-21,En mora
3046,Maria Sweeney,17142,9043,5,2025-05-01,En mora
3047,Margaret Nelson,13960,21453,10,2025-08-20,Al día
3048,Robert Nguyen,18263,8818,5,2025-07-07,En mora
3049,Randy Kelly,23968,21415,8,2025-08-23,En mora
3050,Mrs. Alison Dawson MD,14413,2384,2,2025-07-03,En mora
3051,Jennifer Kline,19177,16475,7,2025-07-11,En mora
3052,Kimberly Butler,4314,11573,5,2025-02-03,Al día
3053,Megan Cox,17105,3976,1,2025-07-30,En mora
3054,Brandon Tran,22354,21867,9,2025-05-27,En mora
3055,Rebecca Cook,10131,6163,3,2025-04-03,En mora
3056,Katie Wilson MD,6104,13986,8,2025-06-24,Al día
3057,Amy Armstrong,4244,8842,5,2025-01-12,Al día
3058,Jennifer Burnett,22036,232,1,2024-05-21,En mora
3059,Christopher Taylor,12809,8437,5,2025-04-16,En mora
3060,Douglas Livingston,21994,3008,1,2025-02-28,En mora
3061,Sheryl Jones,7573,17517,9,2025-08-10,Al día
3062,Jordan Ballard,8554,20616,8,2025-06-10,Al día
3063,Michael Freeman,3237,1715,2,2025-07-17,En mora
3064,Brandi Long,1205,13904,5,2025-01-23,Al día
3065,Tina Lucas,6919,7519,5,2025-07-08,Al día
3066,Jeffery Webster,7008,2419,3,2025-08-07,En mora
3067,Darryl Martin,10393,22715,8,2025-04-12,Al día
3068,Benjamin Gonzales,5142,12115,6,2025-07-23,Al día
3069,Michael White,7323,2492,1,2023-10-23,En mora
3070,Aaron Davis,8660,15813,9,2025-07-13,Al día
3071,Adriana Cooper,19681,833,1,2024-12-12,En mora
3072,George Scott,16924,17006,7,2025-06-26,Al día
3073,Chelsea Garcia,10255,4113,3,2025-06-04,En mora
3074,Kimberly Bright,7372,821,1,2023-10-29,En mora
3075,Matthew Bentley,23201,22538,10,2025-08-02,En mora
3076,Carlos Peterson,20433,2517,1,2024-04-04,En mora
3077,Jeffrey Johnson,10650,8592,4,2025-08-12,En mora
3078,Danielle Williams,16453,8026,5,2025-05-21,En mora
3079,Donald Parks,24224,6987,6,2025-04-12,En mora
3080,Sandra King,11390,11130,4,2025-02-06,En mora
3081,Susan Brewer,2349,1264,2,2024-12-28,En mora
3082,Donald Erickson,15920,12870,5,2025-02-21,En mora
3083,Anna Black,17860,12882,6,2025-08-07,En mora
3084,Brandon Montgomery,10855,5185,2,2024-07-17,En mora
3085,Jennifer Camacho,24369,12485,5,2024-12-28,En mora
3086,Amy Lee,8017,5072,3,2025-07-15,En mora
3087,John Mccarty,20628,4809,2,2024-10-12,En mora
3088,Brian Lee,22376,18774,10,2025-07-29,En mora
3089,Diana Mitchell,17250,19030,9,2025-07-27,Al día
3090,Christina Webster,17082,25402,9,2025-01-25,Al día
3091,Jessica Mendez,15427,12872,6,2025-06-25,En mora
3092,Tiffany Cooke MD,10923,5339,3,2025-06-09,En mora
3093,James Young,5039,6997,3,2025-03-31,Al día
3094,Gabriel Martin,13969,23408,10,2025-08-21,Al día
3095,Kelly Thompson,22984,21607,10,2025-05-11,En mora
3096,Michael Jimenez,3820,23961,8,2025-07-09,Al día
3097,Isabel Bender,4377,11174,7,2025-08-15,Al día
3098,Joseph Ford,22605,7521,5,2025-07-27,En mora
3099,Robert Moore,17520,4115,2,2025-04-20,En mora
3100,Shannon Moss PhD,18041,12916,9,2025-06-17,En mora
3101,Joshua Velasquez,6355,14857,9,2025-07-16,Al día
3102,Brian Cruz,8263,4437,4,2025-07-31,En mora
3103,Brianna Avila,3794,22723,10,2025-07-29,Al día
3104,Michael Hernandez DDS,14306,8092,6,2025-07-31,En mora
3105,Henry Ortega,11090,19929,10,2025-07-22,Al día
3106,Ann Davis,18109,9812,3,2024-05-15,En mora
3107,Sara Drake,7382,19966,10,2025-07-10,Al día
3108,Shane Davila,19816,13684,7,2025-08-23,En mora
3109,Scott Williams,2777,13915,7,2025-07-26,Al día
3110,Kathryn Larson,10251,23827,10,2025-07-13,Al día
3111,Eugene Chen,14569,12541,5,2025-05-24,En mora
3112,William Ross,1535,7555,6,2025-07-26,Al día
3113,Martin Brown,10869,19851,7,2024-12-04,Al día
3114,Nicole Payne,16818,15481,9,2025-05-12,En mora
3115,Maria Jones,17748,13468,4,2024-08-03,En mora
3116,Carla Smith,15139,3176,2,2025-02-05,En mora
3117,Maria Pittman,6035,18376,10,2025-06-17,Al día
3118,Kimberly Johnson DVM,21410,12035,6,2025-06-12,En mora
3119,Michael Simon,7562,13620,6,2025-06-08,Al día
3120,Daniel Chambers,12696,24553,10,2025-05-22,Al día
3121,Crystal Hughes,3453,3506,2,2024-01-24,Al día
3122,Sandra Anderson,9814,3479,1,2024-04-06,En mora
3123,Jason Lopez,11972,2691,1,2025-01-03,En mora
3124,Scott Miller,14571,14167,7,2024-10-02,En mora
3125,Justin Gutierrez,12809,19915,9,2025-08-01,Al día
3126,April Crawford,1053,9594,3,2025-05-07,Al día
3127,Mark Garcia,5485,17969,10,2025-06-04,Al día
3128,Erica Reed,2955,1447,1,2024-08-16,En mora
3129,Timothy Parker,17697,13235,6,2025-04-21,En mora
3130,Bryan Wagner,14081,8200,3,2025-04-27,En mora
3131,Kevin Sanders,24116,229,1,2025-04-20,En mora
3132,Michael Brooks,23549,10260,5,2025-03-02,En mora
3133,Joseph Jones,23553,1273,1,2025-02-06,En mora
3134,Amy Norman,21641,13630,7,2025-08-23,En mora
3135,Mary Golden,15409,18127,9,2025-07-28,Al día
3136,Anthony Jones,7036,20207,8,2025-06-19,Al día
3137,David Allen,12511,1695,1,2025-06-16,En mora
3138,Dr. Steven Scott,15625,13876,6,2025-05-17,En mora
3139,Willie Haynes,7104,14738,9,2025-07-13,Al día
3140,Felicia Smith,21916,11309,6,2025-03-09,En mora
3141,Gary Richardson,11173,17507,7,2025-04-22,Al día
3142,Gabriel Smith,15370,15874,8,2025-07-30,Al día
3143,Roger Alvarado,10236,19770,9,2025-06-17,Al día
3144,James Clark,18189,12134,6,2025-04-04,En mora
3145,Brian Jacobs,24881,8103,6,2025-04-04,En mora
3146,Tamara Rios,8538,17142,7,2025-07-16,Al día
3147,Monica Patton,14933,7677,3,2024-01-16,En mora
3148,Ashley Anderson,10878,15703,8,2025-08-08,Al día
3149,Timothy Quinn,23886,6045,2,2025-07-11,En mora
3150,Jason Benitez,18489,6827,2,2025-07-25,En mora
3151,Caitlin Mercado,6557,18546,10,2025-08-12,Al día
3152,Jimmy Flores,23300,2638,1,2024-09-16,En mora
3153,Mitchell Christensen,10810,899,1,2023-11-18,En mora
3154,Sherry Stanley,18950,17521,8,2025-08-11,En mora
3155,Jason Peterson,15746,16939,8,2025-06-26,Al día
3156,Jeffrey Harrison,12536,5670,3,2025-03-11,En mora
3157,Albert Garcia,1091,9945,5,2025-04-28,Al día
3158,Victoria Prince,11478,20476,10,2025-03-13,Al día
3159,Matthew Cohen,22003,8310,6,2025-07-27,En mora
3160,Taylor Michael,23373,3913,1,2024-03-13,En mora
3161,Karen Gardner,20169,1440,2,2025-08-12,En mora
3162,Robin Hood,2957,7419,4,2024-11-25,Al día
3163,Ashley Hunt,5758,5898,4,2025-07-29,Al día
3164,Corey Brown,6151,11050,4,2025-07-22,Al día
3165,Kayla Gates,10816,2130,1,2023-10-16,En mora
3166,Leslie White,6835,21423,10,2025-01-09,Al día
3167,Patricia Meyer,2980,15179,9,2025-07-25,Al día
3168,Dawn Palmer,23404,6963,6,2025-05-27,En mora
3169,Larry Parks,3584,12320,8,2025-08-12,Al día
3170,Gregory Conner,5618,17433,6,2025-07-01,Al día
3171,Lisa Kirby,7780,19641,8,2025-07-08,Al día
3172,Anne Fisher,3522,9331,4,2024-12-28,Al día
3173,Melissa Walters,20229,8506,5,2025-08-16,En mora
3174,Wyatt Reyes,12250,20497,10,2025-08-04,Al día
3175,Andre Lopez,23907,13923,7,2025-03-13,En mora
3176,James Fernandez,20448,10371,5,2025-08-02,En mora
3177,Francis Garcia,24392,15766,6,2025-08-19,En mora
3178,Ronald Green,13587,13159,8,2025-06-09,En mora
3179,Shelby Garcia,15621,10008,4,2025-05-08,En mora
3180,Jenna Jenkins,21350,17134,9,2025-08-22,En mora
3181,Jessica Sandoval,9607,16197,7,2025-07-25,Al día
3182,Raymond Harvey,18566,9322,4,2025-06-22,En mora
3183,Mary Lloyd,9205,18868,9,2025-07-28,Al día
3184,Robert Mitchell,10568,14736,8,2025-04-25,Al día
3185,Melissa Hicks,17725,6544,2,2025-05-21,En mora
3186,Mrs. Elizabeth Johnson,19208,4735,3,2024-06-14,En mora
3187,Anna Martin,13230,13035,8,2025-08-02,En mora
3188,Ryan Davis,15200,14686,7,2025-07-06,En mora
3189,Dale Olson,14244,12573,6,2024-09-22,En mora
3190,Justin Rollins,7367,1504,1,2023-10-14,En mora
3191,Shirley Lambert,3900,10097,5,2025-04-24,Al día
3192,William Woodard,16430,7293,4,2024-07-28,En mora
3193,Chad Cruz,9056,13308,5,2025-06-25,Al día
3194,Jonathan Hurley,18556,21375,8,2025-07-29,Al día
3195,Pamela Petersen,8895,8440,4,2025-07-22,En mora
3196,Eric White,21848,21545,9,2025-08-20,En mora
3197,Heather May,20600,16885,7,2025-02-24,En mora
3198,Allison Kane,2898,979,1,2024-03-24,En mora
3199,Jacqueline Lawson,10146,10264,4,2025-07-16,Al día
3200,Mary Bartlett,3960,10874,7,2025-07-05,Al día
3201,Veronica Tapia,13200,3303,1,2024-01-28,En mora
3202,Autumn Wagner,14600,1953,1,2023-12-18,En mora
3203,Kristi Byrd,15529,2864,2,2025-05-25,En mora
3204,Angel Summers,12153,6179,4,2025-04-19,En mora
3205,Jennifer Cannon,12538,13342,4,2025-05-21,Al día
3206,Erin Miller,1126,15675,7,2025-06-04,Al día
3207,Joseph Hendricks,12472,11041,7,2025-08-02,En mora
3208,Zachary Fisher,6048,21644,9,2025-04-23,Al día
3209,Alexa Thomas,21388,17092,7,2025-02-08,En mora
3210,Shannon Russo,24602,18745,8,2025-04-22,En mora
3211,Sean Wright,24512,14281,6,2025-08-18,En mora
3212,Michael Miller,19583,6263,5,2025-07-26,En mora
3213,Denise Scott,4230,13852,8,2025-07-31,Al día
3214,Cindy Collins,4208,2271,1,2024-07-10,En mora
3215,Tammy Galvan,24342,14082,7,2025-05-30,En mora
3216,Katrina Sheppard,7879,3780,1,2023-08-28,En mora
3217,Angela Anderson,6220,17826,8,2025-06-08,Al día
3218,Gary Kent,6796,17889,8,2025-05-18,Al día
3219,Jose Smith,7804,2228,1,2024-01-31,En mora
3220,Jennifer Robinson,11468,7309,3,2024-10-25,En mora
3221,Steven May PhD,7339,15982,9,2025-08-20,Al día
3222,Crystal Eaton,16888,10931,6,2025-04-17,En mora
3223,Chad Strong,4268,20673,10,2025-07-17,Al día
3224,Joshua Avery,5726,1630,1,2024-03-14,En mora
3225,Joanne Rodriguez,3299,11105,6,2025-01-14,Al día
3226,Mary Woods,23725,15461,10,2025-06-20,En mora
3227,Jennifer Brown,23553,11174,4,2025-08-13,En mora
3228,Gregory Tanner,2120,2084,1,2024-04-18,En mora
3229,Kenneth Lee,19927,8629,4,2025-07-31,En mora
3230,Christina West,20643,15163,7,2025-06-18,En mora
3231,Tina Meyers,14280,17433,7,2025-07-04,Al día
3232,Elizabeth Gutierrez,1564,12345,4,2024-07-13,Al día
3233,Jenna Singleton,11956,6962,4,2025-04-28,En mora
3234,Angel Rodgers,7753,25952,10,2025-07-17,Al día
3235,Dr. Michael Lewis MD,7855,5133,5,2025-07-06,En mora
3236,Hannah Johnson,17896,4024,3,2024-10-04,En mora
3237,Omar Johnson,8035,2535,1,2024-08-30,En mora
3238,April Blevins,12710,12085,5,2025-05-04,En mora
3239,Sara Lee,24266,11506,4,2024-07-10,En mora
3240,Samantha Porter,16360,3985,2,2025-02-20,En mora
3241,Mrs. Christina Morales,20076,4148,2,2025-06-12,En mora
3242,David Wyatt,4572,4754,3,2025-03-04,Al día
3243,Mr. Steven Becker,23092,17657,8,2025-07-05,En mora
3244,Katie Moore,19276,13965,6,2025-07-26,En mora
3245,Tiffany Carey,23041,11060,5,2025-07-29,En mora
3246,Lauren Martin,4510,19968,10,2025-04-19,Al día
3247,Christina Costa,16802,16852,9,2025-05-14,Al día
3248,Janet Gomez,11427,3744,2,2024-02-07,En mora
3249,Angelica Carr,22970,12828,5,2024-10-25,En mora
3250,Joseph Gibson,2547,4147,2,2024-05-06,Al día
3251,Lauren Lawson,14742,16269,7,2025-03-04,Al día
3252,Edward Downs,11350,21499,9,2025-07-29,Al día
3253,Bernard Jones,10762,4065,2,2024-09-01,En mora
3254,Kimberly Clark,14550,2376,2,2025-07-04,En mora
3255,Paul Hancock,9518,1081,2,2025-02-06,En mora
3256,Jessica Stout,7198,8924,4,2025-07-28,Al día
3257,Joseph Garcia,12622,1427,1,2024-03-26,En mora
3258,Karen Marks,2325,12274,5,2025-01-17,Al día
3259,Joseph Kramer,23989,14206,7,2025-07-13,En mora
3260,Eddie Hughes,15397,14636,9,2025-07-20,En mora
3261,Mary Johnson,18711,7236,4,2025-07-24,En mora
3262,Nicholas Hernandez,3032,7064,4,2025-07-23,Al día
3263,Krista Montgomery,24168,2666,2,2024-04-18,En mora
3264,Joshua Ali,24932,10919,5,2025-05-22,En mora
3265,Nancy Patel,5919,2926,2,2025-03-29,En mora
3266,Tasha Dyer,7851,18520,8,2025-06-15,Al día
3267,Ruben Martin,6203,15812,9,2025-07-14,Al día
3268,Derek Yates,23360,19526,8,2025-08-14,En mora
3269,Ryan Cruz,7809,6246,2,2025-08-14,En mora
3270,Alexandria Ray,10196,3063,2,2025-08-09,En mora
3271,Mark Roberts,21495,16653,10,2025-06-05,En mora
3272,Ronald Castillo,10485,3530,1,2025-05-03,En mora
3273,Tina Stafford,15475,10897,5,2025-06-09,En mora
3274,Heather Marshall,15456,12946,4,2025-07-22,En mora
3275,Kevin Oliver,3710,13252,5,2025-01-20,Al día
3276,Kimberly Chambers,18166,10562,6,2025-07-29,En mora
3277,Mario Mcgee,23525,19222,10,2025-06-16,En mora
3278,Ashley Hawkins,1538,4435,2,2025-02-22,Al día
3279,Sarah Newton,2638,17477,9,2025-05-30,Al día
3280,Laurie Huerta,9780,17999,10,2025-08-11,Al día
3281,Carl Turner,16955,17833,9,2025-08-19,Al día
3282,Tiffany Cook,8804,22887,10,2025-06-23,Al día
3283,Devin Brown,12339,3458,1,2023-11-29,En mora
3284,Sergio Hill,6388,15077,6,2025-08-23,Al día
3285,Eric Ross,18472,13089,6,2025-08-02,En mora
3286,Bryan Estrada,19087,13008,7,2025-06-15,En mora
3287,Tammy Novak,1277,3007,1,2024-08-31,Al día
3288,Justin Bush,22965,11214,6,2025-06-01,En mora
3289,Brandon Rubio,12318,928,1,2023-12-02,En mora
3290,Anthony Torres,16559,17936,8,2025-05-01,Al día
3291,Jennifer Riddle,24829,21794,8,2025-08-05,En mora
3292,Kelsey Patterson,13981,20007,7,2025-08-19,Al día
3293,Gary Cook,10131,9649,6,2025-05-05,En mora
3294,Pamela Rich,9947,12935,5,2024-12-29,Al día
3295,Andrew Perkins,13614,20391,10,2025-06-29,Al día
3296,William Mccoy,10731,5452,5,2024-12-15,En mora
3297,Hector Valencia,14989,4602,2,2025-06-29,En mora
3298,Carrie Armstrong,15085,4364,3,2025-05-11,En mora
3299,Duane Powell,9395,22588,10,2025-07-18,Al día
3300,Tracy Walsh,17957,18342,10,2025-04-04,Al día
3301,Christie Little,17556,14274,5,2025-01-23,En mora
3302,Karina Mcgee,6095,20995,9,2025-08-07,Al día
3303,Lee Marshall,22015,14902,7,2025-04-30,En mora
3304,Curtis Lopez,18018,12739,5,2025-08-11,En mora
3305,Kelly Hall,7739,16379,6,2025-04-21,Al día
3306,Kendra Flores,6822,18088,8,2025-06-14,Al día
3307,Denise Mack,2269,4474,2,2025-03-16,Al día
3308,Emily Flores,18338,5811,2,2024-09-02,En mora
3309,Dave Duncan,23033,14894,8,2025-02-24,En mora
3310,Miss Marisa Crawford DVM,15226,21741,10,2025-08-19,Al día
3311,Erica Miller,3651,5882,3,2025-05-22,Al día
3312,Ashley Evans,24655,9346,3,2025-06-05,En mora
3313,Steven Clay,7957,18327,8,2025-08-12,Al día
3314,James Rodriguez,19127,3984,3,2025-07-22,En mora
3315,Sheri Russell,22601,18670,9,2025-05-12,En mora
3316,Christine Fisher,8286,13613,6,2025-08-15,Al día
3317,Kimberly Thomas,23878,16087,9,2025-02-09,En mora
3318,Mark Murray,22882,3306,2,2024-12-13,En mora
3319,Andrew Cole,22465,4388,3,2024-07-09,En mora
3320,Andrea Young,5464,14298,9,2025-05-24,Al día
3321,Monica Murray,13598,5338,4,2025-04-09,En mora
3322,Stephanie Faulkner,11824,1284,2,2024-09-30,En mora
3323,Dustin Walter,1468,9958,5,2024-11-18,Al día
3324,Rebecca Kelley,15528,18476,7,2025-07-09,Al día
3325,Logan Simpson,15429,13808,7,2025-04-19,En mora
3326,Melissa Stephens,3436,22964,10,2025-06-06,Al día
3327,Stephanie Long,5833,17834,8,2025-05-26,Al día
3328,Eugene Johnson,9960,12860,6,2024-12-31,Al día
3329,Matthew Vaughan,11060,25696,10,2025-07-05,Al día
3330,Eric Randolph,16618,1157,1,2025-08-07,En mora
3331,Jessica Cardenas,6696,21664,9,2025-08-06,Al día
3332,Brandy Jones,22767,16729,8,2025-08-22,En mora
3333,Thomas Norris,18996,8595,3,2025-04-04,En mora
3334,George Page,19886,13965,7,2025-08-19,En mora
3335,Charles Henderson,14298,3338,3,2025-01-09,En mora
3336,Lisa Baker,7093,15326,8,2025-04-20,Al día
3337,Alexa Harrington,16774,5920,4,2025-05-05,En mora
3338,Alexis Young,6822,24957,10,2025-05-14,Al día
3339,Alexander Wyatt,6487,3457,3,2025-07-06,En mora
3340,Vanessa Taylor,22568,5090,3,2025-02-09,En mora
3341,Joan Garcia,22995,14419,8,2025-03-31,En mora
3342,Edward Campos,22470,3954,1,2024-02-01,En mora
3343,Jennifer Patrick,2376,20427,10,2025-06-30,Al día
3344,Katrina Barnett,5594,11033,5,2025-05-22,Al día
3345,Natalie Whitney,1225,9730,4,2025-07-14,Al día
3346,Mark Garcia,4280,14044,8,2025-08-01,Al día
3347,Samantha Neal,4540,7926,5,2025-02-25,Al día
3348,Antonio Smith,19570,17464,9,2025-07-30,En mora
3349,Victoria Murphy,24860,5167,2,2024-05-21,En mora
3350,Steven Rhodes,21734,10635,4,2025-07-25,En mora
3351,Pamela Beck,18531,15904,7,2025-07-17,En mora
3352,Timothy Whitehead,6117,19085,10,2025-08-06,Al día
3353,David Scott,10634,19466,9,2025-06-11,Al día
3354,Katie Stewart,7495,4818,2,2025-07-12,En mora
3355,Jennifer Li,24309,22031,10,2025-08-05,En mora
3356,Mark Marshall,19925,19129,9,2025-05-04,En mora
3357,Jordan Carrillo,24366,11690,4,2025-07-03,En mora
3358,Madison Munoz,2778,10219,6,2025-07-12,Al día
3359,Wendy Holt,2103,13017,7,2025-07-19,Al día
3360,Lisa Martinez,6862,7444,3,2024-12-08,Al día
3361,Danielle Cole,13774,10600,4,2024-03-23,En mora
3362,Juan Rice,13016,6491,3,2025-07-06,En mora
3363,Jonathan Horton,12626,2838,1,2025-03-09,En mora
3364,Alyssa Hill,7865,15407,6,2025-08-17,Al día
3365,Dr. Dominique Banks DDS,9447,6641,3,2025-07-02,En mora
3366,Kimberly Buck,8942,10697,6,2025-08-19,Al día
3367,Benjamin Montes,14911,15899,5,2025-05-12,Al día
3368,Brian Dixon,17187,14057,5,2025-06-20,En mora
3369,Robert Kelley,19229,4909,3,2025-08-02,En mora
3370,Karen Martinez,13472,21664,10,2025-06-10,Al día
3371,Roy Ward,22918,13264,8,2025-04-09,En mora
3372,Sarah Smith,19372,18209,9,2025-08-16,En mora
3373,Jesse Austin,8305,12503,5,2025-04-18,Al día
3374,Matthew Blake,2511,18892,7,2025-06-02,Al día
3375,Lisa Miller,10418,13404,6,2025-05-19,Al día
3376,Laurie Ferguson,23262,16431,10,2025-06-11,En mora
3377,Martin Reyes,12375,10321,4,2025-08-21,En mora
3378,Richard Jarvis,8847,14179,7,2024-11-09,Al día
3379,Michelle Brown,20094,23829,8,2025-08-17,Al día
3380,Isaac Simmons,21845,10790,5,2025-08-17,En mora
3381,Carmen Fuentes,16120,3887,2,2025-02-20,En mora
3382,Belinda Pena,12397,22784,10,2025-07-08,Al día
3383,Roberta Greene,23189,3117,1,2025-08-10,En mora
3384,Jason Conner,13092,7851,4,2025-05-16,En mora
3385,Robert Wilson,23702,6183,2,2024-08-17,En mora
3386,James Richardson,1537,19103,7,2025-08-22,Al día
3387,Gina Acosta,20976,2749,1,2024-03-09,En mora
3388,Robert Moore,23684,12477,6,2025-07-20,En mora
3389,Robert Howe,4710,24499,9,2025-02-22,Al día
3390,Judy Cooper,24202,12179,6,2025-03-06,En mora
3391,Anthony Conner,2957,16349,9,2025-07-01,Al día
3392,Brad Davis,17000,10981,6,2025-07-27,En mora
3393,Judith Dominguez,4221,13413,5,2025-03-30,Al día
3394,Teresa Perez,22399,7639,5,2025-08-10,En mora
3395,Dana Arnold,18940,17016,8,2025-05-18,En mora
3396,Andrew Mcgee,15252,6738,2,2025-01-17,En mora
3397,Eric Mosley,22083,10473,6,2025-05-10,En mora
3398,Kimberly Rodriguez,20818,6123,2,2024-04-06,En mora
3399,Philip Bates,23703,9536,4,2025-05-28,En mora
3400,Justin Stewart,23511,6136,2,2025-05-18,En mora
3401,Paul Wilson,17791,5349,3,2025-07-03,En mora
3402,Anthony Rodriguez,11469,10996,5,2025-03-03,En mora
3403,Brenda Mccoy,13420,6278,5,2025-08-16,En mora
3404,Brittany Reed,20059,16761,10,2025-08-16,En mora
3405,Lindsey Moreno,2011,26408,10,2025-07-24,Al día
3406,Brianna Chang,23651,12345,6,2025-05-24,En mora
3407,Heather Duran,19958,17781,10,2025-07-05,En mora
3408,Ashley King,12829,13395,8,2025-03-11,Al día
3409,Jose Herrera,15124,9709,4,2025-01-08,En mora
3410,Jennifer Scott,20890,7716,5,2025-03-29,En mora
3411,Louis Miller,2976,13798,5,2025-08-13,Al día
3412,Kelly Santos,23268,20800,9,2025-08-03,En mora
3413,Peter Jones,23171,13772,6,2025-02-19,En mora
3414,Kathy Singh,6206,13754,6,2025-06-13,Al día
3415,Crystal Hanson,24986,14012,10,2025-07-17,En mora
3416,Sharon Burnett,12728,9779,6,2025-02-28,En mora
3417,Erin Burke,2837,17859,8,2024-12-22,Al día
3418,Marc Gomez,8055,7642,4,2025-08-11,En mora
3419,Ryan Carter,15873,9158,6,2025-02-21,En mora
3420,Patricia Shaw,4414,23243,10,2025-04-14,Al día
3421,Kara Prince,7278,22816,7,2025-08-23,Al día
3422,Lisa Molina,19123,9869,5,2025-06-12,En mora
3423,John Diaz,2732,8714,5,2024-12-26,Al día
3424,Kelly Gonzales,2690,8796,5,2025-06-25,Al día
3425,Jason Davis,9041,5090,2,2024-09-07,En mora
3426,Derrick Austin,21697,10579,5,2025-06-12,En mora
3427,Kara Jones,18250,16817,8,2025-06-19,En mora
3428,Dominique Garner,16254,7336,4,2025-07-17,En mora
3429,James Smith,21438,10147,7,2025-07-09,En mora
3430,Calvin James,9830,329,1,2024-05-04,En mora
3431,John Ortega,22517,15744,8,2025-04-26,En mora
3432,Heather Lewis,17865,15342,6,2025-07-02,En mora
3433,Tracy Mills,23991,21278,10,2025-05-26,En mora
3434,Ana Stanley,15397,21334,8,2024-05-01,Al día
3435,Elizabeth Sharp,4572,8373,4,2025-05-14,Al día
3436,Maria Thompson DDS,20215,11034,7,2025-06-06,En mora
3437,Tracey Nicholson,22809,16887,5,2025-07-15,En mora
3438,Joshua Wells,6969,8774,5,2025-05-05,Al día
3439,Tyler Jones,9569,4692,3,2025-02-06,En mora
3440,Scott Hodges,19050,10080,8,2025-02-27,En mora
3441,Ryan Aguilar,9162,2938,1,2024-09-05,En mora
3442,Angela Manning,6801,22680,10,2025-08-21,Al día
3443,Kathryn Smith,22081,11028,4,2025-05-18,En mora
3444,Bradley Bond,6975,8863,4,2025-06-28,Al día
3445,David Fry,15342,17023,8,2025-07-13,Al día
3446,Allen Chen,13854,882,1,2025-04-21,En mora
3447,Debbie Johnson,3193,22083,9,2025-08-02,Al día
3448,Richard Young,21563,20218,7,2025-07-06,En mora
3449,Thomas Mccoy,15057,13003,6,2025-07-15,En mora
3450,Renee Morris,7906,1011,1,2024-02-26,En mora
3451,Deborah Ramirez,11992,18852,9,2025-05-31,Al día
3452,Jennifer Hardy,22300,15137,7,2024-11-24,En mora
3453,Mark Tanner,3180,19452,10,2025-07-21,Al día
3454,Sandra Taylor,10276,3740,3,2025-02-19,En mora
3455,Kristen Hunter,24711,13104,6,2025-08-09,En mora
3456,Andrew Walter,7952,4397,2,2025-06-05,En mora
3457,Nathaniel Hunter,5113,9871,5,2025-06-29,Al día
3458,Steven Martin,3998,16635,7,2025-06-11,Al día
3459,Lori King,2398,6374,3,2025-05-23,Al día
3460,Margaret Adams,1089,4471,3,2025-06-14,Al día
3461,Leslie Perry,19262,15126,8,2025-06-16,En mora
3462,Jennifer Obrien,18778,7901,3,2025-01-23,En mora
3463,Chris Fischer,5370,1793,1,2023-09-16,En mora
3464,Sharon Armstrong,5642,26374,9,2025-08-17,Al día
3465,Grace Walker,13515,3686,1,2024-01-25,En mora
3466,Cheryl Hall,6699,14444,8,2025-05-17,Al día
3467,Michael Johnston,11161,4997,2,2024-12-04,En mora
3468,Adrian Sims,13396,5025,2,2025-04-08,En mora
3469,Amanda Woodard,6403,3342,1,2024-10-21,En mora
3470,Robert Ramirez Jr.,16010,11754,6,2025-05-22,En mora
3471,David Arellano,2108,15447,8,2025-07-19,Al día
3472,Michael Arellano,4794,21189,9,2025-03-30,Al día
3473,Dalton Price,6453,19239,9,2025-08-18,Al día
3474,Brandon Johnson,18111,17315,8,2025-06-28,En mora
3475,Ronald Ruiz,18526,13704,7,2025-07-25,En mora
3476,Michael Phillips,2958,8303,5,2025-01-16,Al día
3477,Daniel Carroll,19649,13044,8,2025-06-06,En mora
3478,Amy Mendoza,19137,13121,4,2025-08-19,En mora
3479,Nathan Johnson,13220,16767,8,2025-07-19,Al día
3480,Chad Allen,19087,17257,10,2025-06-22,En mora
3481,Kathleen Guerrero,2792,12606,8,2025-08-24,Al día
3482,Veronica Gomez,3265,878,2,2023-11-26,En mora
3483,Victoria Harris,1548,18783,7,2025-08-24,Al día
3484,Diane Stephenson,3173,3161,1,2024-06-09,En mora
3485,Wanda Guzman,11485,4610,2,2024-11-04,En mora
3486,Brian Bruce,15047,9397,7,2025-07-25,En mora
3487,Jeffrey Crawford,17623,7531,5,2025-01-20,En mora
3488,Timothy Mcdonald,10653,15402,9,2025-03-29,Al día
3489,Jessica Moon,5217,25546,10,2025-05-27,Al día
3490,Jeremy Morgan,22176,8815,8,2025-04-10,En mora
3491,Clayton Hall,8257,18970,10,2024-11-15,Al día
3492,Claudia Reese,1920,6526,7,2025-05-22,Al día
3493,Brandy Garcia,10727,3225,3,2025-08-25,En mora
3494,Mrs. Michelle Harris,21266,17899,8,2025-07-02,En mora
3495,Lindsay Fisher,19160,3007,1,2024-07-25,En mora
3496,Rodney Jones,3270,12735,7,2025-04-17,Al día
3497,Justin Smith,6662,6373,5,2025-04-18,En mora
3498,Robert Coleman,13052,2249,1,2024-06-03,En mora
3499,Shelley Hall,21466,8584,4,2025-02-16,En mora
3500,Amber Perez,4177,1247,1,2024-07-05,En mora
3501,Brooke Perry,3934,12859,5,2024-08-05,Al día
3502,Robert Gonzalez,13071,10989,6,2025-04-22,En mora
3503,Howard Griffith,19395,7390,4,2024-06-02,En mora
3504,David Welch,14865,5414,3,2025-01-06,En mora
3505,Kevin Brown,1694,16565,7,2025-07-26,Al día
3506,Nicholas Campbell,13297,6711,4,2025-05-09,En mora
3507,Katherine Jackson,2450,22267,9,2025-08-02,Al día
3508,Matthew Baker,21356,19095,10,2025-08-08,En mora
3509,Trevor Williams,20235,19350,10,2025-08-21,En mora
3510,Stephen Stevens,17652,3280,1,2024-08-21,En mora
3511,Shane Kelly,6508,17634,8,2025-08-16,Al día
3512,Melissa Anthony,24825,7515,5,2024-09-28,En mora
3513,Glenn Norris,12877,4442,2,2025-03-20,En mora
3514,Tanner Lopez,20980,12420,9,2025-07-28,En mora
3515,Christine Simpson,8581,9400,4,2025-08-09,Al día
3516,Krista Rodriguez,15614,11239,4,2025-08-03,En mora
3517,Lindsay Sanchez,20524,17757,9,2025-06-24,En mora
3518,Jonathan Daniels,3592,12946,5,2025-07-19,Al día
3519,Marissa Marshall,10350,13875,5,2025-02-08,Al día
3520,Jeremy Bennett,6564,4821,3,2025-07-31,En mora
3521,Katherine Herrera,6250,5589,5,2024-12-29,En mora
3522,Ronald Jones,13202,8601,3,2025-08-18,En mora
3523,Logan Maldonado,24968,11456,6,2025-04-29,En mora
3524,Katie Sanford,10167,5661,3,2024-08-16,En mora
3525,Lisa Garcia,24583,3728,1,2024-05-07,En mora
3526,Valerie Burton,21694,8177,3,2024-06-09,En mora
3527,Darrell Brown,4006,21167,10,2025-08-02,Al día
3528,Lisa Jones,20099,11524,9,2025-05-09,En mora
3529,Kimberly Bailey,19596,19129,9,2025-07-02,En mora
3530,Christina May,15208,10847,6,2025-08-11,En mora
3531,Benjamin Burch,9212,16791,7,2025-07-30,Al día
3532,Dawn Baker,5681,13489,5,2025-04-29,Al día
3533,Bryan Rogers,4500,14105,5,2025-02-14,Al día
3534,Sarah Meyers,8545,2386,1,2024-08-06,En mora
3535,William May,5183,19654,9,2025-08-03,Al día
3536,Megan Miles,3588,5809,2,2025-07-17,Al día
3537,Darryl Turner,22768,19984,10,2025-07-20,En mora
3538,Kevin Cox,3733,7133,3,2024-03-12,Al día
3539,Casey Osborne,18360,14230,7,2025-08-13,En mora
3540,Ellen Miller,19638,16520,7,2025-03-19,En mora
3541,Daniel Turner,18794,20663,9,2025-08-18,Al día
3542,Stephanie Flowers,3953,3360,2,2025-07-14,En mora
3543,Christopher Gibbs,19132,3557,1,2025-02-01,En mora
3544,Logan Neal,15426,8273,4,2025-06-17,En mora
3545,Shannon Clark,13638,26125,10,2025-08-18,Al día
3546,Brittany Campbell,14088,21611,10,2025-08-12,Al día
3547,Stacy Stephenson,6611,7232,4,2025-07-06,Al día
3548,Ashley Wolf,21402,20933,9,2025-08-08,En mora
3549,James Brown,23879,3887,3,2025-02-15,En mora
3550,Gary Foster,4969,5672,4,2024-11-04,Al día
3551,Jonathan Bell,18944,21690,8,2025-06-27,Al día
3552,Jared Moyer,14680,10614,5,2025-02-10,En mora
3553,Nicole Jenkins,17640,3932,1,2023-12-22,En mora
3554,Logan Malone,24801,16732,9,2025-06-09,En mora
3555,Brian Warner,5443,10346,6,2025-07-30,Al día
3556,Carolyn Frederick,5581,14279,6,2024-08-10,Al día
3557,Robert Gill,5254,12611,6,2025-06-12,Al día
3558,David Ryan,20856,10603,5,2025-01-20,En mora
3559,Michele Lopez,18738,2814,3,2025-02-07,En mora
3560,John Liu,11131,15074,7,2025-03-28,Al día
3561,Kelsey Hampton,11754,12675,7,2025-06-16,Al día
3562,Miranda Moore,4993,5778,4,2025-06-11,Al día
3563,Johnny Young,11668,9188,6,2025-04-24,En mora
3564,Allison Anderson,23376,12763,4,2025-04-09,En mora
3565,Heidi Yates,24442,6793,4,2025-06-17,En mora
3566,Jessica Lambert,15817,3794,1,2025-08-02,En mora
3567,Allen Hernandez,24525,10629,5,2024-10-12,En mora
3568,Sherry Chung,11708,11335,6,2025-02-28,En mora
3569,Glenn Johnson,10355,2895,1,2024-08-11,En mora
3570,Julia Porter,1510,15174,9,2025-05-07,Al día
3571,Elaine Yang,17095,14049,6,2025-02-16,En mora
3572,Donna Steele,16462,18920,9,2025-06-30,Al día
3573,Denise Turner,18648,6096,4,2024-10-20,En mora
3574,Cynthia Jackson,6262,15386,8,2025-08-10,Al día
3575,Eric Douglas,24173,14159,8,2025-04-29,En mora
3576,Linda Alexander,15218,14978,6,2025-07-07,En mora
3577,Julia Scott,13102,14257,5,2024-11-27,Al día
3578,Terrence Price,8962,11720,5,2025-06-20,Al día
3579,Kimberly Ray,22384,8051,4,2024-08-03,En mora
3580,Karen Johnson,14413,11855,10,2025-07-13,En mora
3581,Dominique Barnes,5321,13386,6,2025-07-30,Al día
3582,Audrey Marks,1555,3243,2,2024-01-17,Al día
3583,Brittany Thomas,20679,22410,10,2025-08-06,Al día
3584,Vincent Jones,24779,6547,3,2025-08-25,En mora
3585,Michael Harrington,24287,11703,8,2025-06-29,En mora
3586,Anna Hughes,17839,11843,8,2025-07-08,En mora
3587,Mrs. Jamie Mckinney DDS,12640,12525,8,2025-08-17,En mora
3588,Zachary Hale,9013,13604,8,2025-06-11,Al día
3589,Jacob Reyes,10317,5470,3,2024-07-12,En mora
3590,Cameron Patterson,10141,21665,8,2025-08-19,Al día
3591,Julie Flynn,23947,15249,9,2025-08-09,En mora
3592,Craig Roth,2982,6404,3,2025-08-09,Al día
3593,Sarah Robinson,22763,20160,9,2025-01-01,En mora
3594,Daniel Ford,4236,11349,6,2025-08-13,Al día
3595,Amy Dawson,21129,16955,7,2025-06-17,En mora
3596,Emma Williams,22450,4990,3,2024-12-19,En mora
3597,Kimberly Murphy,20767,3511,1,2025-07-30,En mora
3598,Michelle Conway,9819,24061,10,2025-07-30,Al día
3599,Steven Taylor,8374,3678,1,2025-04-03,En mora
3600,Tiffany Scott,24533,9644,4,2025-08-21,En mora
3601,Vickie Palmer,7330,20353,10,2025-06-12,Al día
3602,Kathleen Fernandez,12918,18345,10,2025-04-01,Al día
3603,Corey Baker,8942,14864,9,2025-06-15,Al día
3604,Christopher Brady,4438,14093,7,2025-04-11,Al día
3605,Meagan Dawson,2636,13025,5,2025-05-02,Al día
3606,Alex Mendoza,8622,11488,5,2025-05-07,Al día
3607,Tiffany Alexander,19661,3828,3,2025-08-15,En mora
3608,Charles Vazquez,19282,24992,10,2025-06-22,Al día
3609,Cody George,6810,4210,2,2024-02-08,En mora
3610,Raymond Yang,14856,18780,8,2025-06-03,Al día
3611,Mark Torres,15080,25440,10,2025-08-24,Al día
3612,Michael Odom,21767,17090,8,2025-05-03,En mora
3613,Shane Everett,20179,18516,10,2025-08-17,En mora
3614,Carl Blankenship,8817,20848,8,2025-06-12,Al día
3615,Donna Schneider,11382,6852,3,2024-09-07,En mora
3616,Carmen Hunter,12749,10148,6,2025-08-03,En mora
3617,Ian Griffith,18594,2130,1,2024-03-16,En mora
3618,Joseph York,19520,7343,3,2024-08-04,En mora
3619,Xavier Esparza,10147,14382,9,2025-06-20,Al día
3620,Crystal Baker,8374,10021,7,2025-07-08,Al día
3621,John Wilkerson,21320,15432,8,2025-07-14,En mora
3622,Vanessa Leonard,21245,7319,3,2024-09-18,En mora
3623,Suzanne Blevins,11889,9419,3,2025-05-12,En mora
3624,Barbara Weber,1800,17629,10,2025-07-07,Al día
3625,Michael Cruz,10909,4358,3,2025-03-07,En mora
3626,Angela Bradford,1866,13107,6,2025-05-16,Al día
3627,Cindy Campbell,11834,9734,5,2025-07-16,En mora
3628,Erin Thornton,1637,10654,5,2025-07-17,Al día
3629,Alec Cooley,14831,8741,4,2025-05-15,En mora
3630,Derek Duarte,13406,3342,1,2025-05-16,En mora
3631,Kenneth Smith,1368,23329,10,2025-07-23,Al día
3632,David Lewis,15036,6599,3,2025-08-14,En mora
3633,Regina Davis,19087,16657,9,2025-06-21,En mora
3634,Tyler Gonzalez PhD,6022,17452,8,2025-02-28,Al día
3635,Steven Johnson,5423,9971,5,2024-12-08,Al día
3636,Michael Ponce,13673,21201,9,2025-04-14,Al día
3637,Joseph Castillo,11108,12048,6,2025-01-17,Al día
3638,Garrett Smith,10310,8236,5,2025-06-03,En mora
3639,Patrick Ward,21027,20459,9,2025-04-17,En mora
3640,Dr. Tara Daniel MD,17850,6796,3,2025-05-08,En mora
3641,John Hernandez,22706,18746,9,2025-07-31,En mora
3642,Paul Boyle,21451,14128,7,2025-02-15,En mora
3643,Ivan Le,10068,2947,1,2024-07-24,En mora
3644,Steve King,13948,312,1,2024-09-13,En mora
3645,Jennifer Butler,23171,2901,2,2025-05-17,En mora
3646,Jason Sweeney,2354,13234,7,2025-03-19,Al día
3647,Tammy Wright,24186,14895,6,2025-08-21,En mora
3648,April Hernandez,2169,2665,1,2024-06-11,Al día
3649,Alexandria Powell,14115,19265,6,2025-07-09,Al día
3650,Ricky Mills,11309,5674,4,2025-05-30,En mora
3651,Samantha Hester,7798,15200,5,2024-10-22,Al día
3652,Andrew Hughes MD,11902,5721,3,2024-09-21,En mora
3653,Jeffrey Ibarra,12255,4773,4,2025-06-02,En mora
3654,Kirsten York,2110,15473,10,2025-02-24,Al día
3655,Joseph Bowman,3006,22516,10,2025-08-13,Al día
3656,Jim Jones,24226,18276,8,2025-08-12,En mora
3657,Vincent Hall,8158,8240,3,2025-05-26,Al día
3658,Anthony Jackson,23903,13158,8,2025-07-06,En mora
3659,Susan Bennett,12091,3594,2,2025-07-30,En mora
3660,Todd Ayers,3171,9165,5,2025-05-12,Al día
3661,Stephanie Salazar,4803,11046,7,2025-03-24,Al día
3662,Dawn Smith,8885,10927,5,2024-10-31,Al día
3663,Eric Kim,24303,11110,6,2025-04-16,En mora
3664,Seth Davis,22119,16974,7,2025-06-28,En mora
3665,Christopher Davis,24313,20386,8,2025-08-21,En mora
3666,Samantha Walsh,23481,2802,2,2025-02-10,En mora
3667,Brandon Mclaughlin,2192,10787,4,2025-03-27,Al día
3668,Jared Jones,15031,1742,2,2023-12-25,En mora
3669,Joe Roberts,19769,11054,6,2025-08-11,En mora
3670,Meghan Dillon,4997,16194,8,2025-07-22,Al día
3671,John Christian,22020,24534,9,2025-08-18,Al día
3672,David Ryan,24555,816,1,2024-03-29,En mora
3673,Joseph Ballard,9360,3994,1,2025-05-05,En mora
3674,Anthony Shepard,9768,16596,10,2025-08-05,Al día
3675,Richard Armstrong,20530,4005,2,2024-08-15,En mora
3676,Stephanie Bell,16979,4720,5,2025-07-10,En mora
3677,Rachel Delgado,24920,10967,7,2025-05-25,En mora
3678,Benjamin Bell,11586,2261,1,2025-05-10,En mora
3679,Danielle Watson,23152,8356,4,2025-03-30,En mora
3680,Thomas Mccormick,7823,12048,4,2024-12-24,Al día
3681,John Salinas,3389,7344,4,2025-06-09,Al día
3682,Keith Schmidt,24695,3266,1,2025-08-22,En mora
3683,Tony Rios,12846,4480,2,2025-02-06,En mora
3684,Laura Ayala,10744,14667,8,2025-08-24,Al día
3685,Jacob Shaw,17892,1679,2,2023-11-20,En mora
3686,Holly Beard,9572,2013,2,2024-07-20,En mora
3687,Grant Reed,12855,3574,2,2025-01-25,En mora
3688,Jamie Casey,19957,775,1,2023-09-12,En mora
3689,Jerry Taylor,11688,15520,9,2025-05-23,Al día
3690,Jason Anderson,7711,6313,2,2025-01-12,En mora
3691,Bryan Mcclain,6329,8361,4,2025-01-15,Al día
3692,Kristen Rose,21562,14630,7,2025-07-02,En mora
3693,Jennifer Scott,20559,19369,6,2025-08-22,En mora
3694,David Powers,5628,14562,6,2025-07-12,Al día
3695,Maurice Garrett,16338,6432,2,2024-10-10,En mora
3696,Brian Richardson,5234,15911,6,2025-01-25,Al día
3697,Alicia Green,15348,6447,4,2025-08-03,En mora
3698,Paige Moody,14610,7309,5,2025-05-31,En mora
3699,Scott Rubio,13317,7405,5,2025-04-07,En mora
3700,Wesley Roberts,9449,17701,9,2025-06-09,Al día
3701,Linda Savage,22808,24757,10,2025-01-14,Al día
3702,Jasmine Norris,24581,4965,4,2024-11-17,En mora
3703,Courtney Wilkinson,18479,17286,6,2025-06-29,En mora
3704,Jeffrey Black,22069,10421,7,2025-05-31,En mora
3705,Cheryl Davenport,8855,14096,8,2025-08-25,Al día
3706,Denise Armstrong,11992,2552,1,2024-08-01,En mora
3707,Paula Flynn,21208,388,1,2024-08-16,En mora
3708,Theresa Mitchell,18840,9659,4,2024-10-14,En mora
3709,Stephen Snyder,16511,8182,3,2024-09-10,En mora
3710,Heather Tate,17943,9943,3,2025-08-03,En mora
3711,Jeffrey Gibson,7869,3438,2,2025-04-05,En mora
3712,Maria Hill,24763,8904,6,2025-05-20,En mora
3713,Jill Wolf,4454,21339,10,2025-08-09,Al día
3714,Lisa Shah,20933,18774,6,2025-07-07,En mora
3715,Cindy Alexander,5793,19480,9,2025-07-25,Al día
3716,Vicki Hall,17240,15922,9,2025-01-31,En mora
3717,Alexis Flores,11541,19139,7,2025-06-10,Al día
3718,Kelly Gutierrez,8622,24018,9,2025-05-30,Al día
3719,Steven Allen,11103,8928,4,2025-04-27,En mora
3720,Jessica Moore,13303,17823,8,2025-03-24,Al día
3721,Joy Patton,9933,12816,5,2025-08-14,Al día
3722,Alec Wolfe,6709,8310,4,2025-04-28,Al día
3723,Gary Powell,12556,18030,8,2025-05-21,Al día
3724,Michael Avila,17845,3501,1,2024-12-09,En mora
3725,Andrew Graham,17072,12815,7,2025-05-20,En mora
3726,Miranda Cole,17433,12457,5,2025-05-15,En mora
3727,Jesus Morgan,23307,8321,3,2025-08-15,En mora
3728,Ronald Romero,13059,3992,1,2025-06-22,En mora
3729,Valerie Foster,3167,10676,5,2024-12-12,Al día
3730,Cristina Chambers,7865,19830,8,2025-03-12,Al día
3731,Ronald Berry,17857,1358,1,2024-08-02,En mora
3732,Holly Benitez,14264,20526,8,2025-03-15,Al día
3733,John Jones,11962,9980,3,2025-08-15,En mora
3734,Albert Mccall,24676,12168,5,2024-12-14,En mora
3735,William Kline,18670,10062,5,2025-02-24,En mora
3736,David Durham,20775,16318,7,2025-07-08,En mora
3737,Elizabeth Turner,20958,15441,10,2025-06-14,En mora
3738,Richard Shaw,17243,2237,2,2025-05-21,En mora
3739,Kelly Steele,10112,15467,9,2025-03-01,Al día
3740,Amy Smith,11919,3403,1,2025-07-03,En mora
3741,Adam Cohen,12770,22153,9,2025-06-08,Al día
3742,Jason Reynolds,6134,20547,10,2025-07-27,Al día
3743,Kim Hudson,3885,10615,5,2025-05-27,Al día
3744,Roberta David,14106,12832,6,2025-08-18,En mora
3745,Leonard Bennett,5330,22208,8,2025-08-15,Al día
3746,Alex Monroe,5746,1369,1,2024-12-11,En mora
3747,Christopher Young,6233,2021,2,2025-07-11,En mora
3748,Gloria Pacheco,8601,3477,2,2024-07-14,En mora
3749,Michael Bennett,4396,15175,10,2025-05-14,Al día
3750,Cody Knox,5364,18185,8,2025-05-02,Al día
3751,Grace Hernandez,2159,22563,8,2024-11-20,Al día
3752,Andrew Joseph,15650,10512,5,2025-06-01,En mora
3753,Bianca Williams,3421,12965,8,2025-03-31,Al día
3754,Lisa Rasmussen,6479,11440,4,2024-11-20,Al día
3755,Jeff Diaz,7820,13024,7,2024-11-25,Al día
3756,Thomas Black,7374,2047,2,2024-10-18,En mora
3757,Deborah Mendoza,2342,4973,3,2025-01-14,Al día
3758,Charles Garrett,14234,22100,8,2025-08-13,Al día
3759,Ryan Welch,7428,5958,3,2025-06-28,En mora
3760,Jonathan Butler,6235,26727,10,2025-07-29,Al día
3761,Francisco Lucas,15084,12048,5,2025-05-24,En mora
3762,Stephanie Sloan,19033,4882,2,2024-07-18,En mora
3763,Peter Monroe,13341,3709,1,2024-02-03,En mora
3764,Corey Owen,6479,20246,10,2025-03-31,Al día
3765,April Fleming,18043,6624,3,2025-06-12,En mora
3766,Adam Young,11108,5628,4,2025-08-15,En mora
3767,Jim Liu,22126,13730,7,2025-08-25,En mora
3768,Ryan Harris,18504,16359,9,2025-07-04,En mora
3769,James Brown,10544,16877,8,2025-04-17,Al día
3770,John Ayala,14696,10127,4,2024-07-07,En mora
3771,Valerie Parker,7161,7467,2,2025-07-01,Al día
3772,Amanda Golden,18181,3104,1,2024-12-05,En mora
3773,Natasha Smith,4768,7915,6,2025-07-16,Al día
3774,Debra Parker,10767,11199,5,2025-07-29,Al día
3775,Jared Williamson,19356,1899,1,2024-09-22,En mora
3776,Gina Brown,1895,3855,2,2024-11-22,Al día
3777,Daniel Singleton,19732,8848,4,2025-07-11,En mora
3778,Darren May,1208,8210,3,2024-11-25,Al día
3779,John Cervantes,4405,11097,5,2024-12-04,Al día
3780,Paul Lin,14206,18739,7,2025-08-22,Al día
3781,Joshua Ramsey,22103,11707,6,2025-07-07,En mora
3782,Gerald Martinez,10238,8281,6,2025-07-21,En mora
3783,Scott James,3808,17778,10,2025-05-10,Al día
3784,Jason Sampson,14505,14349,5,2025-05-29,En mora
3785,Dustin Mendoza,4199,13134,8,2025-08-17,Al día
3786,Susan Sanchez,19146,7215,3,2024-08-08,En mora
3787,Courtney Williams,23910,15525,9,2025-08-10,En mora
3788,George Davis,15343,12947,8,2025-07-18,En mora
3789,Danny Evans,22308,7428,2,2024-08-07,En mora
3790,Douglas Bailey,12824,11275,7,2025-06-25,En mora
3791,Crystal Ray,16906,7993,5,2025-08-07,En mora
3792,Manuel Wang,4543,8409,3,2025-02-23,Al día
3793,Nicholas Calhoun,24447,4852,3,2025-07-15,En mora
3794,Sean George,13737,23837,10,2025-08-21,Al día
3795,Holly Turner,15313,1310,1,2024-05-20,En mora
3796,Virginia Adams,13105,10335,7,2025-04-04,En mora
3797,Jerry Johnson,20611,12939,6,2025-07-13,En mora
3798,Matthew Evans,5808,3331,1,2025-06-04,En mora
3799,Theresa Powers,16750,13758,7,2025-07-28,En mora
3800,Melissa Coffey,2496,18616,9,2025-08-12,Al día
3801,Jennifer Conrad,21264,12995,6,2025-03-03,En mora
3802,Jordan Washington,15762,9011,4,2024-10-23,En mora
3803,April Robertson,23347,10405,7,2025-06-09,En mora
3804,Joe Mckee,9352,6824,4,2025-02-16,En mora
3805,Karen King,5304,10783,5,2025-01-22,Al día
3806,Yolanda Thornton,11467,15683,8,2025-06-30,Al día
3807,Joann Mullins,8883,6176,3,2025-03-12,En mora
3808,Ryan Wagner,21632,3276,3,2025-06-22,En mora
3809,Paul Rogers,19457,628,1,2025-06-30,En mora
3810,Samantha Mcbride,17509,3169,1,2024-02-25,En mora
3811,Angela Kirby,6264,2650,3,2025-04-22,En mora
3812,Gwendolyn Underwood,3310,7824,3,2025-01-18,Al día
3813,Kristen Rangel,7845,17416,8,2025-07-22,Al día
3814,Jacqueline Gutierrez,6666,19031,10,2025-05-31,Al día
3815,Sharon Neal,12116,10579,4,2025-02-05,En mora
3816,Alexander Schmidt,9540,18761,7,2025-05-17,Al día
3817,Ebony Huffman,17830,1636,2,2023-12-17,En mora
3818,Christopher Robles,11954,5139,3,2024-10-24,En mora
3819,Evelyn Finley,20999,8331,4,2025-03-24,En mora
3820,Michael Thomas,19108,1485,1,2024-10-21,En mora
3821,Michael Perez,15457,7956,3,2025-07-17,En mora
3822,Amanda Hawkins,16248,6067,3,2025-07-26,En mora
3823,William Wood,18738,13953,6,2025-05-26,En mora
3824,Nicholas Martin,2898,7553,3,2025-05-20,Al día
3825,Amanda Ryan,13675,7594,4,2025-07-09,En mora
3826,Dr. Nichole Sanchez,19450,23027,9,2025-07-02,Al día
3827,David Elliott,17446,14263,8,2025-08-16,En mora
3828,Andrew Hart,11480,5863,3,2024-11-30,En mora
3829,Toni Pacheco,6487,12824,6,2025-08-21,Al día
3830,Dawn Bailey,5667,11752,9,2025-06-02,Al día
3831,Mason Roberts,10424,11870,4,2025-07-06,Al día
3832,Virginia Townsend,15643,16279,8,2025-07-31,Al día
3833,Mrs. Heather Jones MD,22982,3105,2,2024-02-08,En mora
3834,Karen Wright,24602,21611,10,2025-08-11,En mora
3835,Jeffrey Bass,10004,20769,9,2024-12-03,Al día
3836,Steven Cantu,14685,22377,9,2025-08-23,Al día
3837,Karen Perkins,4801,11610,5,2025-08-15,Al día
3838,Raymond Schneider,21156,13880,6,2025-07-03,En mora
3839,Vincent Wilson,20935,17233,9,2025-08-16,En mora
3840,Mrs. Stephanie Dunn,21443,10399,4,2025-01-05,En mora
3841,Danielle Bryan,7980,5645,4,2025-01-20,En mora
3842,Terry Howe,8715,12954,5,2024-04-12,Al día
3843,Donald Lopez,23476,12326,6,2025-07-11,En mora
3844,Maria Chen,15233,3858,3,2024-11-28,En mora
3845,Joshua Chapman,18410,2746,2,2024-10-11,En mora
3846,Bradley Adams,9065,12095,4,2024-09-28,Al día
3847,Steven Parker,14739,23840,9,2025-06-25,Al día
3848,Blake Hanna,1991,8566,5,2025-06-09,Al día
3849,Manuel Wilson,15755,14008,5,2025-01-25,En mora
3850,Kelly Moreno,5749,10818,5,2025-05-08,Al día
3851,Eric Willis,21876,10759,7,2025-07-19,En mora
3852,Sandra Moore,4777,15010,8,2025-04-15,Al día
3853,Timothy Hurley,2634,7023,3,2025-08-23,Al día
3854,Jacqueline Stewart,24112,12813,7,2025-07-05,En mora
3855,Kimberly Bass,8023,12692,6,2025-07-20,Al día
3856,Caleb Roberts,18849,14761,7,2025-03-11,En mora
3857,Joseph Johnson,2536,13002,8,2025-04-27,Al día
3858,Peter Gay,9726,8799,3,2025-07-30,En mora
3859,Caroline Cohen,4016,24111,10,2025-08-02,Al día
3860,Kathy Hayes,24424,14916,8,2025-04-02,En mora
3861,Dawn Brandt,7549,9370,4,2025-07-27,Al día
3862,Tammy Wilson,18283,3058,1,2024-05-11,En mora
3863,Nicholas Hill,13544,17713,7,2025-04-09,Al día
3864,Whitney Goodwin,9853,9315,3,2025-08-14,En mora
3865,Michael Gutierrez,18842,9177,4,2025-08-03,En mora
3866,James Ellis,16298,10846,5,2025-03-26,En mora
3867,James Ward,5224,6401,3,2025-03-30,Al día
3868,Jessica Miller,1956,14895,7,2024-10-02,Al día
3869,Anna Cox,24351,3731,1,2025-07-01,En mora
3870,Janet Simon,15636,5417,4,2025-06-18,En mora
3871,Sarah Watson,21999,4375,2,2025-02-15,En mora
3872,Juan Bailey,22411,8401,5,2024-10-31,En mora
3873,Julie Clark,14015,13509,5,2025-08-16,En mora
3874,Ryan Rush,23845,4864,2,2024-04-09,En mora
3875,Linda Sloan,24144,16428,8,2025-06-12,En mora
3876,Paige Davidson,6979,18175,10,2025-05-29,Al día
3877,Larry Smith,22255,13902,10,2025-04-15,En mora
3878,Sara Gonzalez,15035,6412,3,2025-05-06,En mora
3879,Sarah Villegas,14873,19572,8,2025-06-14,Al día
3880,Paige Harvey,9843,18598,8,2025-06-13,Al día
3881,Jodi Wilson,10976,15174,8,2025-04-18,Al día
3882,Janice Hendrix,15456,8557,3,2024-05-12,En mora
3883,Mr. Andre Fisher,8484,3261,2,2025-04-24,En mora
3884,Benjamin Bean,10052,15961,9,2025-08-20,Al día
3885,Terry Phillips,3063,9164,4,2025-07-12,Al día
3886,Thomas Lee,21754,8119,5,2025-05-20,En mora
3887,Melissa Lewis,8580,3504,3,2025-07-17,En mora
3888,Teresa Foster,7386,16875,9,2025-08-08,Al día
3889,Kimberly Zimmerman,1733,16358,7,2025-07-27,Al día
3890,Tanya Clark,7329,2771,4,2024-11-13,En mora
3891,Pamela Webster,21380,16972,10,2024-12-23,En mora
3892,Alexander Garrett,14339,11302,8,2025-04-25,En mora
3893,Paula Jackson,6571,21875,9,2025-08-02,Al día
3894,Cynthia Murphy,7959,17121,8,2025-01-01,Al día
3895,Wayne Ramos,1900,19604,9,2025-07-26,Al día
3896,Jeffrey Good MD,18287,11105,5,2025-07-19,En mora
3897,Amanda Nunez,16587,15943,6,2025-07-24,En mora
3898,Thomas Fuller,13870,12064,6,2025-07-11,En mora
3899,Thomas Watts,20615,9687,5,2024-10-12,En mora
3900,Paul Walton,17419,14711,7,2025-06-15,En mora
3901,Anthony Parker,8160,18808,10,2025-06-28,Al día
3902,Jacqueline Webb,3299,3501,3,2025-08-15,Al día
3903,Bruce Sullivan,5525,9529,5,2025-04-05,Al día
3904,Christopher Shaffer,20736,15392,9,2025-08-08,En mora
3905,David Medina,14831,13160,7,2025-08-10,En mora
3906,Eric Kelly,22900,4107,3,2025-07-29,En mora
3907,Kathleen Hamilton,20216,10120,5,2024-11-05,En mora
3908,David Flores,15536,16594,6,2025-04-07,Al día
3909,Stacey Campbell,21050,1988,2,2024-09-18,En mora
3910,Ricardo Guerrero,17831,6458,2,2024-03-31,En mora
3911,Courtney Fisher,20066,8273,5,2025-06-18,En mora
3912,Antonio Lawson,1647,21588,7,2025-08-11,Al día
3913,Jerry Carroll,14882,12126,8,2025-07-13,En mora
3914,Amber Smith,16239,19427,8,2025-05-05,Al día
3915,Tonya Long,5763,2162,1,2025-04-06,En mora
3916,Angela Rice,6495,13733,7,2025-03-18,Al día
3917,Chad Vance,13821,7090,4,2025-02-03,En mora
3918,Julie Moore,8555,2702,1,2024-03-06,En mora
3919,Cynthia Roberts,7478,8135,3,2025-02-09,Al día
3920,Molly Perkins,16064,7524,4,2025-06-02,En mora
3921,Alexandra Rosales,1574,3146,1,2025-04-27,Al día
3922,Nathaniel Hamilton,6226,19978,8,2025-06-25,Al día
3923,Kirsten Moore,20178,31202,10,2025-05-05,Al día
3924,Nicholas Morrow,17000,11226,6,2025-04-21,En mora
3925,William Hawkins,6884,15177,7,2025-07-18,Al día
3926,Teresa Riddle,13380,6306,3,2024-10-07,En mora
3927,Kenneth Bright,23130,6355,4,2025-02-09,En mora
3928,Tracy Lee,23764,6829,4,2025-06-19,En mora
3929,Brent Dawson,4718,1282,1,2025-06-16,En mora
3930,Taylor Edwards,9413,15216,6,2025-08-15,Al día
3931,Mary Ross,22206,1664,1,2024-11-24,En mora
3932,Ricky Anderson,17587,4255,4,2025-06-08,En mora
3933,Shelly Sandoval,16314,20785,8,2025-07-21,Al día
3934,Jennifer Ramirez,10886,12574,6,2025-01-27,Al día
3935,Patrick Lewis,13587,3941,2,2025-05-03,En mora
3936,Vickie Hanna,7224,6184,6,2025-08-16,En mora
3937,Willie Smith,16391,1249,1,2025-03-21,En mora
3938,Nicholas Raymond,5324,10514,3,2024-11-13,Al día
3939,Lisa Dixon,15079,11946,5,2025-03-17,En mora
3940,John Parks,18315,12617,6,2025-08-15,En mora
3941,Daniel Lambert,24803,14599,6,2025-03-22,En mora
3942,Karen Sullivan,12905,16789,8,2025-07-01,Al día
3943,Edward Peters,5068,15709,6,2025-07-01,Al día
3944,Donald Hernandez,7733,19647,9,2025-08-19,Al día
3945,Sara Potter,12768,7288,5,2025-05-30,En mora
3946,Lorraine Woods,12290,3283,2,2025-07-28,En mora
3947,Melissa Gomez,21009,14724,7,2025-07-25,En mora
3948,Cheyenne Johnson,7826,4355,2,2024-04-07,En mora
3949,Erika Thomas,24044,13144,9,2025-08-17,En mora
3950,Kathy Morgan,15256,15233,6,2025-06-25,En mora
3951,Stephanie Clark,12427,22162,10,2025-04-16,Al día
3952,Christina Reyes,21535,10306,6,2025-06-16,En mora
3953,Amanda Allen,2013,14673,7,2025-02-24,Al día
3954,Brian Harrison,6026,13925,8,2025-08-09,Al día
3955,Cesar Davis,20883,6955,3,2025-04-14,En mora
3956,Alan Shah,16312,17140,8,2025-07-24,Al día
3957,Robert Hughes,6089,9633,4,2025-05-07,Al día
3958,Erin Hatfield,1532,2500,1,2025-04-09,Al día
3959,Derrick Flores,1865,16937,8,2025-04-29,Al día
3960,Keith Howard,21071,12890,8,2025-06-23,En mora
3961,Kathleen Reed,9001,19996,9,2025-05-31,Al día
3962,Jessica Hernandez,4299,13106,5,2025-07-03,Al día
3963,John Moore,14544,11617,5,2025-06-15,En mora
3964,Andrea Gonzalez,2637,15524,9,2025-08-06,Al día
3965,Andrea Jones,16966,17634,8,2025-05-04,Al día
3966,Mary Rosales,18496,13605,5,2025-08-11,En mora
3967,Jamie Davis,12556,6989,8,2025-08-13,En mora
3968,Peter Gonzalez,11877,14509,6,2025-07-26,Al día
3969,Alison King,3048,23414,8,2025-08-23,Al día
3970,Lauren Soto,22144,10505,6,2025-08-02,En mora
3971,Teresa Holmes,21479,12323,6,2024-10-16,En mora
3972,Riley Taylor,11458,7871,4,2025-05-01,En mora
3973,Matthew Kelly,1425,5214,3,2025-07-07,Al día
3974,Alyssa Washington,12912,16774,7,2025-08-09,Al día
3975,Shannon Williams,10734,9454,4,2025-07-18,En mora
3976,Dustin Wheeler,21593,11232,4,2025-06-14,En mora
3977,Anthony Fischer,15594,24779,8,2025-01-08,Al día
3978,Colleen Perry,19426,15837,7,2025-07-14,En mora
3979,Meghan Jones,21825,9211,5,2025-08-09,En mora
3980,Gerald Choi,11470,6005,3,2024-07-01,En mora
3981,Robert Edwards,18171,7564,4,2025-04-01,En mora
3982,Terry Benson,4695,23010,10,2025-07-01,Al día
3983,Christopher West,10594,23790,10,2025-05-31,Al día
3984,Brittany Barnett,22577,14011,5,2025-05-31,En mora
3985,Teresa Bishop,12426,17346,7,2025-07-11,Al día
3986,Crystal Drake,19112,10124,5,2025-03-20,En mora
3987,William Mann,1372,5970,3,2025-04-27,Al día
3988,Kayla Castaneda,10365,2578,1,2024-10-21,En mora
3989,Jeffrey Ross,12664,6798,2,2025-08-20,En mora
3990,Oscar Johnson,9420,15800,6,2025-08-01,Al día
3991,Lauren Sutton,21296,1398,2,2024-11-25,En mora
3992,Christina Gonzalez,2190,9934,5,2024-12-27,Al día
3993,Mario Lopez,23253,4416,2,2025-06-02,En mora
3994,Toni Wade,19196,7901,4,2025-08-16,En mora
3995,Sabrina Fitzpatrick DDS,10980,25162,10,2025-08-17,Al día
3996,Alexandra Thompson,8927,19767,8,2025-06-18,Al día
3997,Richard Lewis MD,9723,2191,2,2025-02-18,En mora
3998,Jillian Fernandez,13154,12277,9,2025-04-06,En mora
3999,Keith Potts,16437,4465,3,2024-11-14,En mora
4000,Dr. Kayla Dean,22618,8154,4,2025-03-25,En mora
4001,Tiffany Berry,5016,3714,1,2023-08-28,En mora
4002,Jay Davila,23598,3974,1,2025-03-27,En mora
4003,Leslie Graham,24078,6054,3,2025-02-28,En mora
4004,Keith Miller,14960,9806,4,2025-07-17,En mora
4005,Carl Murray,8888,11346,7,2025-07-03,Al día
4006,Linda Clark,18026,3780,2,2023-11-25,En mora
4007,Sarah Johnson,1166,6900,2,2024-12-14,Al día
4008,Megan Douglas MD,5779,14382,7,2025-07-16,Al día
4009,Emily Hurst,7197,4737,2,2025-01-14,En mora
4010,Sara Cardenas,7899,13704,6,2025-08-15,Al día
4011,Angelica Arias,13654,22692,10,2025-07-23,Al día
4012,Allison Smith,15267,15961,8,2025-07-25,Al día
4013,Dale Bryant,7341,17348,9,2025-04-02,Al día
4014,Jason Terry,3668,8375,6,2025-06-05,Al día
4015,Derek Smith,4929,4549,2,2025-06-06,En mora
4016,Jennifer Neal,17492,9994,4,2025-07-25,En mora
4017,Megan Wagner,9207,5513,4,2025-03-28,En mora
4018,Rodney Adkins,6351,13713,7,2025-08-24,Al día
4019,Penny Sims,11430,11700,6,2025-08-19,Al día
4020,Peter Olson,10511,1175,1,2024-08-26,En mora
4021,Brent Hawkins,8644,6328,3,2025-06-08,En mora
4022,Thomas Cordova,24895,3862,1,2024-11-22,En mora
4023,Cindy Evans,2684,14130,5,2024-08-16,Al día
4024,Michael Lozano,10540,12228,4,2025-03-08,Al día
4025,Samantha Mathis,6364,10500,5,2025-08-18,Al día
4026,Alex Padilla Jr.,21784,16399,8,2025-08-04,En mora
4027,Christopher Clark,22310,13659,7,2025-06-18,En mora
4028,Andrew Reeves,20367,19178,8,2025-07-04,En mora
4029,Michelle Burgess,17460,16507,9,2025-05-07,En mora
4030,Hannah Hester,19151,20382,10,2025-06-16,Al día
4031,Jessica Rose,1789,2502,2,2025-08-16,Al día
4032,Stacy Pena,13593,12864,8,2025-01-15,En mora
4033,Dr. Alicia Rubio,19104,10912,7,2025-07-13,En mora
4034,Melanie Davis,18279,23220,10,2025-08-23,Al día
4035,Maria Cooper,24661,6689,3,2025-03-24,En mora
4036,Donald Floyd,7884,17373,8,2025-08-21,Al día
4037,George Liu,19345,20764,8,2025-06-17,Al día
4038,Jacob Reilly,2690,8471,4,2025-08-08,Al día
4039,Jessica Lloyd,5886,9404,6,2025-04-03,Al día
4040,Jorge Bauer,8897,5097,3,2024-08-24,En mora
4041,Robert Lyons,16244,7285,5,2025-03-20,En mora
4042,Maurice Robinson,3312,24248,10,2025-05-24,Al día
4043,Phillip Cooper,9799,7163,5,2025-03-31,En mora
4044,David Miller,10135,9314,5,2025-07-02,En mora
4045,Michael Porter,20776,16762,6,2025-08-15,En mora
4046,Anna Davis,17679,6307,4,2025-02-03,En mora
4047,Zachary Frederick,1036,18703,9,2025-08-24,Al día
4048,Shane Johnson,15989,13619,10,2025-08-23,En mora
4049,John Gilbert,18079,10000,7,2025-02-01,En mora
4050,Tiffany Cooke,7253,15033,7,2025-08-11,Al día
4051,Joshua Brown,19724,8429,3,2025-01-31,En mora
4052,Nicholas Franklin,12729,2732,2,2024-08-10,En mora
4053,Susan Nelson,10334,6822,5,2025-05-23,En mora
4054,John Welch,19842,22974,10,2025-07-17,Al día
4055,Michael Black,18658,1879,1,2024-12-15,En mora
4056,Julia Smith,13591,12353,5,2024-10-03,En mora
4057,Margaret Williams,16557,7682,5,2025-03-21,En mora
4058,Melissa Jones,22407,4074,4,2025-05-18,En mora
4059,Annette Pham,14281,10525,6,2025-01-15,En mora
4060,Larry Schmidt,13109,18881,8,2025-02-28,Al día
4061,James King,24933,12741,4,2025-04-17,En mora
4062,Mark Johnson,16000,20293,10,2025-08-16,Al día
4063,Ronnie Pollard,22259,10184,9,2025-08-23,En mora
4064,Dawn Brown,19306,9567,4,2025-03-02,En mora
4065,Jeffery Nichols,18721,8787,4,2025-05-04,En mora
4066,Hector Johnson,6816,10156,6,2025-05-12,Al día
4067,Jacob Williams,12310,9427,3,2025-01-04,En mora
4068,Erika Davis,20358,4216,2,2025-02-08,En mora
4069,Kimberly Burke,12707,15931,7,2025-07-20,Al día
4070,Raymond Ray,3966,14643,6,2025-07-10,Al día
4071,Henry Roberts,20496,18254,9,2025-01-04,En mora
4072,Molly Harris,23573,8828,4,2025-04-22,En mora
4073,Todd Rivers,12341,9092,5,2025-05-30,En mora
4074,Megan Foster,10186,2880,1,2024-09-02,En mora
4075,Christopher Sanchez,21250,6289,3,2025-01-25,En mora
4076,Elizabeth Martin MD,3122,9828,4,2025-06-11,Al día
4077,Tiffany Jacobson,19402,9628,4,2025-07-14,En mora
4078,Ralph Castaneda,12325,19074,7,2025-08-07,Al día
4079,Victoria Martin,14183,7864,3,2024-09-23,En mora
4080,Heather Bullock,2089,20568,10,2025-07-07,Al día
4081,Billy Collier,2063,14540,6,2025-05-26,Al día
4082,Jeffrey Mason,6877,7651,4,2025-04-16,Al día
4083,Joseph Townsend,24807,9677,3,2024-10-23,En mora
4084,Nichole Edwards,19726,10720,5,2025-04-17,En mora
4085,Anthony Shah,7458,9285,3,2025-05-15,Al día
4086,Amanda Ramirez,3389,8038,5,2024-08-15,Al día
4087,Tonya Martinez,13484,17609,9,2025-08-19,Al día
4088,Patricia Rogers,19596,17760,9,2025-04-01,En mora
4089,Steven Davis,4042,9591,4,2025-07-02,Al día
4090,Melinda Chavez,11741,14051,6,2024-12-13,Al día
4091,Andrew Huffman,4588,9721,5,2024-09-08,Al día
4092,Molly Robinson,3149,16963,10,2025-07-16,Al día
4093,Joshua Alexander,9494,3525,4,2024-12-13,En mora
4094,Kevin Reyes,7605,10451,6,2024-08-08,Al día
4095,Justin Murphy,16144,15018,6,2025-03-12,En mora
4096,Norman Rodriguez,18931,15824,8,2024-12-07,En mora
4097,Juan Lawson MD,9651,11582,7,2025-08-01,Al día
4098,Michelle Leonard,19774,12383,9,2025-08-24,En mora
4099,Arthur Bullock,24401,12685,7,2025-06-17,En mora
4100,Melanie Miller DDS,9835,6528,2,2025-08-03,En mora
4101,Jennifer Wilson,21598,8897,5,2025-05-24,En mora
4102,Cheryl White,6275,4057,2,2024-03-17,En mora
4103,Mary Brock,10138,15413,7,2025-04-06,Al día
4104,Joshua Brewer,2605,12944,7,2025-05-09,Al día
4105,Natalie Mitchell,15339,14840,4,2025-04-23,En mora
4106,Chad Fitzpatrick,18077,13745,6,2025-05-02,En mora
4107,Maureen Lawrence,22135,6871,3,2024-10-22,En mora
4108,Jeffery Miller,20299,5627,2,2024-06-22,En mora
4109,Rachael Davis,21851,9168,7,2025-07-07,En mora
4110,Jason Lane,5984,19386,10,2025-08-06,Al día
4111,Joseph Frazier,9162,3592,2,2024-08-08,En mora
4112,Garrett Shaw,1880,12433,6,2025-07-23,Al día
4113,Jamie Reid,23540,9039,4,2025-03-09,En mora
4114,Amanda Kelly,4693,5548,2,2025-04-05,Al día
4115,Miranda Martin,7262,13903,6,2025-07-12,Al día
4116,Leah Gonzalez,18836,4562,5,2025-07-23,En mora
4117,Heidi Norton,14763,6475,5,2025-05-14,En mora
4118,Brian Williams,12071,11971,4,2025-01-02,En mora
4119,Christopher Sullivan,18738,19053,8,2025-08-04,Al día
4120,William Baker,12291,8066,3,2025-07-18,En mora
4121,James Collins,2449,11587,6,2025-08-24,Al día
4122,Joseph Ray,19581,12756,7,2025-03-01,En mora
4123,Melinda Dickerson,4403,22174,9,2025-08-07,Al día
4124,Matthew Hodges,16710,17425,10,2025-07-28,Al día
4125,Patrick Stone,11556,3293,3,2024-05-12,En mora
4126,John Rodriguez MD,23462,16832,8,2025-08-06,En mora
4127,Christopher Williams,8486,5968,3,2025-03-02,En mora
4128,Matthew Martin,5850,1377,1,2024-08-05,En mora
4129,Bryan Martin,2572,6721,5,2025-07-09,Al día
4130,Ruth Watson,5865,7274,4,2025-03-29,Al día
4131,Nathaniel Garcia,4807,14026,10,2025-02-09,Al día
4132,Elizabeth Evans,3526,8548,5,2024-12-31,Al día
4133,Paula Richardson,7952,22109,10,2025-02-01,Al día
4134,Michael Boyer,16297,7470,3,2025-07-19,En mora
4135,Timothy Frank,9813,5640,4,2025-05-14,En mora
4136,Eric Underwood,9838,15709,10,2025-08-21,Al día
4137,Lawrence Smith,2417,3562,1,2024-08-18,Al día
4138,Matthew Phillips,6067,4559,4,2025-05-13,En mora
4139,Jay Fisher,1091,7238,3,2025-07-04,Al día
4140,Ethan Larson,2414,8954,4,2025-03-10,Al día
4141,Nancy Davis,4209,13934,5,2025-01-02,Al día
4142,Catherine Horne,20778,2468,2,2025-06-22,En mora
4143,Roy Warren,19924,24418,9,2025-08-25,Al día
4144,Phyllis Bond,9578,19023,9,2025-06-10,Al día
4145,John Conway,2177,16341,7,2025-06-28,Al día
4146,Judy Anderson,11318,14845,5,2025-08-25,Al día
4147,Karen Sanchez,4006,13204,7,2025-04-24,Al día
4148,Jeffrey Beck,1056,601,1,2023-08-28,En mora
4149,Ronald Rogers,16059,18993,8,2025-08-20,Al día
4150,Scott Wood,11139,18224,8,2025-07-18,Al día
4151,Tamara Miller,5385,22928,10,2025-08-20,Al día
4152,James Wu,15007,16909,7,2025-04-22,Al día
4153,Sharon White,13443,1458,1,2025-08-05,En mora
4154,Timothy Price,2316,6910,5,2025-07-11,Al día
4155,Richard Thornton,18601,12624,8,2025-07-08,En mora
4156,Taylor Boyer,2118,4404,2,2024-03-25,Al día
4157,Pamela Gutierrez,15563,9898,5,2025-06-16,En mora
4158,Kyle Turner,10036,5227,4,2025-04-01,En mora
4159,William Williams,21354,7471,3,2025-04-25,En mora
4160,Shelia Garcia,15850,8602,4,2025-02-04,En mora
4161,Debbie Arnold,10249,4533,2,2025-01-15,En mora
4162,Sheryl Buckley,8702,11545,6,2025-03-22,Al día
4163,Joe Williams,24477,16700,10,2025-08-02,En mora
4164,Robin Knight,22720,17151,8,2025-02-24,En mora
4165,Jacqueline Smith,16206,294,1,2024-11-05,En mora
4166,Brian Taylor,12068,17022,6,2025-08-07,Al día
4167,Fred Sanchez,15371,6594,4,2025-06-07,En mora
4168,Thomas Coleman,14057,9651,3,2025-08-15,En mora
4169,Adam Lewis,14982,18050,9,2025-08-14,Al día
4170,Jeanne Romero,10276,13828,5,2025-05-23,Al día
4171,Evan Dunn,17389,5302,3,2025-07-28,En mora
4172,Rhonda Murray,10354,4833,3,2024-06-16,En mora
4173,Craig King,6864,6986,3,2024-06-09,Al día
4174,Alison Owens,21511,4427,2,2025-04-07,En mora
4175,William Perry,13786,6203,4,2025-07-09,En mora
4176,Debra Myers,21581,1913,2,2025-02-04,En mora
4177,Thomas Wells,21931,8283,5,2025-06-28,En mora
4178,Sandra Shaw,10929,11152,6,2025-04-03,Al día
4179,Daniel Simmons,14638,5594,3,2024-12-12,En mora
4180,Jennifer Hensley,22919,18593,9,2025-05-05,En mora
4181,Heather Reid,23602,14210,6,2024-08-29,En mora
4182,Kristopher Avery,24680,11058,6,2025-08-24,En mora
4183,Emily Johnson,11333,10067,4,2025-01-09,En mora
4184,Charles Li,3235,3469,2,2025-07-20,Al día
4185,Michael Foley,16225,5818,5,2025-03-29,En mora
4186,Peter Shaffer,13522,11447,5,2025-07-21,En mora
4187,Jordan Johnson,8843,6516,3,2024-06-20,En mora
4188,Brad Cummings,5447,987,1,2024-11-24,En mora
4189,James Hall,10698,2651,2,2024-09-05,En mora
4190,Tyler Bell,18984,7598,3,2025-08-12,En mora
4191,Sharon Maldonado,17651,17915,7,2025-08-12,Al día
4192,Tiffany Parker,16329,12210,4,2025-05-25,En mora
4193,Chelsea Smith,18729,10635,5,2025-05-24,En mora
4194,Eric Rodriguez,15700,837,2,2024-05-25,En mora
4195,Michelle Jordan,7648,14563,6,2025-06-08,Al día
4196,Anna Arnold,19523,13202,6,2025-08-18,En mora
4197,Randy Reilly,24673,11402,6,2025-04-19,En mora
4198,Elizabeth Garrett,19606,2384,2,2024-11-30,En mora
4199,Timothy Fernandez,13280,13875,6,2025-08-08,Al día
4200,Matthew Jenkins,2609,9455,6,2025-07-30,Al día
4201,Kathleen Mueller,18568,14144,6,2025-06-10,En mora
4202,Justin Gamble,15450,2733,1,2025-03-10,En mora
4203,Jesse King,13722,13552,4,2025-04-26,En mora
4204,Kimberly Jensen,24467,5960,3,2025-04-12,En mora
4205,Bethany Johnson,13502,16916,7,2025-05-09,Al día
4206,Brady White,8575,11877,5,2024-11-04,Al día
4207,William Young,2596,2298,1,2025-04-11,En mora
4208,Timothy Phillips,2841,4597,2,2025-08-07,Al día
4209,Jessica Yoder,5901,8398,4,2025-04-22,Al día
4210,Kenneth Small,19188,7202,4,2025-02-20,En mora
4211,Robert Shaffer,12096,6705,3,2025-02-19,En mora
4212,Michael Williams,18554,10413,5,2024-11-23,En mora
4213,Joel Mitchell,2123,16380,8,2025-08-01,Al día
4214,Russell Jones,18868,1947,1,2025-08-23,En mora
4215,Denise Powell,4263,11713,4,2025-05-02,Al día
4216,Jack Scott,7176,5322,3,2025-06-22,En mora
4217,Anna Cisneros,14173,17297,9,2025-07-09,Al día
4218,Tammy Wilson,21128,14307,6,2025-08-16,En mora
4219,Nancy Silva DDS,6783,11791,4,2024-12-15,Al día
4220,Charlotte Stewart,18906,20832,9,2025-08-12,Al día
4221,Elizabeth Garrett,14089,12495,6,2025-05-05,En mora
4222,Alexandra Neal,22841,12066,4,2024-10-30,En mora
4223,Yolanda Martin,12868,19453,9,2025-08-04,Al día
4224,Miguel Jenkins,19545,15807,6,2025-07-10,En mora
4225,Brianna Olson,15812,1604,2,2024-10-21,En mora
4226,Jacob Lewis,5807,5076,3,2025-01-07,En mora
4227,Tristan Leon,11308,22156,9,2025-08-01,Al día
4228,Kaitlin Horton,16075,19270,9,2025-08-06,Al día
4229,Gregory Ruiz,5021,17137,10,2025-01-31,Al día
4230,Dustin Evans,15959,14526,8,2025-08-22,En mora
4231,Nicholas Sparks,1806,9037,5,2025-05-04,Al día
4232,Emily Wade,24506,18398,9,2025-05-23,En mora
4233,Joy Johnson,21976,23867,10,2025-08-22,Al día
4234,Brittany Briggs,16762,6309,4,2024-11-03,En mora
4235,Jessica Williams,15497,16052,8,2024-12-07,Al día
4236,Rachel Ellis,22174,8191,3,2024-12-21,En mora
4237,Benjamin George,13738,11771,6,2025-01-15,En mora
4238,Barbara Turner,6255,10994,6,2024-08-07,Al día
4239,Louis Walker,21471,18689,9,2025-08-02,En mora
4240,Kristina Hicks,3191,10486,5,2025-08-09,Al día
4241,Anthony Ruiz,24545,14844,6,2025-05-24,En mora
4242,Denise Myers,8954,15670,7,2025-07-29,Al día
4243,Kevin Mitchell,1980,1521,1,2024-05-02,En mora
4244,George Lawrence,15900,19685,7,2025-08-02,Al día
4245,Michael Moore,17343,23498,9,2025-06-26,Al día
4246,Stacy Santos,20880,9777,6,2025-03-25,En mora
4247,Joel Higgins,11975,13989,7,2025-05-26,Al día
4248,Lauren Lopez,19432,14716,8,2025-06-09,En mora
4249,Brenda Walker,23886,16775,9,2025-08-22,En mora
4250,Cynthia Carter,6478,2557,1,2023-11-12,En mora
4251,Heather Owens,6067,1069,1,2025-02-22,En mora
4252,Joshua Pham,23307,8399,5,2024-11-26,En mora
4253,Patricia Aguilar,3490,8970,3,2025-07-01,Al día
4254,Sarah Brewer,17630,17143,8,2025-05-19,En mora
4255,Dr. Charles Phillips II,5470,13731,5,2025-08-04,Al día
4256,Joan Brown,18048,14325,5,2025-03-08,En mora
4257,Nicholas Vargas Jr.,5696,1727,2,2024-08-19,En mora
4258,Alicia Finley,6419,7761,3,2025-03-18,Al día
4259,Sean Rodriguez,17901,14455,6,2025-08-13,En mora
4260,Mark Hernandez,16468,2938,1,2024-05-18,En mora
4261,Tristan Bailey,15410,8774,4,2025-07-31,En mora
4262,Mary Christian,16062,11670,6,2025-06-27,En mora
4263,Cynthia Walker,18885,12263,6,2025-07-17,En mora
4264,Lauren Long,19091,11527,8,2025-05-11,En mora
4265,Jennifer Mccoy,3841,5359,4,2025-07-01,Al día
4266,Kimberly West MD,13424,23283,9,2025-06-07,Al día
4267,Deborah Jensen,17727,13905,6,2025-07-19,En mora
4268,Christina Neal,5737,24424,9,2024-11-03,Al día
4269,Tom Rios,19918,6344,3,2025-05-24,En mora
4270,Shawn Fuentes,13948,8700,4,2024-12-17,En mora
4271,Natalie Cole,17357,3766,2,2025-06-28,En mora
4272,John Dixon,1187,10294,5,2025-01-01,Al día
4273,Suzanne Ray,19117,22844,10,2025-07-31,Al día
4274,Sean Yang,22229,1557,1,2024-07-25,En mora
4275,Candice Simpson,24581,8138,3,2025-08-24,En mora
4276,Jeremy Everett,20303,7876,3,2024-12-30,En mora
4277,Zachary Anderson,10696,16471,9,2025-03-07,Al día
4278,Peter Smith,16011,14150,7,2025-08-01,En mora
4279,Kristin Romero,4190,14759,8,2025-08-09,Al día
4280,Jaime Hill,1084,21501,10,2025-07-26,Al día
4281,Michael Williams,18854,13367,8,2025-03-14,En mora
4282,Emily Vaughn,16025,5042,3,2025-02-16,En mora
4283,David Cook,20341,18204,10,2025-04-04,En mora
4284,Robert Martin,4904,15482,10,2025-08-03,Al día
4285,Kelli Lopez,15345,6743,3,2024-12-22,En mora
4286,Melissa Lloyd,13221,6236,3,2025-04-25,En mora
4287,David Payne,10212,23902,10,2025-07-02,Al día
4288,Barbara Stewart,2957,10799,5,2025-07-10,Al día
4289,Michael Miller,14636,13885,5,2025-07-16,En mora
4290,David White,17224,24004,10,2025-06-13,Al día
4291,Richard Norton,23270,7538,4,2024-08-03,En mora
4292,Kathleen Hendrix,8079,862,1,2024-09-26,En mora
4293,Katrina Hurst,20790,9602,4,2025-05-21,En mora
4294,Michael Lyons,20861,9783,5,2025-08-22,En mora
4295,Nicholas Klein,3899,18921,9,2025-05-07,Al día
4296,Kevin Dean,4867,28311,9,2025-02-16,Al día
4297,Patrick Smith PhD,20621,23613,8,2025-03-11,Al día
4298,Danielle Flores,19791,18198,9,2025-05-19,En mora
4299,Dr. Brandi Wise DDS,20822,9679,5,2025-07-09,En mora
4300,Tiffany Stevens,6288,10615,5,2025-08-13,Al día
4301,Gregory Conner,12756,3055,2,2024-10-22,En mora
4302,John Rodriguez,13931,17911,8,2025-08-25,Al día
4303,Ashley Little,4704,15545,8,2025-07-28,Al día
4304,Chad Farrell,24038,523,1,2024-06-23,En mora
4305,Tina Hopkins,3156,19077,10,2025-07-30,Al día
4306,Michael Lopez,13410,22750,10,2024-09-03,Al día
4307,Robin Baker,16691,11769,6,2024-11-29,En mora
4308,Kimberly Potter,24782,20225,10,2025-08-22,En mora
4309,Alexander Brown,16468,7392,4,2025-08-20,En mora
4310,Kayla Gibson,20975,766,1,2025-03-11,En mora
4311,Sherry Zhang,9185,14546,8,2025-05-06,Al día
4312,Elizabeth Smith,20784,12402,8,2025-07-05,En mora
4313,Allison Wyatt,23221,22801,9,2025-08-24,En mora
4314,Gregory Snow,13817,8645,4,2025-08-09,En mora
4315,Stephanie Alvarez,3800,7675,4,2025-06-26,Al día
4316,Timothy Williams,2524,15116,7,2025-06-28,Al día
4317,Sarah Suarez,4756,20981,9,2025-08-01,Al día
4318,Angela Gilmore,2016,1595,2,2024-10-29,En mora
4319,Eileen Patel,21463,13312,6,2025-08-18,En mora
4320,John White,4072,15849,7,2025-07-01,Al día
4321,Judy Ward,6957,12993,9,2025-08-18,Al día
4322,Janet Miller,7861,11484,7,2025-06-24,Al día
4323,Sydney Santos,8821,5503,3,2025-08-21,En mora
4324,Kelly Harrison,23853,9156,3,2025-01-31,En mora
4325,Anthony Kennedy,18399,3240,2,2025-04-09,En mora
4326,Stephanie Jones,23451,9385,3,2024-12-15,En mora
4327,Thomas Hall,20966,12858,5,2025-05-19,En mora
4328,April Richards,2087,6015,5,2025-06-04,Al día
4329,Jason Lewis,6989,2162,2,2024-10-08,En mora
4330,Jason Williams,12946,10020,5,2025-07-22,En mora
4331,Alicia Ford,20732,20635,10,2025-02-04,En mora
4332,Samuel Flores,16113,12127,7,2025-06-29,En mora
4333,Dr. Maria Hill,13681,4159,3,2024-10-22,En mora
4334,Kyle Elliott,15598,3243,2,2024-10-18,En mora
4335,Rebecca Mcneil,2862,5889,3,2024-11-28,Al día
4336,Gregory Moore,1694,16485,7,2025-07-07,Al día
4337,Joshua Edwards,13200,2294,2,2025-07-19,En mora
4338,Eileen Cardenas,4540,14667,7,2025-03-21,Al día
4339,Robert Bray,9971,14836,9,2025-08-01,Al día
4340,Taylor Maldonado,6032,5436,3,2025-02-16,En mora
4341,Raymond Graham,7797,2022,1,2024-11-15,En mora
4342,Ricky Scott DDS,14530,3682,2,2025-08-01,En mora
4343,Anna Dominguez,16903,16268,8,2025-03-29,En mora
4344,Michael Cannon,19346,5638,3,2024-05-27,En mora
4345,Kevin Martinez,1718,14142,6,2025-07-27,Al día
4346,Caitlyn Evans,2252,15588,6,2025-01-09,Al día
4347,Jason Lutz,21259,15579,10,2025-07-26,En mora
4348,Tammy Johnson,15776,5534,3,2025-04-13,En mora
4349,Tyler Garcia,11144,8579,3,2024-12-26,En mora
4350,Adam Mcdaniel,15544,19282,10,2025-08-13,Al día
4351,Andrew Beard,23650,12794,7,2025-03-21,En mora
4352,Kristina Nunez,20540,13207,6,2025-05-16,En mora
4353,Krista Bowers,15533,22328,10,2025-02-09,Al día
4354,Daniel Pruitt,2111,14875,7,2025-06-10,Al día
4355,Joshua Campbell,4215,9138,5,2024-10-12,Al día
4356,Jason Baker,23840,19971,9,2025-06-20,En mora
4357,Richard Pittman,11902,14482,7,2025-04-17,Al día
4358,Angela Johnson,10142,10935,5,2025-06-13,Al día
4359,Andrew Harris,12671,2993,2,2024-08-03,En mora
4360,Emily Sparks,15052,15122,5,2025-05-31,Al día
4361,Elizabeth Wright,16226,777,1,2024-09-11,En mora
4362,George Miller,16757,15317,6,2025-08-21,En mora
4363,James Mccullough,12665,20512,10,2025-08-03,Al día
4364,Amber Chang,21161,9278,6,2025-08-18,En mora
4365,James Richardson,11907,14511,5,2025-01-30,Al día
4366,Alan Scott,3478,22757,9,2025-07-16,Al día
4367,Andrew Rhodes,3823,8916,4,2025-04-20,Al día
4368,Bailey Lucero,2662,10541,6,2024-10-07,Al día
4369,Samantha Briggs,15784,16902,9,2025-08-01,Al día
4370,Julia Wallace,7487,10737,4,2025-08-10,Al día
4371,Devon Craig,11268,10732,5,2025-08-13,En mora
4372,Elizabeth Robinson,23378,16388,6,2025-08-06,En mora
4373,Lindsay Thompson,24349,2463,2,2025-06-23,En mora
4374,Kenneth Trujillo,10617,14480,7,2025-05-12,Al día
4375,Craig Norris,16851,14396,6,2025-06-05,En mora
4376,Michael Herrera,2820,440,1,2025-02-11,En mora
4377,Joshua Garcia MD,22132,16993,6,2025-07-29,En mora
4378,Timothy Martinez PhD,24246,10866,6,2025-08-19,En mora
4379,Colleen Williamson,19853,19278,9,2025-07-09,En mora
4380,Savannah Bryant,15439,19062,7,2025-03-07,Al día
4381,Kaitlyn Williams,8682,6905,2,2025-04-02,En mora
4382,Cheryl Hamilton,20938,20955,9,2024-11-08,Al día
4383,Patrick Oneal,5624,11399,4,2025-04-12,Al día
4384,Tanya Lawrence,21657,1194,1,2025-05-06,En mora
4385,Robert Beard,1364,5593,6,2025-03-28,Al día
4386,Tara Stephens,3361,20858,10,2025-08-03,Al día
4387,Rachel Aguilar,3016,9398,5,2025-06-27,Al día
4388,Craig Bean,8457,13629,6,2025-05-26,Al día
4389,Peter Frank,1064,8195,4,2025-03-02,Al día
4390,Kiara Lawrence,10570,1032,1,2024-01-09,En mora
4391,Katie Hancock,9690,13587,8,2025-05-02,Al día
4392,Sean Crawford,23810,14977,5,2024-12-24,En mora
4393,Paula Collins,9170,10982,8,2025-03-03,Al día
4394,Sean Underwood,2138,14308,6,2025-03-19,Al día
4395,Amber Friedman,8408,17114,7,2025-08-17,Al día
4396,Henry Barnes,15119,17279,9,2025-03-05,Al día
4397,Carl Dickerson,16462,18116,7,2025-01-22,Al día
4398,Cynthia Atkins,5822,11915,5,2025-06-20,Al día
4399,Richard Alexander,23330,24404,10,2025-07-20,Al día
4400,Randy Sanchez,14004,20230,9,2024-07-23,Al día
4401,Samantha Goodwin,12697,4310,2,2025-05-22,En mora
4402,Alex Peters,9330,11925,5,2025-01-08,Al día
4403,Daniel Wade,4288,1599,1,2025-05-29,En mora
4404,Zachary Werner,24936,10060,5,2025-05-15,En mora
4405,Melody Mitchell,2421,6696,3,2024-02-22,Al día
4406,Anthony Mitchell,23703,14509,7,2025-07-01,En mora
4407,Jonathan Rodriguez,10358,24007,10,2025-07-23,Al día
4408,James Cohen,4580,9379,5,2025-08-13,Al día
4409,Jennifer Cole,23114,4540,3,2025-02-19,En mora
4410,Kelly Bullock,23282,9215,4,2025-06-30,En mora
4411,Dr. Lindsay Vincent MD,18460,3282,3,2025-08-05,En mora
4412,Ashley Gregory,14438,7324,5,2025-03-20,En mora
4413,Shaun Anderson,20732,12990,7,2025-08-21,En mora
4414,Kristina Lopez,18912,19077,7,2025-07-25,Al día
4415,Stephanie Small,20065,6829,4,2024-12-24,En mora
4416,Mark Woods,6188,14007,7,2024-12-25,Al día
4417,William Flynn,11689,4467,2,2024-09-26,En mora
4418,Shelby Harrison,22112,16882,8,2025-07-29,En mora
4419,Jennifer Allen,1891,14356,6,2025-08-08,Al día
4420,Charles Davidson,22626,20218,9,2025-08-18,En mora
4421,Ashley Ramirez,12918,16762,8,2025-07-25,Al día
4422,Ashley Ross,17416,21023,10,2025-05-11,Al día
4423,Aaron Gibbs,10352,3081,2,2025-06-23,En mora
4424,Charles Martin,22076,3918,3,2025-05-17,En mora
4425,Nicholas Stewart,22508,13352,5,2025-08-03,En mora
4426,Tonya Poole,23421,10273,4,2025-07-05,En mora
4427,Karina Chavez,18344,5370,5,2025-02-16,En mora
4428,James Smith,16083,18319,6,2025-07-24,Al día
4429,Erica Wolfe,13512,20743,9,2025-06-03,Al día
4430,Eric Gonzalez,20894,20625,9,2025-07-16,En mora
4431,Benjamin Dominguez,5525,17547,8,2025-07-22,Al día
4432,Seth Duncan,24019,20818,9,2025-07-24,En mora
4433,Patrick Whitaker,4045,8016,4,2025-02-17,Al día
4434,Eric Warner,13446,3342,1,2025-04-26,En mora
4435,Brandon Thompson,7121,12710,8,2025-07-23,Al día
4436,Debbie Young,7288,7824,3,2024-11-13,Al día
4437,Andrew Nguyen,9665,14258,6,2025-05-13,Al día
4438,Brendan Russell,8458,11195,5,2025-08-07,Al día
4439,Vanessa Randall,4721,2878,1,2025-04-07,En mora
4440,Lisa Lawrence,17524,16007,10,2025-07-12,En mora
4441,Joshua Caldwell,21008,8306,4,2025-04-18,En mora
4442,Alexis Villanueva,9704,12574,6,2025-05-16,Al día
4443,Shari Jenkins,24960,1383,1,2025-08-12,En mora
4444,Michael Clements,5809,6786,3,2025-08-23,Al día
4445,Kristie Schwartz,7000,853,1,2025-08-24,En mora
4446,Joseph Preston,8854,1957,1,2025-08-12,En mora
4447,Scott Brooks,14414,2642,2,2024-12-23,En mora
4448,Victoria Austin,6207,7304,5,2025-07-14,Al día
4449,Linda Dennis,8246,18190,10,2025-07-14,Al día
4450,Shannon Hernandez,14745,13381,7,2025-04-29,En mora
4451,Alyssa Williams,24467,17179,6,2025-04-12,En mora
4452,Bethany Ray,15208,11406,6,2025-07-09,En mora
4453,Brett Palmer,13404,5588,4,2024-11-07,En mora
4454,Dawn Meyers,12332,18483,8,2025-03-05,Al día
4455,Megan Porter,19045,6547,3,2024-09-25,En mora
4456,Zachary Watson,10494,21162,8,2025-05-18,Al día
4457,Rebecca Riley,22583,3707,1,2024-07-04,En mora
4458,Jennifer Perry PhD,1396,13217,9,2025-08-22,Al día
4459,Donald Lin,21001,11894,6,2025-06-29,En mora
4460,John Pennington,17651,4804,3,2025-04-24,En mora
4461,Breanna Williams,17754,3313,2,2024-01-11,En mora
4462,Tracy Perez,24479,3556,2,2025-07-08,En mora
4463,Lisa Harris,4988,12421,5,2025-06-26,Al día
4464,Shane Weeks,10357,10144,5,2024-10-02,En mora
4465,Mr. Michael Barnett,20797,13315,7,2025-08-14,En mora
4466,Anna Gray,11938,10449,6,2025-07-07,En mora
4467,Brian Singh,12843,25461,10,2025-08-24,Al día
4468,Lori Stewart,22531,6126,4,2025-07-27,En mora
4469,Anna Curtis,1484,10347,3,2024-08-09,Al día
4470,Cynthia Oconnor,4828,4843,2,2025-08-18,Al día
4471,Catherine Nelson,6238,5845,3,2024-10-20,En mora
4472,Theresa Daniels,24039,820,2,2025-02-28,En mora
4473,Alicia Cohen,24841,13981,6,2025-06-29,En mora
4474,Kelly Velazquez,9461,8052,3,2025-03-29,En mora
4475,John Mason,15380,13620,8,2025-08-05,En mora
4476,Tara Romero,5654,21219,8,2025-06-15,Al día
4477,Theodore Woods,6207,11719,5,2025-07-26,Al día
4478,Charles Garcia,22576,13374,6,2024-11-02,En mora
4479,Evan Schaefer,15588,7725,3,2025-06-04,En mora
4480,Richard Hansen,15645,7226,3,2025-04-23,En mora
4481,Kyle Cunningham,2272,17333,8,2025-07-06,Al día
4482,James Smith,1853,1279,2,2025-06-21,En mora
4483,Linda Pena,24968,19295,10,2025-04-27,En mora
4484,Adam Saunders,4416,20859,9,2025-08-18,Al día
4485,Walter Carlson,19634,7061,4,2024-11-13,En mora
4486,Amber Haney,20593,10769,6,2025-08-01,En mora
4487,Christina Robles,5350,18521,8,2025-05-10,Al día
4488,Deborah Smith,2272,27567,10,2025-03-19,Al día
4489,Elizabeth Sanders,12150,13171,5,2025-01-24,Al día
4490,Brittney Winters,1429,2600,1,2024-03-12,Al día
4491,Nicholas Carson,19610,11545,5,2025-05-30,En mora
4492,Shannon Gregory,19818,10508,4,2025-03-10,En mora
4493,Tara Mclaughlin,2219,15808,10,2025-05-30,Al día
4494,Randy Williams,1887,20132,9,2025-07-16,Al día
4495,Darin Malone,21311,3892,1,2025-01-02,En mora
4496,Brian Edwards,8833,7154,4,2025-08-23,En mora
4497,Laurie Powell,1073,16915,7,2024-06-29,Al día
4498,Mary Wagner,10792,12998,7,2025-04-04,Al día
4499,Antonio Burns,5548,8398,3,2025-06-11,Al día
4500,Jennifer Adams,4529,3675,1,2025-03-18,En mora
4501,Heather Hernandez,14586,7165,2,2025-04-08,En mora
4502,Amanda Henson MD,9589,17560,6,2025-08-22,Al día
4503,Steven Garcia,3613,6612,4,2025-08-01,Al día
4504,Lindsey Lawson,15105,21079,10,2025-06-17,Al día
4505,Mrs. Maria Callahan,7225,6016,3,2024-11-27,En mora
4506,Martin Bird,2439,24111,10,2025-07-20,Al día
4507,Steven Perry,5988,8304,5,2025-04-17,Al día
4508,Reginald Dunn,16292,5384,4,2025-05-04,En mora
4509,Heather Martinez,2163,13025,5,2025-05-23,Al día
4510,Aaron Martinez,2538,5662,3,2025-07-04,Al día
4511,Carrie Henry,8654,7523,4,2025-05-12,En mora
4512,Kevin Johnson,14705,16565,7,2025-07-22,Al día
4513,Richard Powell,22239,16833,10,2025-08-06,En mora
4514,Samantha Horne,6556,11579,5,2025-04-16,Al día
4515,Regina Peck,2895,2025,2,2025-07-28,En mora
4516,James Nash,1680,2804,1,2025-08-22,Al día
4517,Isaac Rivas,11499,22913,10,2025-08-15,Al día
4518,Angela Gibson,19379,12785,8,2025-06-27,En mora
4519,Angel Meyers MD,18870,15006,8,2025-07-15,En mora
4520,Antonio Moreno,24011,8779,3,2025-07-10,En mora
4521,Louis Perry,7326,10996,5,2025-04-09,Al día
4522,James Garcia,2892,6258,4,2024-04-09,Al día
4523,Angela Church MD,19348,6739,4,2025-06-21,En mora
4524,Julie George,14759,13728,9,2025-07-14,En mora
4525,Mrs. Lauren Johnson,17800,4743,2,2024-12-09,En mora
4526,Joshua Atkins,5369,2721,2,2024-06-20,En mora
4527,Daniel Anderson,13173,6516,2,2025-04-04,En mora
4528,James Perez,18973,12927,6,2025-07-22,En mora
4529,George Brock DDS,10421,23202,8,2025-04-17,Al día
4530,Tina Perez,23786,6899,5,2025-03-09,En mora
4531,Jacob Anderson,24072,5542,2,2025-06-15,En mora
4532,Gary White,13528,4134,2,2024-11-19,En mora
4533,Gregory Richard,7404,16363,7,2025-07-10,Al día
4534,Joseph Jones,3123,17024,9,2025-03-16,Al día
4535,Cameron Mitchell,14728,14478,7,2025-08-01,En mora
4536,Diane Johnson,4262,19489,7,2025-03-12,Al día
4537,Kristen Washington,10507,999,1,2025-05-28,En mora
4538,Timothy Lee,21535,5755,3,2025-06-04,En mora
4539,Sydney Deleon,12515,10972,5,2025-04-02,En mora
4540,William Ramirez,5220,1675,2,2025-01-14,En mora
4541,Margaret Smith,17079,25528,10,2025-04-09,Al día
4542,Frances Woodward,1071,2162,1,2025-01-12,Al día
4543,Donna Navarro,9140,16934,6,2025-08-23,Al día
4544,Kathryn Santiago,13153,16780,6,2025-02-15,Al día
4545,Jason Moore,24815,4420,3,2025-08-13,En mora
4546,Thomas Bennett,17375,6644,3,2025-03-02,En mora
4547,Kayla Hickman,23286,9283,3,2025-02-23,En mora
4548,Dominique Sparks,18208,5645,3,2025-05-22,En mora
4549,Dawn Webb,24098,9142,5,2025-08-18,En mora
4550,Jose Santiago,12121,4351,2,2025-01-28,En mora
4551,Arthur Meyer,3265,17638,10,2025-08-22,Al día
4552,Brad Vargas,18149,12053,6,2025-07-04,En mora
4553,Michelle Olson,24818,21073,9,2025-07-27,En mora
4554,Shawn Mccarthy,22558,3194,2,2024-10-04,En mora
4555,Elizabeth Garcia,5256,27418,10,2025-01-16,Al día
4556,Janet Hunter,18763,936,1,2023-09-10,En mora
4557,Ashley Henderson,15548,23209,9,2025-06-27,Al día
4558,Dennis Rodriguez,20529,4624,2,2024-07-26,En mora
4559,Jason Campbell,3961,12542,6,2025-08-23,Al día
4560,Jacqueline Norton,19121,4335,4,2025-03-16,En mora
4561,Andrew Thompson,3898,14531,6,2025-05-12,Al día
4562,Joseph Doyle,24773,6942,4,2024-12-08,En mora
4563,Amanda Cox,4923,10820,6,2025-05-23,Al día
4564,Sean Hill,17920,6692,2,2025-02-24,En mora
4565,Stephen Gutierrez,24473,1325,1,2024-09-02,En mora
4566,Lori Sanders,17213,6040,3,2025-06-13,En mora
4567,Joseph Johnson,2338,12396,7,2025-04-29,Al día
4568,Anthony Goodman,4199,4996,3,2025-05-27,Al día
4569,Holly Harris,13243,10158,8,2025-07-22,En mora
4570,Terri Diaz,7922,6416,2,2024-05-09,En mora
4571,Michael Nielsen,4917,23878,10,2025-06-06,Al día
4572,Joe Garcia,3961,3723,2,2024-01-07,En mora
4573,Melinda Jackson,9309,18893,8,2025-05-04,Al día
4574,Earl Simmons,2161,15250,9,2025-04-09,Al día
4575,Laura Cole,5271,9821,4,2025-06-21,Al día
4576,Donna Ross,9248,21605,9,2025-07-27,Al día
4577,Michael Curry,8708,10821,5,2025-04-16,Al día
4578,Matthew Lopez,19191,17072,7,2025-06-10,En mora
4579,Tony Hernandez,13096,4744,4,2025-06-17,En mora
4580,Todd Johnson,7821,10653,5,2025-08-03,Al día
4581,Nancy Golden,11665,9230,6,2025-08-01,En mora
4582,Melissa Carey,4262,11104,4,2024-09-30,Al día
4583,Natasha Wade,18087,13244,7,2024-01-25,En mora
4584,Peter Perry,10587,5883,4,2025-01-02,En mora
4585,Scott Burns,2986,5344,3,2024-12-26,Al día
4586,Rebekah Nelson,24158,1301,1,2025-05-26,En mora
4587,Jennifer Shaw,10673,2936,1,2024-06-26,En mora
4588,Kristen Gardner,21894,7954,3,2025-06-29,En mora
4589,Ethan Bush,10228,17738,10,2025-07-14,Al día
4590,Allison Schaefer,20853,862,1,2025-08-05,En mora
4591,Mitchell Brooks,10237,13855,5,2025-07-31,Al día
4592,Eric Wilson,24385,20282,9,2025-06-28,En mora
4593,Rita Pham,12247,3668,2,2025-08-19,En mora
4594,Diana Hardy,9143,20102,10,2025-04-21,Al día
4595,Sarah Lee,12866,2950,1,2024-02-27,En mora
4596,Natasha Houston,24549,7523,5,2025-04-21,En mora
4597,Pamela Reed,18094,2608,1,2024-12-13,En mora
4598,Rebekah Ball,4871,15262,9,2025-04-20,Al día
4599,Travis Franco,22303,13237,5,2025-07-29,En mora
4600,Michelle Russo,12794,2200,3,2024-08-15,En mora
4601,Lauren Mercado,15794,23129,9,2025-07-15,Al día
4602,Angela Reed,15212,15460,9,2025-08-02,Al día
4603,Clifford Cruz,10354,3376,2,2024-03-10,En mora
4604,Joshua Lopez,12580,17298,10,2025-03-08,Al día
4605,Vincent Salas,18831,17924,9,2025-08-08,En mora
4606,Thomas Montoya,15258,20042,10,2024-10-17,Al día
4607,Jennifer Potter,9417,9062,4,2024-10-24,En mora
4608,Yvette Wilson,21727,11510,6,2025-08-24,En mora
4609,Jennifer Cochran,22052,1603,1,2024-08-07,En mora
4610,Lynn Cochran,18210,9809,5,2025-02-07,En mora
4611,Danielle Faulkner,7989,4615,3,2025-04-25,En mora
4612,Paula Blevins,18875,8460,7,2025-05-27,En mora
4613,Terry Reid,21193,13044,10,2025-08-09,En mora
4614,Adam Davis,21581,17906,10,2025-05-15,En mora
4615,Brittany Adams,8870,17530,9,2025-05-15,Al día
4616,James Lopez,5071,18823,10,2025-05-18,Al día
4617,Lisa Flores MD,11753,1803,1,2024-01-16,En mora
4618,Christopher Martinez,20011,26097,9,2025-05-17,Al día
4619,Bridget Anderson,14679,23569,10,2025-06-26,Al día
4620,Susan Williams,19398,16397,6,2025-08-16,En mora
4621,Kevin Moore,1830,23793,10,2025-03-10,Al día
4622,Dr. Kenneth Grant MD,23680,18308,8,2025-06-17,En mora
4623,Sheri Delgado,20334,10273,5,2025-08-23,En mora
4624,Jeffrey Mills,6012,23325,9,2025-06-12,Al día
4625,Ashley Fischer,10616,13697,8,2025-05-26,Al día
4626,Edward Serrano,24779,13820,6,2025-08-06,En mora
4627,Robin Vaughn,17847,6860,3,2024-11-14,En mora
4628,Christopher Boyd,9621,10490,7,2025-07-20,Al día
4629,Judy Mejia DDS,16246,12933,6,2025-05-29,En mora
4630,Stephanie Brooks,20995,877,2,2024-12-22,En mora
4631,Deanna Green,15932,18639,8,2025-05-29,Al día
4632,Jimmy Martin,24807,8045,5,2024-08-03,En mora
4633,Julie Lawrence,5371,8553,6,2025-08-18,Al día
4634,Mrs. Tammy Sanchez,8778,10031,4,2025-02-20,Al día
4635,Tom Gross,13706,14778,9,2025-07-16,Al día
4636,Leah Hensley,1750,9412,4,2024-11-21,Al día
4637,Jorge Roberts,5344,12415,6,2025-07-21,Al día
4638,Gary Payne,3119,22015,9,2025-03-17,Al día
4639,Derek Hall,1073,9473,4,2025-05-23,Al día
4640,Destiny Gutierrez,10610,7554,3,2025-06-30,En mora
4641,Olivia Frazier,12593,10030,4,2025-05-21,En mora
4642,Samantha Howard,1574,682,1,2025-01-08,En mora
4643,Amanda Taylor,7374,13754,5,2025-04-24,Al día
4644,Joseph Kelley,7553,10112,6,2025-04-16,Al día
4645,Christopher Nichols,16382,4564,4,2024-10-19,En mora
4646,Terry Patrick,21189,2621,1,2024-11-16,En mora
4647,Madison Lee,13664,20850,8,2025-07-25,Al día
4648,Diane Clark,8997,17808,9,2025-07-09,Al día
4649,Brandon Howard,8451,4039,2,2024-06-03,En mora
4650,Angel Bishop,18160,7313,4,2024-11-25,En mora
4651,Edgar Young,3241,19955,9,2025-04-01,Al día
4652,Maria Wallace,13900,6017,4,2024-12-17,En mora
4653,Molly Levy,19996,23167,9,2025-07-30,Al día
4654,Stephanie Obrien,10348,20264,8,2025-07-22,Al día
4655,Aaron Robles,15245,12348,6,2025-08-22,En mora
4656,Ashley Garcia,2621,8857,4,2025-08-05,Al día
4657,Tara Ibarra,1446,6981,3,2025-08-14,Al día
4658,Richard Hayden,12280,19203,10,2025-06-05,Al día
4659,Andrea Bush,14430,22169,9,2025-07-16,Al día
4660,Pamela Robinson,10105,7455,5,2025-03-21,En mora
4661,Kelly Avery,9735,15739,8,2025-07-30,Al día
4662,Mary Riley,3037,11328,7,2025-06-03,Al día
4663,Amber Howard,16142,20541,10,2025-01-19,Al día
4664,Kenneth Wilson,8547,6990,4,2025-04-08,En mora
4665,Leslie Merritt,19742,19675,9,2025-08-03,En mora
4666,Harold Perez,16203,6895,5,2025-07-18,En mora
4667,Scott Webb,18211,8948,5,2025-08-15,En mora
4668,John Newman,5502,12622,6,2025-06-16,Al día
4669,Lisa Bell,4009,6072,6,2025-04-25,Al día
4670,Emily Green,3989,7181,3,2025-06-15,Al día
4671,Jessica Morris,17460,5460,3,2025-08-22,En mora
4672,Michael Campbell,14630,19510,10,2025-08-20,Al día
4673,Stephen Martinez,16189,8327,5,2025-07-03,En mora
4674,Mark Sheppard,6881,23161,9,2025-08-19,Al día
4675,Jeffrey Webb DDS,3284,6227,3,2025-05-29,Al día
4676,Shelly Gibbs,4429,8220,3,2025-05-23,Al día
4677,Mark Brown,17902,11507,8,2025-05-10,En mora
4678,Michael Herrera,7900,17359,8,2025-07-13,Al día
4679,Leslie Short,13267,4933,3,2024-10-09,En mora
4680,Ashley Smith,19116,8382,3,2024-12-04,En mora
4681,Stacey Gordon,15544,5005,2,2025-05-06,En mora
4682,Jacob Christensen,5151,10515,4,2025-06-04,Al día
4683,Ian Kane,9847,17805,7,2025-08-10,Al día
4684,Amanda Johnson,1712,6492,4,2025-01-18,Al día
4685,Kristen Berry,3138,13216,6,2025-04-01,Al día
4686,Duane Adams,13418,11616,7,2025-08-08,En mora
4687,Christopher Mitchell,2036,11401,6,2025-08-15,Al día
4688,Mitchell Espinoza,5125,17360,8,2025-01-07,Al día
4689,Zachary Valdez,18258,6345,3,2024-10-22,En mora
4690,Russell Meyer,14482,1137,2,2024-06-21,En mora
4691,Edgar Hill,22139,16318,6,2025-04-28,En mora
4692,Ashley Calderon,19133,2244,2,2025-01-30,En mora
4693,Rebecca Stanley,9139,2696,1,2023-09-19,En mora
4694,Dylan Miller,19667,6427,4,2025-07-21,En mora
4695,Denise Woodward,11028,9985,4,2025-01-08,En mora
4696,Jerome Sullivan,4892,3785,4,2025-07-19,En mora
4697,Ivan Watts,10257,13431,7,2025-07-16,Al día
4698,Colleen Murray,13160,3493,2,2024-09-10,En mora
4699,Gina Tapia,16653,7503,5,2025-03-29,En mora
4700,Tyler Greene,17314,1525,1,2024-10-20,En mora
4701,Mary Rodgers,5814,12268,5,2025-04-05,Al día
4702,Eric Li,12583,6769,3,2025-04-10,En mora
4703,Anthony Foster,1984,9231,5,2025-07-13,Al día
4704,Rachel Knapp,14986,7274,4,2025-08-14,En mora
4705,Stephanie Baker,2529,11555,7,2025-05-10,Al día
4706,Isabella Wilson,24477,5908,3,2025-08-10,En mora
4707,Melissa Yoder,1658,11196,6,2025-08-09,Al día
4708,Andrew Lopez,19453,9757,4,2025-07-10,En mora
4709,Matthew Gonzales,8429,4661,2,2025-07-19,En mora
4710,Sarah Oliver,3740,24312,10,2025-08-11,Al día
4711,Kim Smith,5991,9683,6,2025-07-23,Al día
4712,Michael Johnson,9965,11416,5,2025-03-22,Al día
4713,Shane Shaw,8598,3985,2,2024-12-28,En mora
4714,Kyle Hahn,14133,17145,9,2025-06-08,Al día
4715,Kelly Smith,4622,19907,9,2025-08-05,Al día
4716,Michael Freeman,8254,2224,2,2025-08-16,En mora
4717,Mr. Frederick Moore,9731,16749,6,2025-06-16,Al día
4718,Chad Lawrence,15170,3741,2,2024-04-01,En mora
4719,Kelly Anderson,22690,14822,6,2025-07-30,En mora
4720,Frank Jones,9988,18710,9,2025-03-01,Al día
4721,Dawn Owens,8773,21792,9,2025-07-23,Al día
4722,Cameron Wong,23093,19998,7,2025-08-10,En mora
4723,Christopher Lyons,4453,5966,3,2024-12-07,Al día
4724,Joseph Watson,18936,7541,5,2025-01-02,En mora
4725,Selena Gonzalez,17742,6432,2,2024-08-31,En mora
4726,Megan Moore MD,18099,4803,4,2025-06-16,En mora
4727,Nancy Hill,12491,8919,6,2024-11-16,En mora
4728,Rodney Murray,13868,23256,10,2025-06-28,Al día
4729,Brooke Ruiz,11053,2658,2,2024-08-01,En mora
4730,Tami Odom,12495,23971,10,2025-01-07,Al día
4731,Thomas Hancock,4754,23785,9,2025-05-15,Al día
4732,Vickie Avery,18737,4094,4,2025-06-05,En mora
4733,Bianca Hayes,14433,17145,10,2025-08-11,Al día
4734,Wendy Mendoza,14870,10845,8,2025-08-14,En mora
4735,Mr. Darren Tate,22257,10907,6,2025-07-26,En mora
4736,Daniel Reese,17648,17314,7,2025-08-05,En mora
4737,Andrew Hines,5360,15907,7,2025-02-16,Al día
4738,Marie Cisneros,2304,10958,8,2025-06-18,Al día
4739,Rachel Watson,6444,10059,6,2025-07-09,Al día
4740,Corey Orr,13200,7953,4,2025-06-26,En mora
4741,Lindsey Ortiz,23114,22097,10,2025-02-23,En mora
4742,Erik Yang,16518,8435,7,2025-01-01,En mora
4743,Billy Peterson Jr.,1530,2697,1,2024-01-31,Al día
4744,Stacy Cunningham,21916,10555,4,2025-04-01,En mora
4745,Andrea Sosa,20801,18157,8,2025-07-27,En mora
4746,Stephanie Cardenas,3827,3391,2,2025-04-29,En mora
4747,Alison Wilson,9751,16194,8,2025-08-06,Al día
4748,Jennifer Brown,14237,15259,6,2025-08-02,Al día
4749,Yolanda Cook,19501,6660,3,2024-07-25,En mora
4750,Michelle Stewart,13288,11860,6,2025-08-23,En mora
4751,Pamela Richard,5312,9925,4,2024-12-26,Al día
4752,Diana Grant,4991,20495,9,2025-06-26,Al día
4753,Paul Rose,12068,15159,8,2025-03-20,Al día
4754,Michael Wolf,10630,10969,4,2025-06-22,Al día
4755,Richard Crawford,10587,13820,6,2025-04-29,Al día
4756,Ryan Flores,12780,15096,7,2025-07-17,Al día
4757,James Roberts,16917,6219,2,2025-03-27,En mora
4758,Cynthia Stein,20415,16731,6,2024-11-23,En mora
4759,Michael Brown,21712,19281,9,2025-03-27,En mora
4760,Sheila Oliver,19882,15538,6,2025-01-03,En mora
4761,Brandon Thompson,10146,12317,9,2025-03-10,Al día
4762,Jeffrey Rodriguez,6286,10859,4,2025-02-21,Al día
4763,Monica Pearson,13756,7412,5,2025-08-20,En mora
4764,David Miller,3364,2199,1,2024-12-11,En mora
4765,Dr. Scott Hicks,11442,13817,7,2025-03-28,Al día
4766,Douglas Miller,1976,9151,4,2024-08-05,Al día
4767,Christine Hoffman,22798,11893,7,2025-07-05,En mora
4768,Kevin Brown,1212,13037,6,2025-03-21,Al día
4769,Gina Russo,3303,14402,6,2025-04-16,Al día
4770,Ashley Anderson DVM,15688,13361,7,2025-07-20,En mora
4771,Brent Leach,4043,6410,3,2025-01-30,Al día
4772,Jackie Mahoney,12302,9334,6,2025-04-08,En mora
4773,Christopher Zamora,15540,19494,8,2025-08-21,Al día
4774,Chris Allen,4423,10949,6,2025-03-22,Al día
4775,Ronald Lopez,19228,6949,5,2025-03-12,En mora
4776,Jeffrey Hopkins,19553,7281,3,2025-01-27,En mora
4777,Ronald Nichols,17333,4008,3,2025-08-11,En mora
4778,Kevin Hernandez,24181,13880,8,2025-06-08,En mora
4779,Phillip Bradley,19102,16756,6,2025-01-31,En mora
4780,Brittany Moore,11128,16969,9,2025-08-14,Al día
4781,Sarah Miller,11644,14709,8,2025-08-23,Al día
4782,Charles Ball,23242,6430,3,2025-01-07,En mora
4783,Maureen Murray,3052,11459,6,2025-04-14,Al día
4784,Susan Stevens,18830,1412,1,2024-05-26,En mora
4785,James Padilla,18213,4213,2,2025-08-04,En mora
4786,Carmen Young,15685,7608,4,2025-03-07,En mora
4787,Shirley Rosario,12856,12982,6,2024-09-04,Al día
4788,Jermaine Figueroa,22904,18998,10,2025-05-03,En mora
4789,Jennifer Anderson,10519,13994,5,2025-06-01,Al día
4790,Matthew Brown,11289,16807,9,2025-03-29,Al día
4791,Peter Clark,5802,16908,10,2025-04-26,Al día
4792,Kevin Harris,8409,17387,10,2025-06-24,Al día
4793,Anthony Lewis,20925,23687,10,2025-03-11,Al día
4794,Victoria Lynn,21794,8406,4,2025-08-16,En mora
4795,Scott Brown,16990,14810,5,2025-03-22,En mora
4796,Hannah Todd,6205,16680,7,2025-07-23,Al día
4797,Anthony Payne,9773,23805,9,2025-03-18,Al día
4798,Samantha Manning,24997,2628,2,2024-10-30,En mora
4799,George Walker,10376,16668,8,2024-09-04,Al día
4800,Vincent Butler,4606,8530,5,2024-08-30,Al día
4801,Wendy Goodwin,20601,21827,10,2025-08-24,Al día
4802,Laurie Miller,3063,13957,8,2025-04-12,Al día
4803,Jennifer Young,7192,6387,2,2025-02-13,En mora
4804,Amy Hines,5490,20238,9,2025-08-04,Al día
4805,Elizabeth Davis,14997,3329,2,2025-02-12,En mora
4806,Marcus Johnson,12328,10231,5,2025-05-31,En mora
4807,Jennifer Smith,13568,10809,6,2025-05-14,En mora
4808,Bailey Henson,21160,17529,7,2025-02-26,En mora
4809,Jared Briggs,1213,18267,9,2025-07-09,Al día
4810,Nathan Martin,16053,6103,2,2025-07-28,En mora
4811,Kimberly Wright,23686,13494,7,2025-02-22,En mora
4812,Andrea Webb,19396,7412,6,2025-03-19,En mora
4813,Richard West,21084,3328,2,2024-12-31,En mora
4814,Mr. Jamie Davis MD,11867,11926,6,2025-04-14,Al día
4815,Robert Smith,17353,11841,5,2025-02-05,En mora
4816,April Hill,11334,4074,3,2025-03-16,En mora
4817,John Perez,4258,11227,6,2025-04-26,Al día
4818,John Jackson,10800,15868,8,2025-04-01,Al día
4819,Ralph Robinson,12632,14740,6,2025-07-09,Al día
4820,Jennifer Escobar,9739,14734,9,2025-08-25,Al día
4821,Sierra Davis,15795,12471,6,2025-06-02,En mora
4822,Renee Phillips,15852,8375,4,2025-04-14,En mora
4823,Norma Russell,13042,21663,10,2025-06-20,Al día
4824,Richard Reyes,15511,400,1,2024-01-27,En mora
4825,Tamara Bell,23033,13964,9,2025-08-21,En mora
4826,Sarah Allen,4598,1542,1,2024-08-22,En mora
4827,Dr. Philip Whitaker,13686,6142,3,2025-07-29,En mora
4828,Adam Nunez,22722,9274,5,2025-03-01,En mora
4829,Kristopher Mitchell,2567,7221,6,2025-07-08,Al día
4830,Ricardo Butler,17127,11819,4,2024-11-19,En mora
4831,Alexa Jimenez,9006,3428,2,2025-07-29,En mora
4832,Sara Elliott,21982,9150,8,2025-06-23,En mora
4833,Dawn Ross,8993,22898,8,2025-07-02,Al día
4834,Paul Maldonado,22166,3537,3,2025-02-23,En mora
4835,Dana Hughes,20332,5409,3,2025-05-03,En mora
4836,Tanya Sullivan,13708,15445,10,2025-08-15,Al día
4837,Matthew Lopez,17418,17091,10,2025-06-19,En mora
4838,James Shepard,5118,7174,4,2024-09-25,Al día
4839,Mrs. Christina Jenkins,21254,15868,8,2025-06-20,En mora
4840,Paul Lewis,6983,10629,5,2025-05-08,Al día
4841,Kevin Roth,20855,10450,4,2025-06-16,En mora
4842,Mark Oliver,9326,24566,9,2025-06-19,Al día
4843,Michelle Williams,15344,15941,6,2025-04-07,Al día
4844,Tiffany Thompson,21050,1924,1,2023-12-05,En mora
4845,Connor Harrington,10894,8778,3,2024-03-15,En mora
4846,William Ward,15507,14555,6,2025-06-27,En mora
4847,Julia Brown,21434,13234,5,2025-04-09,En mora
4848,James Moreno,3551,3518,1,2024-12-13,En mora
4849,Kristy Ware,20240,11303,6,2024-11-17,En mora
4850,Annette Ashley,21106,13391,6,2025-04-10,En mora
4851,Mark Orr,11006,18815,9,2024-11-24,Al día
4852,Jason Taylor,9952,16203,6,2025-05-16,Al día
4853,Karen Wright,22313,2033,2,2025-06-14,En mora
4854,Kelly Rodriguez,24546,10335,5,2025-05-15,En mora
4855,Dominique Johnson,1955,11599,6,2025-06-29,Al día
4856,Jane Johnson,4189,9380,3,2024-09-23,Al día
4857,Erin Watson,7052,21985,10,2025-06-11,Al día
4858,Julie Sanders,19960,3166,3,2025-06-25,En mora
4859,Paul Valdez,7464,14625,6,2025-01-20,Al día
4860,Christine Anderson,18159,3797,1,2024-06-21,En mora
4861,Gary Arellano,24960,16534,6,2025-06-08,En mora
4862,Mark Shepard,1791,14868,9,2025-07-13,Al día
4863,John Sullivan,2953,320,1,2024-03-19,En mora
4864,Megan Morgan,5805,5487,2,2024-10-15,En mora
4865,Cody Chen MD,14085,10374,5,2025-06-18,En mora
4866,Marilyn Villegas,15782,6259,2,2024-12-08,En mora
4867,Steven Shepard,19922,10060,5,2025-07-14,En mora
4868,Michelle Oliver,2925,3502,3,2025-06-13,Al día
4869,Kenneth Cruz,20710,20257,9,2025-07-14,En mora
4870,Steven Gonzalez,15200,10989,6,2025-01-27,En mora
4871,Misty Hines,19585,14985,8,2025-05-21,En mora
4872,David Cox,3470,16656,8,2025-08-13,Al día
4873,Marissa House,12141,18927,8,2025-04-21,Al día
4874,Carlos Smith,24423,13989,6,2025-08-13,En mora
4875,Stephen Shaw,2885,12106,6,2025-07-06,Al día
4876,William Mccormick,12257,4029,5,2025-08-17,En mora
4877,Lauren Wang,3348,8478,4,2025-05-16,Al día
4878,Robert Mathis,22030,14806,8,2025-02-08,En mora
4879,Brandy Melton,7310,12737,5,2025-03-12,Al día
4880,Robert Parker,12311,17069,9,2025-06-17,Al día
4881,Dr. Jennifer Gordon,15655,25491,9,2025-07-16,Al día
4882,David Holland,7982,17929,7,2025-01-09,Al día
4883,Jamie Morales,3173,3341,2,2025-07-12,Al día
4884,Samantha Davis,17029,11038,7,2025-08-25,En mora
4885,Ann Williamson,21701,22647,10,2025-08-17,Al día
4886,Andrew Williams,1588,14274,5,2025-06-09,Al día
4887,Todd Perez,7825,9644,6,2025-08-21,Al día
4888,Jamie Arnold,10634,3660,1,2025-04-05,En mora
4889,Vanessa Clay,21717,2361,1,2024-01-18,En mora
4890,Ryan Parker,8209,6760,2,2024-08-07,En mora
4891,David Taylor,13644,20187,10,2025-02-27,Al día
4892,Michael Brown,2376,16155,7,2025-08-22,Al día
4893,Jose Thomas,3820,1765,1,2024-11-27,En mora
4894,Edward Guerra,19982,9600,3,2024-11-28,En mora
4895,Andre Anderson,13177,9709,5,2025-02-01,En mora
4896,Beth Flores,18084,15258,5,2025-05-24,En mora
4897,Arthur Williams,18831,5770,2,2025-01-27,En mora
4898,Crystal Simpson,4182,9677,4,2025-06-29,Al día
4899,Stephen Myers,21183,1166,2,2025-07-21,En mora
4900,Robert Liu,7780,6803,3,2025-04-30,En mora
4901,Marcus Taylor,13049,18380,8,2025-07-28,Al día
4902,Mallory Gomez,5640,12591,7,2025-05-24,Al día
4903,Anthony Anderson,1427,16762,6,2025-07-11,Al día
4904,Lauren Henderson,14298,11513,6,2025-08-03,En mora
4905,Timothy Arroyo,19772,9159,5,2025-05-24,En mora
4906,Elizabeth Pearson,21629,13063,7,2025-04-30,En mora
4907,Sarah Parker,4118,8901,5,2025-04-02,Al día
4908,Edgar Mack,22726,5603,5,2025-08-05,En mora
4909,Blake Hale,20941,15414,7,2025-07-16,En mora
4910,Kristen Conrad,22662,7642,6,2025-05-09,En mora
4911,Meghan Baldwin,12936,4071,2,2025-08-01,En mora
4912,Connie Jimenez,19848,23187,8,2025-06-25,Al día
4913,Thomas Page,18077,9205,5,2025-03-22,En mora
4914,Mr. Anthony Burch,5143,11302,4,2025-04-29,Al día
4915,Brian Romero,14475,14048,7,2025-04-19,En mora
4916,James Mcbride,22283,17867,9,2025-05-19,En mora
4917,Anthony Owens,22237,15996,9,2025-06-01,En mora
4918,David Gregory,12893,7129,2,2024-08-03,En mora
4919,Steven Weiss,20398,7665,4,2025-08-05,En mora
4920,Katelyn Cooper,14406,14965,5,2024-11-09,Al día
4921,Marc Edwards,10235,10141,5,2025-01-13,En mora
4922,Lauren Munoz,24508,9316,5,2024-10-19,En mora
4923,Bradley Harris,5242,2200,2,2024-04-05,En mora
4924,James Parrish,23072,21328,10,2025-05-14,En mora
4925,Jeffrey Davis,22436,5850,2,2024-11-08,En mora
4926,Denise Ramsey,17570,15459,5,2025-06-11,En mora
4927,Brian Thompson DVM,20955,1029,1,2024-09-02,En mora
4928,Thomas Singleton,6094,3201,1,2024-06-29,En mora
4929,Todd Castaneda,22320,6805,3,2025-01-26,En mora
4930,James Padilla,23602,14763,9,2025-03-24,En mora
4931,Alexis Martin,19245,13970,6,2025-07-20,En mora
4932,Raymond Edwards,7408,20404,8,2025-08-19,Al día
4933,Miguel Sanders,12020,13083,7,2025-03-15,Al día
4934,Tracey Pittman,18152,12296,5,2025-06-30,En mora
4935,Karla Baker MD,18032,11892,5,2025-06-22,En mora
4936,Sheila Bennett,2551,11878,4,2025-05-12,Al día
4937,Jessica Davis,9825,13766,6,2025-07-20,Al día
4938,Kevin Summers,19638,8204,4,2025-08-24,En mora
4939,Christine Williams,2551,20116,9,2025-07-19,Al día
4940,Linda Middleton,12969,3203,1,2024-03-13,En mora
4941,Kirsten Phillips,16253,15883,7,2025-04-22,En mora
4942,Rhonda Garza,12476,14244,8,2025-08-19,Al día
4943,Jillian George,13268,5588,3,2024-05-15,En mora
4944,Richard Green,16265,13894,7,2024-10-30,En mora
4945,Eduardo Scott,10321,22885,10,2025-07-31,Al día
4946,Charles Robinson,18538,17714,7,2025-07-21,En mora
4947,Aaron Fisher,3466,12468,7,2025-08-15,Al día
4948,Heather Long,7806,8564,4,2025-08-12,Al día
4949,Michael Mendoza,16470,10221,4,2025-05-12,En mora
4950,Ryan Gonzalez,19552,6149,3,2025-01-26,En mora
4951,Joseph Baker,1119,11640,6,2025-05-14,Al día
4952,Tiffany Johnson,7737,6338,3,2024-08-29,En mora
4953,Charles Sanchez,11748,10933,6,2025-06-30,En mora
4954,Billy Armstrong,4573,22050,10,2025-07-11,Al día
4955,Rachel Spencer MD,8773,6371,2,2024-09-11,En mora
4956,Karen Martinez,6616,25193,9,2025-08-04,Al día
4957,Elijah Pham,19854,14572,6,2025-02-18,En mora
4958,Connie Gutierrez,10872,6381,4,2025-06-04,En mora
4959,Jeremy Morales,21329,10876,5,2025-01-30,En mora
4960,Charles Adams,16639,4546,3,2024-10-10,En mora
4961,Carol Anthony,3687,13056,9,2025-07-29,Al día
4962,Deborah Jackson,19489,315,1,2025-08-19,En mora
4963,Zachary Wilson,5752,14536,7,2025-08-05,Al día
4964,Jamie Murray,21920,4617,5,2025-06-12,En mora
4965,Lindsay Booth,6982,1735,1,2023-08-31,En mora
4966,Jessica Lee,10281,12427,5,2025-03-17,Al día
4967,Carol Travis,15318,5115,5,2025-08-15,En mora
4968,Lori Jones,2930,11972,7,2025-06-03,Al día
4969,Donna Lambert,12755,752,1,2025-08-08,En mora
4970,William Holland,7420,6969,3,2025-08-12,En mora
4971,Nathan Ramirez,13277,17598,8,2025-08-15,Al día
4972,Kevin Cooke,23004,17080,6,2025-08-02,En mora
4973,Mary Vazquez,24561,20323,9,2025-07-20,En mora
4974,Max Powers,7678,3120,1,2025-08-25,En mora
4975,William Gonzalez,4962,11218,6,2025-05-23,Al día
4976,Craig Wilson,3234,11807,7,2025-07-24,Al día
4977,Kenneth Williamson,11909,8919,6,2025-08-06,En mora
4978,Heidi Tate,22770,13330,8,2024-12-24,En mora
4979,Daniel Ford,17733,20625,10,2025-08-14,Al día
4980,Karen Werner,11280,22944,10,2025-07-15,Al día
4981,Dana Allen,19639,3949,1,2024-07-04,En mora
4982,Robert Gardner,21902,7723,3,2024-10-03,En mora
4983,Anita Wilson,1898,3199,2,2024-03-02,Al día
4984,Dawn Moore,8453,10848,5,2025-07-27,Al día
4985,Alexis Torres,14816,15830,8,2025-02-26,Al día
4986,Jose Davis,16807,20543,10,2024-12-26,Al día
4987,Joanne Baker,2451,14548,6,2025-06-16,Al día
4988,Luis Thomas MD,3887,2531,1,2023-11-16,En mora
4989,Timothy Johnson,12835,20162,9,2025-06-16,Al día
4990,Randall Perkins,18506,18932,10,2025-02-25,Al día
4991,Jeremy Summers,2142,14341,8,2025-07-16,Al día
4992,Michele Johnson,7614,2257,1,2023-10-11,En mora
4993,Lisa Fleming,7493,14348,6,2025-05-05,Al día
4994,Amber Miller,21044,18258,9,2025-07-24,En mora
4995,Nicole Reyes,14065,7196,4,2025-02-11,En mora
4996,Nicholas Ferguson,2285,3845,2,2023-12-09,Al día
4997,Thomas Hanson,15179,10178,4,2025-06-06,En mora
4998,James Barnett,2656,18808,10,2025-04-22,Al día
4999,Catherine Johnson,16406,8744,3,2024-10-04,En mora
5000,Nicholas Spencer,13927,7819,4,2025-08-20,En mora
