ClienteID,FechaPago,MontoPagado
1,2023-11-27,2050
1,2024-03-25,2182
1,2024-04-29,2595
1,2024-12-26,3976
1,2025-03-16,2410
1,2025-04-04,1319
1,2025-05-18,3950
2,2023-11-01,2647
2,2023-12-06,2074
2,2024-05-31,2551
2,2024-06-27,3919
2,2024-09-18,3193
2,2024-12-01,2858
2,2025-01-28,2056
3,2024-02-15,933
3,2024-07-17,334
3,2024-09-12,281
3,2025-06-11,1236
4,2023-09-06,3656
4,2023-11-16,2844
4,2023-12-26,1606
4,2024-02-07,1015
4,2024-09-27,3783
4,2024-11-16,1641
4,2025-01-15,509
4,2025-05-05,1542
4,2025-07-29,1553
4,2025-08-18,1662
5,2024-05-08,2187
5,2025-01-25,2836
5,2025-05-23,965
6,2024-06-28,1505
6,2024-07-12,1193
6,2024-08-16,2286
6,2025-03-23,3332
7,2024-06-13,540
7,2024-10-29,2058
7,2025-03-21,2893
7,2025-04-16,2110
8,2023-09-01,3791
8,2024-01-13,3168
8,2025-07-12,1590
9,2024-01-27,1364
9,2024-07-06,589
10,2023-10-22,3905
10,2024-02-25,1756
10,2025-03-08,1397
10,2025-04-01,3189
10,2025-08-05,3515
11,2024-01-02,552
11,2024-05-07,3021
11,2024-05-14,670
11,2024-11-09,678
11,2025-01-23,2317
11,2025-02-24,1794
11,2025-03-02,2974
12,2023-09-04,3039
12,2023-09-04,3455
12,2023-09-15,1871
12,2023-10-09,273
12,2023-11-19,827
12,2023-12-08,1918
12,2024-05-11,2369
12,2025-02-21,524
12,2025-05-23,3547
13,2024-01-08,2706
13,2024-04-06,3414
13,2024-05-13,2647
13,2024-06-03,439
13,2024-07-25,540
13,2024-07-31,2319
13,2024-09-08,3733
13,2024-12-07,1678
13,2025-06-24,393
14,2023-12-04,3472
14,2024-01-17,3614
15,2023-10-07,2943
15,2024-04-24,3649
15,2024-09-18,1271
15,2024-10-25,1744
15,2024-11-05,1209
15,2024-11-25,2637
15,2024-12-14,2396
15,2025-03-15,738
15,2025-05-22,2635
15,2025-08-22,616
16,2023-10-07,3753
16,2023-10-21,1674
16,2023-10-22,237
16,2024-01-21,213
16,2024-06-06,3986
16,2024-12-19,2474
16,2025-02-04,1715
16,2025-03-02,3991
17,2023-11-15,515
17,2024-11-03,740
17,2024-12-14,822
17,2024-12-31,3980
18,2023-11-24,3880
18,2023-11-28,1618
18,2023-12-17,1102
18,2024-10-27,318
18,2025-03-12,3836
18,2025-04-25,548
18,2025-05-31,1451
19,2023-11-26,3554
19,2023-12-16,2979
19,2023-12-23,1624
19,2024-01-19,3700
19,2024-04-05,3560
19,2024-09-28,642
19,2025-04-19,584
19,2025-04-22,1796
19,2025-04-27,3157
19,2025-05-22,2483
20,2023-08-27,1032
20,2023-12-20,2362
20,2023-12-28,1514
20,2023-12-31,275
20,2024-04-25,262
20,2024-05-16,3029
20,2024-08-31,1727
20,2025-01-27,995
20,2025-03-10,2796
20,2025-07-04,2796
21,2023-10-21,3265
21,2024-08-30,1863
21,2024-09-26,2485
21,2024-12-04,1634
22,2023-08-27,3293
22,2024-07-31,1237
22,2024-12-04,889
22,2024-12-08,1120
22,2025-03-18,2679
22,2025-05-08,3556
23,2023-11-28,1532
23,2024-04-01,2248
23,2024-07-21,3065
23,2024-07-21,238
23,2025-05-15,3943
23,2025-05-29,1899
23,2025-06-02,2380
24,2024-02-04,1234
24,2024-05-31,1857
24,2024-07-28,3803
24,2025-02-25,3099
25,2024-01-15,3995
25,2024-07-08,532
25,2025-05-09,3604
26,2023-11-13,2412
26,2024-05-06,1227
26,2024-11-21,1996
26,2025-02-20,2826
26,2025-02-23,1299
26,2025-03-03,3014
26,2025-04-18,3514
26,2025-08-25,3359
27,2023-10-20,2701
27,2023-11-27,1573
27,2025-03-31,1547
28,2023-10-13,686
28,2023-10-19,2317
28,2023-12-19,1446
28,2023-12-25,1118
28,2024-06-27,2024
28,2024-06-30,3162
28,2024-11-08,1121
28,2024-11-24,571
28,2025-01-07,2757
28,2025-07-03,588
29,2023-12-31,1489
29,2024-04-17,2299
29,2024-10-29,1432
29,2024-11-13,2807
29,2025-02-03,2496
29,2025-08-19,714
30,2024-10-29,1554
30,2024-12-05,237
31,2023-11-08,2311
31,2023-11-14,1274
31,2024-05-01,3972
31,2024-05-11,2130
31,2025-01-28,1061
31,2025-03-17,2401
31,2025-05-21,3691
31,2025-06-08,491
31,2025-06-20,2710
32,2023-11-13,2228
32,2024-11-20,3178
33,2023-10-23,1180
33,2023-10-26,2370
33,2023-10-27,3127
33,2024-06-04,2838
33,2024-06-27,1676
33,2024-07-27,487
33,2024-08-29,2503
33,2025-05-07,3003
34,2023-10-08,2313
34,2023-12-15,2934
34,2024-02-01,1881
34,2024-06-12,3711
34,2025-05-12,1918
34,2025-05-13,3835
35,2024-01-10,2990
35,2024-06-17,2205
35,2024-08-05,3452
35,2024-10-14,326
35,2025-05-31,3616
35,2025-06-20,1229
35,2025-07-21,2220
36,2024-09-01,899
37,2023-08-28,2441
37,2023-09-26,2140
37,2024-06-22,3583
37,2024-09-10,2542
37,2025-03-19,1027
38,2023-09-06,3933
38,2023-09-19,1985
38,2024-01-03,3423
38,2024-01-21,2480
38,2024-03-11,2938
38,2024-09-24,2556
38,2025-02-22,3550
38,2025-04-17,2971
38,2025-08-10,2839
39,2024-11-19,685
40,2024-03-20,3135
40,2024-04-02,2662
40,2024-05-02,3422
40,2024-05-02,3863
40,2024-07-15,2408
40,2025-04-23,3218
40,2025-08-18,3903
41,2024-04-05,2470
41,2024-06-08,718
41,2024-08-09,3919
41,2025-07-16,2524
42,2023-09-26,3693
42,2024-01-30,2331
42,2024-02-13,3744
42,2024-03-21,3067
42,2024-08-04,1096
42,2025-04-01,912
43,2023-09-26,3313
43,2024-03-12,1452
43,2024-04-12,227
43,2024-06-14,1292
43,2024-09-18,898
43,2024-10-18,3468
43,2025-01-09,3188
43,2025-03-25,3755
43,2025-05-16,1349
44,2023-12-19,1988
44,2024-11-08,2908
45,2024-02-11,1124
45,2024-07-05,202
45,2024-07-25,3915
45,2024-08-02,1277
45,2024-11-02,2324
45,2024-11-21,3167
45,2025-05-03,2244
45,2025-05-25,768
46,2023-09-02,3847
46,2023-12-06,760
46,2024-01-27,2001
46,2024-10-19,3107
46,2024-11-19,3325
46,2025-02-18,3005
46,2025-04-06,752
46,2025-04-25,1148
46,2025-06-10,1918
47,2024-07-22,3945
47,2025-03-07,1456
47,2025-06-25,433
47,2025-08-06,2379
48,2023-10-29,240
48,2024-03-25,547
48,2024-05-24,3220
48,2024-05-29,3909
48,2024-10-28,1062
48,2025-01-01,3045
48,2025-01-09,2606
48,2025-02-11,3295
48,2025-04-03,3215
48,2025-04-26,1252
49,2023-09-23,2171
49,2023-09-27,2895
49,2023-10-17,2491
49,2024-03-20,2157
49,2024-05-28,1944
49,2024-09-04,284
49,2024-10-31,253
49,2025-06-26,959
50,2024-11-04,1648
51,2023-10-02,3783
51,2023-10-22,2514
51,2024-05-10,810
51,2024-07-13,2079
51,2024-08-03,2819
51,2025-06-01,295
52,2024-01-25,1185
52,2024-05-24,232
52,2025-04-20,2999
53,2023-09-24,3843
53,2024-04-21,335
53,2024-11-12,1395
53,2025-03-11,2779
54,2024-11-05,2725
54,2024-12-15,233
54,2025-06-01,282
55,2023-10-25,1151
55,2024-05-16,3603
55,2024-06-10,1424
55,2024-07-10,2053
55,2024-12-07,1513
55,2024-12-22,1348
55,2025-02-18,3450
55,2025-02-22,1180
56,2023-08-26,1377
56,2023-08-27,2955
56,2023-10-14,2019
56,2023-10-27,1367
56,2024-04-28,3852
56,2024-06-07,1847
56,2024-09-09,1327
56,2025-01-29,3622
56,2025-05-07,2432
56,2025-07-24,3594
57,2023-12-22,2439
57,2024-07-11,3544
57,2025-03-30,1170
58,2023-12-02,725
58,2024-03-12,221
58,2024-05-07,327
58,2024-08-28,1159
58,2024-10-05,2467
58,2024-12-09,3232
58,2025-05-21,2509
58,2025-06-15,1954
58,2025-06-15,1877
59,2023-10-04,1959
59,2024-08-21,3620
59,2025-06-12,493
60,2023-09-12,3527
61,2024-04-22,1133
61,2024-05-15,3224
62,2023-12-25,3979
63,2024-01-21,3016
63,2024-12-25,3682
63,2025-04-21,1343
64,2023-11-27,2941
64,2023-12-16,2891
64,2024-01-16,3748
64,2024-02-07,531
64,2024-08-01,3801
64,2024-12-09,2533
64,2025-02-06,2567
64,2025-08-20,3971
65,2023-09-27,1368
65,2023-11-11,1763
65,2024-03-13,2538
65,2024-04-07,2097
65,2025-02-08,1005
65,2025-06-12,3076
65,2025-07-18,2187
66,2023-12-19,2329
66,2025-07-20,2781
67,2023-09-14,2999
67,2023-11-06,1285
67,2024-01-25,853
67,2024-02-27,2272
67,2024-05-31,2228
67,2025-02-28,2298
67,2025-08-02,421
68,2023-12-26,871
68,2024-10-04,1631
69,2023-09-11,3782
69,2024-03-09,1978
69,2024-04-08,905
70,2024-01-11,3101
70,2024-02-02,926
70,2024-08-12,1737
70,2024-10-24,2089
70,2024-10-29,2073
71,2024-06-01,2355
71,2024-08-18,3800
71,2024-11-28,2974
71,2025-01-05,2943
71,2025-03-10,275
71,2025-04-08,313
71,2025-07-03,1894
71,2025-07-13,2167
71,2025-07-13,3331
71,2025-07-28,1263
72,2024-07-02,1749
73,2023-08-29,1069
73,2023-11-25,432
73,2024-03-17,311
73,2024-11-20,997
73,2025-02-10,3640
73,2025-02-14,3013
73,2025-03-18,3122
74,2024-05-08,1537
74,2024-05-25,989
74,2024-10-08,1852
74,2024-10-30,3227
74,2025-05-20,3738
74,2025-07-12,1946
75,2024-01-11,1394
75,2024-06-29,1353
75,2025-07-15,3912
76,2023-10-07,2771
76,2024-04-01,2868
76,2024-04-20,1227
76,2024-05-16,1293
76,2024-09-19,1501
76,2024-11-13,3287
76,2025-04-20,3994
76,2025-05-15,1548
76,2025-08-19,3942
77,2023-11-30,1582
77,2023-12-21,992
77,2024-01-03,3854
77,2024-02-09,2962
77,2024-04-10,3094
77,2025-04-04,3933
77,2025-07-01,2184
78,2024-02-10,3831
78,2024-05-18,2003
78,2025-02-27,3428
78,2025-06-19,3955
79,2024-10-05,2884
80,2023-12-08,3043
80,2024-10-25,3511
80,2024-11-17,2386
80,2025-03-07,1621
81,2024-03-21,1480
81,2024-04-29,1166
81,2024-07-20,1114
81,2024-09-05,1810
81,2024-10-23,2607
81,2024-11-02,2301
81,2025-01-07,2049
81,2025-05-06,2718
82,2023-08-27,784
82,2023-09-29,3911
82,2023-10-20,775
82,2025-04-26,2163
82,2025-08-20,586
83,2023-09-03,3685
83,2023-11-24,1011
83,2023-11-26,2137
83,2024-01-25,2241
83,2024-09-04,3321
83,2024-12-19,2652
83,2024-12-27,2706
83,2025-01-21,2550
83,2025-06-19,531
84,2024-03-27,2362
84,2024-04-23,966
84,2024-07-22,2878
84,2024-09-28,1852
84,2024-10-24,507
84,2025-01-12,244
84,2025-07-23,615
85,2023-10-13,2516
85,2024-03-30,3256
85,2025-06-14,895
86,2023-12-01,378
86,2024-01-11,1256
86,2024-02-25,3188
86,2024-06-07,3671
86,2024-12-14,832
86,2025-06-03,1455
87,2023-09-12,234
87,2023-10-20,295
87,2023-12-19,2721
87,2024-01-14,1345
87,2024-03-06,1696
87,2024-12-30,2804
87,2025-03-19,3961
87,2025-08-14,1989
88,2024-05-12,3623
89,2023-11-25,1214
89,2024-04-18,2270
89,2024-06-25,3162
90,2023-12-08,1170
90,2024-01-03,1138
90,2024-01-20,1269
90,2024-03-28,3137
90,2024-04-22,2203
90,2024-10-20,2964
90,2024-10-24,3063
90,2025-02-10,478
90,2025-04-30,3778
90,2025-07-07,2240
91,2024-11-27,700
91,2025-01-02,1772
91,2025-08-16,595
92,2023-09-06,1343
92,2023-11-23,430
92,2023-11-27,3125
92,2024-01-12,3376
92,2024-03-01,1592
92,2024-03-29,2486
92,2024-06-21,2827
92,2024-09-08,2104
92,2024-12-06,2774
92,2025-07-18,3472
93,2023-11-05,213
93,2023-12-03,3887
93,2023-12-08,1939
93,2024-01-23,2669
93,2024-03-03,319
93,2024-04-11,650
93,2024-09-22,2799
94,2023-12-19,1207
94,2025-07-25,2131
95,2023-12-05,1034
95,2024-12-26,3907
96,2023-08-28,2955
96,2024-07-29,794
97,2024-05-20,2345
97,2025-07-14,3978
97,2025-07-19,616
98,2024-04-05,3762
98,2024-04-23,1717
98,2024-09-11,548
98,2025-03-15,3880
98,2025-05-06,3187
99,2024-06-12,893
99,2024-07-21,542
99,2024-12-26,453
100,2023-11-01,338
100,2024-06-20,289
100,2024-10-03,1537
101,2023-12-01,1807
101,2024-03-29,2748
101,2024-05-29,715
101,2024-07-31,3743
101,2024-11-28,500
101,2024-12-04,3256
101,2025-07-18,731
102,2024-08-25,726
102,2024-11-21,2436
102,2025-07-07,402
103,2023-09-07,2633
103,2024-02-25,1902
103,2024-05-10,3888
103,2025-01-31,520
104,2024-01-17,2961
104,2024-08-04,2633
104,2024-09-24,2391
104,2024-09-26,619
104,2024-12-06,2202
104,2025-03-09,2728
104,2025-03-17,3730
104,2025-05-13,3078
104,2025-07-29,3984
105,2024-01-16,2353
105,2024-02-15,473
105,2024-05-04,1856
105,2024-06-29,2516
105,2024-09-27,1368
105,2025-05-06,2691
106,2024-01-19,634
106,2024-02-23,1428
106,2024-06-21,1783
106,2024-08-05,531
106,2024-08-25,611
106,2025-03-23,2222
106,2025-06-02,2163
106,2025-08-18,433
107,2024-04-01,894
107,2024-04-07,292
107,2024-09-03,2136
107,2024-12-13,438
108,2023-09-25,1135
108,2024-05-14,289
108,2024-10-25,1840
108,2025-01-01,3202
108,2025-07-15,1173
109,2024-07-02,2064
109,2025-04-25,3727
110,2024-04-30,1692
110,2024-08-03,575
110,2024-09-24,2997
110,2025-01-10,3039
110,2025-06-04,2627
110,2025-07-06,911
111,2024-05-21,1822
111,2025-01-22,3987
111,2025-07-18,2926
112,2023-11-08,213
112,2024-03-29,3992
113,2023-09-21,1597
113,2024-02-20,266
113,2024-03-28,3253
113,2024-08-10,648
113,2024-08-20,844
113,2024-12-17,3649
113,2025-01-27,3390
113,2025-03-08,398
113,2025-07-24,1491
114,2023-10-26,3810
114,2023-11-08,2596
114,2023-11-27,2301
114,2024-12-03,746
114,2025-04-23,849
115,2025-05-25,254
116,2023-10-15,737
116,2024-01-17,462
116,2024-02-29,3320
116,2024-05-29,3955
116,2024-07-19,2733
116,2024-10-12,2241
116,2024-10-30,283
116,2024-12-13,3224
116,2025-01-07,945
116,2025-08-01,818
117,2025-07-29,2976
118,2024-12-16,1426
118,2025-02-16,463
118,2025-04-05,3571
118,2025-04-20,313
118,2025-05-15,2738
118,2025-05-22,2941
119,2024-03-27,1921
119,2024-11-24,2096
119,2025-02-28,3663
119,2025-05-08,1200
120,2023-12-31,1594
120,2024-04-01,632
120,2024-06-28,1061
120,2024-07-16,1539
120,2024-08-20,1310
120,2024-12-06,1316
120,2025-02-11,1578
121,2023-10-04,2675
121,2023-12-28,3269
121,2024-03-30,2731
121,2024-07-29,2535
121,2024-09-26,552
121,2025-03-10,3792
121,2025-04-16,244
122,2023-09-13,3296
122,2023-09-24,3909
122,2023-10-25,3683
122,2024-02-24,3644
122,2024-04-08,1880
122,2024-09-14,2736
123,2023-09-19,2252
123,2023-09-28,3677
123,2023-11-02,1559
123,2023-12-23,2604
123,2024-10-01,798
123,2025-01-10,3587
123,2025-02-01,1459
124,2023-09-01,2696
124,2023-09-01,3872
124,2024-03-22,1041
124,2024-11-27,2201
124,2025-01-03,2525
124,2025-02-05,504
124,2025-07-27,1738
125,2023-12-03,1215
125,2024-08-29,2341
125,2024-10-07,1100
125,2025-02-22,3786
125,2025-02-23,3723
125,2025-03-19,3247
125,2025-04-26,201
126,2023-11-29,3237
126,2024-06-29,1840
126,2024-08-12,1644
126,2024-10-12,2279
126,2025-01-29,730
126,2025-07-28,1736
127,2024-03-06,2116
127,2024-08-10,351
127,2024-09-24,3639
127,2024-10-10,2370
127,2025-01-04,1734
127,2025-05-20,2627
127,2025-06-22,2176
127,2025-08-06,2141
127,2025-08-17,3770
128,2023-11-19,2256
128,2024-07-06,3887
129,2024-02-10,3843
129,2025-01-06,428
129,2025-05-11,2324
130,2023-09-24,2544
131,2023-12-30,2030
131,2024-03-14,1534
131,2024-05-31,3289
131,2024-06-22,3098
131,2024-08-06,874
131,2025-06-06,2899
132,2024-01-14,1254
132,2024-03-10,3449
132,2024-03-21,3506
132,2024-03-22,2755
132,2024-03-27,3618
132,2024-04-23,3650
132,2025-01-23,2102
133,2023-10-19,3324
133,2024-04-15,585
133,2024-10-24,1551
133,2025-02-10,1958
133,2025-02-19,1364
133,2025-03-05,1268
133,2025-05-09,3066
133,2025-07-20,538
134,2023-11-04,2437
134,2024-02-19,3230
134,2024-03-22,736
134,2025-05-24,1760
135,2023-10-18,1575
135,2023-11-30,1658
135,2024-10-05,740
135,2025-01-25,1238
135,2025-07-12,3734
136,2024-01-02,2612
136,2024-02-18,1959
136,2025-01-21,1971
136,2025-05-04,2247
137,2023-11-10,2328
137,2024-03-10,738
137,2024-10-25,1201
137,2025-03-01,750
137,2025-07-04,1791
138,2023-09-24,1720
138,2025-03-03,2231
139,2023-10-05,1291
139,2024-01-09,307
139,2024-06-02,1734
139,2024-07-29,3118
139,2025-01-25,2058
139,2025-05-26,3473
140,2023-12-08,3954
140,2023-12-21,1412
140,2024-11-09,966
140,2025-08-08,3894
141,2024-12-30,3453
141,2025-05-22,1214
141,2025-06-10,1630
141,2025-08-25,3016
142,2024-01-26,3159
142,2024-03-22,208
142,2024-03-27,335
142,2024-05-27,3691
142,2025-03-13,2238
142,2025-06-12,916
142,2025-08-14,3825
143,2024-02-09,226
143,2024-04-29,3692
143,2025-01-24,3803
143,2025-02-26,1015
143,2025-07-22,2033
144,2023-08-28,1751
144,2023-10-31,1611
144,2024-06-19,1987
144,2024-08-17,2552
144,2024-08-18,2129
144,2024-09-04,3338
144,2025-02-20,1226
144,2025-05-31,2500
145,2024-08-01,3306
145,2025-08-05,677
146,2023-10-20,2831
146,2023-10-24,2320
146,2023-11-26,3498
146,2024-06-04,289
146,2024-06-24,2148
146,2024-10-14,1137
146,2024-11-05,1796
146,2025-06-02,2380
147,2024-02-15,1095
147,2024-03-26,1961
147,2024-07-21,1737
147,2024-09-16,1042
147,2024-12-30,2355
147,2025-03-24,3879
147,2025-08-25,3806
148,2023-12-07,1571
148,2024-01-27,1866
148,2024-07-27,1474
148,2024-10-04,3049
148,2025-05-15,2475
149,2023-10-12,1544
149,2024-07-05,1583
150,2023-11-22,3651
150,2023-12-16,462
150,2024-04-06,2623
150,2024-07-14,2373
150,2024-07-16,837
150,2025-01-10,1413
150,2025-04-07,2196
150,2025-08-11,2523
150,2025-08-25,1179
151,2024-01-01,1293
151,2024-08-28,2037
151,2024-11-19,3319
151,2025-05-22,445
151,2025-06-16,2713
152,2023-11-22,2569
152,2023-12-28,217
152,2024-08-09,2048
152,2024-12-12,3142
152,2025-01-30,1004
152,2025-03-20,2045
153,2023-09-08,2602
153,2024-02-08,2040
153,2024-04-01,1617
153,2024-05-07,540
153,2024-09-28,3981
153,2024-11-26,3166
153,2025-01-13,1206
153,2025-06-22,2525
154,2024-05-12,2419
154,2024-07-18,434
154,2024-08-22,1520
154,2024-09-27,1552
154,2024-10-07,3642
154,2024-10-21,1232
154,2024-12-19,2626
154,2025-03-05,755
154,2025-08-05,1155
155,2024-01-26,224
155,2024-07-15,969
155,2025-01-20,3212
156,2024-04-01,799
156,2024-07-07,1922
156,2024-08-24,3230
156,2024-10-07,1780
156,2025-08-12,3632
157,2024-05-26,3112
157,2024-05-31,1915
157,2024-11-17,2394
157,2024-12-07,2412
157,2025-05-25,370
157,2025-08-10,1920
157,2025-08-21,1128
158,2023-09-15,504
158,2024-10-02,2544
158,2024-11-19,1034
158,2025-02-06,3566
158,2025-08-11,2176
159,2023-09-10,3042
159,2023-12-31,2188
159,2024-04-24,1468
159,2024-09-21,3759
159,2025-03-31,457
159,2025-05-31,1360
159,2025-06-01,2886
160,2024-01-23,1667
160,2024-02-05,3974
160,2024-02-16,1921
160,2024-03-14,3618
160,2024-05-27,1311
160,2024-09-09,593
160,2024-11-01,299
160,2025-03-14,2821
160,2025-05-31,908
160,2025-06-22,3437
161,2023-11-29,1104
161,2024-01-25,1951
161,2024-04-29,2030
162,2023-11-10,3314
162,2024-03-16,537
162,2024-08-02,1727
162,2024-09-17,1480
162,2025-04-01,3958
163,2024-01-15,684
163,2024-11-16,1588
163,2024-11-20,3928
163,2024-12-10,2709
163,2025-02-07,452
163,2025-02-15,2355
163,2025-05-12,2670
164,2023-10-14,1528
164,2023-11-02,302
164,2024-01-15,1155
164,2024-03-11,2861
164,2024-04-04,2994
164,2024-05-16,1646
164,2024-09-04,2669
164,2024-09-09,3349
164,2024-12-31,218
164,2025-05-16,1387
165,2023-10-16,3914
165,2023-11-24,1316
165,2024-03-17,607
165,2024-05-06,3427
165,2024-06-22,1854
165,2025-02-28,1261
165,2025-03-12,962
165,2025-03-17,1508
165,2025-05-18,2752
165,2025-08-21,1171
166,2024-03-13,1756
166,2024-05-19,1304
166,2024-08-16,1459
166,2024-09-24,1349
166,2024-11-11,2474
166,2025-04-13,1889
166,2025-05-23,3781
166,2025-06-18,2097
167,2024-02-23,793
167,2024-04-22,2666
167,2024-11-04,1043
167,2024-11-17,3453
168,2024-08-03,1027
168,2024-12-03,2282
168,2025-01-16,1140
168,2025-03-25,3869
168,2025-05-07,1705
168,2025-05-07,2074
168,2025-07-15,3483
169,2024-03-03,1383
169,2024-06-18,2931
169,2024-09-25,3685
169,2024-10-17,973
169,2024-12-15,3777
169,2025-04-21,1171
170,2023-11-06,3683
170,2024-08-22,1263
170,2024-12-07,3546
170,2025-08-07,2739
171,2023-10-25,2995
171,2024-06-12,3734
171,2024-09-01,1928
171,2024-09-15,2190
171,2025-03-28,3962
171,2025-05-02,352
172,2024-02-14,3729
173,2023-12-26,2900
173,2024-05-06,1264
173,2024-08-04,667
173,2025-01-30,1415
173,2025-03-01,971
173,2025-04-10,3384
174,2023-12-22,3126
174,2023-12-31,437
174,2024-09-26,754
174,2024-10-25,430
174,2024-12-28,3260
175,2023-09-01,3562
175,2024-01-28,2048
175,2025-04-18,2550
175,2025-05-11,1990
176,2024-04-28,1426
176,2024-05-28,1944
176,2025-06-30,2198
177,2023-11-20,617
177,2024-03-27,3765
177,2024-11-12,777
177,2025-01-30,1792
177,2025-06-03,1864
178,2023-10-07,2669
178,2024-01-12,2898
178,2024-01-27,3096
178,2024-12-31,475
178,2025-04-25,766
178,2025-05-02,562
178,2025-06-15,2900
179,2023-10-17,1750
179,2024-04-24,332
179,2024-09-22,1113
179,2024-12-10,1081
180,2023-10-11,2790
180,2024-04-28,2402
180,2024-05-17,1002
180,2024-09-27,412
180,2025-01-13,1577
180,2025-04-05,2062
180,2025-06-30,763
181,2023-10-24,2967
181,2023-11-14,3954
181,2024-04-05,2088
181,2024-07-02,1487
181,2025-04-20,3359
181,2025-06-17,1487
182,2023-09-26,2580
182,2023-10-12,3724
182,2024-01-21,2943
182,2024-07-21,2083
182,2024-09-19,3022
182,2024-10-13,1263
182,2025-08-14,1101
183,2024-01-19,423
184,2024-02-26,2008
184,2025-02-04,314
185,2024-01-10,877
185,2024-05-20,2235
185,2024-09-11,3884
185,2024-10-15,2525
185,2024-11-30,1223
185,2025-01-25,3310
185,2025-02-14,2122
185,2025-03-02,3183
185,2025-06-03,730
186,2023-10-16,1935
186,2023-10-21,1940
186,2024-03-17,356
186,2024-10-25,1697
186,2024-11-29,2462
186,2025-04-25,3970
186,2025-05-10,2504
186,2025-06-26,1990
186,2025-07-20,363
187,2024-07-16,778
187,2024-07-21,3608
187,2025-01-14,3564
187,2025-07-31,3223
188,2023-10-09,3395
189,2023-11-26,539
189,2024-03-15,218
189,2024-03-19,3544
189,2024-07-13,1044
189,2024-08-12,507
189,2024-08-21,1769
189,2025-01-28,3203
189,2025-05-26,342
189,2025-07-24,1860
190,2024-03-09,1690
190,2024-06-30,2273
190,2024-08-26,1778
190,2024-09-30,894
190,2025-06-07,3005
191,2023-12-08,3320
191,2024-12-06,772
191,2025-02-10,1901
192,2023-09-11,452
192,2024-04-01,1673
192,2024-07-21,2802
192,2024-09-19,810
192,2024-10-06,2817
192,2025-03-20,3421
192,2025-05-14,3000
192,2025-05-25,1671
192,2025-05-26,263
193,2023-09-17,489
193,2023-12-10,1342
193,2023-12-22,1950
193,2023-12-27,895
193,2025-02-27,1286
193,2025-03-11,3669
193,2025-05-17,2514
193,2025-07-22,1971
194,2023-09-03,3168
194,2023-11-27,3592
194,2024-05-25,3551
194,2025-08-02,2013
195,2023-12-01,3137
195,2024-02-10,1555
195,2024-05-31,1132
195,2025-05-15,2057
195,2025-05-26,1117
196,2023-12-10,3149
196,2024-01-01,353
196,2024-02-21,3670
196,2024-12-06,2472
196,2025-02-01,1455
196,2025-06-11,1335
196,2025-06-26,622
197,2024-01-20,3181
197,2024-05-20,2179
197,2024-06-26,378
197,2024-08-28,1889
197,2024-09-11,382
197,2024-12-03,330
197,2025-05-12,614
197,2025-06-11,1939
198,2023-09-10,1787
198,2023-09-14,1892
198,2023-09-16,2787
198,2023-11-08,3894
198,2023-11-12,1879
198,2024-06-08,2142
198,2025-05-03,3784
198,2025-06-05,3078
198,2025-08-02,3780
199,2023-10-18,2899
199,2024-02-20,1920
199,2024-09-23,1421
199,2024-12-28,2371
199,2025-02-25,1200
199,2025-03-30,1799
199,2025-04-06,1151
199,2025-05-29,3545
199,2025-08-02,2768
200,2023-11-02,1459
200,2024-01-27,1907
200,2024-04-25,1929
200,2024-05-19,622
200,2024-08-29,2488
200,2024-11-20,1309
200,2024-12-10,2676
200,2025-02-07,2251
200,2025-02-24,962
200,2025-07-04,2433
201,2023-10-11,2613
201,2023-10-24,2206
201,2024-08-26,2031
201,2024-10-13,1997
201,2024-10-24,2274
201,2025-01-28,2825
201,2025-04-10,795
201,2025-06-16,697
201,2025-07-11,3275
201,2025-07-16,751
202,2023-11-16,1432
202,2024-04-10,277
202,2024-04-24,1739
202,2024-08-09,555
202,2025-06-18,1033
203,2024-04-06,3329
203,2024-07-09,1506
203,2025-04-03,2534
203,2025-06-09,3960
204,2024-10-25,3020
205,2025-02-07,408
205,2025-07-24,1307
206,2023-10-22,1529
206,2024-05-03,1358
206,2024-06-03,3601
206,2024-12-19,2176
206,2025-03-10,3361
207,2024-03-31,1357
207,2025-02-02,3788
208,2023-09-19,229
208,2023-12-20,3027
208,2024-02-21,3219
208,2024-06-30,2645
208,2024-07-26,1193
208,2024-11-21,680
208,2025-02-26,3764
208,2025-05-29,3603
208,2025-05-30,1021
208,2025-06-03,1242
209,2023-11-01,319
210,2025-04-19,563
211,2023-10-07,3732
211,2024-04-03,1842
211,2024-05-17,302
211,2024-10-09,1808
211,2025-02-21,844
211,2025-07-23,2748
211,2025-08-03,2674
212,2023-09-22,2930
212,2024-02-15,3613
212,2024-06-19,1030
212,2024-10-04,1106
212,2025-02-12,2302
213,2024-01-24,1958
213,2024-02-02,2725
213,2024-02-23,3968
213,2024-09-08,2820
213,2025-04-30,3409
213,2025-05-16,1239
214,2023-10-26,2686
214,2024-04-01,1329
214,2024-07-09,3788
214,2024-10-19,2360
214,2024-12-28,3900
214,2025-02-10,2771
214,2025-04-12,3979
214,2025-05-05,2590
214,2025-08-06,3896
215,2023-10-03,2710
215,2023-12-26,3724
215,2024-05-06,1718
215,2024-05-31,2938
215,2024-07-08,649
215,2025-01-23,1341
215,2025-01-31,3132
215,2025-02-11,364
215,2025-02-17,2622
215,2025-05-07,2044
216,2023-10-24,2293
216,2024-03-19,283
216,2024-04-17,3186
216,2024-09-10,1043
216,2024-10-13,1352
216,2025-01-27,1821
216,2025-02-14,1982
216,2025-04-07,2950
216,2025-06-12,1263
216,2025-07-29,2244
217,2023-09-14,2955
217,2024-05-30,652
217,2024-06-29,3404
217,2024-09-30,3968
217,2025-08-10,1715
218,2024-02-09,3582
218,2024-08-15,2830
218,2024-11-19,1476
218,2024-11-27,2804
219,2023-10-28,1468
219,2024-01-30,1929
220,2023-12-14,2677
220,2024-02-16,2952
220,2024-08-06,2425
220,2024-08-27,1206
220,2024-10-19,2261
220,2025-01-03,3767
220,2025-07-20,2933
221,2023-09-16,3879
221,2023-09-22,1124
221,2023-12-13,928
221,2024-11-12,2704
221,2025-04-18,1095
221,2025-05-29,2251
221,2025-08-02,1987
222,2024-04-01,435
222,2024-12-08,1694
222,2025-04-27,1160
223,2024-01-03,2491
223,2024-07-21,3395
223,2024-11-29,1421
223,2025-01-22,395
223,2025-07-06,3437
224,2023-10-30,2766
224,2024-05-24,3850
224,2024-07-10,3263
224,2024-08-12,3374
224,2025-02-11,3349
224,2025-03-11,3894
224,2025-05-03,1608
224,2025-07-29,2778
225,2023-10-10,1534
225,2024-09-11,2189
225,2024-09-12,2726
225,2025-02-22,2331
225,2025-06-12,617
225,2025-06-19,1648
226,2024-04-19,3217
226,2024-09-09,3158
226,2025-02-14,3165
227,2023-08-27,3751
227,2024-11-08,3876
227,2025-01-27,2341
228,2024-04-18,3264
228,2024-05-10,299
228,2024-09-01,2699
228,2024-11-21,3314
228,2024-12-10,2475
228,2025-01-11,578
228,2025-01-26,1228
228,2025-05-16,373
229,2023-11-26,1622
229,2024-02-29,1181
229,2024-03-19,1720
229,2024-11-26,1396
229,2024-11-29,2420
229,2025-04-30,777
229,2025-08-04,2393
230,2024-03-08,2105
230,2024-07-17,689
230,2024-09-18,2754
230,2024-11-14,2668
230,2024-11-16,989
230,2024-12-13,1955
230,2025-01-04,3384
231,2023-12-05,3355
231,2023-12-27,1011
231,2023-12-28,2605
231,2024-04-27,3908
231,2025-01-03,309
231,2025-06-05,1099
231,2025-06-23,3660
231,2025-07-19,3660
231,2025-08-05,2157
232,2023-10-05,3657
232,2024-05-02,2857
232,2025-08-19,2973
233,2023-12-10,3924
233,2024-08-03,704
233,2024-08-26,2561
233,2024-09-13,1135
233,2024-11-12,3636
233,2025-01-27,493
234,2024-04-04,2810
234,2024-08-12,3067
234,2024-09-15,599
234,2024-10-29,3844
234,2025-04-13,3435
235,2023-12-29,3570
235,2024-02-18,1933
235,2025-02-08,2639
235,2025-07-16,2110
236,2024-05-03,730
236,2024-09-06,1558
236,2024-12-11,1707
236,2025-02-12,2161
236,2025-03-03,2694
237,2023-10-17,995
237,2024-04-26,3802
237,2024-05-04,3737
237,2024-05-23,903
237,2024-07-27,3933
237,2024-12-15,3173
237,2025-07-02,2840
237,2025-08-01,2490
238,2024-02-08,623
238,2024-02-15,261
238,2024-08-18,3745
238,2024-08-23,1974
238,2025-02-02,249
238,2025-03-18,2075
238,2025-03-24,3629
238,2025-07-20,1978
238,2025-07-29,2893
238,2025-08-11,1959
239,2023-12-25,743
239,2024-02-07,570
239,2024-03-11,2387
239,2025-01-09,1551
239,2025-01-12,562
239,2025-05-17,2509
239,2025-07-28,929
240,2024-06-09,2538
240,2024-07-17,749
240,2024-12-30,2410
241,2023-10-01,3057
241,2023-10-07,2076
241,2024-01-17,3639
241,2024-10-16,1161
241,2024-11-29,1387
241,2025-03-22,1544
241,2025-04-17,2073
241,2025-06-15,2746
242,2023-10-25,1679
242,2023-11-04,3838
242,2023-11-25,3714
242,2024-03-14,1333
242,2024-09-11,1101
242,2025-02-01,2397
242,2025-02-06,438
242,2025-02-24,2008
242,2025-03-12,1758
242,2025-06-11,2259
243,2023-11-25,1733
243,2024-01-09,311
243,2024-02-05,2118
243,2024-07-27,2346
243,2024-08-29,2806
243,2024-12-08,3033
243,2025-02-20,2003
243,2025-08-12,2467
244,2024-01-24,939
244,2024-06-25,3150
244,2025-08-21,319
245,2024-06-17,2055
245,2025-04-06,3602
246,2023-11-14,682
246,2023-12-08,3654
246,2024-02-08,3077
246,2024-05-18,2879
246,2024-10-02,2347
246,2024-12-16,2202
246,2025-06-28,2914
246,2025-07-29,1720
246,2025-08-07,1793
247,2023-11-27,1599
247,2024-02-25,635
247,2024-04-06,3545
247,2024-04-06,2321
248,2023-10-30,2975
248,2024-01-05,3157
248,2024-05-26,956
248,2024-06-21,1924
248,2024-12-10,1898
248,2024-12-27,1758
248,2025-07-14,3298
248,2025-07-24,3525
249,2024-03-11,2746
249,2024-07-12,3081
249,2024-08-22,2994
249,2024-08-30,1135
249,2024-10-06,1819
249,2025-03-11,3074
249,2025-04-17,2103
249,2025-04-28,243
249,2025-05-15,2766
250,2025-07-26,2455
251,2023-12-07,460
251,2025-07-24,2200
252,2024-07-03,3919
252,2024-08-18,2152
252,2024-08-29,2532
252,2025-03-09,3393
252,2025-08-08,2525
252,2025-08-25,3364
253,2023-09-18,3400
253,2024-08-12,398
253,2025-04-27,699
253,2025-05-18,2553
253,2025-07-17,3265
253,2025-07-17,1496
253,2025-07-22,2191
253,2025-07-22,1904
254,2024-08-07,1111
254,2025-02-13,2516
255,2023-12-13,3284
255,2024-05-05,2804
255,2024-06-13,2140
255,2024-07-18,2732
255,2024-09-17,630
255,2025-03-18,1608
256,2023-11-04,392
257,2023-10-03,1738
257,2023-10-03,321
257,2023-11-07,1694
257,2024-05-01,2879
257,2024-08-04,2359
257,2024-10-21,3042
257,2024-12-09,1798
257,2025-02-20,1939
257,2025-03-25,2624
257,2025-07-18,1190
258,2023-09-22,697
258,2024-01-17,2260
258,2024-01-31,2893
258,2024-04-07,1224
258,2024-07-16,3112
258,2024-09-11,2643
258,2024-09-13,3895
258,2025-03-07,3018
258,2025-03-27,3074
259,2024-05-24,1600
259,2024-06-17,3361
259,2025-01-16,462
259,2025-05-18,416
259,2025-07-12,437
260,2025-08-14,1718
261,2023-10-05,2162
261,2024-02-28,3812
261,2024-03-09,3228
261,2024-04-09,641
261,2024-06-29,1192
261,2024-07-04,1898
261,2024-09-20,735
261,2024-10-16,499
261,2024-12-27,975
261,2024-12-31,3732
262,2023-08-28,2507
262,2023-09-26,793
262,2024-01-02,2742
262,2025-01-29,2392
262,2025-02-18,792
262,2025-03-03,576
263,2024-02-29,3476
263,2024-07-16,1078
263,2024-09-11,731
263,2024-10-20,3612
263,2024-12-24,1612
263,2025-02-15,2094
263,2025-04-04,2341
264,2023-10-24,3332
264,2024-03-18,765
264,2025-03-06,2202
264,2025-04-29,1591
264,2025-05-22,267
265,2024-03-04,3780
265,2024-11-19,628
265,2025-07-07,3010
266,2023-09-29,405
266,2024-01-14,3545
266,2025-03-25,3904
267,2024-02-23,2056
267,2024-05-13,2713
267,2024-05-27,3193
267,2024-05-28,2971
267,2024-07-26,3893
267,2024-08-19,1244
267,2024-09-04,2173
267,2025-06-03,1368
267,2025-06-07,1514
267,2025-08-14,1157
268,2024-06-05,1935
269,2023-10-12,737
269,2024-03-17,3397
269,2024-08-24,1987
269,2024-12-11,2199
269,2025-01-18,3450
269,2025-01-20,3635
269,2025-05-08,2281
270,2024-10-05,2805
271,2024-12-04,1286
272,2023-12-05,943
272,2024-02-06,3259
272,2025-05-06,264
272,2025-05-06,2935
272,2025-07-10,3749
272,2025-08-14,607
273,2023-08-31,2672
273,2023-09-17,3596
273,2023-11-07,1635
273,2023-12-20,1981
273,2024-04-04,3549
273,2024-06-08,1597
273,2024-07-19,3207
273,2024-08-29,2016
273,2024-11-26,1831
274,2023-10-09,1955
274,2024-02-05,3144
274,2024-12-07,3642
274,2025-07-05,3143
275,2023-09-20,1219
275,2023-11-22,540
275,2023-12-18,2639
275,2024-02-22,3509
275,2024-04-24,3835
275,2024-05-12,1570
275,2024-09-07,371
275,2024-12-26,1181
275,2025-07-24,3069
276,2023-09-30,1365
276,2023-10-03,3144
276,2024-12-27,2380
276,2025-04-10,896
276,2025-07-01,1931
277,2024-01-16,3333
277,2024-02-15,680
277,2025-06-28,2466
278,2023-10-10,2293
278,2023-10-24,798
278,2023-11-10,962
278,2024-06-29,2783
278,2024-08-13,1811
278,2024-10-15,390
278,2025-04-28,3472
278,2025-08-21,1565
279,2025-05-07,1876
280,2023-11-04,3986
280,2024-01-05,2801
280,2025-03-22,2184
280,2025-03-23,3645
280,2025-06-15,2273
280,2025-06-28,3501
280,2025-07-07,2551
281,2024-04-29,815
281,2025-01-05,653
281,2025-03-14,1984
281,2025-05-28,2971
282,2023-09-29,3289
282,2024-04-16,3137
282,2024-07-30,1071
282,2025-07-25,3144
283,2024-03-02,2571
283,2025-08-24,1888
284,2023-11-02,1213
284,2023-12-30,3163
284,2024-02-14,2221
284,2024-07-23,1053
284,2024-11-18,1236
284,2025-02-15,1589
284,2025-04-11,2336
284,2025-08-06,1134
285,2023-11-30,505
285,2024-11-13,1116
285,2025-08-10,683
286,2024-02-28,629
286,2024-05-25,3910
286,2024-09-12,3781
286,2025-01-31,1774
286,2025-03-06,3500
287,2024-06-15,3544
287,2024-08-30,1747
287,2024-10-31,727
287,2024-12-06,1238
287,2025-04-20,2517
288,2023-12-18,985
288,2024-06-25,2844
288,2024-08-09,1040
288,2024-09-09,2287
288,2024-12-03,1420
288,2024-12-04,3027
289,2024-11-29,1703
289,2024-12-26,1941
290,2024-03-14,2093
290,2024-04-23,1702
290,2024-06-11,1498
290,2024-07-10,3822
290,2024-09-11,1739
290,2024-09-24,696
290,2024-10-28,824
290,2024-12-06,2025
290,2025-03-05,3983
291,2023-11-08,504
291,2023-11-17,3181
291,2024-02-18,2622
291,2024-07-09,2748
292,2024-02-10,520
292,2024-03-20,3647
292,2024-04-01,3340
292,2024-06-11,3456
292,2024-08-23,2881
292,2025-03-27,3350
292,2025-03-29,3253
292,2025-05-03,1860
292,2025-06-02,2985
293,2023-09-10,764
293,2024-07-12,2509
293,2024-10-12,3318
294,2024-02-05,2223
294,2024-06-02,1963
294,2024-08-07,258
294,2025-01-10,3619
294,2025-02-02,2884
294,2025-04-21,3115
295,2023-09-11,387
295,2023-11-03,3982
295,2024-03-13,1266
295,2024-05-01,2321
295,2024-08-14,3448
295,2024-09-17,3014
295,2024-10-27,2779
295,2025-05-02,1864
295,2025-08-12,689
296,2024-07-17,3810
296,2025-01-01,3698
297,2024-05-17,1719
297,2025-05-24,3735
298,2023-11-15,720
298,2024-04-23,1236
298,2025-03-20,3549
299,2023-09-24,292
299,2024-03-04,1043
299,2024-03-12,2675
300,2023-10-31,1018
300,2024-07-14,883
300,2025-06-29,466
301,2023-08-29,948
301,2023-11-25,3353
301,2024-03-31,2446
301,2024-08-19,2876
301,2024-12-15,1040
301,2025-01-10,251
301,2025-03-29,3847
301,2025-05-31,3747
301,2025-07-31,3182
302,2024-07-30,1923
302,2025-07-02,2921
303,2024-05-09,3976
304,2023-10-05,2180
304,2024-02-12,3574
304,2024-05-23,1954
304,2024-06-19,2341
304,2024-06-23,3247
304,2024-08-20,715
304,2024-09-27,3244
304,2024-10-01,3524
304,2025-04-02,404
305,2023-12-23,1060
305,2024-02-03,1461
305,2024-02-23,1133
305,2024-03-19,942
305,2024-04-28,3632
305,2024-08-08,1120
305,2025-04-28,1113
306,2023-11-18,3804
306,2024-03-14,3960
306,2024-08-07,3699
307,2023-09-27,1047
307,2024-02-15,1401
307,2024-04-03,1255
307,2024-06-19,1911
307,2024-06-24,2684
307,2025-03-15,1743
308,2023-08-31,210
308,2023-09-21,3310
308,2025-03-25,3830
308,2025-08-09,3881
309,2023-12-04,485
309,2024-03-13,3797
309,2024-03-28,3767
309,2024-07-22,2088
309,2024-08-12,365
309,2025-03-12,1223
309,2025-04-10,3338
309,2025-04-23,3934
309,2025-06-22,1839
309,2025-07-08,538
310,2024-01-02,1896
310,2024-07-07,2827
310,2024-11-09,1663
310,2024-12-01,2289
310,2025-02-15,2310
310,2025-02-19,3196
310,2025-04-17,3756
310,2025-05-13,3487
310,2025-06-23,1543
310,2025-08-08,2765
311,2023-09-29,3795
311,2024-01-25,789
311,2024-05-20,2896
311,2024-08-17,1770
311,2024-10-23,2057
311,2025-02-04,1102
311,2025-05-21,278
311,2025-06-20,3860
311,2025-07-25,3570
311,2025-08-09,3843
312,2023-09-12,3900
312,2024-02-01,3674
312,2024-03-01,466
313,2023-10-17,2782
313,2023-11-12,2275
313,2023-11-21,2687
313,2024-01-26,2392
313,2025-02-14,1286
313,2025-07-21,1614
314,2024-08-29,1180
315,2024-01-26,2669
315,2024-06-02,244
315,2024-07-16,2928
315,2024-10-10,543
315,2025-01-13,2133
315,2025-02-17,2240
316,2023-12-12,1659
316,2024-08-02,1273
316,2024-12-29,1974
316,2025-01-08,253
316,2025-05-22,766
316,2025-07-29,963
316,2025-08-22,233
317,2024-08-23,2319
317,2024-08-29,3913
317,2024-10-15,2838
317,2025-02-20,2189
318,2023-12-13,1254
318,2024-04-10,2895
318,2024-08-11,3646
318,2025-01-05,3503
318,2025-04-14,1594
319,2024-07-23,639
319,2024-09-25,2960
319,2025-03-26,3941
320,2025-02-08,3138
320,2025-05-24,1600
321,2023-11-21,2225
321,2025-02-26,230
321,2025-04-12,1378
322,2023-11-03,1862
322,2024-05-06,3248
322,2024-08-20,2148
322,2024-11-06,690
322,2025-01-25,3162
322,2025-02-01,625
322,2025-05-13,2461
322,2025-07-02,2428
323,2023-10-15,3990
323,2023-11-03,3820
323,2023-11-19,2537
323,2023-12-20,3263
323,2024-03-08,1391
323,2024-12-11,2253
323,2025-02-19,3615
323,2025-03-31,2892
323,2025-08-04,2941
324,2024-06-19,2774
325,2024-01-25,2320
325,2024-08-06,3074
325,2024-08-27,307
325,2025-06-20,3498
326,2023-09-18,2522
326,2023-11-12,1102
326,2023-12-04,2006
326,2024-06-17,1593
326,2025-03-15,529
326,2025-05-08,2088
326,2025-06-22,3033
327,2025-05-02,3259
327,2025-08-03,2570
328,2024-04-09,1224
328,2024-10-25,3000
328,2024-12-29,2212
328,2025-03-20,3352
329,2023-09-08,2056
329,2023-09-19,1580
329,2023-11-07,2934
329,2024-01-13,740
329,2024-03-10,976
329,2024-06-24,2865
329,2024-10-27,2962
329,2025-01-29,990
329,2025-06-30,3635
329,2025-07-05,701
330,2023-09-28,3311
330,2023-10-22,218
330,2024-04-18,3083
330,2024-05-09,2335
330,2024-07-23,3840
330,2024-10-08,3113
330,2024-11-15,1525
330,2025-04-19,2225
331,2023-09-27,3605
331,2024-01-27,3744
331,2024-03-24,3640
331,2024-05-26,3502
331,2024-08-06,1934
331,2024-09-22,1595
331,2024-11-26,1329
331,2025-01-29,3553
331,2025-03-10,2876
331,2025-07-16,2583
332,2024-04-25,1620
332,2024-08-18,3964
333,2024-04-25,1304
333,2024-06-15,721
333,2025-05-27,2262
334,2023-09-25,1980
334,2025-07-19,869
334,2025-07-22,672
335,2024-03-09,677
335,2024-05-12,2252
335,2024-06-01,3495
335,2024-12-09,475
335,2025-06-06,2173
335,2025-06-22,580
335,2025-06-27,3785
335,2025-08-24,2269
336,2024-05-27,1675
336,2024-08-03,1207
336,2024-09-10,1108
336,2024-09-26,2859
336,2025-03-22,483
336,2025-05-02,2217
337,2024-05-08,1536
337,2024-12-08,3745
337,2025-03-28,3695
337,2025-04-30,2097
337,2025-07-09,1041
338,2024-01-22,1411
338,2024-10-07,275
338,2024-10-30,3191
338,2025-02-14,3269
338,2025-06-15,1353
338,2025-07-28,336
339,2024-01-10,2786
339,2024-01-27,1209
339,2024-02-15,2839
339,2024-07-21,2786
339,2024-11-06,3178
339,2024-11-15,3390
339,2025-02-18,1611
339,2025-03-08,2612
339,2025-03-21,1595
339,2025-08-02,3530
340,2023-10-24,1719
341,2023-10-05,3355
341,2024-03-28,1395
341,2024-04-06,3478
341,2024-09-20,1576
341,2024-09-22,1816
341,2024-11-06,1377
341,2024-11-17,844
341,2024-12-27,2056
341,2025-02-02,357
341,2025-06-17,966
342,2023-12-31,3555
342,2024-06-24,1727
342,2024-07-21,307
342,2024-08-15,2102
342,2024-10-19,3881
342,2024-10-21,3700
342,2024-11-04,1809
343,2023-12-10,2488
344,2024-06-16,2302
344,2025-04-25,1046
344,2025-05-15,2517
344,2025-05-18,1589
344,2025-05-21,3842
345,2023-11-01,3403
345,2025-02-07,2283
345,2025-04-10,1933
346,2024-01-22,1468
346,2025-01-22,3591
346,2025-08-23,2759
347,2024-07-22,1877
348,2024-06-10,2044
348,2025-02-01,924
348,2025-02-07,1761
348,2025-05-01,1729
348,2025-08-25,666
349,2023-11-30,2697
349,2024-02-26,1095
349,2024-04-05,2728
349,2024-04-22,2864
349,2024-08-02,2991
349,2024-10-30,1870
349,2025-02-08,1617
349,2025-04-06,2947
349,2025-06-10,3460
350,2024-01-06,3560
350,2024-04-17,1709
350,2024-12-28,3841
350,2025-04-12,1022
350,2025-05-21,3437
351,2023-08-26,3694
351,2024-04-25,2497
351,2024-08-13,3954
351,2024-09-13,3950
351,2024-10-21,2875
352,2023-08-30,775
352,2024-11-07,931
353,2023-12-09,3220
353,2024-04-03,1087
353,2024-07-30,2600
353,2024-08-25,3407
353,2024-12-18,3074
353,2024-12-26,450
353,2025-04-29,2374
353,2025-05-04,3108
354,2023-08-29,1006
354,2023-12-12,3795
354,2024-05-31,2947
354,2024-12-27,1160
354,2025-01-20,1597
354,2025-02-11,3572
354,2025-05-13,703
355,2024-07-04,629
355,2025-01-16,671
356,2024-04-12,2995
357,2024-03-03,2924
357,2024-04-12,2147
357,2024-05-27,1753
357,2024-08-07,1741
357,2025-01-09,664
357,2025-03-16,1131
358,2023-11-17,2202
358,2024-03-02,946
358,2024-11-25,3355
359,2023-10-23,3396
359,2023-11-04,3154
359,2023-11-04,1214
359,2024-04-01,2255
359,2024-08-21,752
359,2024-10-26,2373
359,2024-11-26,578
359,2024-12-08,2581
359,2025-04-26,208
359,2025-05-05,3988
360,2023-10-08,2329
360,2024-03-15,2288
360,2024-03-16,2240
360,2025-05-04,282
360,2025-05-27,3147
360,2025-06-12,2869
361,2023-08-26,387
361,2023-10-02,2464
361,2024-02-09,3949
361,2025-03-08,2761
361,2025-05-19,1965
361,2025-07-19,1279
362,2024-06-15,906
362,2024-06-16,3216
362,2024-12-04,1213
362,2025-02-10,342
362,2025-07-14,1260
362,2025-07-15,1632
363,2024-04-01,1027
364,2023-08-26,2492
364,2024-01-22,2392
364,2024-02-17,2164
364,2024-06-26,590
364,2025-08-03,2010
364,2025-08-09,1550
364,2025-08-10,3151
365,2023-10-26,1074
365,2024-01-31,2653
365,2024-12-03,712
365,2025-03-15,2463
365,2025-06-04,845
366,2023-11-20,2440
366,2023-12-14,2217
366,2024-01-15,2191
366,2024-02-04,1694
366,2024-10-05,3443
366,2024-11-06,2168
366,2025-01-15,3717
366,2025-05-27,2060
366,2025-06-28,1524
366,2025-07-01,1353
367,2024-07-19,3130
367,2024-12-25,701
367,2025-02-25,450
367,2025-06-08,1478
368,2023-08-28,701
368,2023-10-05,3178
368,2023-11-15,2811
368,2024-01-30,1633
368,2024-06-09,1146
368,2024-10-14,3719
368,2025-02-06,1573
368,2025-03-22,1782
368,2025-07-15,2009
369,2024-11-09,2242
369,2024-12-23,1506
369,2025-07-03,2957
370,2024-02-18,2407
371,2024-01-12,286
371,2024-06-04,622
371,2024-08-11,1799
371,2025-01-08,2724
371,2025-02-19,1826
372,2024-06-12,210
372,2024-08-26,2168
372,2024-11-04,3687
372,2025-01-31,3538
372,2025-02-17,1051
372,2025-08-02,2502
372,2025-08-07,3059
373,2024-02-29,1777
373,2024-05-14,614
373,2024-08-27,1002
373,2024-09-11,1563
373,2025-02-10,1756
373,2025-07-16,3547
373,2025-08-12,3343
374,2023-10-13,2830
374,2023-10-23,3861
374,2024-01-02,690
374,2024-07-02,1979
374,2024-11-11,2926
374,2024-11-21,3791
374,2025-02-01,3920
374,2025-03-14,1656
374,2025-04-29,977
375,2024-01-20,651
375,2024-07-24,500
375,2024-12-13,597
375,2025-07-25,1265
376,2023-12-06,1617
376,2025-02-12,3029
376,2025-06-24,2235
377,2023-10-23,2052
377,2024-06-23,1007
377,2024-06-25,3560
377,2024-07-18,2164
377,2024-07-18,1914
377,2024-08-05,350
377,2024-08-20,2441
377,2025-03-28,3827
377,2025-07-29,655
378,2023-11-07,1788
378,2024-06-06,3384
378,2024-07-08,1970
378,2024-09-25,2489
378,2025-02-12,1106
378,2025-03-14,1605
378,2025-07-02,1551
379,2025-06-12,1668
380,2024-07-02,2258
380,2024-09-16,1923
380,2025-06-20,753
380,2025-08-01,2573
381,2023-12-20,1348
381,2025-01-16,2835
381,2025-02-22,3778
381,2025-07-16,3993
382,2023-10-15,1749
382,2023-12-13,1813
382,2024-01-07,1931
382,2024-02-07,2529
382,2024-10-20,1736
383,2024-01-27,3130
383,2024-01-27,409
383,2024-10-29,3026
384,2023-09-24,2350
384,2023-10-04,3201
384,2023-10-30,396
384,2024-01-26,1467
384,2024-07-12,1603
384,2024-08-22,588
384,2024-11-10,628
384,2025-01-20,2783
384,2025-03-22,1654
384,2025-06-10,289
385,2024-02-22,1238
385,2025-07-26,2572
386,2024-03-11,3231
386,2024-03-13,835
386,2024-04-21,1423
386,2024-05-15,1157
386,2024-11-15,3357
386,2025-02-23,1110
386,2025-04-09,2443
387,2023-12-25,889
388,2023-10-19,3529
388,2024-01-20,2303
388,2024-02-04,2704
388,2024-05-21,2548
388,2024-10-25,318
388,2024-10-31,3337
388,2024-11-05,1124
388,2025-05-17,364
388,2025-05-24,1193
388,2025-07-03,3227
389,2023-11-14,1141
390,2023-10-06,2170
390,2024-03-12,642
390,2025-01-06,3297
390,2025-03-20,2672
391,2024-10-07,2468
391,2024-12-29,456
391,2025-01-19,3270
392,2023-12-12,342
392,2024-03-12,3411
392,2024-07-09,3756
393,2023-10-29,3476
393,2024-02-05,2476
393,2024-02-19,3179
393,2024-08-21,3354
393,2024-10-24,1264
394,2024-06-28,3436
395,2023-10-18,1707
395,2023-12-30,260
395,2024-10-02,1007
395,2025-04-26,313
395,2025-05-01,1779
396,2023-09-07,3357
396,2024-03-16,3626
396,2025-02-07,3179
397,2023-08-27,3781
397,2024-05-31,3057
397,2024-06-19,900
397,2024-06-20,1087
397,2024-07-11,596
397,2024-10-29,759
397,2025-02-24,932
397,2025-02-25,575
397,2025-06-17,1183
397,2025-07-11,3152
398,2024-01-16,1114
398,2024-05-16,3090
398,2025-01-23,335
398,2025-02-04,2365
398,2025-03-26,591
398,2025-04-18,3657
398,2025-08-23,3334
399,2023-12-11,1242
399,2024-10-16,293
399,2025-01-24,2436
400,2023-12-21,3865
401,2023-09-27,2939
402,2023-09-11,3958
402,2023-12-31,280
402,2024-03-19,1949
402,2024-09-28,484
402,2024-12-17,2149
402,2024-12-31,3054
402,2025-06-19,891
402,2025-07-25,2650
402,2025-08-22,949
403,2023-08-27,870
403,2024-06-29,3582
403,2024-09-02,205
403,2025-01-05,921
403,2025-01-24,402
403,2025-04-20,3975
403,2025-04-26,1462
404,2023-09-10,2633
404,2023-10-25,679
404,2024-03-01,3903
404,2024-05-24,1294
404,2024-08-18,2082
404,2024-10-12,3100
404,2024-10-28,2935
404,2025-01-16,2454
405,2023-10-26,2559
405,2023-10-31,1428
406,2023-11-01,1240
406,2024-09-30,1316
406,2025-02-26,1032
407,2023-10-02,2554
407,2023-11-03,3643
407,2023-11-26,2281
407,2024-01-11,2428
407,2024-05-15,977
407,2025-01-11,1075
407,2025-01-30,1152
407,2025-03-27,941
407,2025-05-02,2262
407,2025-07-23,1765
408,2023-10-27,238
408,2024-01-30,2491
408,2024-04-09,622
408,2025-01-03,1997
409,2024-04-19,1165
409,2024-05-16,2295
409,2024-06-14,2499
409,2024-09-14,1475
409,2025-06-05,2359
409,2025-06-24,318
410,2023-10-25,2600
410,2023-12-21,1939
410,2024-05-06,271
410,2024-07-04,958
410,2024-10-17,1948
410,2025-01-28,3825
410,2025-02-06,1995
411,2024-05-31,2538
411,2025-02-07,1883
411,2025-05-16,3937
412,2023-11-19,1741
412,2024-02-14,2373
412,2024-03-02,2954
412,2024-06-08,1755
412,2024-06-28,2199
412,2024-10-03,2618
412,2024-12-06,745
412,2025-07-05,3210
413,2023-10-07,2967
413,2023-10-24,213
413,2023-11-17,2654
413,2023-12-08,1573
413,2024-05-14,2088
413,2024-06-21,1403
413,2024-07-07,1870
413,2024-09-06,769
413,2025-06-21,1202
413,2025-07-20,2352
414,2024-07-06,1682
414,2025-06-19,2637
415,2024-02-04,2875
415,2024-08-10,3308
415,2024-11-30,3941
415,2024-12-04,1191
415,2025-05-31,839
415,2025-07-17,3521
416,2023-09-05,3359
416,2023-12-21,418
416,2024-07-15,1377
416,2024-09-18,993
416,2024-11-08,742
416,2024-12-31,3817
416,2025-04-17,2917
416,2025-06-03,1068
416,2025-07-09,2106
417,2024-04-07,1683
417,2025-05-16,598
417,2025-08-01,3324
418,2024-01-26,3953
418,2024-06-10,468
418,2024-07-06,895
418,2024-09-28,3621
419,2023-10-27,3973
419,2023-12-21,2697
419,2024-02-19,3410
419,2024-05-11,1899
419,2024-07-20,1159
419,2024-10-23,2960
419,2024-11-26,2199
419,2024-12-28,1666
419,2025-03-14,2675
419,2025-07-26,2895
420,2023-09-16,1927
420,2023-10-19,2405
420,2023-10-30,1547
420,2024-01-28,583
420,2024-02-19,1905
420,2024-05-18,2437
420,2024-12-17,1264
420,2025-04-07,1332
421,2023-12-21,2261
421,2024-03-23,843
421,2024-08-02,3666
421,2025-02-06,1826
422,2025-01-25,1632
422,2025-06-28,559
423,2023-09-23,3195
423,2024-02-26,1121
423,2024-09-22,3450
423,2024-09-28,1283
423,2024-10-30,2092
423,2025-08-06,3248
423,2025-08-09,3725
424,2023-10-19,3294
424,2023-11-24,1955
424,2024-01-14,2910
424,2024-04-26,2277
424,2024-11-20,3234
424,2024-12-04,1590
424,2024-12-21,1560
424,2025-01-17,3475
424,2025-04-04,1057
424,2025-06-11,2584
425,2023-08-27,3044
425,2023-11-10,3960
425,2024-01-04,750
425,2024-03-20,1303
426,2023-09-06,2868
426,2024-03-27,2616
426,2025-01-30,2954
427,2023-09-22,3066
427,2024-08-11,1446
427,2025-08-04,854
428,2024-02-14,2449
428,2024-04-18,3270
428,2024-05-20,436
428,2024-08-09,1434
428,2024-10-06,3456
428,2024-12-03,3046
428,2025-03-30,418
428,2025-04-20,1654
429,2024-07-02,2375
429,2024-11-18,794
429,2025-07-07,3986
429,2025-07-26,582
430,2023-09-03,1888
430,2024-06-14,2538
430,2024-11-27,3286
431,2024-07-20,3536
431,2024-08-21,773
431,2025-03-07,1503
431,2025-04-29,2908
431,2025-08-01,974
432,2024-03-31,1445
432,2024-12-03,2313
432,2025-05-05,1569
433,2023-11-17,2692
433,2024-05-19,1462
433,2024-07-03,1929
433,2024-08-02,376
433,2024-12-10,741
433,2024-12-24,455
433,2025-01-24,3421
433,2025-01-27,2359
433,2025-02-20,3065
434,2023-11-04,2859
434,2024-01-26,1618
434,2024-03-09,823
434,2024-04-14,3542
434,2024-10-01,704
434,2024-11-13,210
434,2024-12-05,3752
434,2025-04-18,3099
434,2025-05-19,2495
435,2023-09-27,576
435,2024-08-25,1810
435,2025-04-30,2033
435,2025-05-02,2215
435,2025-05-08,3251
435,2025-05-12,968
435,2025-06-08,2290
435,2025-06-28,3824
435,2025-07-13,454
436,2024-03-25,285
436,2025-06-08,729
437,2024-12-13,542
437,2025-03-11,2356
437,2025-04-20,3982
437,2025-07-13,2516
438,2023-12-08,1608
438,2024-04-10,1516
438,2024-08-25,1568
438,2024-09-23,1242
439,2023-10-26,2980
439,2024-01-21,2410
439,2024-03-07,3725
439,2024-04-02,851
439,2024-06-21,3295
439,2024-09-13,3095
439,2024-10-04,2256
439,2025-04-13,1954
439,2025-05-12,2269
440,2023-10-07,3349
440,2023-10-15,3467
440,2024-05-09,2151
440,2024-07-06,3437
441,2023-11-27,287
441,2024-01-15,2470
441,2024-04-03,3774
441,2024-09-19,562
441,2024-10-02,2008
441,2025-02-04,1108
441,2025-06-20,880
442,2023-10-09,1571
442,2023-11-09,3229
442,2023-12-07,1223
442,2024-03-11,337
442,2024-09-09,3137
442,2024-11-24,2230
442,2025-02-02,2065
443,2023-10-30,468
443,2024-03-18,1601
443,2024-06-07,1417
443,2024-07-10,3347
443,2024-08-21,3347
443,2024-09-10,3711
443,2024-09-13,2542
443,2024-10-08,1173
443,2024-10-27,1354
444,2023-12-28,3290
444,2024-02-02,1457
444,2024-03-02,758
444,2024-05-24,2315
444,2024-08-19,2331
444,2024-10-07,285
444,2024-10-26,3614
444,2024-12-29,2462
444,2025-04-14,3034
445,2024-04-20,1295
445,2024-11-24,455
446,2023-11-01,2276
446,2024-01-30,3868
446,2024-05-04,3604
446,2024-11-21,468
447,2023-11-03,3874
447,2024-11-02,1458
447,2025-01-22,1041
447,2025-01-22,2677
447,2025-02-06,2960
448,2023-09-26,3643
448,2024-04-08,2549
448,2024-07-03,2702
448,2024-08-29,1812
448,2025-03-02,420
448,2025-03-29,1892
449,2023-11-11,1598
449,2024-02-08,504
449,2024-04-11,2481
449,2024-05-20,3052
449,2024-07-29,1903
449,2024-08-30,227
449,2024-11-05,921
449,2024-12-18,805
449,2025-03-20,2519
449,2025-07-15,1160
450,2023-11-19,3122
450,2024-05-31,418
450,2024-11-18,2614
450,2025-01-23,1305
450,2025-03-13,2198
450,2025-05-28,331
451,2024-01-08,2628
451,2024-09-07,2847
451,2024-12-03,2063
451,2024-12-26,749
451,2025-01-07,2994
451,2025-01-19,1547
451,2025-01-30,499
451,2025-04-03,961
452,2023-10-06,2779
452,2024-02-25,3108
452,2024-08-22,2936
452,2024-09-04,2224
453,2024-06-30,1031
453,2025-08-09,1898
454,2024-06-23,721
455,2025-05-12,462
456,2023-11-07,1584
456,2024-01-05,328
456,2024-05-19,2971
456,2024-10-13,1764
456,2025-04-14,625
456,2025-04-28,2173
456,2025-08-23,3355
457,2025-03-24,1933
458,2023-09-20,3183
458,2024-03-29,540
458,2024-07-18,867
458,2025-01-18,3691
458,2025-02-09,3352
458,2025-04-21,3300
459,2023-10-30,3526
459,2024-07-13,2336
459,2024-11-20,2268
459,2024-12-09,2295
460,2024-04-03,2802
461,2023-10-27,3466
461,2023-10-27,3506
461,2024-02-11,3887
461,2025-01-18,2818
461,2025-01-19,2145
462,2023-12-06,3996
462,2024-12-09,3195
462,2025-08-06,3222
463,2024-01-27,2226
463,2024-02-05,3361
463,2024-03-23,1745
463,2024-11-26,526
463,2025-03-25,3214
464,2023-09-22,1949
464,2023-10-30,723
464,2023-12-01,467
464,2024-02-21,1356
464,2025-01-11,1285
465,2023-12-16,430
466,2023-10-15,1904
466,2024-02-15,1661
466,2024-03-25,2363
466,2024-04-07,3318
466,2024-10-12,3548
466,2024-10-17,1440
466,2024-10-21,1934
466,2025-02-14,715
466,2025-07-22,1392
466,2025-07-23,2018
467,2023-09-15,3284
467,2023-11-05,1143
467,2023-12-17,3944
467,2024-06-29,3287
467,2024-07-17,1586
467,2024-11-15,2046
467,2025-01-19,2690
467,2025-03-29,3133
467,2025-07-02,2272
468,2024-06-21,2092
468,2024-07-12,687
468,2025-03-25,2076
468,2025-04-05,3102
468,2025-08-07,2985
469,2023-11-11,2010
469,2024-01-31,2888
469,2025-06-12,3555
469,2025-07-25,1518
470,2023-09-23,386
470,2023-11-19,2998
470,2023-12-07,2052
470,2024-02-11,623
470,2024-04-13,2914
470,2025-06-10,1943
471,2024-05-21,1692
471,2025-06-26,2599
472,2023-10-14,1620
472,2024-11-12,3721
472,2025-01-25,245
473,2024-02-14,1516
473,2024-03-19,2103
473,2024-03-23,3410
473,2024-12-28,3022
473,2025-01-15,653
473,2025-04-04,1032
474,2023-12-21,1894
474,2024-03-30,696
474,2024-10-26,2502
474,2025-01-01,493
474,2025-01-16,2513
474,2025-03-02,3016
474,2025-07-28,3536
475,2023-10-03,3454
475,2025-01-08,700
475,2025-03-04,733
476,2024-08-11,3717
476,2024-08-19,1665
476,2024-10-14,3010
476,2024-11-09,987
476,2025-01-02,1990
477,2023-09-07,1360
477,2023-12-10,889
477,2024-05-04,1506
477,2024-06-18,451
477,2024-11-01,2987
477,2024-12-28,1548
477,2024-12-29,908
477,2025-01-16,3474
477,2025-08-01,928
478,2024-02-23,1158
478,2024-07-28,430
478,2024-10-15,456
478,2024-12-31,1036
478,2025-01-01,887
479,2024-02-25,3901
479,2024-04-18,2516
479,2024-10-20,733
479,2025-08-25,572
480,2023-09-17,3134
480,2023-10-20,2519
480,2023-12-29,1076
480,2024-01-11,3190
480,2024-03-20,3353
480,2024-04-08,2072
480,2025-03-16,1202
480,2025-05-08,3613
481,2024-05-18,251
482,2025-06-12,2799
483,2023-12-03,2980
483,2024-04-06,707
483,2024-08-02,1057
483,2024-11-12,2087
483,2024-11-23,2978
483,2024-12-27,3847
484,2024-02-07,3164
484,2024-06-05,3838
484,2024-07-02,3507
484,2025-04-07,3661
485,2023-12-27,1243
485,2024-03-09,3567
485,2024-06-06,211
486,2023-09-11,2963
486,2024-01-28,927
486,2024-03-25,1697
486,2024-07-25,1812
486,2024-08-27,245
486,2024-10-02,1620
486,2024-10-31,1999
486,2025-05-11,2246
486,2025-05-26,2533
486,2025-08-09,3527
487,2023-12-04,2111
487,2024-12-16,2908
488,2024-01-22,1160
488,2024-05-15,3734
488,2024-09-22,3459
488,2025-01-02,3864
488,2025-04-25,441
488,2025-05-05,277
488,2025-05-28,3316
489,2025-01-23,1484
490,2024-04-08,3680
490,2024-05-21,3857
490,2024-05-21,2973
490,2024-08-02,2549
490,2025-08-20,511
490,2025-08-20,1952
491,2023-09-14,1950
491,2023-09-23,3180
491,2023-10-18,1486
491,2023-12-15,3889
491,2024-09-17,3490
491,2024-10-11,2271
492,2023-12-20,364
492,2024-02-18,3417
492,2024-03-17,1958
492,2024-11-30,3648
492,2025-05-12,2298
492,2025-06-14,1304
492,2025-08-15,3555
493,2023-12-13,1986
493,2024-01-26,3780
493,2024-04-15,2127
493,2025-07-16,1092
494,2023-10-18,946
494,2023-10-19,1118
494,2024-02-05,3398
494,2024-07-22,695
494,2024-11-25,3293
494,2024-12-23,2927
494,2025-03-09,1568
494,2025-04-19,3829
494,2025-08-22,2434
495,2023-12-12,823
495,2024-03-11,3477
495,2025-03-09,1336
496,2024-03-13,3178
496,2024-08-07,3019
497,2024-02-24,1358
498,2024-08-19,2492
499,2023-10-21,757
499,2024-08-30,847
499,2025-01-14,1851
500,2023-12-31,2072
500,2024-04-20,2331
500,2025-05-12,2796
500,2025-08-01,3270
501,2024-02-29,1753
501,2024-03-18,3053
501,2024-10-20,1453
501,2025-04-30,1948
502,2023-09-05,2549
502,2023-09-25,1828
502,2023-11-18,1057
502,2023-12-11,881
502,2025-04-03,1871
502,2025-04-07,2194
503,2023-09-06,2736
503,2023-09-12,3315
503,2023-09-30,1515
503,2023-10-27,2783
503,2024-02-26,3903
503,2024-04-01,3721
503,2024-10-28,2062
503,2024-11-17,3341
503,2025-04-28,1914
503,2025-08-04,3206
504,2024-01-13,3792
504,2024-04-14,1015
504,2024-07-11,1988
504,2024-07-28,2350
504,2024-11-09,1776
505,2023-09-08,2813
505,2024-09-27,392
506,2024-12-02,822
507,2023-09-24,3905
507,2024-06-01,642
507,2024-08-13,1221
507,2025-01-03,1955
507,2025-01-21,3125
507,2025-02-26,2608
507,2025-05-17,348
508,2023-12-05,1417
508,2025-06-05,1457
509,2023-11-08,3586
509,2023-11-09,3433
509,2024-09-08,750
509,2024-10-19,2234
509,2024-10-30,1069
509,2025-01-17,2956
509,2025-04-09,3637
510,2024-05-31,3941
510,2024-12-30,3331
511,2024-01-01,3682
511,2024-08-16,2836
511,2024-10-30,531
511,2024-12-26,1360
511,2025-03-27,3565
511,2025-06-03,2146
512,2023-09-04,1038
512,2023-11-18,1913
512,2024-06-05,2162
512,2024-08-04,3633
512,2024-10-29,806
512,2024-12-07,2560
512,2025-04-09,1870
512,2025-07-25,795
513,2024-01-07,1300
513,2024-03-20,3067
513,2024-07-27,2524
513,2024-08-07,2787
513,2024-11-13,3385
513,2025-02-26,2106
513,2025-07-24,2480
514,2023-09-14,2245
514,2023-11-11,3543
514,2023-12-11,2812
514,2024-02-27,1733
514,2024-04-03,1960
514,2024-04-30,2198
514,2024-11-17,945
514,2025-03-17,1770
514,2025-06-30,3358
515,2024-07-03,2092
515,2024-07-22,1437
515,2024-08-23,3095
515,2025-03-07,3241
515,2025-07-13,1884
515,2025-07-27,1277
515,2025-08-20,3391
516,2023-10-10,634
516,2024-06-03,1817
516,2024-06-21,374
516,2024-08-21,3879
516,2025-03-22,3141
516,2025-03-30,2939
516,2025-04-24,561
516,2025-05-18,449
516,2025-06-30,926
517,2023-10-24,2806
517,2023-11-01,1717
517,2024-05-10,1031
517,2024-06-09,3403
517,2025-03-03,2863
518,2023-11-09,1326
518,2023-11-21,1486
518,2024-02-01,2357
518,2024-05-21,3517
518,2024-08-28,3269
518,2025-05-29,1162
519,2023-09-02,1043
519,2023-10-11,1342
519,2024-01-17,1783
519,2024-06-26,1370
519,2025-01-12,2091
519,2025-06-22,1532
520,2024-01-15,1783
520,2024-02-01,3013
521,2024-03-20,3632
521,2024-12-01,3672
521,2024-12-20,2418
521,2025-03-21,1388
521,2025-07-13,2462
522,2023-12-03,3535
522,2024-02-25,1648
522,2024-07-16,3620
522,2024-08-18,2463
522,2024-09-01,1794
522,2024-10-04,3178
522,2024-11-17,200
522,2025-01-19,2460
522,2025-08-20,1510
523,2024-08-03,2959
523,2024-09-09,2949
523,2024-09-27,2064
523,2024-10-19,1028
524,2024-06-13,1317
524,2025-02-26,3289
525,2025-02-18,3335
526,2023-10-10,3016
526,2024-05-29,3772
526,2025-02-18,3302
526,2025-05-20,2560
527,2023-10-12,1351
527,2024-11-05,2446
527,2025-02-16,901
527,2025-05-13,3718
527,2025-06-18,2659
528,2023-09-24,2028
528,2023-09-26,2071
528,2024-08-27,3702
528,2024-09-02,3056
528,2024-09-08,736
528,2025-03-12,3269
529,2023-09-06,1201
529,2023-10-17,1009
529,2024-03-25,1406
529,2024-04-13,734
529,2024-07-12,439
529,2024-08-14,3182
529,2024-10-08,2798
529,2024-11-11,3236
529,2024-11-12,1150
529,2024-12-05,2680
530,2023-12-30,3307
530,2025-02-16,2781
531,2023-11-28,1195
531,2024-08-01,3324
531,2024-09-14,3596
531,2024-09-25,2094
531,2024-11-07,1345
532,2023-11-30,2123
532,2024-12-21,2865
532,2025-02-07,1101
532,2025-06-28,287
532,2025-08-05,212
533,2023-10-26,972
533,2023-11-05,2522
533,2023-11-24,3137
533,2023-12-08,3732
533,2024-03-17,3143
533,2024-05-31,3663
533,2024-08-01,308
533,2024-09-27,3852
533,2024-12-27,2155
533,2025-08-20,1189
534,2023-12-08,3593
534,2024-06-20,657
534,2024-08-29,3466
534,2024-11-01,550
534,2025-01-04,2222
534,2025-01-08,3313
534,2025-01-19,1919
534,2025-04-01,1563
534,2025-05-08,1810
534,2025-07-11,1310
535,2024-05-25,286
535,2025-04-06,2456
535,2025-06-27,3686
535,2025-08-25,719
536,2023-11-12,362
536,2024-05-10,3245
536,2024-11-15,2415
536,2025-01-10,3968
537,2023-12-28,1190
537,2024-06-02,2952
537,2024-08-01,3923
537,2024-08-11,1936
537,2025-01-19,2771
537,2025-03-31,701
537,2025-07-23,3135
537,2025-08-25,3545
538,2023-09-24,1223
538,2023-09-29,1501
538,2024-01-02,413
538,2024-04-12,3275
538,2025-04-20,3160
538,2025-05-31,3926
538,2025-07-15,2923
538,2025-07-16,955
539,2023-10-21,1858
539,2023-11-11,2185
539,2023-12-23,347
539,2024-01-28,2496
539,2024-03-08,1468
539,2024-08-27,2581
539,2024-12-08,2897
539,2025-04-05,943
539,2025-07-31,3329
540,2024-11-19,1654
541,2023-09-04,1592
541,2023-10-02,2853
541,2023-11-04,1624
541,2023-11-27,880
541,2024-07-27,1333
541,2024-09-28,826
541,2025-01-15,367
541,2025-02-28,1541
541,2025-03-17,2190
541,2025-04-13,3277
542,2024-03-08,3305
542,2024-03-14,3498
542,2024-11-12,1917
542,2025-01-30,2642
542,2025-06-26,3116
543,2025-02-11,2036
543,2025-08-04,2385
544,2023-08-28,3029
544,2023-12-17,1764
544,2024-05-14,2886
544,2024-06-16,2885
544,2024-06-24,3707
544,2024-07-12,589
544,2024-10-20,3845
545,2024-12-07,618
545,2025-06-01,817
546,2024-12-27,872
547,2024-06-05,2662
547,2024-06-25,1986
547,2024-10-10,2180
547,2025-01-12,3651
547,2025-08-07,498
548,2024-02-12,3773
548,2024-04-05,3477
548,2024-07-08,1443
548,2024-07-14,2639
548,2024-08-16,1183
548,2024-09-28,1221
548,2024-11-10,2796
548,2024-11-18,3783
549,2023-09-05,1840
549,2023-11-06,2937
549,2024-06-27,3560
549,2024-10-16,1671
549,2024-12-30,1776
549,2025-02-12,2346
549,2025-03-28,420
549,2025-04-26,2024
550,2023-09-12,2670
550,2024-04-12,1784
550,2024-05-09,755
550,2024-09-25,1921
550,2024-10-26,3424
550,2025-01-14,2171
550,2025-07-29,2614
551,2024-01-05,3279
551,2024-06-10,1028
551,2024-07-04,715
551,2024-10-04,474
551,2024-11-15,2969
551,2025-08-04,650
552,2024-01-01,1868
552,2024-01-13,3118
552,2024-03-29,3323
552,2024-04-10,1455
552,2024-05-18,3134
552,2025-04-01,2814
552,2025-05-03,2358
552,2025-06-12,3655
552,2025-07-20,1360
553,2023-10-29,3584
553,2024-07-14,3100
553,2025-02-03,1530
553,2025-05-11,206
554,2023-09-30,1750
554,2023-12-19,3040
554,2023-12-27,1534
554,2023-12-27,3165
554,2024-09-05,2026
554,2024-10-15,627
554,2024-12-02,1678
554,2024-12-02,2068
554,2025-04-13,2750
554,2025-05-10,2150
555,2023-12-17,3809
555,2024-02-21,2466
555,2024-03-15,1588
555,2024-04-06,3759
555,2024-04-26,904
555,2024-07-31,522
555,2024-10-22,2858
555,2025-06-03,3428
555,2025-07-19,2225
556,2025-07-12,364
556,2025-08-18,3176
557,2024-03-16,3634
557,2024-06-06,2586
557,2024-07-03,3045
557,2024-08-14,3167
557,2025-06-22,3533
558,2024-02-26,1304
558,2024-05-07,265
558,2024-06-07,1473
558,2024-11-28,1876
558,2025-04-24,3723
558,2025-05-12,3872
558,2025-07-06,1899
559,2024-10-31,1768
559,2024-11-03,1292
559,2025-04-29,1721
559,2025-05-17,3960
560,2024-07-02,2118
560,2024-10-14,2805
561,2024-01-07,2083
561,2024-03-26,1274
561,2024-05-07,2739
561,2024-06-26,2465
561,2024-07-31,2431
561,2024-09-25,3116
561,2024-10-04,1279
561,2025-05-08,1778
561,2025-05-25,1609
561,2025-06-13,1441
562,2024-02-21,2950
562,2024-05-13,3302
562,2024-09-06,3000
562,2024-10-03,2583
562,2025-08-23,648
563,2023-09-09,1987
563,2023-10-17,1426
563,2024-02-15,2098
563,2024-04-25,286
563,2024-07-19,3765
563,2024-08-03,3378
563,2024-11-20,1616
563,2024-12-16,1289
564,2023-10-13,2505
564,2023-12-13,239
564,2023-12-15,717
564,2024-03-06,2755
564,2025-03-07,1554
564,2025-03-17,1312
564,2025-04-19,665
564,2025-06-30,504
565,2023-09-05,2315
565,2023-09-29,2106
565,2023-10-18,1938
565,2024-08-16,623
565,2025-01-03,3463
565,2025-01-16,2609
566,2023-08-27,1705
566,2023-11-26,2742
566,2023-11-28,2611
566,2023-12-01,2657
566,2024-03-01,1253
566,2024-08-29,997
566,2024-10-24,3391
566,2025-01-12,340
566,2025-03-26,3860
566,2025-03-27,1235
567,2024-07-23,3348
567,2024-10-13,1477
568,2025-01-06,324
569,2024-04-07,3833
570,2023-10-25,1283
570,2023-10-29,827
570,2024-04-14,1041
570,2024-06-12,3141
570,2024-07-25,3283
570,2024-07-29,3121
570,2024-09-05,2631
570,2025-02-10,1639
570,2025-05-07,823
570,2025-06-14,1648
571,2024-01-19,2010
571,2024-11-29,2364
572,2023-11-28,3353
572,2025-05-11,2865
572,2025-05-18,552
573,2023-09-05,3079
573,2024-09-10,2723
573,2024-10-22,1531
573,2024-12-03,2222
573,2025-03-26,822
573,2025-05-05,2785
573,2025-05-25,2837
574,2023-09-03,3596
574,2023-10-31,645
574,2024-05-30,3207
574,2024-07-13,555
575,2023-09-13,3780
575,2023-12-06,3243
575,2024-03-21,2985
575,2024-07-29,214
575,2024-10-01,3987
575,2024-12-28,3398
575,2025-02-23,1443
576,2023-10-04,843
576,2023-12-18,2977
576,2024-03-01,2572
576,2024-04-05,1923
576,2024-04-16,2853
576,2024-05-28,1935
576,2024-10-08,920
576,2024-12-17,213
576,2025-01-23,1151
576,2025-04-21,3008
577,2023-09-05,2330
577,2024-05-10,3282
577,2024-05-25,1123
577,2024-07-05,2993
577,2024-07-11,2699
577,2024-07-14,1471
577,2024-09-03,992
577,2024-10-31,3158
577,2024-11-20,1547
577,2025-03-04,1236
578,2024-08-06,3804
579,2024-04-19,761
580,2023-10-12,1854
580,2024-05-16,3776
581,2024-01-04,2770
581,2024-08-24,1344
581,2024-08-29,1939
581,2024-11-01,2567
581,2025-03-30,2517
581,2025-07-24,410
582,2023-12-16,3381
582,2024-10-10,814
582,2025-04-11,984
582,2025-08-15,2488
583,2023-11-15,460
583,2024-05-15,2632
583,2024-09-06,2674
583,2024-10-23,3708
584,2023-08-29,2318
584,2025-06-07,3114
585,2023-12-04,1925
586,2023-12-11,898
586,2024-03-31,795
586,2024-05-07,370
586,2024-06-20,1614
586,2024-08-16,3245
586,2024-09-10,3116
586,2025-03-16,1938
587,2024-03-16,3664
587,2024-04-17,1981
587,2024-10-07,2552
587,2025-04-02,3251
587,2025-07-20,2458
588,2024-10-22,2031
588,2024-10-22,995
588,2025-04-27,2054
589,2023-11-17,3451
589,2024-06-20,1719
589,2025-05-03,2963
590,2024-03-16,1969
590,2024-04-18,836
590,2024-10-20,1124
590,2025-05-25,3785
590,2025-08-11,3441
591,2024-04-05,2085
591,2024-10-16,2681
591,2025-05-06,3676
592,2024-04-10,3316
592,2024-05-14,2344
592,2024-12-02,1432
592,2025-01-17,2768
592,2025-03-02,2393
592,2025-04-02,1607
592,2025-06-08,1956
593,2024-12-25,2678
593,2025-01-13,2015
594,2023-12-14,3067
594,2024-02-24,1946
594,2024-12-29,3997
594,2025-07-21,2186
594,2025-07-24,1379
595,2024-01-27,1643
595,2024-05-21,1748
595,2025-05-16,1778
596,2023-10-13,3275
596,2023-10-29,1101
596,2024-01-22,3870
596,2024-05-22,504
596,2024-07-24,3083
596,2024-08-21,2457
596,2025-05-21,927
597,2023-10-07,282
597,2024-04-15,3720
597,2024-06-12,3385
597,2024-08-25,1130
597,2024-12-23,3639
597,2025-03-22,245
597,2025-07-18,329
598,2024-06-30,1706
598,2024-12-29,1727
599,2023-09-21,2323
599,2024-03-05,3334
600,2024-03-14,517
600,2024-12-30,3635
600,2025-02-09,2634
600,2025-03-07,2484
600,2025-05-24,356
601,2024-01-21,2994
601,2024-07-08,864
601,2024-08-05,910
601,2024-08-19,1514
601,2025-02-12,1376
601,2025-04-13,1956
601,2025-06-22,1708
601,2025-07-14,3080
601,2025-08-16,1621
602,2024-01-16,557
602,2024-05-10,2946
602,2024-07-30,2786
602,2024-09-19,2511
602,2024-11-29,2066
603,2024-06-01,2665
603,2024-08-06,692
603,2024-10-25,945
603,2025-02-17,3027
603,2025-08-18,2375
604,2023-12-14,696
604,2024-10-13,1143
604,2024-12-20,1928
605,2024-04-16,1954
605,2024-11-27,1765
605,2025-01-14,898
605,2025-01-17,2751
605,2025-03-25,3981
606,2024-02-22,3088
606,2024-08-07,3099
607,2025-01-14,979
608,2024-02-06,3495
608,2024-04-10,3395
608,2024-07-25,1128
608,2024-11-21,2004
608,2025-01-07,1829
608,2025-03-21,2926
608,2025-04-28,1441
608,2025-05-27,2275
608,2025-05-29,454
608,2025-07-31,1457
609,2024-04-14,3244
609,2024-11-01,1304
610,2023-09-30,3044
610,2023-12-06,713
610,2024-11-09,259
610,2025-01-17,2324
610,2025-06-26,3255
611,2023-12-12,3769
611,2024-04-12,2881
611,2024-06-11,1199
611,2024-08-03,1730
611,2024-11-08,3815
611,2024-12-21,2308
611,2025-03-09,246
611,2025-03-28,1354
612,2023-12-15,2027
612,2024-01-12,1502
612,2024-07-19,1855
612,2024-11-27,1123
612,2025-03-31,2701
612,2025-06-10,3393
612,2025-07-04,3434
613,2023-10-19,1982
613,2024-05-25,2966
613,2024-09-22,414
614,2023-09-10,3764
614,2023-11-13,834
614,2024-09-18,2174
614,2025-03-22,292
614,2025-06-25,3555
615,2023-10-28,1364
615,2023-12-08,607
615,2024-07-10,1201
615,2024-07-13,640
615,2024-08-19,2366
615,2025-01-28,2567
615,2025-02-27,2257
615,2025-03-28,2797
615,2025-06-11,1578
615,2025-07-15,1296
616,2024-01-07,3648
616,2024-04-21,3761
616,2024-05-22,2302
616,2024-07-15,2528
616,2024-09-17,2910
616,2025-04-21,3247
616,2025-05-13,2422
616,2025-06-27,2840
617,2023-12-05,201
617,2024-06-17,1710
617,2025-03-15,1297
617,2025-04-12,2562
618,2024-03-07,1807
618,2024-03-10,3044
618,2024-05-09,2628
618,2024-06-21,2932
618,2024-10-01,1234
618,2024-11-06,3875
618,2025-03-20,754
618,2025-05-10,1077
618,2025-07-22,629
619,2024-03-14,529
619,2024-07-26,3977
619,2024-08-16,3966
619,2025-03-24,3564
619,2025-07-12,3470
620,2023-12-20,2424
620,2024-05-17,3723
620,2024-10-16,924
620,2024-11-11,2636
620,2025-01-21,2400
620,2025-05-02,3486
620,2025-05-05,1166
620,2025-07-17,1011
621,2024-02-18,2210
621,2024-06-08,3229
621,2024-07-14,3184
621,2024-12-16,1407
621,2025-02-24,3644
622,2024-01-23,2274
622,2024-04-11,2294
622,2024-04-12,1569
622,2024-05-04,1116
622,2024-06-29,2513
622,2024-10-17,3210
622,2024-11-26,3169
622,2024-11-27,3588
622,2025-06-27,1185
623,2024-03-21,3512
623,2024-04-13,794
623,2025-02-07,3100
623,2025-07-09,566
623,2025-07-15,2108
624,2024-02-10,922
624,2024-06-24,1133
624,2025-06-19,1558
625,2024-05-04,739
625,2024-07-22,2610
625,2024-09-17,2253
625,2024-12-23,960
625,2025-04-24,3276
625,2025-05-11,430
625,2025-05-23,2506
625,2025-07-04,3118
626,2023-09-15,3993
626,2023-11-08,3800
626,2024-03-08,2792
626,2024-12-14,1710
626,2025-05-28,2277
627,2024-03-30,580
627,2025-07-29,2261
627,2025-08-08,2941
628,2024-06-03,444
628,2024-10-10,2497
628,2024-11-25,1161
628,2025-01-05,3400
629,2024-05-31,3801
629,2024-10-17,1374
629,2024-11-24,2891
629,2025-03-06,3098
629,2025-06-14,812
629,2025-07-25,3492
630,2023-09-06,3548
630,2023-09-20,563
630,2024-01-14,1405
630,2024-03-26,264
630,2024-07-04,1018
630,2024-10-17,2508
630,2024-10-17,3539
630,2025-01-29,946
630,2025-07-19,3884
631,2023-09-13,3727
631,2023-11-06,309
631,2024-03-07,3784
632,2023-09-21,3010
632,2024-01-02,1049
632,2024-01-09,1725
632,2024-02-28,808
632,2024-04-03,1268
632,2024-07-22,3975
632,2024-07-27,459
632,2024-09-26,636
632,2024-12-01,3214
633,2024-01-06,3887
633,2024-01-18,284
633,2025-03-30,2922
633,2025-05-07,2758
634,2023-12-25,1386
634,2024-01-08,1864
634,2024-06-09,324
634,2024-07-12,3760
634,2024-07-19,3565
634,2024-10-06,2324
634,2024-11-03,3050
634,2024-12-06,2798
634,2025-06-07,1981
634,2025-07-11,2851
635,2024-05-01,3376
635,2024-06-13,1687
635,2024-08-07,866
635,2025-04-14,2671
635,2025-05-21,206
635,2025-05-24,2426
636,2023-09-07,986
636,2023-12-02,2516
636,2023-12-05,3870
636,2023-12-21,1081
636,2024-03-26,2231
636,2024-05-10,1377
636,2024-09-10,3194
636,2024-09-10,3500
636,2024-11-19,395
636,2025-06-15,2467
637,2023-09-13,3242
637,2024-03-26,1524
637,2024-04-25,3937
637,2024-08-16,2531
637,2025-03-06,605
637,2025-03-20,1462
637,2025-05-07,1033
637,2025-06-02,2781
637,2025-06-10,3975
638,2024-05-13,3322
638,2025-05-06,2792
639,2024-03-14,1997
639,2024-06-02,2976
639,2025-04-11,524
639,2025-05-06,3457
640,2023-10-04,3303
640,2023-12-12,1773
640,2023-12-30,782
640,2024-02-06,520
640,2024-06-16,1288
640,2025-02-10,3061
640,2025-03-21,3688
640,2025-05-03,1338
640,2025-07-07,2612
641,2023-09-24,1902
641,2024-01-10,1334
641,2024-07-16,3428
641,2024-10-12,3526
641,2024-12-21,1757
641,2025-02-01,605
641,2025-04-10,3830
642,2023-11-23,1820
642,2024-03-20,2028
642,2025-02-18,1796
643,2024-01-13,3847
643,2024-01-27,1328
643,2024-04-18,3964
643,2024-05-20,967
643,2024-09-16,1062
643,2024-11-21,2284
643,2025-01-09,372
643,2025-01-21,551
643,2025-05-24,3384
643,2025-07-29,2471
644,2025-03-22,944
645,2023-10-25,3759
645,2023-12-01,3125
645,2023-12-10,407
645,2024-01-21,2635
645,2024-11-08,2163
645,2024-12-13,2999
646,2024-04-19,1363
646,2024-08-10,1426
646,2024-12-08,288
646,2024-12-28,2403
646,2025-03-11,3450
646,2025-04-13,3585
646,2025-08-20,1587
647,2023-09-12,2482
647,2023-11-17,1255
647,2024-01-21,3429
647,2024-01-29,2733
647,2024-04-24,2549
647,2024-08-05,2068
647,2024-11-20,3687
647,2024-12-26,3179
647,2025-05-29,2865
647,2025-07-05,2913
648,2024-03-28,3724
648,2024-08-03,1060
649,2023-10-01,2637
650,2023-12-20,2503
650,2023-12-23,1406
650,2024-05-16,2849
650,2024-07-06,2694
650,2024-07-13,1679
650,2025-01-16,1742
650,2025-05-28,2978
651,2024-03-23,1399
651,2024-12-12,791
652,2024-01-17,460
652,2024-02-18,2020
652,2024-03-02,1598
652,2024-10-17,3256
652,2025-04-08,2238
652,2025-05-17,3314
652,2025-06-26,241
653,2023-11-02,1129
653,2023-12-16,3086
653,2024-02-15,3040
653,2024-03-24,3315
653,2024-06-30,325
653,2024-12-17,3251
653,2025-05-12,351
653,2025-07-01,2224
654,2024-10-12,1448
654,2024-12-02,2373
655,2023-10-21,1466
655,2025-05-21,3418
656,2025-05-05,3427
657,2024-01-17,3540
657,2024-06-11,702
657,2024-09-04,2319
657,2025-02-21,3649
658,2024-03-13,3371
658,2024-11-03,1406
659,2024-03-09,2805
659,2024-10-27,3887
659,2024-11-15,322
659,2025-05-27,1291
660,2023-12-15,652
660,2025-01-03,3591
660,2025-04-06,765
660,2025-05-29,3740
660,2025-06-03,1577
661,2023-12-26,589
661,2024-09-17,2476
661,2025-05-14,2161
661,2025-06-07,2492
662,2024-09-01,3191
662,2025-08-10,964
663,2024-04-09,1881
663,2024-10-14,2482
663,2025-06-30,1485
664,2024-05-09,846
664,2024-07-02,1567
664,2024-08-30,2450
664,2025-01-31,1781
664,2025-08-18,2391
665,2023-12-06,439
665,2024-02-14,243
665,2024-02-16,862
665,2024-03-02,2746
665,2024-12-14,3661
666,2023-10-15,3061
666,2024-07-29,3776
666,2024-10-16,2677
667,2023-09-29,1210
667,2023-12-15,2796
667,2024-01-23,326
667,2024-05-28,2005
667,2024-05-29,2706
667,2024-10-05,2077
667,2025-02-23,2031
667,2025-04-27,2868
667,2025-04-28,866
668,2024-05-29,3906
668,2024-11-20,2776
668,2024-12-08,2750
668,2025-07-26,1500
669,2023-12-12,208
669,2024-04-01,2453
670,2023-11-13,3322
670,2023-11-18,3558
670,2024-08-03,1286
670,2024-10-14,3315
670,2025-01-03,298
670,2025-05-17,3198
670,2025-06-15,1591
670,2025-08-24,2394
670,2025-08-24,1456
670,2025-08-25,2056
671,2025-03-14,1365
671,2025-07-14,3589
672,2023-10-31,3332
672,2024-01-26,1175
672,2025-01-02,1662
672,2025-04-01,833
672,2025-05-23,979
672,2025-08-18,3826
673,2025-02-22,2918
674,2024-10-03,3229
674,2025-02-08,579
674,2025-05-12,3507
674,2025-06-20,2072
675,2024-04-05,258
675,2024-05-08,2446
675,2025-02-02,868
675,2025-06-02,659
675,2025-08-03,1734
676,2023-12-28,1893
676,2024-01-18,2759
676,2024-06-10,2319
676,2024-06-12,2693
676,2024-09-04,491
676,2025-05-11,3082
676,2025-06-17,354
677,2024-01-02,724
677,2024-05-27,3484
677,2024-05-31,3791
677,2024-07-28,3211
677,2025-05-11,2449
677,2025-08-20,2000
678,2023-09-29,3775
678,2024-02-02,533
678,2024-04-14,2734
678,2024-11-24,2256
678,2025-02-16,706
678,2025-03-11,1068
678,2025-05-15,515
678,2025-07-21,3063
678,2025-08-01,916
679,2024-08-02,2050
680,2023-08-31,3416
680,2023-09-17,2412
680,2024-02-16,524
680,2024-06-21,2752
680,2024-10-17,2516
680,2025-02-06,783
680,2025-04-19,3241
680,2025-06-26,1800
681,2024-01-05,1380
681,2024-03-08,2540
681,2024-04-02,1883
681,2024-04-27,1202
681,2024-07-07,450
682,2024-02-09,3776
682,2024-04-01,345
682,2024-08-02,2851
682,2024-08-11,1118
682,2024-12-23,1239
682,2025-01-07,1118
682,2025-02-28,1550
682,2025-03-04,1783
683,2023-11-06,3178
683,2023-11-20,1809
683,2024-05-27,3769
683,2024-11-12,2931
683,2024-11-30,2400
683,2024-12-02,2643
683,2025-05-21,1666
683,2025-07-26,1750
683,2025-07-28,1802
684,2023-08-30,3719
684,2023-10-14,2133
684,2024-01-06,578
684,2024-04-27,2968
684,2024-08-18,2272
684,2024-09-22,3262
684,2024-12-28,3901
684,2025-03-16,3958
684,2025-05-06,716
684,2025-08-04,2876
685,2023-10-11,223
685,2023-11-22,3171
685,2024-01-12,1451
685,2024-05-28,2640
685,2025-01-21,3975
685,2025-08-04,3511
686,2023-12-25,815
686,2024-11-06,900
686,2024-11-22,2442
686,2025-06-03,3721
687,2023-10-08,616
687,2023-11-10,2857
687,2023-12-26,1328
687,2024-01-11,2122
687,2024-05-20,2750
687,2024-08-29,3871
688,2024-12-01,2494
688,2025-03-14,3334
688,2025-05-25,700
689,2025-05-25,773
690,2023-12-28,3336
690,2024-06-12,1250
690,2024-09-18,1684
690,2025-02-13,1497
690,2025-05-24,1732
690,2025-08-16,2719
691,2024-01-14,2611
691,2024-05-06,3607
691,2024-12-16,1598
691,2024-12-30,1755
691,2025-02-07,2186
691,2025-03-14,2190
691,2025-05-01,2835
691,2025-05-07,2372
691,2025-05-27,394
692,2024-05-13,3018
692,2024-05-25,2276
692,2024-06-18,618
692,2024-09-14,2468
693,2024-02-07,1474
693,2024-05-06,2218
693,2024-09-26,1558
693,2025-06-13,3561
694,2023-10-04,3251
694,2023-11-23,1616
694,2024-06-16,466
694,2024-08-21,1895
694,2025-01-02,1895
694,2025-03-13,2585
694,2025-06-29,2902
694,2025-08-03,3523
694,2025-08-21,1972
695,2023-09-13,1316
695,2023-09-27,2658
695,2023-12-09,2974
695,2024-01-22,2876
695,2024-03-08,2519
695,2024-05-12,1223
695,2025-02-02,1515
695,2025-04-06,920
695,2025-04-25,2177
695,2025-07-17,806
696,2023-11-23,1551
696,2024-06-21,694
696,2025-02-07,263
696,2025-02-23,2547
696,2025-03-01,2411
696,2025-06-24,2126
696,2025-06-25,2075
697,2023-11-25,1813
697,2023-12-18,3214
697,2024-05-27,2287
697,2024-07-18,3012
697,2024-09-20,3260
697,2025-02-04,1035
697,2025-07-22,1536
697,2025-07-24,3731
698,2023-10-21,1164
698,2024-08-18,3546
698,2025-04-14,756
699,2023-10-20,1121
699,2023-11-11,904
699,2024-01-17,409
699,2024-03-23,2913
699,2024-06-25,1855
699,2024-11-05,2170
699,2025-03-30,3036
699,2025-04-01,852
699,2025-04-10,625
699,2025-05-13,1752
700,2024-03-24,3862
700,2024-10-22,1369
700,2024-11-10,214
700,2025-01-28,671
700,2025-06-13,1365
700,2025-07-30,3311
701,2023-09-19,755
701,2023-11-15,3727
701,2024-03-13,3533
701,2024-05-31,2896
701,2024-06-17,3401
701,2024-12-30,3693
701,2025-02-02,1665
701,2025-06-07,486
701,2025-07-20,836
702,2023-10-03,1353
702,2025-05-28,3873
702,2025-08-01,3273
703,2023-12-06,1619
703,2024-01-20,3217
703,2024-03-07,2120
703,2024-03-23,998
703,2024-10-24,2927
703,2025-01-01,2653
703,2025-04-11,2318
703,2025-07-12,2354
703,2025-08-16,2769
704,2024-01-27,2732
704,2024-02-06,2300
704,2024-02-28,1272
704,2024-10-06,583
704,2024-10-12,478
704,2025-03-05,3414
704,2025-05-20,1344
704,2025-06-30,1853
704,2025-08-10,1464
705,2024-09-23,1594
705,2024-10-18,582
705,2025-03-19,3133
705,2025-03-31,619
705,2025-06-13,1800
706,2024-05-14,3817
707,2024-09-19,1313
708,2023-09-09,2217
708,2023-11-25,1055
708,2024-04-18,3793
708,2024-06-02,2151
708,2024-06-24,2460
708,2025-03-08,3144
708,2025-04-07,2423
708,2025-05-03,3028
708,2025-06-06,982
708,2025-07-06,2348
709,2023-09-23,2577
709,2023-10-03,2671
709,2024-04-20,1424
709,2024-06-25,1792
709,2024-07-09,334
709,2024-07-14,3898
709,2024-11-01,2519
709,2025-02-14,3919
709,2025-05-16,1216
709,2025-08-19,3624
710,2023-10-26,768
710,2023-12-14,3588
710,2023-12-20,348
710,2024-09-16,794
710,2024-10-15,2297
710,2025-07-23,570
711,2024-10-19,3713
711,2025-06-04,2218
711,2025-06-28,3844
712,2024-03-03,2317
712,2024-10-18,1763
712,2025-01-08,2478
713,2023-10-05,2335
713,2023-10-28,3496
713,2023-12-16,2083
713,2024-03-23,1879
713,2024-04-09,3192
713,2024-06-12,3298
713,2025-05-30,3810
714,2024-03-25,868
715,2025-03-09,3104
715,2025-04-01,3972
716,2024-05-30,1151
716,2024-06-05,2138
716,2024-09-20,2317
716,2024-11-10,995
716,2025-01-04,333
716,2025-01-08,3442
716,2025-01-12,3628
716,2025-02-11,2511
716,2025-05-01,3778
717,2023-09-30,1641
717,2024-01-21,2071
717,2024-03-11,3955
717,2024-04-11,1366
717,2024-12-03,3727
717,2025-02-19,2016
718,2023-12-14,689
718,2023-12-21,2459
718,2024-03-18,3363
718,2024-04-17,1837
718,2024-06-19,2249
718,2024-08-31,2437
718,2024-11-19,1623
718,2025-06-12,2753
718,2025-08-09,1779
719,2023-10-16,3451
719,2024-03-14,3601
719,2024-05-22,519
719,2025-04-20,1456
719,2025-08-06,3225
720,2024-02-19,2665
720,2024-03-14,2204
720,2024-03-19,1020
720,2024-03-25,2074
720,2024-05-06,1847
720,2025-08-17,2242
721,2024-05-21,989
721,2024-10-31,654
721,2025-05-17,2392
722,2023-09-02,3852
722,2023-12-03,3363
722,2024-07-27,1533
722,2024-12-24,1019
722,2025-02-08,2099
722,2025-05-07,2532
722,2025-05-17,1465
722,2025-07-10,3586
722,2025-08-12,2938
723,2024-02-27,3549
723,2024-05-03,2026
723,2024-09-16,2116
723,2024-12-29,1100
723,2025-03-13,2659
723,2025-05-11,1943
724,2024-04-24,502
724,2025-08-13,2723
725,2023-11-20,1195
725,2024-05-05,3577
725,2024-07-01,2410
725,2024-08-07,1553
725,2024-10-21,309
725,2025-03-06,858
725,2025-04-28,270
725,2025-06-27,502
725,2025-07-12,860
726,2023-11-18,623
726,2024-01-26,2532
726,2024-06-06,1481
726,2025-02-20,2950
726,2025-04-26,2764
727,2025-07-18,3399
728,2023-08-26,2794
728,2023-11-09,1291
728,2024-08-23,2437
728,2024-11-01,1052
728,2024-12-11,1947
728,2025-04-29,3101
729,2023-09-12,3684
729,2023-12-23,574
729,2024-01-26,1652
729,2024-02-24,852
729,2024-02-24,1104
729,2024-12-06,3515
729,2025-03-16,2283
730,2024-03-06,3103
730,2024-03-15,604
730,2024-05-22,914
730,2025-08-05,449
731,2023-11-03,3748
731,2024-01-12,3336
731,2025-05-04,2068
732,2024-07-17,3176
733,2024-07-29,620
733,2025-03-28,3963
733,2025-04-27,2458
734,2024-03-06,2197
734,2025-01-16,3254
735,2024-01-27,3187
735,2024-01-29,866
735,2024-03-11,3100
735,2024-06-06,254
735,2024-11-17,3680
735,2024-12-10,3488
735,2025-01-26,2295
735,2025-04-25,3406
736,2023-09-02,2928
736,2024-01-09,1165
736,2024-04-23,2699
736,2025-01-24,2209
736,2025-03-13,1422
736,2025-04-11,3091
736,2025-04-18,3147
737,2023-10-04,2749
737,2023-10-13,2068
737,2024-03-19,2172
737,2024-04-08,2621
737,2024-04-23,2832
737,2025-06-14,1359
737,2025-08-10,2545
738,2023-12-24,3906
738,2024-01-07,986
738,2024-03-02,947
738,2024-04-12,1926
738,2024-05-21,1304
738,2025-03-18,1615
738,2025-04-24,3495
738,2025-07-04,2506
738,2025-08-03,1968
739,2023-10-26,659
739,2024-01-12,541
739,2024-02-29,596
739,2024-08-31,3377
739,2025-02-10,783
739,2025-03-22,3227
739,2025-06-14,1485
739,2025-07-10,1822
739,2025-08-03,2522
740,2023-11-19,2328
740,2024-09-21,3725
740,2024-11-09,3748
740,2025-04-07,1840
740,2025-06-25,843
740,2025-07-21,3934
740,2025-08-20,3769
741,2024-04-20,460
741,2024-06-06,1975
741,2024-06-13,1309
741,2024-08-01,1094
741,2025-06-18,3960
741,2025-07-17,763
742,2023-09-20,512
742,2023-10-23,227
742,2023-10-30,2159
742,2023-12-11,852
742,2024-04-09,900
742,2024-05-18,1828
742,2024-05-26,3934
742,2024-10-05,3057
742,2025-05-18,3127
742,2025-07-14,3380
743,2023-11-22,229
743,2023-11-22,2597
743,2023-12-06,1328
743,2023-12-16,212
743,2024-01-08,3183
743,2025-02-17,1671
743,2025-08-15,660
744,2023-09-16,1423
744,2023-10-05,3406
744,2023-12-28,3599
744,2024-03-20,406
744,2025-05-09,2820
745,2025-04-27,1213
745,2025-07-08,338
746,2024-12-24,1946
746,2025-03-11,1068
746,2025-03-29,276
746,2025-04-01,1943
747,2024-02-19,739
747,2024-06-19,2847
747,2024-09-23,411
747,2024-12-30,766
747,2025-01-27,1846
747,2025-07-03,1063
748,2023-11-14,521
748,2024-03-09,2281
748,2025-02-03,3517
749,2025-02-22,1035
749,2025-06-10,3140
750,2024-03-02,1166
750,2024-06-23,1244
750,2024-08-24,2558
750,2024-12-25,3461
750,2025-05-04,1596
751,2025-04-03,2442
751,2025-06-19,2022
752,2025-06-07,1270
753,2023-09-22,3894
753,2023-10-14,1952
753,2024-02-03,267
753,2024-03-17,3482
753,2024-08-10,2070
753,2025-02-25,905
754,2023-11-30,3244
754,2024-07-25,2709
754,2024-08-05,2255
754,2025-01-26,877
754,2025-01-28,527
754,2025-05-07,2191
754,2025-08-24,740
755,2023-12-07,3204
755,2024-03-11,3265
755,2024-04-22,451
755,2024-07-28,741
755,2024-08-31,2375
755,2025-07-08,1278
756,2023-08-30,3179
756,2023-12-27,457
756,2024-01-07,438
756,2024-04-13,3379
756,2024-05-01,384
756,2024-07-29,3905
756,2025-03-16,2701
756,2025-04-30,2657
756,2025-05-16,370
756,2025-06-07,652
757,2023-11-30,578
757,2024-01-30,3693
757,2024-05-31,1191
757,2024-10-16,3902
758,2023-10-26,2852
758,2023-11-28,1151
758,2024-02-20,3074
758,2024-03-27,1577
758,2024-05-26,2407
758,2024-06-09,2784
758,2024-08-03,937
758,2025-02-28,2320
758,2025-07-11,1730
758,2025-08-02,3854
759,2024-07-23,3961
759,2024-12-31,837
760,2024-02-21,2764
760,2024-04-22,1653
760,2024-08-01,1193
760,2024-08-03,3234
760,2024-08-23,3825
760,2024-09-26,1257
760,2024-10-16,2446
760,2024-11-23,2976
760,2025-01-02,436
760,2025-07-15,3615
761,2023-09-24,1029
761,2023-11-23,3524
761,2024-01-19,2022
761,2024-05-04,2571
761,2025-06-29,237
762,2024-04-26,3516
762,2024-07-16,3728
762,2025-01-31,2039
762,2025-06-22,2809
762,2025-07-14,2822
763,2023-11-05,3336
763,2023-11-13,2285
763,2023-12-12,3814
763,2024-01-05,3113
763,2024-05-24,1601
763,2024-12-31,250
763,2025-01-24,2269
764,2023-10-25,1996
764,2024-01-31,1950
764,2025-08-02,333
765,2023-12-04,764
765,2025-04-15,2154
765,2025-07-23,3011
766,2024-02-05,1676
766,2024-03-03,1465
766,2024-10-02,1553
767,2024-01-31,2664
767,2024-09-22,2959
767,2025-03-17,1264
767,2025-04-16,471
767,2025-05-18,239
768,2023-12-14,2101
769,2023-10-09,3617
769,2023-12-02,415
769,2024-03-24,252
769,2024-09-22,1189
769,2024-11-26,1169
769,2025-03-29,2800
769,2025-05-19,2191
769,2025-06-29,380
769,2025-07-12,2463
770,2023-10-13,1058
770,2023-11-11,3333
770,2023-12-26,2101
770,2023-12-30,584
770,2024-02-20,1280
770,2024-03-15,3921
770,2024-04-22,275
770,2024-05-22,232
770,2025-07-07,2438
771,2023-10-08,2287
771,2024-03-09,1389
771,2024-06-28,2141
771,2024-07-26,250
771,2025-01-05,2785
771,2025-02-23,3087
771,2025-03-02,2228
771,2025-04-14,1932
771,2025-05-10,1102
772,2024-03-02,243
772,2024-03-23,3665
772,2024-06-30,2534
772,2024-10-11,1430
772,2024-11-08,3702
773,2024-10-10,3899
773,2024-11-30,2724
773,2025-03-15,2589
774,2023-10-02,2089
774,2024-06-03,2148
774,2025-06-06,3559
774,2025-07-01,3578
775,2023-09-10,883
775,2024-03-16,2252
775,2024-06-15,1631
775,2024-08-16,2993
775,2024-09-18,3545
775,2024-10-16,710
775,2025-06-13,374
776,2023-12-17,2044
776,2024-03-10,616
776,2024-08-13,2700
776,2024-11-01,3097
776,2024-12-05,2230
776,2025-02-06,2918
776,2025-04-03,1038
776,2025-04-15,2704
776,2025-05-20,755
777,2023-11-01,2312
777,2024-02-09,3958
777,2024-04-24,3501
777,2024-05-10,3451
777,2024-05-14,321
777,2024-07-04,726
777,2024-10-14,2216
777,2024-10-20,3303
777,2024-11-19,3574
778,2023-10-28,2980
778,2024-10-03,1552
778,2025-07-24,305
779,2023-10-22,516
779,2024-03-16,252
779,2024-09-16,602
779,2025-05-04,2289
779,2025-05-24,1608
780,2023-09-19,3374
780,2024-10-26,685
780,2025-03-06,3567
780,2025-04-13,2169
780,2025-06-19,2659
781,2023-11-14,943
781,2023-12-02,2227
781,2023-12-26,987
781,2024-01-11,694
781,2024-04-29,1805
781,2024-11-25,1285
781,2024-12-01,380
782,2024-01-06,624
782,2024-01-17,3166
782,2024-02-09,3848
782,2024-05-29,3830
782,2025-02-15,1979
782,2025-02-16,3079
782,2025-07-15,3258
783,2025-03-08,1243
783,2025-04-09,3729
784,2023-10-22,520
784,2023-12-01,1425
784,2024-08-15,1470
784,2024-11-01,2215
784,2024-11-13,649
784,2025-05-12,3763
785,2025-05-11,2184
786,2024-03-20,3984
786,2024-07-20,2338
786,2024-08-21,3076
786,2024-09-16,553
786,2024-09-26,2838
786,2024-11-03,3095
786,2025-01-04,1846
786,2025-01-28,3608
787,2023-12-05,2444
787,2024-01-15,3688
787,2025-01-07,1977
787,2025-04-08,2646
788,2023-09-09,3207
788,2024-04-22,1482
788,2024-04-24,2449
788,2024-09-06,367
788,2024-12-15,3469
788,2025-02-28,3324
788,2025-05-10,2765
788,2025-05-24,1823
789,2023-12-05,1867
789,2025-07-07,2474
790,2023-10-08,1384
790,2024-01-11,495
790,2024-01-22,3164
790,2024-03-26,1548
790,2024-07-04,2871
790,2024-09-02,1092
790,2024-09-17,2401
790,2025-06-01,1586
791,2024-03-18,3720
791,2024-05-27,1344
791,2024-12-29,731
791,2025-04-07,3556
791,2025-07-30,728
792,2023-11-16,744
792,2024-12-25,3482
792,2025-06-07,2635
792,2025-07-01,1793
793,2023-12-02,2145
793,2024-01-19,3706
793,2024-10-08,1749
793,2025-01-21,2307
793,2025-02-07,1190
793,2025-03-23,926
793,2025-06-12,3468
793,2025-07-14,831
793,2025-08-05,3329
794,2025-08-25,2335
795,2023-09-22,2716
795,2024-03-06,1724
795,2024-09-25,655
796,2023-09-29,3469
796,2023-10-15,1639
796,2024-03-22,414
796,2024-05-17,3480
796,2024-09-11,2458
796,2025-02-20,1823
796,2025-03-31,3247
796,2025-06-30,3893
797,2024-03-15,3042
797,2024-08-15,2418
798,2023-12-13,1203
798,2024-09-03,973
798,2024-09-06,2393
798,2024-09-27,201
798,2025-08-07,694
798,2025-08-11,3660
799,2024-07-11,3202
799,2024-08-23,3980
799,2024-08-28,1705
799,2024-09-20,888
799,2025-03-01,278
799,2025-04-27,1956
799,2025-05-08,1503
799,2025-07-08,3369
799,2025-08-19,1610
800,2023-09-14,860
800,2024-11-03,1964
800,2025-06-25,2588
801,2023-12-03,1469
801,2024-03-04,1672
801,2024-10-09,1276
801,2025-03-20,1626
801,2025-05-08,1488
801,2025-07-25,2189
802,2024-01-15,1359
802,2024-02-27,1986
802,2024-04-03,2238
802,2024-08-14,1825
802,2024-08-16,3122
802,2024-09-16,1478
802,2024-09-16,837
802,2024-12-22,276
802,2025-03-14,3417
803,2024-03-14,1639
804,2024-02-26,3694
804,2025-02-26,3409
805,2024-07-30,2394
806,2023-08-30,1600
806,2023-11-25,3503
806,2024-09-10,2124
806,2025-02-17,1051
807,2023-10-25,283
808,2024-01-13,339
808,2024-02-24,3235
808,2024-09-19,1228
808,2024-12-30,3020
808,2025-02-17,2680
808,2025-03-17,2327
808,2025-04-04,445
808,2025-08-11,3924
809,2024-10-01,1794
809,2024-10-18,3780
809,2024-11-07,1492
809,2025-07-23,1786
810,2023-12-08,3497
810,2023-12-17,817
810,2024-01-24,2843
810,2024-05-26,2844
810,2024-08-29,419
810,2025-01-25,927
810,2025-03-11,3893
810,2025-03-15,1154
810,2025-06-04,1521
811,2023-10-13,1838
811,2024-01-06,2407
811,2024-04-01,553
811,2024-05-04,2728
811,2024-07-18,2169
811,2024-09-17,349
811,2025-04-02,1909
811,2025-05-11,2174
812,2023-10-12,3909
812,2023-10-22,2182
812,2024-03-31,1182
812,2024-08-19,3148
812,2024-09-25,942
812,2024-10-07,1624
812,2025-04-03,1481
812,2025-04-04,339
813,2024-09-18,2059
814,2024-05-24,3020
814,2024-10-24,3501
814,2025-03-29,3088
814,2025-04-02,2476
815,2024-09-19,3325
816,2023-10-22,2015
816,2023-11-12,2014
816,2024-03-29,3310
816,2024-05-12,483
816,2024-09-19,1680
816,2024-12-18,3613
816,2025-02-06,3598
816,2025-03-01,402
816,2025-07-31,738
816,2025-08-02,1606
817,2024-11-18,1656
817,2025-01-07,2397
817,2025-07-08,1692
817,2025-08-13,699
818,2025-04-29,240
818,2025-07-04,1132
818,2025-08-10,1170
819,2023-08-29,1015
819,2024-05-29,1568
819,2024-06-25,556
819,2024-08-02,319
819,2025-01-29,3718
819,2025-05-15,2770
819,2025-06-27,2889
820,2023-10-20,1357
820,2024-11-20,687
820,2025-06-01,3533
821,2024-09-23,3558
821,2024-12-28,3610
821,2025-03-12,3705
822,2023-10-28,663
822,2023-12-11,887
822,2024-01-02,1075
822,2024-06-10,920
822,2024-06-16,1053
822,2024-09-03,1492
822,2025-02-01,2145
822,2025-03-24,3234
822,2025-07-16,3933
823,2023-10-15,202
823,2023-10-24,1303
823,2023-12-25,3180
823,2024-03-08,2285
823,2024-03-31,611
823,2024-04-04,361
823,2024-12-23,3924
823,2025-01-27,2412
824,2024-01-18,2540
824,2024-03-10,2277
824,2024-08-19,519
824,2024-10-25,1294
824,2025-02-01,2567
825,2023-09-03,470
825,2023-10-24,2461
825,2023-11-20,2564
825,2023-12-12,1386
825,2023-12-28,1619
825,2024-03-30,2286
825,2024-12-04,716
825,2024-12-13,2642
825,2025-02-03,865
825,2025-05-12,2995
826,2023-12-24,251
827,2025-02-21,3016
828,2023-09-01,2645
828,2023-09-04,2432
828,2023-12-02,1204
828,2024-01-12,2961
828,2024-06-20,674
829,2024-08-31,1129
830,2023-11-26,1259
831,2023-11-10,3086
831,2024-06-03,1893
831,2024-06-11,2845
831,2025-05-10,535
832,2023-09-06,3006
832,2023-09-26,2804
832,2023-11-11,1194
832,2023-11-15,1948
832,2024-04-06,3141
832,2024-08-21,3062
832,2024-10-17,2994
832,2025-02-25,2818
832,2025-04-19,3243
832,2025-06-12,865
833,2023-12-11,2872
833,2024-01-29,1027
833,2024-06-27,3667
833,2024-10-11,2756
833,2024-10-18,3083
833,2025-04-01,698
833,2025-08-14,3101
834,2023-12-26,1683
834,2024-02-17,3276
834,2024-03-19,2977
834,2024-11-13,2488
834,2025-03-16,1041
834,2025-05-11,1693
835,2023-10-14,1377
835,2023-10-25,3537
835,2023-11-01,3527
835,2023-11-07,599
835,2024-03-05,2363
835,2024-03-08,291
835,2024-04-16,2996
835,2024-12-20,2236
836,2024-07-27,1241
836,2024-11-12,877
836,2024-12-18,641
837,2023-10-14,3910
837,2023-12-30,3304
837,2024-08-18,613
837,2025-03-05,3640
837,2025-08-09,3778
838,2023-11-15,2200
838,2023-11-24,3126
838,2023-11-25,3197
838,2023-12-05,1870
838,2023-12-08,1945
838,2024-06-05,2339
838,2024-09-15,2217
838,2024-09-22,3313
838,2024-10-23,1086
838,2025-04-22,555
839,2023-08-30,3406
839,2024-03-07,1737
839,2024-05-14,2749
839,2024-08-28,2137
839,2025-03-18,1545
839,2025-07-14,3133
840,2024-04-07,3634
840,2024-06-18,539
840,2025-04-08,593
841,2025-03-22,601
842,2024-04-22,2939
842,2024-07-26,865
842,2025-03-28,1198
842,2025-05-20,1765
842,2025-06-16,2673
842,2025-07-22,2003
843,2024-02-10,2574
843,2024-03-20,428
843,2024-04-24,3149
843,2024-07-25,2271
843,2024-12-11,1985
843,2025-02-05,2586
843,2025-03-22,3507
843,2025-04-28,424
843,2025-06-25,3363
843,2025-08-19,2615
844,2023-08-31,715
844,2024-02-17,2797
844,2024-06-26,717
844,2025-02-09,1624
844,2025-04-12,2120
844,2025-05-24,1337
845,2024-03-01,3123
845,2024-05-29,3254
845,2024-07-04,1871
845,2024-09-23,2027
845,2024-10-08,3461
845,2024-10-25,2406
845,2025-03-15,436
845,2025-06-22,2914
845,2025-08-11,2799
846,2023-09-30,1235
846,2024-05-08,1677
846,2024-09-27,1763
846,2025-08-12,769
847,2023-09-09,1891
847,2024-03-22,2445
847,2024-05-05,2303
847,2024-08-08,1447
847,2024-10-09,823
847,2025-01-21,2652
847,2025-03-11,2178
848,2024-03-09,3456
848,2024-06-03,1484
848,2024-10-23,3505
848,2024-12-18,1187
848,2025-05-15,2574
849,2023-12-31,2805
849,2024-05-20,2887
849,2024-12-13,2411
850,2023-10-11,823
850,2023-10-16,1320
850,2023-10-19,3792
850,2024-01-28,1646
850,2024-12-21,2001
850,2025-04-14,3580
850,2025-05-24,628
850,2025-06-14,897
850,2025-08-12,1116
851,2023-12-09,2120
851,2024-05-21,2446
851,2024-06-17,451
851,2024-08-18,1003
851,2025-07-16,2546
852,2024-01-23,3831
852,2024-02-23,1693
852,2024-08-02,2917
852,2024-08-14,606
852,2025-04-14,524
852,2025-04-17,1988
852,2025-05-31,2703
852,2025-07-29,1837
853,2024-08-27,777
853,2024-10-16,3058
854,2024-09-23,1977
854,2024-10-21,2317
854,2024-12-08,3020
854,2024-12-28,1540
854,2025-03-09,831
854,2025-04-05,3121
854,2025-04-23,1471
855,2024-05-30,3689
855,2024-06-12,2437
855,2024-08-12,2045
855,2024-12-12,1150
855,2025-02-02,2679
855,2025-03-29,3750
855,2025-04-30,3677
856,2023-11-29,1372
856,2024-02-24,2894
856,2024-10-28,251
856,2025-05-07,1142
856,2025-07-26,687
857,2024-01-30,3603
857,2024-03-09,2875
857,2024-07-10,721
857,2024-12-24,253
857,2025-02-15,2007
857,2025-05-10,2891
857,2025-05-31,3592
857,2025-06-14,3059
857,2025-08-13,2685
857,2025-08-19,2892
858,2023-10-02,3969
858,2024-04-08,1810
858,2024-06-01,3744
858,2024-10-04,2018
858,2025-01-17,926
859,2024-02-12,279
859,2024-03-14,1390
859,2024-04-22,2013
859,2024-10-26,2324
859,2024-11-20,2929
859,2024-12-31,2156
859,2025-03-05,570
859,2025-05-25,654
860,2025-06-02,2445
861,2023-12-01,1843
861,2024-01-18,910
861,2024-02-16,3400
861,2024-02-27,3979
861,2024-03-26,3741
861,2024-04-04,1876
861,2024-10-06,3410
861,2024-11-25,1464
861,2025-01-14,3835
862,2024-04-06,2927
862,2024-08-24,899
862,2025-04-18,2675
863,2024-12-02,1344
864,2023-12-11,1241
864,2023-12-12,3032
864,2024-11-23,1366
864,2025-01-10,494
864,2025-05-10,2649
865,2024-08-30,2058
865,2025-02-22,859
865,2025-06-27,3679
865,2025-08-03,960
866,2025-03-11,2311
866,2025-04-30,3883
866,2025-05-04,2446
867,2024-05-09,3963
868,2024-01-15,1934
868,2024-03-31,1095
868,2025-05-23,1583
869,2023-09-26,288
869,2023-11-12,2552
869,2024-01-11,2224
869,2024-05-22,2991
869,2024-10-24,3729
869,2024-11-23,982
869,2024-12-02,3372
869,2025-07-20,3634
869,2025-08-23,415
870,2024-02-17,834
870,2024-09-21,331
870,2025-05-08,2631
870,2025-06-25,1477
871,2024-06-01,1134
871,2024-07-21,2424
871,2024-07-25,3900
871,2025-03-30,2093
871,2025-05-01,2616
872,2023-11-11,877
872,2024-01-03,3030
872,2024-05-12,648
872,2024-07-19,1670
872,2024-08-16,3672
873,2024-01-03,3524
873,2024-02-14,3686
873,2024-09-11,1060
873,2024-09-18,1813
873,2024-12-31,3136
873,2025-05-21,2383
874,2023-08-28,1858
874,2024-04-04,3805
874,2024-06-07,512
874,2024-06-12,1980
874,2024-09-04,3704
874,2025-04-11,3087
874,2025-05-17,2463
875,2023-08-26,1567
875,2024-03-16,3033
875,2024-07-03,717
875,2024-08-06,2851
875,2024-10-23,1169
875,2025-06-07,566
876,2023-12-04,1993
876,2024-10-19,3092
876,2025-01-10,1379
876,2025-01-18,3782
876,2025-05-07,877
876,2025-05-18,2396
876,2025-08-15,3091
877,2024-03-22,3316
877,2024-12-27,1754
877,2025-01-08,774
878,2023-10-12,1500
878,2024-05-08,2440
878,2024-08-18,507
878,2024-11-12,1687
878,2025-03-21,2362
879,2023-10-24,3066
879,2024-01-21,2182
879,2024-04-15,3783
879,2024-05-03,1114
879,2024-05-18,3397
879,2024-09-12,1250
880,2024-05-01,1784
880,2024-09-24,1500
880,2025-07-27,799
881,2024-02-08,3556
882,2023-10-03,3008
882,2024-08-12,2809
882,2025-08-06,690
883,2023-10-11,3374
883,2024-02-29,379
883,2024-03-03,290
883,2024-09-28,269
883,2024-10-25,2223
883,2025-02-02,3791
883,2025-02-12,3060
883,2025-05-03,3722
883,2025-07-22,2547
884,2023-10-17,381
884,2023-10-21,2728
884,2024-01-25,3024
884,2024-02-02,2988
884,2024-10-18,1825
884,2024-11-05,2598
884,2025-03-02,676
884,2025-04-12,2566
885,2023-09-10,2436
885,2023-09-17,1725
885,2024-06-28,2299
885,2024-09-02,2646
885,2024-09-07,3060
885,2024-11-06,675
885,2025-03-24,1144
885,2025-07-12,3296
886,2023-10-30,1994
886,2025-01-28,1880
886,2025-04-22,826
886,2025-05-29,2127
886,2025-07-14,1042
887,2023-11-27,1668
887,2023-12-23,411
887,2024-02-05,1011
887,2024-09-18,3572
887,2024-09-20,2036
887,2024-11-20,3864
887,2025-01-18,2056
887,2025-06-30,2496
888,2024-12-05,3169
888,2024-12-12,2308
888,2025-04-25,3365
888,2025-06-18,2599
888,2025-07-19,2726
888,2025-07-31,2239
889,2023-12-15,288
889,2024-05-25,2886
889,2025-04-02,2249
890,2024-02-11,2994
890,2024-04-02,3367
890,2024-08-27,3236
890,2024-10-25,1895
890,2024-12-26,3926
890,2025-03-20,3803
891,2023-09-03,1885
891,2023-09-18,3847
891,2023-09-29,1772
891,2023-11-26,2630
891,2024-02-13,241
891,2024-05-07,588
891,2024-07-28,496
891,2025-02-01,3564
891,2025-02-13,2235
891,2025-03-24,3482
892,2024-08-22,2742
892,2025-02-14,2181
892,2025-08-17,3472
893,2023-11-20,2882
893,2023-12-18,2022
893,2024-01-17,2711
893,2024-04-04,1956
893,2024-04-21,3677
893,2024-05-15,2195
893,2024-05-29,2237
893,2024-10-06,1402
893,2025-01-11,3158
893,2025-05-05,1929
894,2023-10-01,599
895,2024-03-04,2624
895,2024-05-25,3331
895,2024-08-22,3373
895,2024-08-30,3119
895,2025-01-08,3461
895,2025-03-28,3052
895,2025-04-14,3576
895,2025-06-12,2813
895,2025-06-30,804
896,2023-08-26,1985
896,2023-09-06,433
896,2024-05-21,1293
896,2024-11-15,1320
896,2024-12-31,1394
896,2025-01-09,2731
896,2025-02-14,3098
897,2024-03-09,3615
897,2024-03-31,879
897,2024-07-14,2805
897,2024-08-17,684
897,2024-10-15,3959
897,2024-11-07,3818
897,2025-01-08,801
897,2025-04-07,537
897,2025-05-20,3197
898,2023-09-27,2489
898,2024-04-02,3941
898,2024-04-08,2742
898,2024-04-17,1056
898,2024-10-11,2446
898,2025-01-26,707
898,2025-04-19,2044
898,2025-06-14,254
898,2025-07-09,439
898,2025-08-16,2731
899,2024-01-23,3526
899,2024-04-17,3991
899,2024-10-11,1885
900,2023-09-06,1798
900,2024-06-06,1493
900,2024-06-07,924
900,2024-08-19,1689
900,2024-08-31,3162
900,2024-10-05,3863
900,2025-02-10,1428
900,2025-06-01,3518
901,2024-02-29,2683
901,2024-11-14,3380
901,2025-02-05,2120
901,2025-06-27,3653
902,2024-04-08,825
902,2024-06-19,1189
902,2025-01-16,843
902,2025-02-21,1581
902,2025-03-31,3362
902,2025-05-01,1004
902,2025-05-08,2221
902,2025-05-29,1940
902,2025-08-17,1935
903,2025-05-27,1067
903,2025-08-25,3099
904,2023-10-06,1220
904,2024-02-18,3010
904,2024-05-09,3061
904,2024-05-24,1698
904,2024-10-30,779
904,2024-11-05,323
904,2025-06-25,2998
905,2023-09-26,700
905,2023-11-06,1214
905,2023-11-22,1307
905,2024-03-15,3535
905,2025-02-18,2215
905,2025-06-27,460
906,2023-12-04,849
906,2024-05-24,1158
906,2024-06-02,1822
906,2024-07-11,2452
906,2025-01-13,1770
906,2025-03-02,3474
906,2025-05-11,1919
907,2023-12-16,494
907,2024-01-15,1220
907,2024-02-07,1478
907,2024-04-17,3581
907,2024-10-19,2477
907,2025-01-23,1770
907,2025-04-12,1776
907,2025-06-14,3900
907,2025-08-18,1652
908,2023-11-17,524
908,2023-12-29,409
908,2024-01-15,1058
908,2024-04-16,2216
908,2025-01-23,1858
908,2025-04-01,864
909,2024-07-05,1205
909,2024-11-23,2279
909,2025-02-07,2414
909,2025-03-28,1696
909,2025-04-10,1983
909,2025-08-17,2154
910,2023-09-27,803
910,2024-09-28,2491
910,2025-05-22,2591
910,2025-06-28,1951
911,2024-03-15,1394
911,2024-11-17,485
912,2025-05-01,2933
912,2025-07-03,1444
913,2023-12-27,598
913,2024-07-05,937
913,2024-10-15,1462
913,2025-07-11,3200
914,2023-09-14,251
914,2024-02-15,2994
914,2024-05-09,3015
914,2024-11-28,2831
915,2023-10-02,2788
915,2023-12-01,211
915,2023-12-14,1934
915,2024-01-20,3364
915,2025-03-05,3470
915,2025-05-01,2482
915,2025-07-04,3722
916,2023-12-03,2109
916,2024-01-06,2104
916,2025-06-05,3700
917,2023-10-15,1484
917,2023-11-02,3340
917,2023-12-24,1721
917,2025-08-20,397
918,2023-09-09,3634
918,2024-02-19,2417
918,2024-04-26,3306
918,2025-01-02,1056
918,2025-02-22,586
918,2025-05-02,1012
918,2025-07-16,1758
919,2023-09-21,3365
919,2023-11-01,1492
919,2024-02-16,3212
919,2025-01-26,2464
920,2024-01-29,2041
920,2024-06-15,2375
920,2024-09-27,3464
920,2025-03-31,1751
920,2025-05-01,1650
920,2025-05-28,297
921,2024-01-15,668
921,2024-03-17,446
922,2024-03-03,1648
922,2024-11-25,1920
922,2025-07-12,2555
923,2025-08-18,350
924,2024-09-19,841
925,2023-10-30,2734
925,2025-06-18,1673
926,2023-11-16,2517
926,2023-12-17,1926
926,2024-01-31,2268
926,2024-05-25,3486
926,2024-10-14,2926
926,2025-01-18,2271
926,2025-03-11,2841
926,2025-07-01,204
927,2023-09-02,2467
927,2024-07-11,3855
927,2024-07-13,2258
927,2025-02-11,1362
927,2025-07-17,3468
927,2025-08-03,3740
927,2025-08-17,2180
928,2024-01-24,2463
928,2024-02-09,3786
928,2024-12-31,3402
928,2025-08-24,1140
929,2024-06-11,1787
929,2024-07-10,3960
929,2024-09-15,931
929,2025-04-10,3138
929,2025-05-25,3203
930,2023-12-03,911
930,2024-04-14,520
930,2024-06-17,407
930,2025-02-07,677
930,2025-04-07,3410
930,2025-06-18,1334
930,2025-07-13,1954
930,2025-08-21,3561
931,2024-03-02,2202
931,2024-03-22,1327
931,2024-05-08,3785
931,2024-07-11,3473
931,2024-10-26,908
931,2024-12-18,713
932,2023-10-19,2940
932,2024-02-04,3417
932,2024-08-13,2781
932,2024-09-26,283
932,2024-09-30,324
932,2024-10-22,2439
932,2025-01-01,2496
932,2025-01-07,2068
932,2025-01-19,1669
933,2024-09-23,3099
934,2024-03-17,752
934,2025-04-01,471
934,2025-06-08,1520
935,2024-03-29,1104
935,2024-04-26,2497
935,2024-05-05,2331
935,2024-05-17,1969
935,2024-11-14,3285
935,2024-11-27,355
935,2025-02-01,933
935,2025-07-10,1190
935,2025-08-13,1195
936,2023-09-28,1829
936,2023-12-13,2450
936,2024-01-27,917
936,2024-01-29,3873
936,2024-01-30,722
936,2024-04-28,2322
936,2025-02-26,3836
937,2023-10-11,1908
937,2024-01-07,1628
937,2024-03-18,2622
937,2024-03-29,3101
937,2024-04-05,3453
937,2024-09-18,2320
937,2025-01-14,294
937,2025-04-14,2398
937,2025-05-21,2263
937,2025-07-22,3757
938,2023-10-17,3002
938,2024-02-11,1354
938,2024-06-27,2938
938,2024-06-28,3068
938,2024-07-09,2155
938,2024-07-28,3221
938,2024-07-30,2701
939,2023-11-13,1807
939,2023-11-23,1515
939,2024-02-13,2505
939,2024-03-13,1123
939,2024-08-25,3661
939,2025-03-17,2745
940,2024-09-30,3671
940,2024-11-13,3949
940,2025-03-17,3147
940,2025-06-23,2900
940,2025-06-28,1660
941,2023-10-11,2115
941,2024-05-19,2734
941,2025-08-03,2780
942,2023-09-15,878
942,2023-12-22,969
942,2024-01-12,2953
942,2024-02-07,524
942,2024-03-18,760
942,2024-06-16,2448
942,2024-07-18,782
942,2025-04-22,3395
942,2025-05-09,2030
942,2025-06-11,2547
943,2023-12-02,1836
943,2024-03-07,285
943,2025-01-20,3531
944,2023-10-19,2272
944,2023-11-20,2328
944,2023-11-25,1528
944,2024-03-28,2812
944,2024-06-13,2454
944,2025-01-30,2977
944,2025-03-12,1336
944,2025-07-28,2432
945,2023-10-21,2364
945,2023-12-24,617
945,2024-01-27,1695
945,2024-07-05,2642
945,2024-08-16,3699
945,2024-10-02,2002
945,2024-10-16,523
945,2025-04-06,3824
945,2025-04-16,1196
945,2025-08-04,1189
946,2023-12-15,1152
946,2024-08-07,3089
946,2024-11-29,943
946,2025-01-31,1641
946,2025-07-02,3083
946,2025-08-02,2263
947,2024-01-23,1703
947,2024-02-18,3411
947,2024-02-18,1639
948,2023-12-26,1028
948,2024-04-11,2188
948,2024-05-07,1862
948,2024-05-31,3452
948,2024-06-19,3491
948,2024-09-20,225
948,2025-02-15,913
948,2025-06-17,2135
949,2023-11-15,2078
949,2023-12-17,2022
949,2024-04-10,1723
949,2024-07-07,1809
949,2024-09-19,1117
949,2025-04-29,1080
949,2025-05-06,3404
949,2025-08-14,2225
950,2023-09-11,591
950,2024-01-11,2637
950,2024-04-12,2051
950,2024-05-25,861
950,2024-07-09,2187
950,2025-02-16,3187
950,2025-03-11,265
950,2025-08-20,3094
951,2024-06-09,3419
951,2024-09-10,1212
951,2025-02-01,2117
952,2023-10-17,346
952,2023-10-20,1851
952,2024-04-08,3422
952,2024-05-17,1223
952,2025-02-14,1423
952,2025-06-07,1368
952,2025-07-28,2436
952,2025-08-23,2600
953,2024-02-13,3490
953,2024-02-18,3452
953,2024-03-22,1077
953,2024-04-23,1029
953,2024-06-14,1080
953,2024-08-24,1461
953,2025-01-06,810
953,2025-01-15,2779
953,2025-06-26,2350
954,2023-12-01,1881
954,2024-02-22,1531
954,2024-04-26,3967
954,2024-06-02,555
954,2024-09-13,1330
954,2025-07-17,1669
954,2025-08-13,511
954,2025-08-25,3535
955,2023-09-03,3665
955,2024-02-22,3612
955,2024-03-20,3250
955,2024-06-08,445
955,2024-08-20,803
955,2025-01-21,3307
955,2025-02-27,2967
955,2025-04-13,1612
955,2025-08-03,2081
955,2025-08-03,3416
956,2023-09-15,3858
956,2023-10-06,3091
956,2023-12-22,2341
956,2024-05-08,3304
956,2024-09-25,1398
956,2024-10-22,3885
956,2024-12-14,3281
956,2025-05-22,1870
956,2025-06-27,556
956,2025-08-13,1047
957,2023-09-24,2878
957,2023-11-29,2548
957,2024-12-15,3382
957,2025-06-24,3497
957,2025-07-25,3604
958,2023-09-07,3605
958,2024-02-24,945
958,2024-03-08,2715
958,2024-10-22,3924
958,2024-11-12,994
958,2024-11-30,3065
958,2024-12-17,3381
958,2025-02-08,2400
958,2025-06-06,2987
959,2023-11-30,1796
959,2023-12-23,539
959,2024-07-10,2798
959,2024-08-02,2134
959,2025-05-25,1936
959,2025-06-05,3569
959,2025-07-31,1204
959,2025-08-13,2913
960,2023-10-20,2783
960,2024-02-04,1726
960,2024-04-26,1665
960,2024-06-01,3482
960,2024-09-18,2440
960,2024-09-26,786
960,2024-10-21,1674
960,2024-12-09,2482
960,2025-01-20,2640
960,2025-08-03,3492
961,2023-09-03,353
961,2023-10-05,1998
961,2023-11-29,3530
961,2024-01-10,2004
961,2024-08-21,329
961,2024-09-05,960
961,2024-11-25,2563
961,2025-03-22,1166
962,2024-12-21,3031
962,2025-06-06,3877
963,2023-09-25,497
963,2023-11-23,3823
963,2024-04-04,3628
963,2024-05-15,2466
963,2024-10-04,3008
963,2025-03-11,2596
963,2025-04-19,2756
963,2025-07-25,456
964,2025-05-06,3735
965,2023-10-25,778
965,2024-03-08,636
965,2024-04-28,2959
965,2024-07-04,1403
965,2024-10-30,3122
965,2025-02-12,3887
965,2025-03-31,3811
965,2025-04-10,1572
966,2023-10-10,1362
966,2024-06-05,2364
966,2024-06-19,3698
966,2024-10-01,3941
967,2024-09-17,782
967,2025-08-10,992
968,2024-02-11,1178
968,2024-10-24,674
968,2024-11-10,314
968,2025-04-25,1686
968,2025-04-27,1373
968,2025-06-27,2969
969,2023-08-27,966
969,2023-12-12,2531
969,2024-01-29,2575
969,2024-05-08,3007
969,2024-11-06,835
969,2025-02-13,1158
969,2025-04-21,504
969,2025-05-29,740
970,2024-09-21,2489
971,2023-12-13,3418
971,2024-08-20,3544
971,2025-01-29,2942
971,2025-03-29,1469
971,2025-05-22,2198
971,2025-05-23,3189
971,2025-08-05,2654
972,2023-08-28,2196
972,2024-01-22,3013
972,2024-05-06,463
972,2024-05-26,2126
972,2024-07-21,2581
972,2024-09-21,856
972,2025-01-19,2061
973,2023-12-21,3971
973,2024-05-18,1319
973,2024-08-08,3286
973,2024-09-26,3665
973,2025-02-23,1817
973,2025-05-16,3906
974,2025-06-04,2740
975,2023-12-31,2059
975,2024-04-27,806
975,2024-12-09,2553
975,2025-08-15,3426
976,2025-02-15,3223
976,2025-04-18,3651
976,2025-07-23,605
977,2023-11-26,1698
977,2024-07-02,3479
978,2023-10-07,1515
978,2023-10-17,2914
978,2023-11-25,3349
978,2023-11-30,3798
978,2024-01-18,824
978,2024-07-12,3433
978,2025-01-11,3228
978,2025-06-19,2828
978,2025-08-25,3768
979,2024-04-17,1513
979,2024-07-18,2103
979,2024-08-23,3054
979,2024-11-23,3654
979,2025-03-06,809
979,2025-03-15,265
979,2025-05-20,1634
980,2024-01-04,3296
980,2024-04-30,2096
980,2024-09-16,330
980,2024-11-18,1858
980,2024-12-16,352
980,2024-12-30,3255
980,2025-02-10,1899
980,2025-06-12,2888
980,2025-07-05,1997
981,2025-04-23,3502
982,2023-11-26,3200
982,2024-08-30,1152
983,2023-08-29,3941
983,2024-06-17,918
983,2024-12-31,2744
984,2023-11-20,2967
984,2023-12-18,1388
984,2024-02-07,1132
984,2024-06-08,3107
984,2024-07-06,456
984,2024-09-18,3284
984,2024-12-14,371
984,2025-01-15,1692
984,2025-02-12,1465
984,2025-07-20,2204
985,2023-10-25,2133
985,2024-04-15,2939
985,2024-07-27,2283
985,2024-12-24,298
986,2024-02-01,2127
986,2024-06-29,2553
986,2025-08-20,2893
987,2023-10-08,3042
987,2023-12-20,3636
987,2023-12-22,743
987,2025-06-02,1804
988,2023-09-18,301
988,2024-04-29,2650
988,2024-05-11,517
988,2024-11-02,1520
988,2025-07-21,826
989,2024-11-06,3913
990,2023-12-27,2229
990,2024-08-11,3490
990,2024-12-02,847
990,2025-06-02,3760
990,2025-06-30,3599
990,2025-08-01,2873
991,2023-11-12,3707
992,2023-12-19,3214
993,2024-02-15,3583
993,2024-03-09,953
993,2024-11-29,2066
993,2025-02-18,778
994,2023-12-01,2788
995,2024-07-24,2609
995,2025-02-23,2605
995,2025-03-31,884
995,2025-05-20,1309
996,2023-10-28,3756
996,2023-12-28,1665
996,2024-01-10,463
996,2025-02-07,2778
997,2023-09-29,3834
997,2023-11-22,3110
997,2024-04-02,2150
997,2024-06-23,3507
997,2024-07-07,563
997,2024-11-07,1204
997,2025-02-07,2251
997,2025-04-27,2119
997,2025-05-01,2620
997,2025-07-26,2229
998,2023-10-23,380
998,2024-03-03,856
998,2024-10-15,2561
998,2025-08-17,1362
999,2024-08-15,2920
999,2025-01-11,1242
999,2025-04-12,1300
999,2025-04-28,3565
1000,2023-09-01,3048
1000,2024-01-16,2233
1000,2024-02-03,1122
1000,2024-03-01,1653
1000,2024-10-10,2077
1000,2024-10-30,3249
1000,2025-01-16,2246
1000,2025-05-30,479
1000,2025-08-22,558
1001,2025-01-15,2934
1002,2023-12-08,3272
1002,2024-03-20,3395
1002,2025-04-17,1942
1003,2023-11-25,3658
1003,2024-06-25,3279
1003,2024-10-15,2511
1003,2025-02-04,1812
1003,2025-02-23,2498
1003,2025-03-23,1929
1003,2025-04-21,1663
1003,2025-05-23,3798
1004,2024-07-06,2098
1004,2024-09-23,3407
1004,2025-05-06,2136
1004,2025-07-31,3337
1004,2025-08-25,2982
1005,2023-09-28,403
1005,2023-10-05,2844
1005,2023-11-29,3015
1005,2023-11-30,1769
1005,2024-02-08,1510
1005,2024-02-14,1043
1005,2024-11-14,2249
1005,2025-03-08,3630
1006,2023-10-06,3197
1006,2023-12-14,2672
1006,2024-02-13,1079
1006,2024-02-21,3055
1006,2024-05-16,2878
1006,2024-12-09,3542
1007,2023-09-13,881
1007,2023-09-15,2411
1007,2023-10-05,2220
1007,2025-05-17,1963
1007,2025-07-18,3090
1007,2025-08-23,610
1008,2023-11-17,3617
1008,2023-11-28,2357
1008,2024-05-22,1630
1008,2024-06-10,755
1008,2024-07-07,479
1008,2025-02-26,1997
1009,2023-10-13,1595
1009,2023-11-07,1476
1009,2024-07-28,1143
1009,2024-08-21,2855
1009,2024-11-07,2085
1009,2025-05-19,1665
1010,2023-08-27,3715
1010,2024-02-16,905
1010,2024-02-28,3377
1010,2024-05-11,2241
1011,2023-11-15,2397
1011,2024-02-25,2244
1011,2024-10-11,2997
1011,2025-05-04,515
1011,2025-07-28,3254
1012,2023-12-31,707
1013,2023-12-16,3831
1013,2024-09-26,495
1013,2025-02-10,1853
1013,2025-02-15,2574
1013,2025-03-22,418
1013,2025-05-04,3238
1013,2025-06-03,3161
1013,2025-07-08,1985
1014,2023-10-28,2659
1014,2024-04-26,2102
1015,2023-10-21,1567
1015,2024-06-16,2993
1015,2025-01-23,2403
1016,2023-11-15,2007
1016,2023-12-07,243
1016,2024-02-03,764
1016,2024-03-02,3613
1016,2024-04-09,498
1016,2024-05-31,883
1016,2025-01-04,335
1016,2025-02-02,1049
1016,2025-07-27,2726
1016,2025-08-22,3020
1017,2023-12-14,3799
1018,2023-09-14,1876
1018,2024-05-07,437
1018,2024-11-11,2017
1018,2025-01-22,1153
1019,2024-01-19,3907
1019,2024-01-23,1903
1019,2024-07-14,3718
1019,2024-07-29,1207
1019,2024-09-24,1957
1019,2024-10-23,716
1019,2024-11-18,3574
1020,2023-08-27,2473
1020,2023-09-08,3406
1020,2023-10-20,1985
1020,2024-06-18,2204
1020,2025-03-13,3223
1021,2023-09-07,2126
1021,2024-04-29,732
1021,2024-10-10,2064
1021,2025-02-04,3635
1021,2025-04-15,2513
1021,2025-05-11,559
1022,2023-08-30,893
1022,2024-01-05,3959
1022,2024-05-11,1336
1022,2024-05-18,361
1022,2024-09-19,1858
1022,2025-05-05,1386
1023,2024-04-26,223
1023,2024-06-06,1546
1023,2025-02-02,3230
1024,2024-01-06,2524
1024,2024-03-31,3257
1024,2024-06-14,3498
1024,2024-06-24,2637
1024,2024-09-30,3117
1024,2024-12-13,2803
1024,2025-03-02,3370
1024,2025-04-26,463
1025,2023-09-28,3833
1025,2023-10-20,2192
1025,2023-11-05,3298
1025,2024-06-22,286
1025,2025-02-03,2776
1025,2025-04-09,848
1026,2023-11-13,290
1026,2024-11-21,2008
1026,2025-03-25,3296
1026,2025-03-26,2655
1026,2025-07-01,2258
1027,2023-10-04,1000
1027,2024-02-10,1617
1027,2024-04-08,1360
1027,2024-06-05,3433
1027,2024-08-27,3873
1027,2024-10-28,3664
1027,2025-08-09,3328
1027,2025-08-24,2600
1028,2023-12-02,2945
1028,2024-02-18,1819
1028,2024-03-04,508
1028,2024-07-13,1993
1028,2024-10-02,3418
1028,2025-01-25,3138
1028,2025-03-27,2287
1028,2025-06-16,1375
1029,2025-06-04,1826
1030,2023-10-10,1791
1030,2024-01-06,328
1030,2024-04-06,1706
1030,2024-05-06,333
1030,2024-05-07,2779
1030,2024-07-15,1987
1030,2024-10-25,498
1030,2025-06-17,3135
1031,2024-05-27,866
1032,2023-09-27,1358
1032,2023-12-10,1357
1032,2024-09-19,1651
1032,2024-11-23,1946
1032,2025-08-15,3831
1033,2023-10-02,3261
1033,2023-10-25,234
1033,2024-03-14,1471
1033,2024-04-12,3327
1033,2024-08-13,1012
1033,2024-09-03,832
1033,2024-10-05,1195
1033,2024-10-18,3306
1033,2025-06-28,3036
1034,2023-12-07,3693
1034,2024-01-14,1231
1034,2024-02-21,2483
1034,2024-04-12,2149
1034,2024-05-11,2250
1034,2024-06-24,757
1034,2024-12-11,1895
1034,2025-03-07,2193
1034,2025-06-30,1697
1034,2025-08-11,2644
1035,2025-03-18,3514
1035,2025-03-24,3481
1036,2023-09-15,2758
1036,2023-10-04,2994
1036,2024-04-26,1147
1036,2025-04-17,3124
1036,2025-06-29,428
1036,2025-07-21,2897
1037,2023-12-21,2764
1037,2024-01-16,3728
1038,2024-02-17,1067
1039,2024-04-21,1594
1039,2024-07-31,246
1039,2024-08-22,3241
1039,2024-10-26,2614
1039,2024-12-21,2212
1039,2025-01-14,3039
1039,2025-07-28,1970
1040,2023-11-22,1579
1040,2024-08-25,2048
1040,2024-08-26,2082
1040,2024-09-10,3296
1040,2024-10-27,2515
1040,2025-06-04,551
1041,2025-07-15,1230
1042,2024-09-09,840
1042,2025-03-14,824
1042,2025-08-25,2794
1043,2024-03-26,1548
1043,2024-08-09,3131
1043,2024-10-04,3824
1043,2025-03-25,342
1043,2025-05-08,3937
1043,2025-06-16,2298
1044,2024-05-05,3369
1044,2024-06-11,727
1044,2024-09-04,1523
1044,2024-11-17,805
1044,2025-01-29,3248
1044,2025-04-14,3519
1045,2024-02-22,2994
1045,2024-04-27,2420
1045,2024-06-22,1855
1045,2024-08-17,3963
1045,2024-11-15,2805
1045,2025-01-03,3986
1046,2024-01-31,1186
1046,2024-02-25,723
1046,2024-04-18,1672
1046,2024-06-05,3313
1046,2024-12-05,429
1046,2025-02-04,2502
1046,2025-04-07,1700
1046,2025-04-15,3621
1046,2025-07-14,2981
1046,2025-07-25,2268
1047,2024-01-04,3291
1047,2024-04-15,238
1047,2024-05-17,498
1047,2025-05-28,1686
1047,2025-05-30,2832
1047,2025-06-29,1427
1048,2024-01-25,819
1048,2024-07-30,798
1048,2025-05-22,402
1048,2025-06-29,3401
1048,2025-07-30,1480
1049,2024-06-14,2943
1049,2024-07-11,3610
1049,2024-10-13,975
1049,2025-03-20,981
1049,2025-03-31,820
1049,2025-07-22,3214
1050,2024-01-28,3513
1050,2025-02-19,933
1050,2025-04-29,2815
1050,2025-06-24,2274
1050,2025-07-11,1761
1051,2023-12-15,1626
1051,2024-01-03,1690
1051,2024-03-16,1214
1051,2024-10-14,2289
1051,2024-11-10,1127
1051,2025-03-10,315
1051,2025-04-24,3293
1052,2024-01-27,2176
1052,2024-04-09,2049
1052,2024-12-22,3371
1053,2024-01-31,484
1053,2024-02-23,416
1053,2024-03-06,3040
1053,2024-07-16,2977
1053,2024-10-14,2854
1053,2025-03-21,2408
1053,2025-04-07,3174
1053,2025-04-09,3476
1053,2025-06-02,967
1053,2025-08-03,1051
1054,2023-12-10,714
1054,2024-05-29,1586
1054,2024-10-18,3784
1054,2025-02-12,425
1055,2023-11-14,2124
1055,2024-01-09,3669
1055,2024-06-24,2982
1055,2025-06-30,2538
1055,2025-06-30,1395
1056,2024-01-09,2298
1056,2024-05-11,2051
1056,2024-08-01,2195
1056,2024-10-14,2852
1056,2024-11-03,1041
1056,2024-12-23,1972
1056,2025-02-17,3198
1056,2025-06-17,3747
1056,2025-08-06,953
1057,2024-02-01,1362
1057,2025-05-01,759
1058,2024-09-27,715
1058,2024-12-27,1290
1059,2023-09-30,2846
1059,2023-12-16,3915
1059,2024-01-10,265
1059,2024-01-21,837
1059,2024-04-02,1716
1059,2025-03-31,1566
1059,2025-03-31,355
1059,2025-05-13,3612
1060,2023-12-12,3309
1060,2025-01-07,1069
1061,2023-11-03,3982
1061,2025-07-23,3933
1062,2024-06-30,2577
1062,2024-07-13,687
1062,2024-12-12,228
1062,2025-07-10,1904
1063,2024-11-12,2325
1063,2025-07-19,2849
1064,2023-08-27,1877
1064,2023-11-13,978
1064,2024-04-02,2200
1064,2024-05-25,1107
1064,2025-02-03,2460
1064,2025-03-30,1599
1065,2023-10-30,2385
1065,2023-12-14,3322
1065,2023-12-17,3958
1065,2024-07-05,3907
1065,2024-08-14,3336
1065,2024-11-29,2311
1065,2025-04-23,426
1066,2023-09-21,2574
1066,2023-11-18,3722
1066,2024-05-21,3215
1066,2024-11-17,2819
1066,2024-11-21,2533
1066,2024-12-16,2350
1067,2024-05-05,765
1067,2024-09-17,2297
1067,2024-10-17,388
1067,2024-12-10,1727
1068,2024-02-06,2185
1068,2024-08-29,806
1068,2025-01-10,3969
1068,2025-06-21,2571
1069,2025-03-27,3615
1070,2023-11-19,2861
1070,2024-09-22,2147
1070,2024-12-31,446
1071,2023-10-05,3672
1071,2023-12-03,3944
1071,2024-02-03,1161
1071,2024-07-15,2068
1071,2024-10-03,3742
1071,2024-10-07,983
1071,2025-01-25,3128
1071,2025-02-19,3041
1071,2025-07-08,3889
1072,2023-11-15,251
1072,2023-12-28,2259
1072,2024-02-22,3743
1072,2024-12-15,925
1072,2025-07-02,2178
1073,2023-09-09,1502
1073,2024-06-13,2651
1073,2024-12-29,3823
1073,2025-01-02,3178
1073,2025-01-25,2721
1073,2025-02-17,1119
1073,2025-05-01,666
1073,2025-06-10,2148
1073,2025-07-19,3240
1074,2024-01-04,750
1074,2024-08-27,828
1074,2024-11-19,521
1074,2024-11-21,1992
1074,2025-01-20,1491
1074,2025-03-14,213
1074,2025-03-16,2548
1075,2024-01-06,3643
1075,2025-04-23,1999
1075,2025-05-05,3105
1076,2024-04-07,2476
1077,2023-09-22,719
1077,2024-01-24,2122
1077,2024-01-28,2868
1077,2024-08-24,982
1077,2025-01-05,618
1077,2025-08-24,3034
1078,2024-03-23,1699
1078,2024-04-20,2728
1078,2024-05-08,2542
1078,2024-09-08,1992
1078,2025-06-09,1460
1078,2025-07-23,2700
1079,2023-11-30,1977
1079,2024-04-14,2604
1079,2024-12-09,1817
1079,2025-03-02,2504
1080,2023-09-30,3186
1080,2024-07-07,1571
1080,2024-09-20,2259
1080,2025-01-08,1494
1080,2025-01-11,1390
1080,2025-03-18,2098
1080,2025-05-11,1352
1081,2024-02-09,1933
1081,2024-02-26,3792
1081,2024-03-02,2918
1081,2024-08-17,1566
1081,2025-03-14,3817
1082,2023-10-02,1481
1082,2023-12-29,3401
1082,2024-02-18,2347
1082,2024-04-21,2166
1082,2024-06-08,2428
1082,2024-10-24,3298
1082,2025-05-27,1234
1082,2025-07-08,1822
1083,2024-03-24,979
1083,2024-12-29,3902
1083,2025-08-18,3629
1084,2024-06-14,782
1084,2024-12-29,1271
1084,2025-05-25,2194
1085,2024-03-01,3356
1085,2024-03-06,1851
1085,2024-04-24,1060
1085,2024-05-08,2091
1085,2024-07-02,3028
1085,2024-08-12,1149
1085,2024-10-26,2550
1085,2025-01-20,3791
1085,2025-03-12,930
1085,2025-07-07,498
1086,2024-04-08,1679
1087,2024-05-25,3267
1088,2024-01-22,3138
1088,2024-02-27,2147
1088,2024-09-12,786
1089,2024-04-26,3807
1090,2023-12-09,3711
1090,2023-12-14,2806
1090,2024-01-21,3952
1090,2024-02-10,1220
1090,2025-02-18,2430
1091,2023-09-04,758
1091,2023-11-14,3072
1091,2024-02-24,1078
1091,2024-07-08,2123
1091,2024-09-16,1234
1091,2025-03-21,3640
1092,2023-09-04,453
1092,2023-09-27,386
1092,2023-12-07,3276
1092,2024-02-23,2965
1092,2024-08-27,1085
1092,2024-10-08,904
1092,2024-10-28,212
1092,2025-05-27,2863
1093,2024-06-03,2510
1093,2024-12-19,3382
1093,2025-07-01,1729
1094,2024-02-04,922
1095,2024-06-04,1902
1095,2025-01-30,2559
1095,2025-05-28,3877
1096,2023-10-11,1982
1096,2023-11-19,626
1096,2023-11-25,2423
1096,2025-02-27,3967
1096,2025-05-11,1673
1097,2023-09-08,2545
1097,2024-03-06,1033
1097,2024-05-10,3746
1097,2025-02-04,948
1097,2025-02-12,1710
1097,2025-06-06,2444
1098,2023-10-02,2782
1098,2023-12-07,522
1098,2024-04-13,1559
1098,2024-04-19,3072
1098,2024-04-23,2854
1098,2024-12-01,488
1098,2025-03-02,3742
1098,2025-03-24,3077
1098,2025-04-19,1587
1098,2025-06-16,1322
1099,2023-11-11,3593
1099,2024-01-17,568
1099,2025-04-07,1545
1099,2025-05-24,1496
1099,2025-07-23,569
1100,2023-09-05,1902
1100,2024-10-06,589
1100,2025-02-28,3203
1100,2025-06-10,3592
1101,2023-12-28,1163
1101,2024-01-12,3404
1101,2024-03-19,284
1101,2024-07-30,1042
1101,2025-03-08,2928
1101,2025-04-06,3879
1102,2024-09-17,2000
1102,2025-02-18,826
1102,2025-04-17,3488
1102,2025-04-25,1795
1103,2024-02-27,3109
1104,2024-03-07,709
1104,2024-04-22,889
1104,2024-06-08,554
1104,2025-06-20,3128
1105,2023-11-05,1011
1105,2023-11-08,2520
1105,2024-04-19,2830
1105,2024-09-18,2581
1105,2024-10-20,1370
1106,2023-10-15,1680
1106,2024-09-14,1769
1106,2024-09-28,1315
1106,2024-10-25,666
1106,2025-02-10,233
1106,2025-05-02,2008
1106,2025-05-06,3907
1107,2024-07-06,1530
1107,2025-04-25,287
1108,2023-08-31,3804
1108,2023-11-10,2074
1108,2024-01-14,305
1108,2024-03-19,496
1108,2024-08-07,2312
1108,2024-08-23,3502
1108,2024-09-21,2831
1108,2024-11-08,1706
1108,2024-12-09,1141
1108,2025-07-03,2347
1109,2024-02-25,1203
1109,2024-04-10,2682
1110,2023-09-05,2081
1110,2023-09-21,2652
1110,2023-11-20,1253
1110,2024-01-28,398
1110,2025-01-12,1409
1110,2025-01-20,1847
1110,2025-04-13,895
1110,2025-07-14,2283
1110,2025-07-29,2347
1111,2023-12-31,1334
1111,2024-05-20,3795
1111,2025-04-29,1784
1112,2025-01-05,2150
1113,2023-12-14,2672
1113,2024-01-02,2359
1113,2024-01-03,1794
1113,2024-05-12,3678
1113,2024-05-23,2400
1113,2025-07-25,269
1113,2025-07-29,3733
1113,2025-08-02,3575
1113,2025-08-11,3665
1113,2025-08-21,2394
1114,2023-10-06,3964
1114,2024-09-23,1546
1114,2024-11-11,499
1114,2025-07-01,589
1115,2023-10-13,2960
1115,2023-10-23,2769
1115,2023-12-03,3141
1115,2024-01-16,2045
1115,2024-04-22,1183
1115,2025-08-05,2728
1116,2023-12-10,3514
1116,2023-12-15,1427
1116,2023-12-25,3379
1116,2024-06-08,1914
1116,2024-07-22,1525
1116,2024-09-18,2917
1116,2024-12-13,3249
1116,2025-04-06,1245
1117,2023-10-24,3323
1117,2024-02-05,2198
1117,2024-06-12,3118
1117,2024-10-07,466
1117,2025-03-02,1697
1117,2025-06-21,3011
1117,2025-07-30,694
1118,2023-09-07,2201
1118,2023-11-18,2540
1118,2024-01-22,2881
1118,2024-05-22,267
1118,2024-08-04,3395
1118,2025-06-15,3327
1119,2024-12-19,3142
1119,2025-04-29,1746
1119,2025-06-08,2920
1120,2023-12-01,1216
1120,2023-12-04,861
1120,2023-12-26,544
1120,2023-12-29,3703
1120,2024-03-01,1424
1120,2024-06-05,2477
1120,2024-06-29,849
1120,2024-07-02,1363
1120,2024-10-22,3531
1120,2025-06-09,1084
1121,2023-09-20,458
1121,2024-01-18,598
1121,2025-04-15,820
1121,2025-08-23,1120
1122,2024-01-22,203
1122,2024-02-16,1171
1122,2024-04-02,1376
1122,2024-05-31,3800
1123,2023-09-14,3213
1123,2023-12-01,3180
1123,2024-01-21,2490
1123,2024-04-23,3962
1123,2024-05-24,2000
1123,2024-10-21,1634
1123,2025-01-02,2897
1124,2024-03-03,2923
1124,2024-05-16,456
1124,2024-07-04,1334
1124,2024-07-28,3846
1124,2024-08-09,2026
1124,2024-10-31,2883
1124,2024-12-19,2437
1124,2025-01-29,3146
1124,2025-07-03,3119
1125,2024-02-19,911
1125,2024-11-12,1902
1125,2024-11-21,1691
1125,2024-12-20,889
1125,2025-02-19,2915
1125,2025-02-21,3187
1125,2025-04-24,2345
1125,2025-08-20,302
1126,2023-09-24,2147
1126,2023-10-02,3073
1126,2023-11-04,3599
1126,2025-01-15,620
1126,2025-06-28,3422
1127,2024-04-10,3986
1127,2024-05-18,3727
1127,2024-07-21,1245
1127,2024-11-29,3006
1127,2024-12-02,2034
1127,2025-01-19,3452
1127,2025-01-21,829
1128,2023-09-11,271
1128,2024-02-28,1332
1128,2025-03-09,2775
1128,2025-04-19,218
1129,2023-10-23,2771
1129,2024-02-07,722
1129,2024-10-02,1979
1129,2025-03-29,3254
1129,2025-05-03,3411
1129,2025-05-06,2434
1129,2025-05-20,836
1129,2025-08-23,2011
1130,2024-03-03,2935
1130,2024-09-03,2106
1130,2025-05-17,415
1130,2025-06-08,943
1131,2024-03-13,3181
1131,2025-05-24,3823
1131,2025-05-26,1194
1131,2025-07-12,451
1131,2025-08-07,2322
1132,2023-12-17,2910
1132,2024-01-16,545
1132,2024-02-08,1908
1132,2024-09-03,3666
1132,2024-09-15,1614
1132,2025-01-21,2833
1132,2025-02-16,2716
1132,2025-06-03,1782
1132,2025-06-20,2924
1133,2023-12-22,3638
1134,2023-11-21,1833
1134,2024-02-26,2055
1134,2025-02-21,1766
1134,2025-07-08,502
1135,2023-11-24,3844
1135,2024-01-21,3220
1135,2024-02-02,2094
1135,2024-03-08,756
1135,2025-03-28,3581
1135,2025-08-24,665
1136,2023-10-21,1016
1136,2023-11-09,1770
1136,2024-02-01,555
1136,2024-03-27,920
1136,2024-11-29,3030
1136,2024-12-08,3127
1136,2025-01-29,1487
1136,2025-08-02,3125
1137,2023-09-18,1296
1137,2024-04-20,1491
1137,2024-04-28,2874
1137,2024-06-17,3481
1138,2023-12-13,313
1138,2025-06-28,850
1139,2023-09-15,2971
1139,2024-02-17,3198
1139,2024-02-22,3606
1139,2024-04-29,3701
1139,2024-08-14,973
1139,2025-03-05,710
1139,2025-06-06,1134
1139,2025-06-22,2917
1139,2025-07-31,1760
1140,2025-06-15,3525
1141,2024-07-15,742
1141,2024-09-04,3842
1141,2024-11-09,1883
1142,2024-07-14,636
1143,2023-10-21,2609
1143,2024-03-05,2899
1143,2025-01-07,207
1143,2025-02-08,3963
1144,2023-11-01,1624
1144,2024-06-18,3325
1144,2024-07-17,333
1144,2025-02-04,1643
1144,2025-08-04,2384
1145,2024-02-04,2881
1145,2024-02-07,471
1145,2024-09-04,1787
1145,2024-10-22,873
1145,2024-11-15,2796
1145,2025-01-08,3252
1145,2025-05-26,3426
1146,2025-05-30,2713
1147,2024-01-23,1526
1147,2024-01-25,2405
1148,2025-02-14,3264
1148,2025-05-07,2405
1149,2024-04-20,1547
1149,2024-08-26,3378
1149,2025-01-17,3748
1150,2024-06-09,2899
1151,2023-11-03,3593
1151,2024-10-11,2966
1151,2025-02-16,2669
1151,2025-03-10,2631
1152,2023-10-07,2223
1152,2023-12-13,3648
1153,2023-10-03,1035
1153,2024-01-12,3779
1154,2024-03-07,1880
1154,2025-05-15,2385
1155,2024-02-11,3071
1155,2025-04-12,1926
1156,2023-10-03,2733
1156,2025-01-30,2223
1157,2023-12-02,1364
1158,2023-09-02,2633
1158,2024-01-16,537
1158,2024-03-30,3269
1158,2024-06-17,2803
1158,2025-06-04,1187
1159,2024-05-05,3808
1159,2024-07-20,2046
1159,2024-10-19,3857
1159,2025-04-01,1486
1159,2025-08-02,1411
1159,2025-08-18,2115
1160,2023-10-06,2848
1160,2023-11-05,3564
1160,2024-03-08,948
1160,2024-04-15,763
1160,2024-09-12,1300
1160,2025-03-22,3660
1161,2024-02-14,1094
1161,2024-11-17,619
1161,2025-03-28,2554
1162,2023-11-21,1235
1162,2024-05-17,823
1162,2024-07-23,3901
1162,2024-08-19,940
1162,2024-09-09,2738
1162,2024-12-21,3684
1162,2025-05-23,2962
1162,2025-08-15,2939
1163,2024-02-23,1806
1163,2024-04-23,318
1163,2024-07-18,1941
1163,2024-10-20,1501
1163,2024-10-23,3759
1163,2024-11-06,716
1163,2025-04-07,3844
1164,2023-11-11,457
1164,2023-12-19,2068
1164,2024-03-16,3483
1164,2024-06-16,1227
1164,2024-11-30,3597
1164,2025-03-05,450
1164,2025-05-24,359
1164,2025-06-16,3076
1164,2025-07-09,955
1164,2025-07-15,1588
1165,2024-10-08,1488
1166,2023-11-28,1892
1166,2024-03-27,2785
1166,2024-04-25,744
1166,2024-06-09,850
1166,2024-07-28,1615
1166,2024-12-29,3894
1166,2025-04-05,1920
1167,2023-11-25,3416
1167,2024-08-05,1948
1167,2024-12-22,1057
1168,2023-12-16,2020
1168,2024-03-27,477
1168,2024-06-22,630
1168,2025-02-18,2829
1168,2025-05-02,1032
1168,2025-07-30,2186
1168,2025-08-21,2980
1168,2025-08-22,3665
1169,2023-09-12,395
1169,2023-12-04,1845
1169,2024-07-21,1584
1169,2025-05-25,3167
1170,2024-06-13,3951
1170,2024-06-30,2592
1170,2024-08-17,3518
1170,2024-09-26,241
1170,2024-11-24,1308
1170,2025-01-10,2365
1170,2025-02-07,2267
1170,2025-04-05,1056
1170,2025-07-05,2354
1171,2024-02-26,340
1171,2024-03-21,930
1171,2024-04-17,473
1171,2024-04-21,3033
1171,2024-04-23,2921
1171,2025-02-20,2713
1171,2025-03-30,1592
1171,2025-05-24,3710
1172,2023-09-24,2841
1172,2023-11-16,879
1172,2024-01-12,3715
1172,2024-07-22,753
1172,2024-10-09,2961
1172,2024-11-22,3841
1173,2025-04-05,2109
1173,2025-07-02,3405
1174,2023-09-15,900
1174,2023-10-12,2756
1174,2024-01-15,2974
1174,2024-01-29,3956
1174,2025-03-04,2232
1174,2025-05-14,2113
1175,2023-12-18,2614
1175,2024-03-08,612
1175,2025-07-12,3318
1176,2024-06-17,2308
1176,2025-01-24,3008
1176,2025-02-11,2497
1176,2025-06-02,3375
1176,2025-06-28,2881
1177,2024-04-12,436
1177,2024-07-27,1866
1177,2024-07-28,3598
1177,2025-06-12,2226
1177,2025-08-23,3694
1178,2023-10-27,3284
1178,2023-11-07,2396
1178,2024-04-06,2710
1178,2024-09-21,3257
1178,2024-09-25,2323
1178,2024-11-12,2972
1178,2024-12-29,2396
1178,2025-01-15,3439
1178,2025-08-03,3506
1178,2025-08-11,3618
1179,2025-05-12,2252
1180,2024-03-10,3376
1180,2024-04-20,1151
1180,2024-09-09,3146
1180,2025-03-16,2849
1181,2023-11-01,2549
1181,2024-07-24,3688
1181,2024-08-21,450
1181,2024-08-21,3087
1182,2023-11-22,1224
1183,2023-09-20,430
1183,2024-01-05,1250
1183,2024-01-14,1165
1183,2024-02-23,522
1183,2024-03-01,3523
1183,2024-06-10,3758
1183,2025-02-04,1797
1183,2025-04-06,3715
1183,2025-06-20,987
1184,2023-12-20,2757
1184,2024-03-07,1057
1184,2024-05-16,2727
1184,2024-05-27,3158
1184,2024-06-03,3320
1184,2024-06-12,1327
1184,2024-08-22,529
1184,2024-12-17,233
1184,2025-07-03,2686
1185,2023-09-25,2591
1185,2024-03-27,2428
1185,2024-09-20,1972
1185,2024-10-01,803
1185,2024-10-15,3365
1185,2025-08-06,208
1186,2024-04-09,2231
1186,2024-04-24,3678
1186,2025-06-28,471
1186,2025-07-09,495
1187,2023-09-12,2462
1187,2023-12-05,1393
1187,2024-01-19,2933
1187,2024-01-27,1296
1187,2024-04-26,959
1187,2024-11-21,3391
1187,2024-12-30,857
1187,2025-01-29,2479
1187,2025-05-13,3903
1187,2025-06-09,1218
1188,2024-02-09,2854
1188,2024-05-05,2417
1188,2024-05-09,732
1188,2024-06-21,1774
1188,2024-11-11,2821
1188,2025-01-30,3006
1188,2025-02-22,1579
1188,2025-05-23,635
1189,2024-01-06,1031
1189,2024-08-30,2645
1190,2024-02-07,1930
1190,2024-02-25,3641
1190,2024-07-17,3789
1190,2024-09-09,1101
1190,2025-01-25,449
1191,2023-10-01,1280
1191,2024-04-27,2368
1191,2024-05-13,3203
1191,2024-06-14,1372
1191,2024-08-31,809
1191,2024-09-05,3729
1191,2024-09-27,2403
1191,2025-05-26,276
1191,2025-06-23,628
1192,2023-09-12,1862
1192,2023-10-17,907
1192,2024-07-24,1455
1192,2025-01-29,1833
1192,2025-02-19,225
1192,2025-05-07,2857
1192,2025-06-17,2181
1193,2023-09-10,2239
1193,2023-10-18,783
1193,2024-02-12,1654
1193,2025-01-29,3524
1194,2024-09-04,798
1194,2025-06-17,359
1195,2025-07-09,1577
1196,2023-09-29,1339
1196,2023-11-26,676
1196,2024-10-13,1828
1197,2024-01-07,3573
1197,2024-05-08,3533
1197,2024-10-13,2993
1197,2024-11-12,3078
1197,2024-11-20,3673
1197,2025-01-18,3078
1197,2025-05-18,913
1197,2025-06-03,3692
1198,2024-08-23,899
1198,2024-12-07,698
1199,2024-02-11,1188
1199,2025-03-15,665
1199,2025-03-21,788
1200,2023-08-27,3112
1200,2023-09-09,2531
1200,2023-10-08,2540
1200,2025-08-14,2670
1201,2024-01-04,3849
1201,2025-07-02,1353
1201,2025-07-24,3777
1202,2024-06-22,422
1202,2024-10-18,2604
1202,2025-01-28,2254
1203,2023-09-13,242
1203,2024-06-02,1550
1203,2024-06-03,967
1203,2025-04-20,3784
1203,2025-05-19,2530
1203,2025-05-19,3214
1203,2025-08-20,659
1204,2024-03-05,727
1204,2024-03-16,965
1205,2024-03-19,3660
1205,2024-08-23,3096
1205,2024-10-04,3347
1205,2024-10-28,550
1205,2024-12-04,1992
1205,2024-12-17,1153
1205,2025-03-31,3962
1205,2025-04-06,971
1205,2025-06-11,963
1205,2025-08-25,2385
1206,2024-06-02,3974
1206,2024-07-30,472
1206,2024-08-30,3850
1206,2024-11-30,3262
1206,2025-04-04,2980
1207,2024-04-10,674
1207,2025-04-29,990
1208,2023-10-30,3676
1208,2024-09-22,723
1208,2024-10-04,805
1208,2025-01-10,1076
1209,2024-02-13,271
1209,2024-06-05,2283
1209,2025-07-07,2597
1209,2025-07-16,3496
1210,2023-10-29,2712
1210,2024-01-21,548
1210,2024-07-14,301
1210,2024-08-08,2866
1210,2024-10-03,1145
1210,2024-11-20,2493
1210,2025-01-20,723
1210,2025-05-17,514
1210,2025-08-13,833
1211,2023-11-06,3257
1211,2023-11-07,2357
1211,2023-11-12,728
1211,2024-01-16,3049
1211,2024-02-20,2604
1211,2024-07-12,3881
1211,2024-09-02,779
1211,2024-09-23,3703
1211,2024-10-11,2993
1212,2024-01-16,211
1213,2023-08-30,737
1213,2023-11-27,550
1213,2024-06-08,2626
1213,2024-06-30,849
1213,2024-07-25,305
1213,2024-10-10,2022
1213,2024-12-19,3766
1213,2025-02-11,2341
1213,2025-02-17,2146
1213,2025-03-26,2601
1214,2023-09-25,3260
1214,2024-02-13,941
1214,2024-02-16,3320
1214,2024-05-03,1966
1214,2024-06-03,2932
1214,2024-08-28,3393
1214,2024-09-11,370
1214,2024-09-16,2070
1215,2023-09-19,3876
1215,2023-11-21,3219
1215,2024-02-28,813
1215,2024-03-02,1614
1215,2024-07-16,1545
1215,2024-07-25,508
1215,2025-01-20,3593
1215,2025-03-27,2234
1215,2025-04-04,809
1215,2025-05-17,1444
1216,2023-09-26,2820
1216,2023-12-04,1188
1216,2024-01-13,2235
1216,2024-04-10,224
1216,2024-10-24,1562
1216,2025-01-24,1082
1216,2025-01-28,3843
1216,2025-08-21,2701
1217,2024-01-15,2168
1217,2024-03-03,741
1217,2024-10-16,2605
1217,2024-11-08,3707
1217,2024-11-08,918
1217,2025-04-20,1606
1217,2025-05-03,738
1217,2025-05-07,621
1217,2025-05-23,3336
1217,2025-08-04,2874
1218,2023-09-27,491
1218,2024-09-18,440
1218,2025-06-06,1088
1218,2025-08-06,1439
1218,2025-08-22,3255
1219,2023-09-11,3846
1219,2023-10-16,404
1219,2024-01-06,413
1219,2024-01-15,2938
1219,2024-07-27,2855
1219,2024-09-09,3362
1219,2024-10-25,1370
1219,2024-11-15,3117
1219,2025-07-19,883
1219,2025-08-07,3243
1220,2024-02-15,2251
1220,2024-11-02,2329
1220,2024-12-10,1697
1220,2025-01-17,2496
1220,2025-08-12,372
1221,2023-10-24,2732
1221,2024-02-10,3354
1221,2024-04-15,3497
1221,2024-05-25,3513
1221,2024-06-05,264
1221,2024-10-12,1954
1221,2024-11-25,288
1221,2025-03-22,3792
1221,2025-06-20,419
1222,2023-09-01,3480
1222,2023-09-14,1018
1222,2024-01-16,494
1222,2024-02-28,470
1222,2024-07-21,3238
1222,2024-08-23,611
1222,2024-10-30,1513
1222,2025-08-16,3021
1223,2024-05-10,1380
1223,2025-02-07,416
1223,2025-02-13,3688
1224,2023-12-24,2506
1224,2024-03-23,666
1224,2024-07-22,3902
1224,2024-07-27,381
1224,2024-09-26,2551
1224,2024-10-03,3226
1224,2024-10-04,2653
1224,2024-12-10,1269
1224,2024-12-28,654
1225,2024-05-10,3026
1225,2024-05-30,891
1225,2024-06-15,2839
1225,2024-11-13,2745
1225,2025-02-04,1989
1225,2025-02-05,844
1225,2025-04-05,352
1225,2025-08-05,794
1226,2024-01-31,519
1226,2024-04-11,2425
1226,2024-09-04,414
1226,2024-12-11,260
1226,2025-01-10,848
1226,2025-04-01,1425
1226,2025-04-13,3800
1226,2025-04-30,1107
1226,2025-07-28,340
1227,2023-10-06,3666
1227,2024-04-21,3051
1227,2024-11-03,3063
1227,2025-02-01,2371
1227,2025-04-30,419
1227,2025-05-15,532
1228,2023-09-03,951
1228,2023-11-05,2768
1228,2023-11-08,1484
1228,2024-04-15,1391
1228,2024-07-06,1067
1228,2024-09-24,1567
1228,2024-10-13,1742
1228,2024-11-21,986
1229,2024-01-10,3714
1229,2024-12-25,1253
1229,2025-03-07,282
1229,2025-04-14,2802
1230,2023-09-17,3096
1230,2024-05-03,341
1230,2024-05-28,2104
1230,2024-07-12,883
1230,2024-11-09,1047
1230,2024-12-18,1768
1230,2025-01-01,2053
1230,2025-01-08,344
1230,2025-04-27,3734
1231,2023-10-16,3695
1231,2023-10-29,448
1231,2023-11-22,1188
1231,2024-01-06,698
1231,2024-01-28,233
1231,2024-07-24,3629
1231,2024-10-15,1399
1231,2024-12-27,2579
1231,2025-02-28,296
1231,2025-04-27,1441
1232,2025-06-01,644
1232,2025-07-27,587
1233,2023-12-20,1550
1233,2024-09-21,798
1233,2024-12-07,934
1234,2023-12-26,1057
1234,2025-02-27,3433
1235,2023-11-22,243
1235,2025-06-19,2336
1236,2025-01-18,3133
1236,2025-03-22,3889
1236,2025-07-26,3116
1237,2023-09-04,2870
1237,2023-10-12,334
1237,2023-11-23,2558
1237,2024-02-12,2672
1237,2024-02-13,921
1237,2024-09-23,3777
1237,2024-11-25,3867
1237,2025-04-08,1063
1237,2025-05-15,474
1237,2025-07-26,2540
1238,2024-02-17,366
1238,2024-02-19,2045
1238,2025-03-09,388
1238,2025-08-16,959
1239,2023-10-17,1095
1239,2023-11-11,2230
1239,2024-04-06,973
1239,2024-04-18,2024
1239,2024-08-27,1976
1239,2024-10-21,2973
1239,2024-12-31,3065
1239,2025-01-22,3948
1239,2025-07-20,1405
1240,2023-11-13,3132
1240,2023-12-07,2790
1240,2024-01-24,3525
1241,2023-09-22,2643
1241,2023-12-29,811
1241,2024-02-13,2199
1241,2024-03-18,2145
1241,2024-04-12,1139
1241,2024-11-27,224
1241,2024-12-28,949
1241,2025-01-22,480
1241,2025-03-05,1020
1242,2023-10-24,494
1242,2023-10-31,3483
1242,2023-11-22,3473
1242,2024-02-23,2415
1242,2024-07-05,259
1242,2024-07-15,1921
1242,2024-09-04,2623
1242,2025-04-03,2491
1242,2025-06-06,2751
1242,2025-07-05,818
1243,2023-12-30,643
1243,2024-07-02,789
1243,2024-11-07,3477
1243,2025-01-14,3605
1243,2025-01-26,3810
1243,2025-03-12,865
1243,2025-08-02,1893
1244,2023-11-21,2319
1244,2024-11-07,3157
1244,2025-04-26,3828
1244,2025-06-06,2514
1244,2025-07-08,715
1245,2025-05-16,3305
1246,2024-09-26,2690
1246,2024-09-30,2041
1246,2024-12-05,3136
1246,2025-02-08,748
1246,2025-03-28,1894
1247,2023-09-19,3947
1247,2024-03-09,309
1247,2024-05-08,2280
1247,2024-05-25,1303
1247,2025-03-08,1875
1247,2025-03-23,241
1247,2025-04-17,1589
1248,2023-12-23,2665
1248,2024-03-15,645
1248,2025-03-16,2041
1249,2023-11-02,273
1249,2023-12-02,882
1249,2024-03-04,3525
1249,2024-08-21,3170
1249,2025-02-01,864
1249,2025-03-28,3509
1250,2023-11-06,3672
1250,2024-04-01,3449
1250,2024-08-20,1232
1250,2024-10-04,3044
1250,2024-11-23,1827
1250,2024-12-22,3207
1250,2025-02-17,3077
1250,2025-04-29,3303
1250,2025-06-15,686
1250,2025-08-01,2581
1251,2025-07-28,1320
1252,2023-09-09,2199
1252,2025-06-01,2406
1253,2023-10-16,1082
1253,2023-11-20,1206
1253,2023-11-24,219
1253,2023-12-27,2842
1253,2024-01-12,3139
1253,2024-02-27,1906
1253,2024-04-14,1593
1253,2024-11-01,3867
1253,2025-02-28,2500
1253,2025-07-16,1455
1254,2024-09-02,1446
1254,2024-09-21,1319
1254,2025-03-10,2576
1254,2025-05-03,751
1255,2023-09-21,3494
1255,2024-01-08,1746
1255,2024-01-29,2841
1255,2024-04-08,1780
1255,2024-08-17,1492
1255,2024-10-10,1507
1255,2024-11-19,342
1255,2025-03-07,3995
1255,2025-05-09,2309
1256,2023-09-21,3335
1256,2023-11-15,306
1256,2023-12-12,1566
1256,2025-05-14,1884
1256,2025-05-19,1788
1257,2023-11-15,275
1257,2023-12-28,2543
1257,2024-06-13,3311
1257,2024-08-09,3363
1257,2025-01-09,1069
1257,2025-06-24,1187
1258,2023-11-13,690
1258,2024-01-11,1990
1258,2024-06-24,731
1259,2023-09-19,3555
1259,2024-03-12,3751
1259,2024-03-12,2416
1260,2023-11-27,3175
1260,2024-05-10,2185
1260,2024-05-24,3296
1260,2024-07-07,2259
1260,2024-07-30,2897
1260,2024-08-19,3114
1260,2025-01-27,1910
1260,2025-02-05,547
1261,2023-08-30,3569
1261,2023-09-17,1108
1261,2023-09-17,1844
1261,2023-10-04,3427
1261,2024-05-15,1224
1261,2024-05-29,2041
1262,2023-11-26,419
1262,2024-01-30,1003
1262,2024-03-01,3546
1262,2024-06-27,3790
1262,2024-08-23,3436
1262,2024-08-31,2944
1262,2024-10-19,3606
1262,2024-11-11,2205
1262,2025-03-08,1909
1262,2025-04-30,2514
1263,2024-04-22,2233
1263,2024-05-05,3769
1263,2024-12-22,2606
1263,2025-02-17,2838
1263,2025-02-25,294
1263,2025-04-09,3510
1263,2025-06-19,2824
1263,2025-07-26,844
1264,2023-10-22,1073
1264,2024-06-09,2764
1264,2024-06-12,3113
1265,2023-11-21,464
1265,2023-12-22,1013
1265,2024-08-26,3966
1265,2024-09-27,1415
1265,2025-07-06,296
1265,2025-08-17,2058
1266,2023-10-05,3080
1266,2024-03-12,2384
1266,2024-12-17,2240
1266,2025-05-04,545
1266,2025-05-31,3224
1266,2025-08-10,3780
1267,2023-09-26,883
1267,2023-11-21,3160
1267,2024-01-26,1112
1267,2024-10-28,819
1268,2023-11-20,1356
1268,2024-07-29,1570
1268,2024-09-07,3935
1268,2025-03-13,3689
1269,2024-03-21,1066
1269,2024-06-18,1252
1269,2024-07-19,2319
1269,2024-10-26,1426
1269,2024-11-20,3882
1270,2023-10-18,816
1270,2024-01-04,3791
1270,2024-02-26,288
1270,2025-01-02,2767
1270,2025-07-05,2512
1271,2024-01-12,3244
1271,2024-05-22,1865
1271,2024-10-23,928
1271,2025-01-22,752
1272,2024-07-06,697
1272,2024-09-22,222
1272,2024-10-20,1265
1272,2024-10-28,3765
1272,2024-11-20,2183
1272,2024-12-05,589
1272,2025-04-02,230
1272,2025-05-23,1046
1272,2025-05-27,243
1272,2025-08-11,898
1273,2024-01-06,3414
1273,2024-02-17,3515
1273,2024-05-31,2904
1273,2024-07-09,2240
1273,2024-09-14,3254
1273,2024-09-17,3609
1273,2024-10-16,2898
1273,2024-12-06,457
1273,2025-01-03,2755
1274,2023-09-04,3107
1274,2023-09-11,1015
1274,2023-12-23,3368
1274,2024-02-10,3092
1274,2024-12-01,2683
1274,2024-12-15,2682
1274,2024-12-23,2651
1274,2025-03-22,973
1274,2025-07-23,672
1274,2025-08-03,3583
1275,2024-10-04,2870
1275,2025-08-15,1398
1276,2023-08-26,1640
1276,2023-10-24,1473
1276,2023-11-09,2393
1276,2024-07-05,3712
1276,2024-09-15,1843
1276,2024-12-17,877
1276,2025-04-06,2119
1276,2025-07-17,3247
1277,2023-09-11,1356
1277,2023-10-21,3591
1277,2023-11-11,3530
1277,2024-01-21,1524
1277,2024-03-09,3650
1277,2024-06-19,3174
1277,2024-12-08,1487
1277,2024-12-14,3226
1277,2025-01-24,1515
1277,2025-07-19,3304
1278,2024-11-09,3054
1278,2024-12-16,676
1278,2025-02-10,518
1279,2023-10-24,630
1279,2024-05-07,228
1279,2024-06-18,1857
1279,2024-07-27,2165
1279,2024-09-08,1863
1279,2024-09-14,3551
1279,2024-11-21,1274
1279,2025-04-02,3564
1280,2024-01-12,673
1280,2024-11-07,911
1280,2025-01-22,3948
1280,2025-01-23,1439
1280,2025-02-12,3812
1281,2023-11-09,211
1281,2024-02-10,1921
1281,2024-03-27,1281
1281,2024-10-08,1387
1281,2025-06-03,2899
1282,2023-12-14,1286
1282,2024-01-31,1474
1282,2024-06-23,1522
1282,2024-11-17,3710
1282,2025-03-13,2851
1282,2025-03-21,2373
1282,2025-04-08,2008
1282,2025-07-14,3983
1283,2024-01-06,2282
1283,2024-10-19,1641
1283,2025-06-12,945
1284,2024-02-04,3390
1284,2024-10-10,1505
1284,2025-03-17,447
1284,2025-07-23,243
1285,2023-09-07,1829
1285,2023-12-07,1922
1285,2024-02-10,3817
1285,2024-02-13,2172
1285,2024-04-06,1098
1285,2024-04-18,1013
1285,2024-06-18,2223
1285,2024-10-28,345
1285,2024-11-15,2124
1285,2025-01-30,1432
1286,2023-09-27,823
1286,2023-09-28,340
1286,2024-10-26,1145
1286,2025-04-15,3324
1286,2025-08-13,844
1287,2024-11-26,2247
1288,2024-03-10,2913
1288,2024-04-07,2606
1288,2024-05-17,3657
1288,2024-06-09,1271
1288,2024-07-05,2637
1288,2024-08-11,3763
1288,2025-03-29,3439
1288,2025-08-05,2529
1288,2025-08-22,3583
1289,2023-09-19,1856
1289,2023-10-02,3546
1289,2023-11-11,2166
1289,2024-05-05,628
1289,2024-07-26,373
1289,2025-01-21,1218
1289,2025-03-15,3852
1289,2025-06-01,3939
1290,2023-09-28,2325
1290,2023-10-02,867
1290,2023-12-27,1194
1290,2024-08-20,1887
1290,2025-05-24,2440
1291,2023-12-14,1104
1292,2023-09-14,2214
1292,2023-11-03,3406
1292,2024-01-08,308
1292,2024-07-22,950
1292,2024-08-09,3099
1292,2025-02-08,1235
1293,2025-06-17,1539
1294,2023-11-01,3144
1294,2024-06-23,824
1294,2024-07-09,2353
1294,2024-09-02,2846
1294,2024-10-27,348
1294,2025-01-01,1056
1294,2025-02-19,925
1295,2024-04-27,2548
1295,2025-05-08,3033
1295,2025-05-29,3004
1296,2023-12-26,1124
1296,2024-03-16,2306
1296,2024-04-08,2770
1296,2024-06-05,1228
1296,2024-06-05,1877
1296,2024-06-27,820
1296,2024-09-25,666
1296,2024-11-12,1011
1296,2025-03-02,2339
1296,2025-03-18,3758
1297,2023-09-16,1327
1297,2023-12-16,1489
1297,2024-01-03,1457
1297,2024-04-05,3597
1297,2024-05-26,254
1297,2024-05-31,2073
1297,2024-07-25,2267
1297,2024-10-27,1236
1297,2025-02-04,2541
1298,2024-03-01,535
1298,2024-03-21,1449
1298,2024-04-09,2149
1298,2025-02-27,2991
1298,2025-04-02,1618
1299,2023-12-07,1279
1299,2023-12-25,813
1299,2024-01-14,2937
1299,2024-01-22,898
1299,2024-02-10,3461
1299,2024-03-06,2181
1299,2024-09-22,1145
1299,2024-12-16,1545
1299,2025-01-21,3435
1300,2024-06-16,1884
1300,2024-10-06,3010
1301,2024-03-16,3009
1301,2024-06-30,1606
1301,2025-04-07,2796
1302,2024-01-09,1958
1302,2024-05-12,1101
1302,2024-11-10,2644
1302,2024-11-20,2700
1302,2025-02-15,3304
1302,2025-06-11,3732
1302,2025-06-22,2950
1303,2023-09-12,1321
1303,2024-07-31,857
1303,2024-08-11,1445
1303,2024-11-21,3099
1303,2024-11-24,2583
1303,2025-03-08,3629
1303,2025-04-23,1194
1303,2025-05-27,2731
1303,2025-08-24,2442
1304,2023-10-27,1097
1304,2023-11-03,2593
1304,2024-02-04,3742
1304,2024-04-26,207
1304,2024-05-14,1324
1304,2024-07-23,3961
1304,2024-11-04,2267
1304,2025-04-22,1538
1304,2025-05-21,3619
1304,2025-06-15,878
1305,2023-11-18,785
1305,2023-12-12,360
1305,2024-07-08,785
1305,2024-07-23,3309
1305,2024-09-04,981
1305,2024-11-11,2497
1305,2024-11-20,3353
1305,2025-01-03,1300
1305,2025-01-17,2532
1305,2025-03-14,1702
1306,2023-12-24,3187
1306,2024-04-07,1171
1306,2024-04-22,263
1307,2024-01-17,955
1307,2024-03-11,3805
1307,2024-06-17,3449
1307,2024-07-21,3419
1307,2024-08-28,1086
1307,2024-10-31,1397
1307,2025-02-09,1494
1307,2025-03-09,2944
1307,2025-04-07,3124
1308,2023-11-03,1412
1308,2023-11-06,2697
1308,2024-06-12,1210
1308,2024-06-14,3963
1308,2025-04-14,1218
1308,2025-04-26,1392
1309,2023-11-02,1712
1309,2024-06-04,3594
1309,2024-10-21,781
1309,2025-07-20,2016
1310,2023-10-02,1270
1310,2024-03-18,2931
1310,2024-04-21,2172
1311,2025-06-14,3247
1312,2023-12-30,558
1312,2024-01-30,2498
1312,2024-02-25,2961
1312,2024-08-08,979
1312,2024-08-20,315
1312,2024-09-02,476
1312,2024-11-10,1832
1312,2024-11-30,869
1312,2024-12-25,2592
1313,2024-04-30,2159
1313,2024-06-13,3780
1314,2023-11-17,3789
1314,2023-12-20,2547
1314,2024-01-03,362
1314,2024-02-27,3150
1314,2025-01-20,1409
1314,2025-01-30,3989
1314,2025-03-17,1091
1314,2025-05-14,910
1315,2024-08-05,661
1315,2025-07-26,1354
1316,2023-10-16,353
1316,2023-10-31,1010
1316,2024-05-04,3600
1316,2024-06-05,2856
1316,2024-06-21,2277
1316,2024-10-28,2663
1316,2025-01-05,3230
1316,2025-01-27,2846
1316,2025-03-25,2225
1316,2025-08-04,420
1317,2024-10-31,651
1317,2024-11-29,1040
1317,2025-01-25,1390
1317,2025-02-06,1458
1317,2025-04-13,2139
1317,2025-05-04,3403
1317,2025-06-21,2782
1318,2024-05-04,2531
1318,2024-05-09,1782
1318,2024-05-28,2581
1318,2024-10-23,3833
1318,2024-12-05,3837
1319,2023-11-14,2632
1319,2024-02-28,1667
1319,2024-04-21,1299
1319,2024-05-23,2207
1319,2024-07-09,2523
1319,2024-07-15,319
1319,2024-07-26,2130
1319,2025-01-06,605
1319,2025-03-20,1815
1320,2023-10-22,509
1320,2023-12-07,2572
1320,2024-01-03,1452
1320,2024-08-24,3265
1320,2024-09-15,791
1320,2025-07-16,2097
1320,2025-07-20,1680
1321,2023-11-07,3053
1321,2023-11-25,458
1321,2023-12-25,1978
1321,2024-05-18,3235
1321,2024-08-18,3426
1321,2025-03-05,1395
1321,2025-05-02,699
1321,2025-05-05,3535
1321,2025-05-11,428
1321,2025-06-17,2887
1322,2023-09-04,3909
1322,2023-11-04,2262
1322,2023-12-03,1457
1322,2024-04-05,3027
1322,2024-07-03,219
1322,2024-07-16,1750
1322,2024-10-11,3974
1322,2025-01-23,2761
1322,2025-04-17,2518
1323,2023-10-13,278
1323,2023-12-20,2652
1323,2024-03-23,884
1323,2024-06-05,354
1323,2024-10-13,3949
1323,2025-02-23,886
1323,2025-03-23,3273
1323,2025-08-12,3381
1324,2024-08-25,1060
1325,2023-12-27,1165
1325,2024-08-04,2606
1325,2024-10-20,1617
1325,2024-11-13,3134
1325,2024-12-14,1627
1325,2025-01-13,2110
1325,2025-03-16,1124
1325,2025-05-09,1863
1325,2025-05-28,2924
1325,2025-08-12,243
1326,2023-09-02,758
1326,2024-07-16,730
1327,2023-12-04,805
1327,2023-12-17,3092
1327,2024-01-07,3759
1327,2025-01-21,995
1327,2025-03-18,2520
1327,2025-04-13,516
1327,2025-07-20,298
1327,2025-08-14,2481
1328,2023-09-16,2368
1328,2023-09-18,927
1328,2023-09-29,693
1328,2023-12-14,3707
1328,2023-12-23,2418
1328,2024-12-27,3224
1328,2025-01-14,2248
1328,2025-02-17,3746
1328,2025-03-17,3163
1328,2025-08-19,3386
1329,2023-09-02,323
1329,2023-09-09,200
1329,2023-10-01,906
1329,2024-09-20,3691
1329,2025-03-14,2461
1329,2025-03-19,1264
1329,2025-03-22,1999
1329,2025-04-26,1837
1329,2025-05-23,997
1329,2025-07-23,1383
1330,2023-12-24,2768
1330,2024-02-06,2634
1330,2024-06-11,3728
1330,2024-06-18,2773
1330,2024-07-17,3706
1330,2024-11-12,1563
1330,2025-01-28,3539
1330,2025-02-26,661
1330,2025-05-11,1251
1330,2025-06-26,1907
1331,2023-09-26,3526
1331,2024-02-16,3435
1331,2024-02-16,1551
1331,2024-04-30,2796
1331,2025-04-25,2600
1331,2025-06-26,1521
1332,2024-09-05,3236
1332,2025-02-14,2884
1332,2025-04-25,1079
1332,2025-06-23,2937
1333,2023-12-28,1743
1333,2023-12-30,3779
1333,2024-02-13,3534
1333,2024-11-08,1884
1333,2025-05-09,2440
1333,2025-07-21,3419
1334,2023-09-18,606
1334,2024-02-05,3980
1334,2024-03-05,253
1334,2024-07-09,2752
1334,2024-11-16,2127
1334,2025-05-13,3639
1335,2024-04-23,2766
1335,2024-11-10,3859
1336,2024-04-03,2836
1337,2025-05-30,1065
1337,2025-06-02,3957
1338,2024-07-21,1299
1338,2025-04-27,378
1338,2025-07-23,1399
1339,2024-07-29,3776
1339,2024-09-16,741
1339,2024-09-19,2422
1339,2024-10-29,1981
1340,2023-12-14,3116
1340,2024-04-10,2605
1340,2024-08-29,1469
1340,2024-12-20,752
1340,2025-07-01,1493
1341,2024-03-22,1366
1341,2024-06-26,422
1341,2024-08-20,2602
1341,2024-09-05,731
1341,2024-10-03,2031
1341,2024-11-14,609
1341,2024-12-05,2090
1341,2025-03-14,3163
1341,2025-05-23,2665
1341,2025-06-01,1424
1342,2023-10-25,1136
1342,2023-12-30,3363
1342,2024-11-02,3758
1342,2025-06-08,398
1343,2023-09-13,3092
1343,2024-03-06,776
1343,2024-12-22,3997
1343,2025-06-25,2859
1344,2023-09-09,2597
1344,2023-10-31,3736
1344,2023-11-12,2984
1344,2024-04-22,2070
1344,2024-06-29,1419
1344,2024-07-15,2761
1344,2024-08-15,2275
1344,2024-10-05,3691
1344,2024-11-07,3441
1344,2025-07-26,351
1345,2024-02-01,1923
1345,2024-12-23,2072
1345,2025-03-02,2059
1345,2025-06-27,1268
1345,2025-06-28,1739
1345,2025-07-16,990
1345,2025-07-22,978
1345,2025-08-22,1114
1346,2024-10-21,1297
1347,2023-09-20,285
1347,2024-11-07,3757
1347,2024-11-29,573
1347,2025-04-30,1944
1347,2025-06-09,1932
1348,2023-09-15,1152
1348,2024-07-18,691
1348,2024-10-02,567
1348,2025-02-02,1834
1349,2024-01-28,3579
1349,2024-06-07,3131
1349,2024-10-23,448
1349,2024-10-25,2800
1349,2025-01-09,363
1349,2025-04-24,2695
1349,2025-06-08,3447
1350,2023-10-18,2620
1350,2024-05-04,1459
1350,2024-05-14,2153
1350,2024-09-29,1440
1350,2024-10-21,1708
1350,2025-02-15,267
1350,2025-05-19,1016
1350,2025-08-21,593
1351,2024-06-09,3421
1351,2024-09-01,2916
1351,2025-01-05,3292
1351,2025-01-11,2209
1351,2025-01-16,640
1352,2024-01-26,2489
1353,2024-05-11,1430
1353,2024-11-07,265
1353,2025-08-15,1621
1354,2024-05-05,2791
1354,2024-06-11,2566
1354,2024-07-31,2723
1354,2025-05-27,3378
1355,2023-10-17,3017
1355,2023-10-22,646
1355,2024-01-03,3182
1355,2024-04-18,3673
1355,2024-09-09,988
1355,2025-01-08,3321
1355,2025-01-08,1922
1355,2025-03-04,3246
1355,2025-05-16,2271
1355,2025-05-24,3145
1356,2024-02-02,3879
1356,2024-03-25,474
1357,2024-03-15,3176
1357,2024-07-17,2675
1358,2024-01-04,1706
1358,2024-04-05,1800
1358,2024-06-08,1609
1358,2024-10-08,3360
1358,2025-01-09,1183
1358,2025-04-01,3090
1358,2025-06-12,3452
1359,2023-10-29,2363
1359,2023-12-06,3556
1359,2024-12-28,3165
1360,2023-10-24,3050
1360,2024-01-29,1260
1360,2024-01-30,2599
1360,2024-05-08,1051
1360,2024-05-11,3558
1360,2024-06-02,349
1360,2024-08-20,3652
1360,2024-11-09,3592
1360,2025-07-27,3087
1361,2023-09-08,2905
1361,2023-10-03,2069
1361,2024-03-06,1980
1361,2024-05-08,1523
1361,2024-09-26,3670
1361,2024-10-15,1892
1361,2025-03-08,1993
1362,2023-11-19,3651
1362,2024-02-02,3459
1362,2024-03-04,243
1362,2024-04-15,3118
1362,2024-05-03,1564
1362,2024-09-19,661
1362,2025-01-28,1622
1362,2025-04-08,1123
1362,2025-04-29,1501
1362,2025-08-13,2121
1363,2023-09-26,3570
1363,2024-12-10,1071
1363,2025-04-10,1430
1364,2023-12-14,2518
1364,2024-01-24,1068
1364,2024-04-15,2765
1364,2025-08-13,1640
1365,2023-09-02,410
1365,2023-12-04,1907
1365,2024-06-05,1684
1365,2024-06-06,3097
1365,2024-09-17,765
1365,2025-02-16,850
1365,2025-05-09,1136
1365,2025-06-14,307
1365,2025-07-19,1633
1365,2025-08-07,1267
1366,2023-09-10,3686
1366,2023-12-09,3060
1366,2024-05-17,3069
1366,2024-05-27,3008
1366,2024-12-15,2117
1366,2025-01-11,945
1366,2025-05-26,3532
1367,2024-06-24,1355
1367,2024-06-26,3867
1367,2025-01-23,1174
1367,2025-06-09,2292
1367,2025-06-15,1177
1368,2023-10-13,515
1368,2024-09-02,2905
1369,2024-10-10,1239
1369,2025-07-10,2972
1370,2024-07-14,1754
1370,2025-08-14,1498
1371,2023-12-29,2007
1371,2024-03-16,1877
1371,2024-04-03,241
1371,2024-05-22,1358
1371,2024-07-12,3566
1371,2024-12-27,1299
1372,2023-10-21,2744
1372,2023-10-30,1181
1372,2024-07-17,2822
1372,2024-08-17,2632
1372,2024-10-16,3043
1372,2025-04-22,971
1372,2025-06-11,2978
1372,2025-07-23,226
1373,2024-11-15,1645
1373,2025-03-11,2246
1373,2025-06-23,213
1374,2023-12-26,1004
1374,2024-09-24,791
1374,2024-12-08,1035
1374,2025-01-26,1161
1375,2023-10-20,370
1375,2024-01-06,2591
1375,2024-01-27,1451
1375,2024-04-03,1242
1375,2024-04-22,3707
1375,2024-07-04,1803
1375,2024-09-17,3651
1375,2024-11-30,2806
1375,2025-06-19,2520
1376,2024-07-12,1349
1376,2025-03-30,1384
1377,2025-03-18,662
1377,2025-08-20,1737
1378,2023-10-22,2418
1378,2024-04-12,1521
1378,2024-09-05,2374
1378,2024-12-17,2788
1378,2024-12-19,1149
1378,2025-02-06,2198
1378,2025-07-08,225
1379,2024-02-05,1754
1379,2024-05-21,2444
1379,2025-04-14,1361
1379,2025-06-25,2281
1380,2023-10-30,2080
1380,2023-10-31,3469
1380,2024-03-07,2165
1380,2024-05-13,2072
1380,2024-07-04,2590
1380,2024-08-23,2501
1380,2024-11-10,3862
1380,2024-12-08,1794
1380,2024-12-27,493
1381,2023-12-24,2857
1381,2024-07-23,3598
1381,2024-11-30,1338
1381,2025-01-14,1487
1381,2025-06-21,1844
1382,2023-10-19,3412
1382,2023-11-05,2912
1382,2024-01-22,995
1382,2025-03-14,1234
1382,2025-03-14,255
1382,2025-05-27,3805
1382,2025-05-28,2671
1382,2025-06-13,547
1383,2023-09-09,3810
1383,2024-06-16,3103
1383,2025-01-15,2177
1383,2025-05-05,2582
1384,2023-09-27,3489
1384,2024-02-09,1464
1384,2024-02-21,2766
1384,2024-05-31,3575
1384,2024-11-07,1066
1384,2024-11-15,272
1384,2024-11-28,2452
1384,2025-01-03,793
1384,2025-05-10,2332
1385,2024-02-29,2248
1385,2024-03-21,1898
1385,2024-07-03,2277
1385,2025-01-28,1978
1385,2025-02-08,1871
1385,2025-02-26,2300
1386,2023-10-04,507
1386,2023-11-27,3658
1386,2024-03-01,3178
1386,2024-07-12,2405
1386,2024-10-15,1514
1386,2024-11-21,783
1386,2024-11-25,289
1386,2024-12-10,1460
1386,2024-12-31,1391
1386,2025-02-08,3467
1387,2023-08-27,1028
1387,2023-09-03,1440
1387,2024-05-04,2849
1387,2024-11-21,3732
1387,2024-12-21,1576
1387,2025-02-04,3333
1387,2025-07-21,1264
1388,2023-09-07,3958
1388,2023-09-10,607
1388,2023-10-05,2020
1388,2023-12-02,577
1388,2023-12-24,750
1388,2024-07-04,750
1388,2024-10-14,3497
1388,2025-02-04,3200
1388,2025-03-13,2419
1388,2025-08-05,3333
1389,2024-05-24,893
1389,2024-05-27,1361
1389,2024-06-22,2300
1389,2024-08-12,2861
1389,2024-09-01,1005
1389,2024-12-09,3071
1389,2025-02-20,520
1389,2025-03-09,3972
1389,2025-05-15,223
1389,2025-07-17,3064
1390,2023-09-13,3497
1390,2024-09-07,2671
1390,2025-02-28,2577
1390,2025-04-12,3576
1390,2025-07-07,3641
1390,2025-08-03,2908
1391,2023-10-02,3710
1391,2025-03-10,3847
1391,2025-06-26,2237
1392,2024-05-23,2226
1392,2024-06-09,2948
1392,2024-09-13,1947
1392,2024-10-25,2553
1392,2024-11-27,3683
1392,2025-01-17,1633
1392,2025-04-02,2296
1392,2025-06-28,3918
1393,2023-11-23,2746
1393,2025-05-04,341
1393,2025-06-18,984
1394,2024-05-26,2689
1394,2024-12-12,3674
1394,2025-04-29,1054
1394,2025-05-15,2506
1395,2023-12-11,1237
1395,2024-10-01,3188
1395,2025-04-11,2440
1396,2024-01-06,2495
1396,2024-05-30,1091
1396,2024-07-07,1630
1396,2024-08-31,3120
1396,2024-10-25,367
1396,2024-12-21,2085
1396,2025-06-08,3617
1397,2023-12-09,3935
1397,2024-02-06,685
1397,2024-02-24,474
1397,2024-09-21,3835
1397,2024-12-23,821
1397,2025-01-04,1683
1397,2025-03-17,3855
1397,2025-05-04,462
1398,2023-09-30,3759
1398,2024-01-30,2491
1398,2024-07-12,1565
1398,2024-08-14,1083
1398,2024-09-18,552
1398,2024-11-02,1380
1398,2025-01-19,625
1398,2025-06-29,2540
1399,2023-09-14,804
1399,2024-03-30,350
1399,2025-01-29,958
1399,2025-03-23,925
1399,2025-06-07,469
1400,2023-10-26,408
1400,2024-10-17,3337
1400,2024-11-11,2429
1400,2025-02-20,1244
1400,2025-03-21,1920
1400,2025-07-25,1823
1401,2023-10-01,2236
1401,2023-12-20,3602
1401,2024-06-17,1131
1401,2024-08-13,930
1401,2025-03-23,1532
1401,2025-04-29,1240
1401,2025-05-15,3512
1402,2024-04-21,2605
1402,2024-10-24,2135
1402,2024-12-29,545
1402,2025-01-20,3912
1402,2025-03-30,3702
1402,2025-05-21,2477
1403,2023-09-22,2004
1403,2025-03-02,464
1404,2023-08-31,2828
1404,2023-10-05,3506
1404,2023-10-18,1281
1404,2024-04-23,2722
1404,2024-11-20,532
1404,2025-02-08,1386
1404,2025-02-18,800
1404,2025-04-09,1921
1404,2025-06-17,466
1404,2025-06-26,3704
1405,2023-09-21,956
1405,2023-09-26,3245
1405,2024-02-08,963
1405,2024-06-09,3392
1405,2024-08-26,364
1405,2024-08-27,3771
1405,2025-04-06,1476
1405,2025-04-14,2024
1405,2025-05-09,2935
1406,2024-06-29,1291
1407,2024-02-16,996
1407,2025-01-04,1282
1407,2025-03-22,1297
1407,2025-05-06,200
1408,2023-11-03,1788
1408,2024-05-10,1783
1408,2024-08-14,1408
1408,2024-09-03,3966
1408,2024-12-24,1466
1408,2025-02-16,2811
1408,2025-02-20,3027
1408,2025-08-04,1163
1409,2023-08-26,2261
1409,2023-09-08,600
1409,2023-10-04,2566
1409,2023-11-20,1617
1409,2023-12-26,1977
1409,2024-01-10,2217
1409,2024-04-09,2979
1409,2025-03-09,312
1409,2025-04-22,1923
1410,2024-01-18,3277
1410,2024-02-24,1547
1410,2024-03-02,1083
1410,2024-05-18,422
1410,2024-05-21,3194
1410,2024-07-02,884
1410,2024-07-03,3392
1410,2024-12-09,303
1410,2025-01-02,1535
1411,2023-09-17,3648
1412,2023-09-21,912
1412,2023-12-08,3332
1412,2024-06-07,3468
1412,2024-09-18,2720
1412,2025-01-13,3298
1412,2025-01-18,684
1412,2025-01-31,1440
1412,2025-08-18,3377
1413,2023-09-07,2720
1413,2024-02-28,3280
1413,2024-06-02,1033
1413,2024-08-02,471
1413,2024-08-08,1893
1413,2025-03-25,302
1413,2025-06-15,2602
1414,2023-12-02,2161
1414,2024-01-31,2072
1414,2024-02-10,2187
1414,2024-03-11,372
1414,2024-03-28,2252
1414,2024-05-18,2156
1414,2025-01-28,699
1414,2025-04-04,2458
1414,2025-08-04,2058
1415,2025-04-19,534
1416,2024-04-14,362
1416,2024-05-26,2348
1416,2024-07-01,3429
1416,2025-03-12,773
1417,2024-01-24,1992
1417,2025-06-12,3977
1418,2024-05-13,1785
1418,2024-07-15,3716
1418,2024-07-26,2701
1418,2024-09-22,1098
1418,2024-11-09,3834
1418,2025-02-14,3650
1418,2025-03-20,2522
1418,2025-07-22,1227
1419,2024-03-07,1943
1419,2024-03-13,1707
1419,2024-07-27,908
1419,2024-08-17,3129
1419,2024-09-04,2451
1419,2024-09-18,1687
1419,2024-11-05,3898
1419,2025-01-20,3692
1419,2025-06-02,1848
1419,2025-07-18,782
1420,2023-12-20,246
1420,2024-03-25,989
1420,2024-09-30,984
1420,2024-11-29,1657
1420,2025-02-04,530
1420,2025-02-09,553
1420,2025-04-14,526
1421,2023-11-08,689
1421,2024-01-18,1112
1421,2024-05-12,2073
1421,2024-11-05,3645
1421,2025-02-10,721
1421,2025-02-11,1773
1421,2025-08-14,3553
1421,2025-08-19,1040
1422,2025-05-13,2302
1423,2024-09-30,1153
1423,2024-10-09,2924
1423,2025-03-21,947
1423,2025-06-22,2246
1424,2023-09-15,2322
1424,2024-03-23,1490
1424,2024-11-25,3209
1424,2025-07-25,3800
1425,2024-11-25,1611
1425,2025-02-18,3393
1426,2023-08-31,803
1426,2023-09-10,3322
1426,2024-07-12,889
1426,2025-02-28,1982
1427,2023-09-17,1195
1427,2023-09-25,2528
1427,2024-01-16,250
1427,2024-01-24,2410
1427,2024-04-15,1738
1427,2024-07-20,1442
1427,2024-08-13,2174
1427,2024-11-13,3919
1427,2024-11-24,1518
1428,2023-09-10,1845
1428,2024-06-18,1071
1428,2024-07-11,1412
1428,2024-12-16,1381
1428,2025-02-23,3160
1428,2025-04-22,912
1428,2025-06-12,3049
1429,2024-11-27,1072
1429,2024-12-28,2445
1429,2025-04-21,436
1430,2024-04-10,2125
1430,2024-12-01,945
1430,2025-08-23,2734
1431,2024-11-30,3820
1431,2025-01-08,460
1431,2025-01-26,3387
1431,2025-03-12,1228
1432,2023-12-01,3929
1432,2024-01-30,962
1432,2024-03-19,3527
1432,2024-04-10,1905
1432,2024-04-29,3662
1432,2024-11-28,3844
1433,2023-09-01,1085
1433,2023-09-18,1836
1433,2023-10-25,3662
1433,2023-12-06,1620
1433,2024-02-24,738
1433,2024-06-14,597
1433,2025-04-23,3213
1434,2023-10-01,3639
1434,2024-06-03,390
1434,2024-07-21,559
1434,2024-11-03,3220
1434,2025-06-17,1674
1434,2025-08-18,665
1435,2023-09-22,2636
1435,2024-08-16,680
1436,2023-10-08,3862
1436,2023-10-15,2312
1436,2024-07-31,1737
1436,2024-08-19,1350
1436,2024-09-09,3121
1436,2024-09-21,1689
1436,2024-10-08,2229
1436,2025-04-28,3071
1436,2025-05-14,741
1436,2025-06-22,3741
1437,2023-09-23,1486
1437,2023-12-23,1152
1437,2024-01-07,2234
1437,2024-02-29,403
1437,2024-04-23,698
1437,2024-12-30,2909
1437,2025-03-09,2421
1437,2025-04-13,3083
1437,2025-05-15,821
1437,2025-05-18,3582
1438,2023-09-12,846
1438,2023-10-16,397
1438,2023-11-15,679
1438,2024-01-27,1276
1438,2024-02-10,1078
1438,2024-08-19,212
1438,2024-12-21,734
1438,2025-01-21,528
1439,2025-05-22,2763
1440,2023-12-25,1683
1440,2024-10-28,1232
1440,2025-01-04,3007
1440,2025-02-19,2950
1441,2023-08-28,3389
1441,2023-11-07,2308
1441,2024-02-12,3062
1441,2024-06-08,3876
1441,2024-09-05,2890
1441,2024-11-22,1072
1441,2025-06-18,3700
1442,2023-09-22,2926
1442,2023-10-27,3362
1442,2024-04-25,1680
1442,2024-05-06,1320
1442,2024-05-17,1971
1442,2024-10-17,3674
1442,2025-01-18,3884
1442,2025-07-11,3397
1442,2025-07-13,1734
1443,2023-10-01,1682
1443,2023-11-13,3413
1443,2024-04-04,3667
1443,2024-05-23,3899
1443,2024-05-29,1587
1443,2024-08-24,2045
1443,2025-04-09,1148
1444,2023-11-07,2100
1444,2024-01-30,1527
1444,2025-06-19,2976
1445,2025-03-25,2099
1446,2023-11-12,1197
1446,2024-01-31,1037
1446,2024-06-12,2429
1446,2024-11-29,3421
1446,2025-01-31,1626
1446,2025-06-08,682
1447,2023-10-15,1711
1447,2024-01-20,1705
1447,2024-09-12,1625
1447,2024-11-29,3508
1447,2025-01-31,3916
1447,2025-03-27,1725
1447,2025-04-06,2339
1447,2025-04-24,1506
1447,2025-06-08,1387
1448,2024-01-12,336
1448,2024-04-15,754
1448,2024-09-10,1653
1448,2025-04-10,1313
1448,2025-06-04,2419
1448,2025-07-27,467
1449,2023-11-23,3886
1449,2024-02-03,3911
1449,2025-02-12,811
1449,2025-02-17,1202
1450,2023-09-21,688
1450,2023-11-25,876
1450,2024-08-27,2095
1450,2024-11-10,1556
1450,2024-12-31,3097
1451,2023-09-26,2006
1451,2024-06-11,3099
1451,2024-12-09,2808
1451,2025-02-25,3914
1451,2025-03-24,982
1451,2025-06-22,2732
1452,2024-09-17,2709
1452,2025-07-09,1946
1453,2024-08-10,1607
1453,2024-10-17,309
1453,2024-11-16,2258
1453,2025-07-11,250
1454,2023-10-18,367
1454,2024-01-25,1337
1454,2024-04-28,492
1454,2024-05-04,3359
1454,2024-10-05,3009
1454,2024-11-21,2469
1454,2024-12-01,2044
1454,2025-05-19,1647
1455,2024-02-29,3785
1455,2024-11-04,3048
1455,2024-11-12,3188
1455,2024-12-20,3780
1455,2025-01-18,811
1456,2023-09-19,1681
1456,2023-10-26,3377
1456,2023-10-28,3617
1456,2023-12-12,3132
1456,2024-08-20,1884
1456,2024-10-16,909
1456,2025-03-07,1423
1456,2025-04-04,1515
1457,2023-09-06,984
1457,2024-06-08,2336
1457,2024-06-21,2455
1457,2024-09-06,2548
1457,2024-11-20,1513
1457,2025-02-20,1574
1458,2023-10-23,738
1458,2023-10-29,3131
1458,2023-11-25,3051
1458,2024-05-05,3494
1458,2024-08-08,543
1458,2024-09-23,2846
1458,2025-02-03,2697
1458,2025-04-25,2871
1458,2025-04-26,2182
1458,2025-04-28,356
1459,2024-04-02,1184
1459,2024-07-02,2222
1459,2024-07-22,3192
1459,2024-10-20,3069
1459,2024-12-18,1632
1459,2025-02-11,3675
1459,2025-07-21,1155
1460,2024-01-07,2822
1460,2024-05-26,401
1460,2025-04-01,1221
1461,2024-09-07,2710
1462,2023-10-16,2808
1462,2024-06-14,3739
1463,2023-11-28,2027
1463,2023-12-02,1024
1463,2024-01-06,1072
1463,2024-03-02,1757
1463,2024-03-18,1657
1463,2024-05-03,3342
1463,2024-08-18,819
1463,2025-01-27,366
1463,2025-03-29,1117
1463,2025-07-06,1233
1464,2023-12-29,1948
1464,2024-02-07,1444
1464,2024-02-23,2023
1464,2024-05-08,523
1464,2024-05-28,1637
1464,2024-07-23,3746
1464,2024-10-08,1652
1464,2025-01-15,1924
1464,2025-01-15,2890
1465,2023-12-21,3890
1466,2023-10-17,3661
1466,2023-12-02,3298
1466,2024-01-16,3307
1466,2024-02-09,2394
1466,2024-03-05,2250
1466,2024-04-23,1628
1466,2024-08-04,341
1466,2024-09-04,2896
1466,2025-03-14,1676
1467,2024-01-11,2881
1467,2024-08-19,2033
1467,2024-08-26,246
1467,2024-11-13,2715
1467,2025-03-01,3664
1467,2025-03-24,2054
1468,2023-10-13,2597
1468,2023-10-26,523
1468,2023-11-03,1600
1468,2024-02-25,2924
1468,2024-07-06,3742
1468,2025-02-26,3602
1468,2025-03-04,239
1468,2025-03-05,3873
1468,2025-07-17,2250
1469,2023-10-06,2903
1469,2024-11-08,3758
1469,2024-12-22,1151
1469,2024-12-25,2336
1469,2025-05-16,847
1470,2023-12-06,3161
1470,2024-11-21,2164
1470,2024-11-29,881
1470,2024-12-12,589
1470,2024-12-30,2039
1470,2025-05-09,681
1470,2025-07-23,1630
1470,2025-08-05,935
1471,2025-03-26,2196
1472,2023-11-03,3716
1473,2023-09-23,2225
1473,2023-09-28,2458
1473,2024-01-17,467
1473,2024-05-09,817
1473,2024-08-22,1322
1473,2025-03-27,3896
1473,2025-04-06,2562
1473,2025-06-03,2870
1474,2023-12-09,1752
1474,2024-04-04,3265
1474,2025-06-10,767
1475,2023-11-14,366
1475,2024-04-13,1977
1475,2024-07-21,970
1476,2024-02-15,284
1476,2024-05-05,3346
1476,2025-05-01,1289
1476,2025-06-03,2547
1476,2025-06-14,1460
1477,2024-06-28,1612
1477,2024-07-10,504
1477,2024-09-09,3847
1477,2025-01-09,1025
1477,2025-02-22,437
1477,2025-03-03,551
1477,2025-07-11,1467
1478,2024-03-05,1443
1478,2024-10-18,752
1478,2025-02-16,3466
1478,2025-04-04,3213
1478,2025-04-16,1798
1478,2025-05-22,1477
1479,2025-02-05,2279
1480,2024-07-14,1253
1480,2024-08-10,1789
1480,2024-11-20,982
1480,2025-02-05,1355
1481,2024-02-09,3817
1481,2024-07-16,2142
1481,2024-11-20,3755
1481,2025-02-07,823
1481,2025-03-30,2212
1482,2023-09-11,972
1482,2024-02-09,803
1482,2024-02-23,2590
1482,2024-06-04,1689
1482,2025-02-06,304
1482,2025-02-23,1658
1482,2025-04-03,1576
1482,2025-04-06,1789
1482,2025-04-06,1682
1482,2025-08-18,3576
1483,2023-09-23,3914
1483,2023-11-22,2033
1483,2024-03-16,1559
1483,2024-11-13,1454
1483,2024-12-13,3857
1483,2025-04-19,3730
1483,2025-06-26,739
1483,2025-06-27,348
1484,2023-09-01,3665
1484,2023-09-25,219
1484,2023-11-05,3278
1484,2024-05-21,3369
1484,2024-08-16,387
1484,2024-11-27,2728
1484,2025-02-05,3675
1484,2025-02-23,3655
1484,2025-03-17,3272
1484,2025-05-26,1309
1485,2023-12-14,708
1485,2024-01-15,594
1485,2024-01-29,1213
1485,2024-07-18,3776
1485,2024-09-30,1301
1485,2024-12-06,2637
1485,2025-02-21,1208
1485,2025-05-07,520
1485,2025-07-09,1342
1485,2025-08-21,1819
1486,2023-09-06,299
1486,2024-01-26,686
1486,2024-05-15,2056
1486,2024-11-02,1739
1486,2024-11-02,1344
1486,2024-12-02,2580
1486,2025-01-31,2128
1486,2025-03-29,1306
1486,2025-04-16,1130
1486,2025-06-24,1719
1487,2024-03-21,3054
1487,2024-09-15,2514
1487,2024-12-14,1283
1487,2024-12-20,1064
1487,2025-03-10,1437
1487,2025-05-23,963
1487,2025-06-06,2151
1488,2024-10-02,3513
1489,2023-10-08,866
1489,2023-11-06,675
1489,2024-02-17,893
1489,2024-03-01,3047
1490,2024-03-19,776
1490,2024-04-09,2512
1490,2024-05-31,2919
1490,2024-10-07,1053
1490,2024-10-17,3942
1490,2024-10-21,3476
1490,2024-11-15,2732
1490,2024-12-20,3007
1490,2025-07-29,1474
1490,2025-08-12,293
1491,2024-07-22,2338
1491,2025-01-29,2486
1492,2023-10-27,1024
1492,2023-11-30,292
1492,2024-01-10,2785
1492,2024-01-20,471
1492,2024-01-21,2362
1492,2024-08-13,582
1492,2024-10-15,2778
1492,2024-11-14,2025
1493,2023-10-20,2860
1493,2023-11-29,1467
1493,2024-05-01,918
1493,2024-12-12,492
1493,2025-02-27,3693
1493,2025-02-27,3098
1493,2025-04-15,3784
1493,2025-05-15,2705
1493,2025-06-21,918
1494,2024-06-27,2448
1494,2025-01-27,229
1494,2025-07-21,3975
1495,2024-03-23,1642
1495,2024-03-27,500
1495,2024-12-02,604
1495,2025-05-04,1823
1496,2024-09-28,1559
1496,2025-06-06,1621
1496,2025-07-29,1458
1497,2023-08-30,1932
1497,2023-10-28,2753
1497,2024-01-30,2558
1497,2024-04-10,911
1497,2025-02-03,2867
1497,2025-04-28,1751
1497,2025-05-09,3450
1497,2025-08-15,3100
1498,2023-11-01,2687
1498,2024-05-22,1599
1498,2024-07-25,836
1498,2024-10-02,2969
1498,2025-02-11,3810
1498,2025-03-07,3469
1499,2024-09-29,3557
1499,2024-10-16,1087
1500,2023-09-17,733
1500,2023-11-01,486
1500,2024-03-05,3654
1500,2024-04-01,469
1500,2024-05-03,1568
1500,2024-05-08,925
1500,2024-10-31,1887
1500,2025-01-04,1109
1501,2023-11-12,1581
1501,2024-01-24,491
1501,2024-05-09,630
1501,2024-05-14,1421
1501,2024-08-03,1280
1501,2024-12-30,259
1501,2025-01-01,263
1501,2025-06-14,3315
1501,2025-07-31,3066
1502,2024-04-15,1517
1502,2025-02-20,1215
1503,2024-03-08,862
1503,2024-06-28,873
1503,2024-07-28,3197
1503,2024-10-20,1608
1503,2025-04-08,2050
1503,2025-04-27,2118
1503,2025-06-28,1601
1503,2025-08-10,443
1504,2023-09-07,2775
1504,2023-09-28,1633
1504,2023-11-07,2289
1504,2024-01-27,754
1504,2024-03-01,1098
1504,2024-11-09,2490
1504,2025-02-26,3204
1504,2025-04-01,2151
1504,2025-05-13,2707
1504,2025-07-11,2846
1505,2023-10-03,3518
1505,2024-06-03,1345
1505,2024-10-15,556
1505,2024-10-20,1314
1505,2024-12-15,2238
1505,2024-12-23,3839
1505,2025-01-01,428
1505,2025-02-09,2188
1505,2025-05-14,491
1505,2025-05-26,287
1506,2024-02-11,702
1506,2024-06-12,3563
1506,2024-09-14,2266
1507,2023-09-30,3214
1508,2023-09-19,3213
1508,2023-10-07,2083
1508,2023-11-13,2782
1508,2023-12-12,3919
1508,2024-07-18,3097
1508,2024-09-26,3878
1508,2024-10-12,3098
1508,2025-02-05,1995
1508,2025-04-20,431
1509,2024-03-12,802
1509,2024-06-21,1832
1509,2025-04-30,2546
1510,2023-11-17,1899
1510,2024-02-15,3980
1510,2024-12-08,3402
1510,2025-01-30,2812
1510,2025-02-06,2952
1510,2025-03-10,3676
1510,2025-08-24,582
1511,2023-10-09,1346
1511,2023-12-01,821
1511,2024-12-28,2057
1511,2025-08-01,1845
1512,2023-12-04,3693
1512,2024-03-15,2353
1512,2024-11-13,1481
1512,2025-01-15,1257
1513,2024-02-03,2936
1513,2024-04-14,2712
1513,2024-10-31,3852
1513,2025-03-11,3565
1513,2025-08-18,235
1514,2024-04-30,1157
1514,2024-07-21,1589
1514,2025-03-05,2017
1515,2023-09-06,1407
1515,2024-06-15,1308
1515,2024-12-19,3336
1516,2025-01-21,1111
1517,2024-03-16,1503
1517,2024-05-26,1835
1517,2024-08-09,3762
1517,2024-09-14,3666
1517,2025-03-12,2177
1518,2025-02-17,321
1518,2025-03-30,3842
1518,2025-05-12,2562
1518,2025-07-14,3391
1518,2025-07-28,2611
1519,2023-12-30,443
1519,2024-04-02,1659
1519,2024-06-26,2631
1519,2024-08-01,1415
1519,2025-02-20,1746
1519,2025-08-19,3667
1520,2023-11-21,2687
1520,2023-11-28,461
1520,2023-12-24,3156
1520,2024-02-18,1571
1520,2024-06-14,1835
1520,2024-09-12,474
1520,2024-12-02,1919
1520,2025-02-17,1467
1521,2023-11-27,1653
1521,2024-08-06,1448
1521,2024-11-16,863
1521,2025-03-08,1204
1522,2024-06-08,3706
1522,2024-07-23,1065
1522,2024-07-25,1835
1522,2024-11-08,774
1522,2024-12-11,915
1522,2025-05-08,3502
1522,2025-08-01,1933
1523,2023-09-01,3236
1523,2024-02-17,1137
1523,2024-05-01,3307
1523,2024-08-10,3024
1523,2024-08-13,1617
1523,2025-03-23,1944
1523,2025-05-20,3202
1523,2025-07-06,1556
1524,2024-03-31,3748
1524,2024-06-08,2762
1524,2024-07-15,2711
1524,2024-10-06,2505
1524,2025-01-06,2044
1524,2025-01-13,751
1524,2025-05-14,1228
1524,2025-05-30,1313
1524,2025-06-12,706
1524,2025-07-10,3783
1525,2024-04-21,3211
1525,2024-05-21,3101
1525,2024-08-18,744
1525,2024-09-15,3006
1525,2025-03-08,1826
1526,2023-12-07,1093
1526,2025-06-25,887
1527,2023-10-25,2447
1527,2023-12-03,2718
1527,2024-02-08,913
1527,2024-04-27,1619
1527,2024-06-17,2578
1527,2024-06-25,3202
1527,2024-12-29,607
1527,2025-06-10,1846
1527,2025-08-05,459
1528,2023-11-03,1487
1528,2023-11-14,1438
1528,2024-02-18,2436
1528,2024-10-26,1540
1528,2025-05-06,1047
1528,2025-05-10,2406
1528,2025-06-10,2478
1528,2025-08-23,1203
1529,2025-06-04,2322
1530,2023-10-13,3333
1530,2024-04-30,3700
1530,2024-06-09,925
1530,2024-07-18,2013
1530,2025-01-01,1920
1530,2025-06-21,680
1531,2023-09-12,724
1531,2024-08-13,1296
1531,2025-05-06,1105
1531,2025-05-21,3345
1532,2023-08-26,2444
1532,2023-10-16,2679
1532,2025-08-07,3490
1533,2023-12-08,1012
1533,2024-03-21,610
1533,2024-10-17,3705
1533,2025-02-01,309
1533,2025-06-05,770
1533,2025-07-30,775
1534,2024-08-24,3183
1535,2025-08-18,2884
1536,2023-10-15,1307
1536,2024-04-20,3734
1536,2024-08-07,3312
1537,2023-11-03,459
1537,2023-12-06,3059
1537,2024-02-05,1934
1537,2024-07-12,2868
1537,2024-11-03,3741
1537,2025-02-03,2619
1537,2025-06-19,694
1538,2023-09-26,3886
1538,2023-09-28,2540
1538,2023-10-12,3920
1538,2024-03-02,2310
1538,2025-05-09,2991
1538,2025-06-07,1712
1538,2025-06-11,2681
1538,2025-06-13,2376
1538,2025-06-16,1940
1539,2024-01-07,3468
1540,2023-09-09,231
1540,2024-05-28,705
1540,2025-01-23,1925
1540,2025-04-06,2649
1540,2025-05-21,1798
1540,2025-06-11,1440
1541,2023-10-23,2517
1541,2023-11-24,3332
1541,2024-01-07,3807
1541,2024-03-29,2267
1541,2024-04-17,1158
1541,2024-05-24,784
1541,2025-01-21,978
1541,2025-05-25,2692
1541,2025-06-22,1345
1542,2023-10-10,3821
1542,2023-10-17,1678
1542,2023-12-14,2853
1542,2024-11-18,1405
1542,2025-01-29,2974
1542,2025-07-26,3347
1542,2025-08-12,2554
1543,2023-10-22,924
1543,2023-11-14,3928
1543,2024-07-30,2412
1543,2024-08-02,3030
1543,2024-08-17,272
1543,2024-11-01,1253
1543,2025-04-18,1127
1544,2023-12-21,1360
1544,2024-10-22,1017
1544,2025-01-14,1571
1544,2025-03-01,949
1544,2025-04-23,3828
1544,2025-07-29,3883
1545,2024-05-28,1367
1545,2024-12-11,1999
1545,2024-12-27,3802
1545,2025-05-16,2506
1546,2024-07-11,3579
1546,2024-12-06,1108
1547,2023-10-27,522
1547,2024-02-07,280
1547,2024-02-29,3905
1547,2024-03-05,3310
1547,2025-04-15,1291
1547,2025-06-13,1571
1548,2023-10-08,3594
1548,2023-11-02,2926
1548,2023-12-04,328
1548,2023-12-08,323
1548,2024-09-28,1002
1548,2024-10-12,395
1548,2024-11-15,2191
1548,2024-11-28,3356
1548,2025-03-08,3681
1548,2025-08-25,345
1549,2025-01-06,1309
1549,2025-01-22,2400
1549,2025-05-06,1996
1550,2023-10-17,1113
1550,2024-07-27,1246
1550,2024-08-06,973
1550,2024-08-22,2415
1550,2024-09-07,2492
1550,2024-09-15,2756
1550,2025-03-19,1516
1550,2025-04-01,3767
1550,2025-05-21,2038
1550,2025-07-15,2731
1551,2024-10-13,1253
1551,2025-01-15,1283
1551,2025-05-02,1684
1552,2023-11-20,991
1552,2024-06-04,1914
1553,2024-08-07,863
1554,2023-12-26,3974
1554,2024-01-01,567
1554,2024-03-02,1420
1554,2024-08-23,3247
1554,2024-10-09,2590
1554,2024-11-09,3050
1554,2025-07-30,1301
1554,2025-08-02,3726
1554,2025-08-19,2739
1555,2024-09-18,2126
1555,2024-10-08,1632
1555,2025-02-08,459
1555,2025-05-12,1961
1555,2025-05-22,2605
1555,2025-08-12,3516
1556,2023-12-24,2293
1556,2024-03-02,1556
1556,2024-09-10,2251
1556,2025-01-05,2828
1556,2025-04-16,3175
1556,2025-05-17,3013
1556,2025-07-23,2075
1557,2025-06-14,1993
1558,2024-05-06,3295
1558,2024-05-24,3579
1558,2024-11-15,3131
1558,2025-04-02,3539
1558,2025-07-18,834
1558,2025-08-19,1446
1559,2023-09-23,1725
1559,2023-12-08,783
1559,2023-12-31,557
1559,2024-08-08,3671
1559,2025-01-25,228
1560,2023-11-21,1870
1560,2024-05-18,2939
1560,2024-09-28,1145
1560,2024-12-17,1036
1560,2025-07-20,1170
1561,2024-10-03,475
1561,2024-10-30,562
1561,2025-06-23,3718
1562,2024-09-14,2826
1562,2025-08-11,2991
1563,2023-09-29,871
1563,2023-10-15,2248
1563,2023-12-28,3225
1563,2025-06-03,3141
1564,2024-12-22,3270
1565,2023-10-18,2195
1565,2024-11-21,1831
1565,2024-12-19,1441
1565,2025-01-07,3063
1565,2025-03-08,2566
1566,2023-12-22,2544
1566,2024-10-13,817
1567,2023-09-11,1540
1567,2023-11-16,2633
1567,2024-03-26,3648
1567,2024-05-29,3814
1567,2024-08-19,1709
1567,2025-05-24,3510
1567,2025-07-11,2665
1567,2025-07-20,3898
1567,2025-08-06,2852
1568,2023-10-26,2727
1568,2024-08-01,1311
1569,2024-01-02,1919
1569,2024-01-11,2814
1569,2024-04-19,3492
1569,2024-05-24,1579
1569,2024-11-27,1808
1569,2025-02-08,3980
1569,2025-04-23,1924
1569,2025-06-30,1387
1569,2025-07-28,830
1569,2025-08-07,771
1570,2024-02-25,1750
1570,2024-06-27,2513
1570,2024-09-14,3767
1570,2024-09-18,1491
1570,2025-01-16,3906
1570,2025-06-22,3928
1570,2025-08-07,317
1571,2023-09-03,3630
1571,2023-09-30,2447
1571,2023-11-01,684
1571,2024-05-18,1072
1571,2024-07-11,1666
1571,2024-07-18,3501
1571,2024-10-16,1285
1571,2025-04-24,388
1571,2025-08-19,1792
1572,2023-09-16,3594
1572,2025-03-28,1387
1573,2023-10-03,3120
1573,2024-01-29,3974
1573,2024-03-08,3283
1573,2024-05-16,1292
1573,2024-12-20,1004
1574,2023-10-04,1294
1574,2023-10-24,1994
1574,2023-12-01,2368
1574,2023-12-31,2400
1574,2024-02-16,1459
1574,2024-09-14,459
1574,2025-04-15,985
1574,2025-05-18,2295
1574,2025-06-24,1898
1575,2023-09-15,1752
1575,2024-03-02,2983
1576,2023-12-29,1428
1576,2024-06-07,1023
1576,2024-06-25,2387
1576,2024-07-06,3917
1576,2024-11-01,539
1576,2025-01-09,1073
1576,2025-03-30,2375
1576,2025-06-14,1430
1577,2024-03-14,3649
1577,2024-11-28,644
1577,2025-08-01,3860
1577,2025-08-07,2416
1578,2024-06-08,3466
1578,2024-07-06,1188
1578,2025-02-26,473
1579,2023-10-23,795
1579,2024-01-09,3920
1579,2024-05-08,2040
1580,2023-11-09,1298
1580,2024-01-07,3539
1580,2024-08-16,2721
1580,2025-01-23,3499
1580,2025-05-22,560
1580,2025-06-29,3689
1581,2024-04-02,3680
1581,2024-04-19,3697
1582,2023-11-29,3144
1582,2023-12-22,646
1582,2024-01-23,452
1582,2024-07-25,3370
1582,2024-08-26,1320
1582,2024-11-27,3719
1583,2023-09-27,1944
1583,2023-11-06,1856
1583,2023-12-19,1659
1583,2024-01-21,2434
1583,2024-03-31,1034
1583,2024-05-21,1866
1583,2024-08-18,1907
1583,2024-11-18,1146
1583,2024-12-22,2847
1584,2023-12-08,3905
1584,2024-01-28,3272
1584,2024-03-29,1556
1584,2025-03-03,3731
1584,2025-06-13,1534
1585,2024-01-09,3772
1585,2024-03-11,1304
1585,2024-10-04,2395
1585,2025-01-31,3423
1585,2025-03-18,1581
1585,2025-04-27,3910
1585,2025-07-31,606
1586,2024-01-14,359
1586,2025-08-08,3335
1587,2023-10-23,353
1587,2024-06-17,2776
1587,2024-10-04,1527
1587,2024-12-27,1680
1588,2023-11-21,1572
1588,2023-12-23,2665
1588,2024-01-22,1718
1588,2024-12-13,1940
1588,2025-02-26,1161
1588,2025-04-12,1465
1588,2025-05-15,804
1588,2025-06-04,818
1588,2025-06-26,800
1588,2025-08-02,1802
1589,2023-12-23,1430
1589,2024-03-12,3534
1589,2024-04-05,2018
1589,2024-04-20,1898
1589,2024-06-09,660
1589,2024-08-17,580
1589,2024-11-09,1490
1589,2025-04-29,3717
1590,2023-12-17,1204
1590,2025-02-24,676
1590,2025-06-13,2979
1591,2023-10-22,1623
1591,2024-02-11,2364
1591,2024-05-24,785
1591,2024-06-05,2560
1591,2024-10-19,222
1591,2025-02-24,2804
1592,2023-09-19,3944
1592,2023-10-21,2601
1592,2023-11-16,3405
1592,2024-03-30,586
1592,2024-10-07,3698
1592,2025-04-01,1336
1592,2025-04-08,1670
1592,2025-05-26,808
1592,2025-07-06,3680
1593,2023-10-10,1451
1593,2023-12-06,3184
1593,2023-12-09,3790
1593,2024-01-03,2559
1593,2024-03-25,2292
1593,2024-07-08,3373
1593,2024-10-13,3298
1593,2024-11-25,239
1593,2024-11-27,3024
1593,2024-12-16,3660
1594,2024-03-04,1067
1594,2024-03-13,2829
1594,2024-09-03,3924
1594,2025-04-22,379
1594,2025-05-30,431
1595,2023-11-14,1668
1595,2024-02-03,2804
1595,2024-03-26,1493
1595,2024-07-13,3270
1595,2024-08-02,2367
1595,2024-08-29,495
1595,2025-01-16,839
1595,2025-01-20,3740
1596,2024-02-11,2229
1596,2024-08-12,2574
1597,2023-10-02,250
1597,2023-12-15,254
1597,2024-02-03,983
1597,2024-06-06,283
1597,2024-10-13,1568
1597,2025-02-03,551
1597,2025-05-27,2361
1597,2025-06-03,2432
1597,2025-06-12,1888
1597,2025-06-20,2118
1598,2024-11-21,945
1599,2023-10-02,235
1599,2024-03-22,3677
1599,2024-05-03,3333
1600,2023-08-27,429
1600,2023-12-28,3735
1600,2024-06-07,566
1600,2024-06-11,1007
1600,2024-08-22,1624
1600,2024-10-05,1510
1600,2024-10-05,2969
1600,2025-04-24,3946
1600,2025-05-16,361
1600,2025-07-21,1191
1601,2025-06-09,3105
1602,2024-09-10,2193
1602,2024-12-08,2930
1603,2024-04-04,3595
1603,2024-04-21,750
1603,2024-12-24,3444
1603,2025-07-19,3066
1604,2023-11-05,2408
1604,2024-01-03,2046
1604,2024-01-04,668
1604,2024-10-31,1867
1604,2025-02-16,3543
1604,2025-06-10,1209
1605,2023-10-17,439
1605,2023-11-05,2077
1605,2023-12-09,1766
1605,2023-12-10,2730
1605,2023-12-25,2679
1605,2024-03-28,3904
1605,2025-04-27,3514
1605,2025-06-08,3567
1605,2025-08-04,1019
1606,2023-11-03,1332
1606,2024-05-05,474
1606,2024-10-22,2203
1606,2024-11-25,2200
1606,2024-12-15,962
1606,2025-05-20,3585
1606,2025-06-27,1035
1606,2025-07-09,1657
1607,2023-10-16,2448
1607,2024-01-17,349
1607,2024-04-03,751
1607,2024-06-30,1454
1607,2025-01-21,3051
1607,2025-04-06,3147
1607,2025-04-09,2264
1607,2025-07-04,2590
1607,2025-07-20,1640
1608,2024-03-28,2516
1608,2024-07-19,766
1608,2024-11-08,1848
1608,2025-04-08,3211
1609,2023-09-07,3054
1609,2023-09-26,3578
1609,2024-10-16,2239
1609,2024-10-20,3552
1609,2024-11-13,1927
1609,2024-11-13,1968
1609,2025-03-11,951
1609,2025-05-24,410
1609,2025-06-29,1080
1609,2025-08-18,795
1610,2024-03-03,2494
1610,2024-03-18,1785
1610,2024-05-03,3910
1610,2024-06-20,1737
1610,2024-06-22,3580
1610,2024-08-05,3289
1610,2024-10-15,3176
1611,2023-10-04,301
1611,2023-11-05,3573
1611,2023-12-08,2811
1611,2023-12-24,3777
1611,2024-03-22,424
1611,2024-05-09,794
1611,2024-07-10,1625
1611,2025-01-09,1199
1612,2023-12-17,3206
1612,2024-02-12,2948
1612,2024-08-30,1086
1613,2024-05-22,2227
1613,2024-08-25,3321
1613,2025-02-16,2465
1613,2025-02-21,262
1614,2023-09-17,2799
1614,2023-10-29,3683
1614,2024-04-24,3615
1614,2024-07-05,1728
1614,2024-12-23,1653
1614,2025-03-21,2983
1614,2025-06-12,3988
1614,2025-08-06,2254
1615,2023-08-29,1610
1615,2024-01-28,2433
1615,2024-07-14,2410
1615,2024-08-07,3216
1615,2024-10-18,2019
1615,2024-11-24,2153
1615,2024-12-03,555
1615,2025-01-24,1214
1615,2025-07-09,3150
1615,2025-07-10,1520
1616,2023-10-04,3548
1616,2023-12-15,3747
1616,2024-07-12,3024
1616,2024-08-25,2531
1616,2024-09-26,570
1616,2025-06-22,1514
1617,2023-09-15,1942
1617,2024-03-21,2337
1617,2024-04-27,3983
1617,2025-06-22,3507
1617,2025-08-16,3208
1618,2023-09-19,3372
1618,2023-09-22,1208
1618,2023-11-15,694
1618,2023-11-27,1373
1618,2024-05-21,2809
1618,2024-10-09,3376
1618,2025-01-12,1234
1618,2025-07-22,2507
1619,2024-03-17,950
1619,2025-01-28,380
1620,2023-10-22,942
1621,2023-09-20,1645
1621,2023-10-09,815
1621,2024-03-15,1844
1621,2024-04-23,1354
1621,2024-06-18,3510
1621,2024-09-03,3251
1621,2024-09-28,509
1621,2024-10-09,3207
1621,2025-03-01,3603
1621,2025-08-23,2444
1622,2025-04-13,515
1623,2023-11-05,3133
1623,2023-11-23,1291
1623,2024-08-06,1831
1623,2024-12-02,2893
1623,2024-12-16,1110
1623,2025-04-02,2710
1624,2023-12-06,1924
1624,2024-03-28,3880
1624,2024-03-29,3671
1624,2024-04-30,2760
1624,2024-06-07,1240
1624,2024-10-12,1858
1624,2025-07-31,2568
1625,2024-05-11,3639
1625,2025-02-05,1793
1625,2025-02-20,2829
1625,2025-06-05,1505
1625,2025-08-12,735
1626,2023-09-09,3517
1626,2024-02-01,3647
1626,2024-06-17,2995
1626,2024-12-31,3057
1627,2024-01-10,811
1627,2024-03-04,3725
1627,2024-05-20,3040
1627,2024-09-30,3665
1627,2024-12-21,1226
1628,2023-09-15,381
1628,2024-04-12,497
1628,2024-10-16,2898
1628,2025-01-05,3573
1628,2025-06-20,2972
1629,2023-11-22,3583
1629,2024-07-06,3813
1630,2023-09-28,1895
1630,2024-02-13,2201
1630,2024-07-30,979
1631,2023-09-11,2391
1631,2023-09-20,2937
1631,2023-10-17,501
1631,2023-12-27,3838
1631,2024-01-21,1301
1631,2024-03-23,1225
1631,2024-04-27,2068
1631,2024-08-16,1726
1631,2025-04-05,1493
1631,2025-06-06,1300
1632,2024-03-25,1839
1633,2023-11-24,1339
1633,2023-11-25,2999
1634,2023-09-14,1502
1634,2023-09-17,3134
1634,2023-10-20,517
1634,2024-05-17,1312
1634,2025-02-08,3768
1634,2025-02-28,1484
1635,2023-09-24,1393
1635,2023-10-08,3019
1635,2023-11-10,2107
1635,2023-11-25,3473
1635,2024-03-16,1543
1635,2024-06-16,2538
1635,2024-08-01,2723
1635,2024-08-10,2937
1635,2025-01-03,3531
1635,2025-06-02,1025
1636,2023-10-02,2261
1636,2023-11-15,733
1636,2024-03-26,3151
1636,2024-05-23,655
1636,2024-11-30,1257
1636,2024-12-13,2962
1637,2023-08-27,1753
1637,2024-01-03,3711
1637,2024-04-20,477
1637,2024-08-05,549
1637,2024-09-22,920
1637,2025-02-06,228
1637,2025-02-15,3826
1637,2025-07-07,2517
1637,2025-07-17,2065
1637,2025-07-29,1610
1638,2023-10-26,463
1638,2024-03-22,832
1638,2024-12-22,281
1638,2025-06-08,1677
1639,2024-03-06,3035
1639,2024-03-06,2324
1639,2025-02-13,1428
1640,2023-11-18,1530
1640,2023-12-13,504
1640,2024-12-02,3373
1640,2025-05-25,1024
1641,2024-04-24,1775
1641,2024-07-21,1961
1641,2024-08-02,849
1641,2024-09-20,1082
1641,2024-12-09,1064
1641,2025-03-26,2981
1641,2025-08-17,3296
1642,2023-11-11,3241
1642,2024-11-24,2477
1642,2025-04-03,3905
1643,2023-12-09,508
1643,2024-03-07,311
1643,2024-07-24,3196
1643,2024-10-06,1938
1644,2024-11-25,2040
1645,2024-03-02,2271
1645,2024-07-17,1698
1645,2024-07-24,245
1645,2024-08-15,1511
1645,2024-10-13,478
1645,2024-10-18,3464
1645,2025-03-27,724
1645,2025-05-18,1313
1645,2025-05-22,289
1645,2025-06-11,396
1646,2025-02-13,3959
1647,2024-10-29,738
1648,2023-10-11,2743
1648,2023-11-24,2115
1648,2024-02-19,3015
1648,2024-04-08,884
1648,2024-09-01,2017
1648,2024-12-28,317
1649,2024-04-06,3579
1650,2023-09-14,2318
1650,2023-12-03,3055
1650,2024-08-10,1830
1650,2024-09-11,1737
1650,2024-10-02,1366
1650,2024-12-16,1933
1650,2025-07-20,2893
1651,2023-10-27,2983
1651,2024-02-01,1194
1651,2024-04-23,1536
1651,2024-06-17,1762
1651,2024-07-28,1145
1651,2024-09-13,3164
1651,2024-10-01,764
1651,2024-12-25,1440
1652,2023-08-30,1415
1652,2024-03-07,1418
1652,2024-03-13,213
1652,2025-05-07,652
1652,2025-06-07,2807
1653,2023-09-15,738
1653,2023-12-14,2912
1653,2024-05-20,287
1653,2025-06-14,2448
1653,2025-06-25,2697
1653,2025-07-12,1029
1654,2023-09-07,3322
1654,2023-12-23,359
1654,2024-03-01,2153
1654,2024-07-27,3509
1655,2023-09-16,1035
1655,2023-09-18,1719
1655,2023-11-15,1330
1655,2024-01-28,3840
1655,2024-02-05,2437
1655,2024-06-15,3028
1655,2024-07-12,1970
1655,2025-04-03,2249
1655,2025-07-20,3095
1656,2024-01-09,723
1656,2024-10-13,3090
1656,2024-12-20,2541
1656,2025-06-13,3350
1657,2023-12-08,1566
1657,2024-02-06,3558
1657,2024-03-01,1689
1657,2024-10-07,1681
1657,2024-11-20,3585
1657,2025-03-04,3450
1657,2025-06-04,2647
1658,2023-12-29,2114
1658,2024-03-20,3308
1658,2024-04-06,3177
1658,2025-07-06,1136
1659,2023-09-14,3530
1659,2023-10-14,1117
1659,2023-11-29,2585
1659,2024-02-05,3600
1659,2024-03-08,1843
1659,2024-05-03,866
1659,2024-07-18,3329
1659,2024-09-22,2131
1659,2024-10-25,3334
1659,2025-03-06,3366
1660,2024-04-26,405
1660,2024-06-01,2199
1660,2024-08-07,999
1660,2025-03-18,1306
1660,2025-07-13,1725
1661,2023-11-12,300
1661,2024-01-23,3368
1661,2024-04-17,253
1661,2024-11-30,1460
1662,2024-06-14,950
1662,2025-03-14,2474
1663,2024-06-07,3838
1663,2024-07-11,2937
1663,2024-09-01,3193
1663,2024-12-14,1578
1663,2025-03-08,3610
1663,2025-06-01,3741
1664,2024-07-03,2438
1665,2024-01-02,2320
1666,2023-11-06,808
1666,2025-06-08,2058
1667,2023-09-07,3136
1667,2025-05-01,1369
1668,2023-10-29,1028
1668,2023-11-09,3765
1668,2024-01-17,2664
1668,2024-03-20,3515
1668,2024-06-28,3521
1668,2025-01-31,2029
1668,2025-02-13,2148
1668,2025-04-02,3448
1668,2025-04-04,455
1668,2025-05-28,2268
1669,2023-09-28,1505
1669,2024-01-26,1757
1669,2024-03-11,2911
1669,2024-04-17,827
1669,2024-05-07,1117
1669,2024-07-20,3237
1669,2024-12-04,1571
1669,2025-01-24,2587
1669,2025-03-10,2576
1669,2025-06-09,570
1670,2025-06-28,2717
1671,2023-08-31,3815
1671,2023-09-10,1062
1671,2024-02-01,3778
1671,2024-08-18,2003
1671,2024-09-18,1123
1671,2024-12-22,3698
1671,2025-03-08,1503
1672,2024-01-29,3509
1672,2024-04-13,2393
1672,2025-07-25,3944
1673,2023-10-24,1253
1673,2023-11-29,2132
1673,2024-06-02,3616
1673,2024-08-26,1590
1674,2023-12-10,3854
1674,2023-12-16,1546
1674,2024-01-20,2067
1674,2024-02-26,3577
1674,2024-11-17,644
1674,2024-12-14,2695
1674,2025-01-05,3839
1674,2025-01-09,1386
1674,2025-02-22,3038
1675,2023-10-25,3502
1675,2023-12-04,264
1675,2024-02-25,3386
1675,2024-02-27,1817
1675,2024-08-23,1189
1675,2024-09-01,1795
1675,2025-03-30,336
1675,2025-05-03,3374
1675,2025-05-09,2338
1675,2025-05-28,2086
1676,2024-06-06,1275
1676,2024-11-08,3977
1677,2023-09-02,2187
1677,2023-10-20,1175
1677,2024-03-11,1779
1677,2024-05-09,1437
1677,2024-11-05,3910
1677,2024-12-11,3558
1677,2024-12-23,1060
1677,2025-04-03,3994
1677,2025-04-29,428
1677,2025-05-20,2715
1678,2023-09-19,3336
1678,2024-06-26,2477
1678,2024-10-09,3826
1678,2025-06-19,2817
1679,2023-10-12,3922
1679,2024-01-25,2952
1679,2024-04-24,3108
1679,2024-10-12,2142
1679,2024-11-23,3491
1679,2025-07-15,2935
1680,2024-01-09,1487
1680,2024-02-16,2447
1680,2024-02-28,3172
1680,2024-05-11,279
1680,2024-10-03,2985
1680,2024-10-31,1576
1680,2024-11-13,505
1680,2025-06-27,3295
1681,2023-10-10,2241
1681,2023-12-19,2525
1681,2024-03-10,1289
1681,2024-03-19,3930
1681,2024-04-07,1741
1681,2024-05-26,314
1681,2024-07-18,985
1681,2024-07-24,1919
1681,2024-09-19,262
1681,2025-06-01,2277
1682,2024-03-06,2948
1682,2024-12-17,1178
1682,2025-01-21,1562
1682,2025-02-05,2731
1682,2025-03-01,2568
1682,2025-03-08,246
1682,2025-04-05,2791
1683,2024-06-01,2614
1683,2024-07-29,1842
1683,2025-07-19,3715
1684,2024-02-09,1084
1684,2024-04-03,1162
1684,2024-05-26,743
1684,2024-07-08,3865
1684,2025-02-23,3966
1685,2024-01-02,3484
1685,2024-01-04,3800
1685,2024-03-07,3297
1685,2024-05-16,1126
1685,2024-08-29,3592
1685,2025-02-22,1089
1685,2025-05-04,3785
1686,2024-05-29,1108
1686,2024-08-17,3824
1686,2024-09-16,3165
1686,2025-03-06,1770
1687,2023-09-16,2454
1687,2023-12-08,3834
1687,2024-01-18,2154
1687,2024-04-01,450
1687,2024-06-20,1684
1687,2024-07-07,1793
1687,2024-10-22,2876
1687,2025-01-13,729
1688,2024-01-20,3523
1688,2024-02-05,517
1688,2024-09-27,2408
1688,2025-01-04,2569
1688,2025-03-30,777
1689,2023-09-16,1961
1689,2023-10-02,2168
1689,2023-12-24,1229
1689,2024-03-16,3041
1689,2024-04-30,3769
1689,2024-06-11,1946
1689,2025-01-14,602
1690,2023-12-27,2303
1690,2023-12-27,3594
1690,2024-04-24,826
1690,2024-07-09,2363
1690,2025-01-24,3473
1690,2025-01-28,2984
1690,2025-02-07,480
1690,2025-08-17,1006
1691,2023-09-06,996
1691,2023-09-18,403
1691,2023-11-08,3462
1691,2024-10-23,3972
1691,2025-08-22,1171
1692,2023-10-02,980
1692,2024-09-05,2272
1692,2025-03-26,1054
1692,2025-06-17,2016
1692,2025-07-07,3548
1692,2025-08-23,3021
1693,2023-10-04,1604
1693,2024-01-13,2416
1693,2024-03-19,2204
1693,2024-09-03,2976
1693,2025-02-17,2942
1693,2025-03-28,3797
1693,2025-06-05,2502
1693,2025-06-07,3583
1694,2024-02-03,1980
1694,2024-03-08,3293
1694,2024-03-14,535
1694,2024-05-26,1073
1694,2024-06-27,891
1694,2024-11-15,1183
1694,2024-12-07,1168
1694,2024-12-12,3850
1694,2025-04-20,2865
1694,2025-04-30,1494
1695,2024-02-01,1715
1695,2024-02-02,3888
1695,2024-02-11,1699
1695,2024-03-19,2838
1695,2024-05-24,1941
1695,2024-09-01,2928
1695,2024-11-21,3268
1695,2025-01-11,3049
1695,2025-04-02,2655
1695,2025-04-21,960
1696,2023-11-06,1284
1696,2024-04-25,1431
1696,2024-10-25,1469
1696,2024-11-11,3115
1696,2025-02-06,3270
1696,2025-03-12,1280
1696,2025-03-26,3037
1696,2025-04-09,2915
1696,2025-07-18,1057
1697,2024-01-18,691
1697,2024-12-17,1954
1697,2025-08-01,3272
1697,2025-08-12,404
1698,2024-01-11,1267
1698,2024-01-22,766
1698,2024-04-30,477
1698,2024-09-18,3629
1698,2024-11-16,1419
1698,2025-01-25,328
1698,2025-03-18,1512
1698,2025-07-23,3616
1699,2023-10-02,3849
1699,2023-10-07,385
1699,2023-11-06,2086
1699,2024-02-04,1086
1699,2024-04-26,1867
1699,2024-08-15,2576
1699,2025-01-14,1482
1699,2025-06-11,2928
1699,2025-07-23,2168
1700,2023-09-06,1507
1700,2024-09-14,1714
1700,2025-08-03,2897
1701,2023-12-18,2570
1701,2024-05-18,3093
1701,2024-06-27,2444
1701,2025-03-21,2095
1701,2025-05-16,300
1701,2025-06-11,3254
1702,2024-05-10,656
1702,2024-07-24,3367
1702,2024-10-14,3762
1702,2025-05-22,3805
1703,2023-09-03,1391
1703,2023-10-30,2767
1703,2024-01-30,1051
1703,2024-04-11,2702
1703,2024-07-23,3540
1703,2024-09-23,1012
1703,2024-11-12,1069
1703,2024-11-29,213
1703,2025-06-13,3483
1703,2025-08-19,1735
1704,2023-09-22,1774
1704,2023-10-20,3344
1704,2023-12-14,1511
1704,2024-01-24,2135
1704,2024-03-11,1051
1704,2024-05-11,504
1704,2025-03-19,1842
1704,2025-04-29,2975
1704,2025-06-09,1957
1705,2023-11-23,661
1705,2023-11-27,1419
1705,2024-02-08,1721
1705,2024-03-26,2508
1705,2024-11-20,2275
1705,2024-12-17,1902
1705,2024-12-31,1629
1706,2024-11-20,1005
1706,2024-12-16,3089
1706,2025-03-17,461
1706,2025-06-28,2906
1706,2025-07-13,1015
1707,2023-09-01,2605
1707,2023-09-07,1148
1707,2023-10-27,476
1707,2024-03-18,2353
1707,2024-06-12,578
1707,2024-11-03,645
1707,2025-07-14,1665
1707,2025-08-04,2644
1708,2023-08-28,587
1708,2023-08-31,1977
1708,2023-09-14,2108
1708,2024-05-29,2258
1708,2024-11-21,2003
1708,2025-02-12,1699
1708,2025-05-05,1600
1708,2025-05-16,2414
1708,2025-08-24,777
1709,2024-01-19,902
1709,2024-03-24,3130
1709,2025-01-06,734
1709,2025-01-21,1542
1709,2025-06-20,3285
1710,2023-11-06,3613
1710,2024-01-16,936
1710,2024-09-18,481
1710,2025-02-21,908
1710,2025-07-17,1550
1711,2023-11-10,1032
1711,2023-12-17,3856
1711,2024-06-24,315
1711,2024-07-25,753
1711,2025-05-20,593
1712,2023-12-21,3994
1712,2024-04-16,2388
1712,2024-07-21,2777
1712,2024-08-09,2343
1712,2024-10-06,3792
1712,2025-01-15,3833
1713,2024-01-26,3760
1713,2024-03-09,361
1713,2024-03-16,1800
1713,2025-02-16,3218
1714,2024-01-19,1374
1714,2024-03-14,3433
1714,2024-05-24,2574
1714,2024-06-11,2605
1714,2025-03-26,2141
1715,2024-03-27,385
1715,2024-07-31,586
1715,2025-05-04,2338
1716,2024-03-06,1732
1716,2024-05-13,2229
1716,2025-04-24,441
1716,2025-04-30,1909
1716,2025-06-23,1823
1717,2024-05-07,2559
1717,2025-08-03,3952
1718,2023-12-06,2926
1718,2024-01-24,3368
1718,2024-03-25,3770
1718,2024-08-26,2667
1718,2024-11-07,453
1719,2024-03-10,2776
1720,2024-03-04,3901
1720,2024-03-21,1849
1720,2024-03-31,927
1720,2024-06-03,2842
1720,2025-03-27,1728
1721,2023-11-19,2578
1721,2024-08-24,1011
1721,2024-11-30,1457
1721,2024-12-14,2291
1721,2025-07-30,1048
1721,2025-08-04,3395
1721,2025-08-24,1384
1722,2023-09-04,783
1722,2023-10-18,239
1722,2024-02-09,875
1722,2024-03-02,479
1722,2024-03-16,3697
1722,2024-05-09,930
1722,2024-06-27,3428
1722,2024-12-29,2070
1722,2025-03-18,2416
1722,2025-03-20,3581
1723,2024-03-26,2802
1723,2024-05-29,827
1723,2025-05-20,3745
1723,2025-08-21,3067
1724,2024-03-13,2124
1724,2024-04-10,3516
1724,2024-09-09,3515
1724,2024-10-21,2889
1724,2025-01-04,1121
1724,2025-01-11,3319
1724,2025-04-07,2859
1724,2025-08-20,2633
1725,2024-05-10,3402
1725,2025-05-19,1239
1726,2024-01-15,1447
1726,2024-02-01,1463
1726,2024-03-15,756
1726,2024-09-03,498
1726,2024-10-01,275
1726,2025-05-02,1635
1726,2025-05-14,2885
1727,2024-03-28,343
1727,2025-04-05,1180
1727,2025-04-18,3612
1728,2024-02-20,1923
1728,2024-02-24,942
1728,2024-06-10,1673
1728,2024-10-10,1808
1728,2024-10-13,2902
1728,2025-05-13,1707
1728,2025-08-25,2370
1729,2023-12-05,736
1729,2025-05-18,2208
1730,2023-09-24,351
1730,2023-11-30,3674
1730,2024-01-24,1595
1730,2024-04-04,3251
1730,2024-12-14,2385
1730,2025-01-07,616
1730,2025-02-12,280
1730,2025-08-04,559
1731,2023-09-11,2513
1731,2023-12-14,1346
1731,2024-01-08,607
1731,2024-01-08,1670
1731,2024-01-25,1236
1731,2024-02-19,3137
1731,2024-06-10,1486
1731,2024-10-15,1798
1731,2025-01-18,2129
1731,2025-07-17,2884
1732,2023-08-31,1635
1732,2023-11-15,1243
1732,2023-11-27,3792
1732,2024-07-27,2650
1732,2024-11-17,2640
1732,2024-12-11,1605
1732,2025-02-15,518
1732,2025-04-25,2101
1733,2024-02-16,1036
1733,2024-03-20,701
1733,2025-06-09,2342
1733,2025-06-26,3412
1734,2023-09-22,812
1735,2024-04-29,2115
1736,2024-04-15,3627
1736,2024-05-18,1627
1736,2024-05-22,3526
1736,2024-08-07,2019
1736,2024-12-01,3257
1736,2025-01-29,2746
1736,2025-05-10,1312
1736,2025-07-31,2720
1736,2025-08-20,403
1737,2023-11-13,3830
1737,2024-01-10,2525
1737,2024-05-08,2642
1737,2024-07-12,411
1737,2024-10-05,338
1737,2025-03-20,3731
1737,2025-04-03,913
1737,2025-05-08,1851
1738,2023-09-17,1132
1738,2024-02-09,2992
1738,2024-04-27,570
1738,2024-06-03,838
1738,2024-06-03,1031
1738,2024-06-21,1955
1738,2025-02-11,1272
1738,2025-04-20,3110
1738,2025-04-29,481
1738,2025-08-24,2245
1739,2023-08-26,1458
1739,2024-04-28,2131
1739,2024-06-05,2283
1739,2024-06-21,2445
1739,2024-09-28,3962
1739,2024-11-13,1629
1739,2025-03-09,1131
1739,2025-04-14,2226
1739,2025-05-21,2919
1740,2023-09-27,2562
1740,2023-11-09,828
1740,2023-11-21,3462
1740,2024-03-08,2657
1740,2024-09-08,2826
1740,2024-10-05,997
1740,2024-10-13,2294
1740,2024-12-07,1649
1740,2024-12-13,1432
1740,2025-05-12,346
1741,2023-09-20,2227
1741,2023-11-06,2877
1741,2024-07-14,3999
1741,2024-12-27,473
1742,2023-12-10,1651
1743,2024-08-14,824
1743,2025-04-05,3267
1744,2024-03-08,2077
1745,2023-09-11,1393
1745,2024-05-02,1946
1745,2024-08-05,3651
1745,2024-11-12,2513
1745,2025-01-22,1443
1745,2025-04-10,288
1746,2023-12-17,557
1746,2024-03-15,1930
1746,2024-07-03,1538
1746,2024-11-02,3970
1746,2024-12-30,879
1746,2025-01-05,3866
1746,2025-02-15,1235
1746,2025-07-10,3291
1747,2023-08-26,3897
1747,2023-09-07,2925
1747,2023-10-18,3695
1747,2024-06-17,1448
1747,2024-12-10,3999
1747,2024-12-24,1455
1747,2025-02-03,2224
1747,2025-04-28,3733
1747,2025-07-16,3052
1748,2024-02-15,635
1748,2025-02-01,373
1748,2025-03-19,1969
1748,2025-04-13,3747
1749,2023-10-27,3197
1749,2023-12-10,1891
1749,2024-01-17,2128
1749,2024-04-03,1598
1749,2024-07-10,3635
1749,2024-10-31,2523
1749,2024-11-09,2643
1749,2024-11-22,334
1749,2024-12-06,547
1749,2025-06-12,300
1750,2023-11-16,1128
1750,2024-05-18,881
1750,2024-10-06,2563
1750,2024-10-29,3710
1750,2025-02-06,2016
1751,2024-05-25,2609
1751,2024-09-20,1494
1751,2025-05-13,2631
1751,2025-07-01,1665
1752,2023-09-20,346
1752,2024-08-18,280
1752,2024-11-25,2989
1752,2025-01-01,2827
1752,2025-04-26,1550
1753,2023-12-05,526
1753,2023-12-10,1301
1753,2024-05-12,2382
1753,2025-04-19,1977
1753,2025-04-19,3089
1753,2025-08-06,2161
1754,2023-09-04,2396
1754,2023-10-05,3158
1754,2023-11-16,1217
1754,2023-12-21,2683
1754,2024-04-12,2249
1754,2024-05-03,3834
1754,2024-08-18,1988
1754,2024-12-17,2771
1754,2025-01-13,888
1754,2025-07-19,2712
1755,2023-09-30,1286
1755,2023-11-19,927
1755,2023-12-21,3137
1755,2023-12-29,1379
1755,2024-07-01,1991
1755,2024-10-13,2519
1755,2025-05-25,876
1756,2024-11-20,1847
1756,2025-03-27,2104
1757,2024-06-04,1128
1757,2025-03-21,317
1758,2024-02-21,3200
1758,2024-03-14,1539
1759,2024-02-13,3196
1759,2024-03-28,3265
1759,2024-04-20,3139
1759,2024-08-11,3063
1759,2024-11-19,3042
1759,2025-03-02,3622
1759,2025-04-12,3420
1759,2025-04-20,3968
1760,2023-11-12,3052
1760,2024-09-12,1242
1760,2024-11-22,3087
1761,2023-11-29,1386
1761,2024-01-16,1054
1761,2024-07-13,1999
1761,2025-04-18,1029
1762,2023-09-20,829
1762,2024-01-20,2158
1762,2024-02-16,3601
1762,2024-04-30,3335
1762,2024-06-26,1087
1762,2024-11-16,3969
1762,2024-12-17,1165
1762,2025-01-14,838
1762,2025-03-19,3945
1763,2024-02-11,1232
1763,2024-03-29,1068
1763,2024-09-10,2898
1763,2025-08-24,3363
1764,2023-10-13,496
1765,2023-09-14,2468
1765,2024-06-12,783
1765,2025-01-11,2899
1766,2023-09-04,897
1766,2023-10-15,1782
1766,2023-10-20,1141
1766,2023-11-08,1311
1766,2024-08-11,1605
1766,2024-09-25,3476
1766,2025-01-14,1955
1766,2025-02-24,506
1766,2025-04-03,2795
1767,2024-02-09,2063
1767,2024-03-07,3375
1767,2024-05-05,1923
1767,2024-09-02,3335
1767,2024-10-26,2424
1767,2024-11-20,2891
1767,2024-12-13,2336
1767,2025-01-05,3045
1767,2025-07-04,2802
1768,2023-10-03,3441
1768,2023-10-05,865
1768,2024-05-28,236
1768,2024-07-10,742
1768,2024-07-27,2099
1768,2024-10-19,2282
1768,2025-02-02,1172
1768,2025-02-25,1093
1768,2025-05-28,2340
1769,2024-04-13,3188
1769,2024-10-15,235
1769,2025-03-25,266
1769,2025-06-28,3205
1770,2024-05-15,2108
1770,2024-07-13,1911
1770,2024-11-11,1822
1770,2024-11-22,1666
1770,2025-05-06,1771
1770,2025-08-21,2886
1771,2024-06-22,3581
1771,2024-07-28,3970
1771,2025-02-26,2289
1772,2023-11-03,2489
1772,2023-11-10,2916
1772,2024-12-15,2251
1772,2025-01-12,3967
1772,2025-04-23,839
1773,2024-03-14,1822
1773,2025-01-11,240
1773,2025-03-31,3482
1774,2025-07-10,1486
1775,2023-09-18,1119
1775,2023-09-20,3049
1775,2023-12-14,954
1775,2023-12-20,3969
1775,2025-05-31,3156
1775,2025-08-10,2043
1776,2023-09-19,3026
1776,2023-10-16,3343
1776,2023-11-15,1776
1776,2024-04-12,2682
1776,2024-10-02,3440
1776,2025-03-23,1489
1777,2023-10-22,969
1777,2023-11-15,3170
1777,2023-11-19,627
1777,2024-07-14,549
1777,2025-06-04,1748
1778,2024-04-21,991
1778,2025-03-20,2860
1779,2024-03-21,3872
1779,2025-03-23,1433
1780,2023-12-29,306
1780,2024-04-27,1871
1780,2024-12-04,1572
1780,2025-06-02,2349
1781,2024-01-10,2025
1781,2024-02-22,917
1781,2024-08-20,1378
1781,2024-11-04,3341
1781,2024-11-17,2230
1781,2024-12-11,1985
1781,2025-01-08,3181
1781,2025-02-03,3244
1781,2025-02-13,2548
1782,2023-12-14,3659
1782,2023-12-29,3656
1782,2024-10-13,3105
1782,2024-11-17,2257
1782,2025-08-16,373
1782,2025-08-24,901
1783,2023-09-13,2063
1783,2023-11-28,3769
1783,2023-11-29,3277
1783,2024-03-06,2826
1783,2024-09-04,1467
1784,2023-09-26,3853
1784,2023-10-04,2779
1784,2024-08-26,327
1784,2024-08-30,310
1784,2024-10-20,3666
1784,2025-06-06,2038
1784,2025-06-21,2213
1785,2024-02-12,1041
1785,2024-04-11,859
1785,2024-09-15,3378
1785,2025-02-10,882
1786,2023-10-06,3986
1786,2023-12-09,2984
1786,2024-07-09,938
1786,2024-12-21,445
1786,2025-03-05,621
1786,2025-05-17,1764
1787,2024-04-05,3215
1787,2024-06-18,3138
1787,2024-12-28,761
1787,2025-01-02,1441
1787,2025-07-25,3778
1788,2023-09-24,525
1788,2023-10-01,3547
1788,2024-03-13,3046
1788,2025-01-08,557
1788,2025-02-26,1917
1788,2025-03-09,1882
1788,2025-05-29,1308
1789,2023-10-16,3316
1789,2024-07-30,1982
1789,2024-11-08,1095
1789,2025-04-22,2610
1789,2025-07-31,1608
1790,2023-12-02,526
1790,2024-03-24,1275
1790,2024-06-21,3960
1790,2024-08-19,1461
1790,2024-11-25,1902
1790,2025-01-29,1148
1790,2025-03-04,3646
1790,2025-06-19,3638
1790,2025-08-01,3324
1791,2024-02-14,1557
1791,2025-02-25,3717
1792,2023-10-10,1789
1792,2023-11-12,2102
1792,2023-12-29,2147
1792,2024-03-08,769
1792,2024-10-29,3835
1792,2025-02-08,3231
1792,2025-02-28,2895
1792,2025-03-15,2765
1792,2025-06-16,2907
1792,2025-07-06,2081
1793,2024-04-17,1881
1793,2024-04-23,2140
1793,2024-12-14,3588
1793,2025-02-10,412
1793,2025-03-11,809
1793,2025-03-26,467
1793,2025-06-28,3201
1794,2024-10-29,689
1794,2025-08-24,2588
1795,2023-11-29,3344
1795,2023-12-10,1649
1795,2024-05-05,1851
1795,2025-07-13,212
1795,2025-08-04,3188
1795,2025-08-22,2506
1796,2023-11-02,1657
1796,2023-12-03,2385
1796,2024-04-23,3766
1796,2024-06-13,357
1796,2024-08-26,3127
1796,2024-09-01,2411
1796,2024-09-03,2450
1796,2025-02-01,2806
1796,2025-04-08,2622
1796,2025-06-24,2388
1797,2025-05-07,1467
1798,2024-03-26,1273
1798,2024-04-06,1081
1798,2024-05-25,1628
1798,2024-05-28,2924
1798,2025-03-18,3900
1798,2025-04-30,1783
1798,2025-06-14,2296
1798,2025-07-10,487
1799,2023-09-17,3235
1799,2023-11-30,538
1799,2024-02-17,1557
1799,2024-07-10,632
1799,2024-09-22,3741
1799,2025-04-02,2522
1799,2025-04-14,504
1799,2025-05-29,2156
1799,2025-08-10,1048
1800,2024-01-13,1835
1800,2025-06-05,1446
1801,2023-11-03,1148
1801,2024-07-11,2146
1801,2024-12-02,3563
1801,2024-12-02,839
1801,2025-01-05,1675
1801,2025-01-30,3456
1802,2024-09-11,2076
1802,2024-10-09,2338
1802,2025-06-28,2812
1803,2024-12-08,1847
1803,2025-02-22,3053
1803,2025-07-17,377
1804,2024-02-18,3122
1804,2024-03-10,1019
1804,2024-05-27,3321
1804,2024-10-09,3072
1804,2025-02-28,408
1804,2025-04-27,508
1804,2025-06-28,3989
1805,2023-10-01,872
1805,2024-03-09,490
1805,2024-04-10,2146
1805,2025-02-03,3411
1805,2025-04-10,3488
1805,2025-04-11,3011
1805,2025-04-17,2397
1805,2025-05-28,532
1806,2023-12-10,1729
1806,2024-07-13,996
1806,2024-12-27,1772
1806,2025-03-27,945
1806,2025-05-24,3032
1806,2025-07-02,2116
1807,2023-10-16,1793
1807,2024-07-28,1070
1808,2023-09-27,3178
1808,2023-11-25,547
1808,2024-02-10,2738
1808,2024-02-27,3709
1808,2024-07-10,1983
1808,2024-09-11,2330
1808,2025-04-15,1563
1809,2024-12-27,3976
1809,2025-01-09,3960
1809,2025-06-22,861
1810,2024-05-07,1291
1810,2024-06-15,2533
1810,2024-08-18,1170
1810,2024-10-07,3930
1810,2024-12-20,750
1810,2025-04-01,1699
1810,2025-05-07,2791
1810,2025-06-20,2032
1811,2023-09-01,1486
1811,2023-09-07,381
1811,2023-11-05,645
1811,2023-11-08,3768
1811,2024-05-17,3103
1811,2025-02-14,2180
1811,2025-04-10,2115
1811,2025-04-17,3913
1812,2024-01-02,417
1812,2024-05-10,1460
1812,2024-07-09,1161
1812,2024-11-01,2422
1812,2025-03-14,3954
1812,2025-03-18,1622
1812,2025-08-11,2405
1813,2024-01-29,3823
1813,2024-06-19,2852
1813,2024-11-16,1991
1813,2025-01-28,603
1813,2025-06-26,2987
1813,2025-08-10,890
1814,2023-10-18,3381
1814,2023-12-20,2113
1814,2024-02-24,654
1814,2024-02-24,3758
1814,2024-11-30,632
1814,2025-01-19,2324
1814,2025-03-19,226
1814,2025-07-02,2942
1815,2023-09-16,3390
1815,2023-12-20,1374
1815,2024-01-29,2958
1815,2024-02-29,1334
1815,2024-08-19,1378
1815,2025-01-01,1265
1815,2025-01-22,1805
1815,2025-05-23,728
1815,2025-07-18,2783
1815,2025-08-10,2712
1816,2024-02-03,2614
1816,2024-06-05,241
1816,2024-06-22,3671
1816,2024-11-15,3992
1816,2024-11-18,3868
1816,2025-01-04,2751
1816,2025-03-31,3161
1817,2024-03-15,1328
1817,2024-05-03,2651
1817,2024-05-08,1688
1817,2024-06-12,1133
1818,2023-12-09,3607
1818,2024-01-07,250
1818,2024-01-14,1706
1818,2024-04-08,1382
1818,2024-08-02,654
1818,2024-09-28,3708
1818,2024-10-13,2030
1818,2024-12-28,3186
1818,2025-03-08,1179
1818,2025-04-24,1061
1819,2023-10-04,2220
1819,2023-12-02,3087
1819,2024-02-01,3895
1819,2024-09-21,1559
1819,2025-04-18,584
1819,2025-05-15,2145
1819,2025-06-27,1757
1819,2025-08-12,3921
1820,2023-10-25,1778
1820,2024-08-04,1446
1820,2024-12-11,1036
1820,2025-04-24,1105
1820,2025-06-30,3856
1821,2024-04-12,924
1821,2024-09-24,1928
1822,2025-01-02,2467
1822,2025-07-31,3475
1823,2023-10-29,3181
1823,2024-01-11,3701
1823,2024-04-23,3756
1823,2024-05-19,3825
1823,2024-08-13,1501
1823,2024-09-08,3689
1823,2024-10-01,709
1823,2024-11-12,1727
1823,2024-11-13,2332
1823,2025-06-28,3177
1824,2024-08-03,3868
1824,2024-12-18,2423
1824,2025-05-30,1072
1825,2023-09-11,3594
1825,2024-01-06,749
1825,2024-06-05,2285
1825,2024-07-12,2344
1825,2024-08-26,3068
1825,2024-08-30,1293
1825,2024-12-25,587
1825,2025-07-22,3679
1826,2024-07-31,1960
1826,2024-10-01,3487
1826,2025-03-27,1312
1826,2025-05-17,989
1826,2025-05-18,956
1827,2023-09-02,2351
1827,2024-05-18,569
1827,2024-11-05,3861
1828,2023-09-18,2442
1828,2023-12-21,2426
1828,2024-01-12,1063
1828,2024-01-23,2276
1828,2024-04-02,2568
1828,2024-05-05,1404
1828,2025-02-25,2384
1828,2025-07-03,1387
1829,2023-08-27,383
1829,2023-10-02,2064
1829,2024-05-13,848
1829,2024-06-15,3381
1829,2024-06-23,1437
1829,2024-10-29,2728
1829,2024-12-15,2063
1829,2025-02-03,320
1829,2025-07-28,472
1830,2023-09-11,1151
1830,2023-10-10,2041
1830,2023-11-29,1042
1830,2024-03-29,3724
1830,2024-10-29,994
1830,2025-01-01,3611
1830,2025-03-02,1972
1831,2024-12-15,616
1831,2024-12-17,3623
1832,2025-05-23,1438
1833,2023-09-27,1311
1833,2023-11-24,2588
1833,2024-02-01,1537
1833,2024-03-27,2882
1833,2024-05-28,1446
1833,2024-06-04,3245
1833,2024-09-25,3568
1833,2025-01-30,3384
1833,2025-04-26,2502
1833,2025-05-20,1938
1834,2023-12-08,1897
1834,2024-04-12,2567
1834,2024-04-16,1996
1834,2024-04-29,2878
1834,2024-12-04,1369
1835,2024-10-15,629
1836,2025-03-15,3902
1837,2023-09-10,1401
1837,2024-03-17,2194
1838,2023-09-25,587
1838,2023-11-25,3680
1838,2023-12-06,1132
1838,2024-04-12,825
1838,2024-07-06,1260
1838,2024-07-31,3179
1838,2025-01-21,2115
1838,2025-02-04,1309
1838,2025-03-17,1273
1838,2025-04-05,1726
1839,2024-06-04,1097
1840,2023-11-07,2203
1841,2023-09-28,3108
1841,2024-01-23,1209
1841,2024-07-30,821
1841,2024-08-18,3441
1841,2024-08-19,2337
1841,2024-09-28,563
1841,2025-03-16,2234
1842,2024-02-05,1712
1842,2024-08-02,1143
1842,2024-10-26,2255
1842,2025-02-19,1599
1842,2025-03-10,914
1842,2025-04-20,2143
1842,2025-05-08,3553
1843,2023-08-26,3261
1843,2024-09-22,1823
1843,2024-11-30,1995
1843,2025-01-23,2438
1843,2025-07-09,2577
1844,2023-09-22,1044
1844,2024-07-16,2698
1844,2024-07-16,2705
1844,2024-07-28,369
1844,2024-08-29,1458
1844,2024-09-06,2197
1844,2024-10-10,3484
1844,2024-10-29,2066
1844,2024-11-21,3668
1844,2025-04-18,1283
1845,2024-01-14,997
1845,2024-05-06,1108
1845,2024-05-20,3785
1845,2024-12-04,945
1845,2025-02-11,1061
1845,2025-02-24,1365
1846,2023-09-24,932
1846,2024-03-13,1663
1846,2024-06-25,2932
1846,2024-08-15,1400
1846,2024-10-25,3043
1846,2024-12-17,423
1846,2025-05-10,3335
1847,2023-09-11,219
1847,2025-03-27,1463
1848,2023-10-16,3973
1848,2023-11-19,1713
1848,2024-02-29,1100
1848,2024-05-17,785
1848,2024-07-06,2138
1848,2024-07-08,1504
1848,2024-09-27,2669
1848,2025-04-09,1350
1848,2025-07-03,1813
1849,2024-01-16,1496
1849,2024-01-30,2799
1849,2025-07-10,2559
1850,2024-05-16,1110
1850,2024-05-30,3361
1850,2024-06-05,2802
1850,2024-12-26,651
1850,2025-02-22,682
1850,2025-05-17,2245
1850,2025-05-25,1086
1850,2025-08-22,271
1851,2024-12-06,2267
1851,2025-05-05,2827
1852,2023-09-25,3243
1852,2023-12-21,1132
1852,2024-01-23,3856
1852,2024-04-07,635
1852,2024-07-19,1644
1852,2024-08-13,2738
1852,2025-05-27,2613
1853,2023-10-25,2239
1853,2024-02-12,3621
1853,2024-04-20,303
1853,2024-07-02,968
1853,2024-12-09,2723
1853,2024-12-31,2699
1853,2025-04-20,304
1853,2025-06-03,1424
1854,2024-04-04,317
1854,2024-08-21,3754
1854,2025-05-13,3343
1854,2025-08-01,1866
1855,2024-06-28,1299
1855,2024-11-07,3607
1855,2025-03-29,1526
1856,2024-09-05,2110
1857,2023-09-14,1270
1857,2023-11-27,3306
1857,2024-05-28,2389
1857,2024-09-21,1353
1857,2024-10-22,854
1857,2025-03-03,790
1857,2025-03-24,1346
1857,2025-07-15,2797
1858,2024-03-31,3028
1859,2023-12-16,3491
1859,2024-11-14,3793
1859,2025-02-27,1043
1859,2025-05-06,3015
1859,2025-07-11,981
1860,2025-05-20,3855
1861,2024-06-23,597
1861,2025-03-11,3927
1862,2024-11-13,2191
1863,2024-03-29,2994
1863,2024-04-07,2496
1863,2024-04-09,405
1863,2025-01-28,3253
1863,2025-04-23,1173
1863,2025-07-04,3967
1863,2025-08-02,2975
1864,2023-10-22,2504
1864,2025-01-26,2004
1864,2025-04-15,3950
1865,2024-10-13,3698
1866,2024-07-03,2138
1866,2024-08-22,1209
1866,2024-08-31,3820
1866,2024-10-03,2675
1866,2024-11-21,1738
1866,2025-01-03,2873
1866,2025-08-19,3178
1867,2023-09-02,391
1867,2024-01-30,1132
1867,2024-04-04,2808
1867,2024-08-04,3088
1867,2024-10-26,1048
1867,2024-12-28,3434
1867,2025-02-23,1571
1867,2025-03-23,800
1867,2025-05-25,2964
1867,2025-07-28,1447
1868,2025-05-20,3260
1868,2025-06-19,3632
1869,2023-08-31,1458
1869,2024-04-26,308
1869,2024-08-03,2927
1869,2024-12-23,3444
1869,2025-04-22,3303
1869,2025-06-17,2783
1870,2024-03-07,3849
1870,2024-06-11,1757
1870,2025-06-11,3089
1870,2025-08-20,636
1871,2024-06-01,3288
1871,2024-08-13,2998
1871,2025-05-31,1554
1871,2025-07-26,2931
1872,2023-11-24,1994
1872,2023-12-01,1840
1872,2023-12-24,932
1872,2024-12-24,1498
1872,2025-02-12,1600
1872,2025-05-31,322
1873,2023-09-04,2299
1873,2023-11-21,350
1873,2023-12-21,1003
1873,2023-12-21,1163
1873,2024-10-14,3300
1873,2025-03-30,2201
1873,2025-04-06,2193
1873,2025-05-25,374
1873,2025-08-22,2835
1874,2024-03-16,2886
1874,2024-07-17,1747
1874,2024-10-26,1344
1874,2024-12-09,2823
1874,2025-01-03,3264
1875,2023-08-29,2373
1875,2024-03-20,2520
1875,2024-06-29,3895
1875,2025-01-22,1280
1875,2025-01-28,2567
1875,2025-02-26,3220
1875,2025-03-07,1206
1875,2025-04-22,444
1875,2025-06-10,2261
1875,2025-06-16,3841
1876,2024-08-25,1993
1876,2025-07-05,3287
1877,2024-03-20,572
1877,2024-03-21,2794
1877,2024-03-24,1610
1877,2024-09-16,2106
1877,2024-09-23,1695
1877,2024-10-27,3636
1877,2024-11-05,3677
1877,2025-03-09,3933
1877,2025-07-20,481
1878,2023-10-12,3226
1878,2024-08-13,635
1878,2024-10-17,3036
1878,2024-12-05,317
1878,2025-07-10,575
1879,2025-03-24,3176
1880,2025-06-09,2215
1881,2023-09-19,720
1881,2024-07-11,2545
1881,2024-09-03,1168
1881,2024-12-24,250
1881,2025-03-14,415
1881,2025-07-03,3085
1882,2024-06-13,1668
1882,2025-03-05,2203
1882,2025-05-03,2188
1883,2023-09-17,3011
1883,2024-01-17,924
1883,2024-04-17,2698
1883,2024-10-08,938
1883,2024-10-15,3796
1883,2025-01-07,2778
1884,2024-05-05,2320
1884,2024-05-18,666
1884,2024-06-18,2145
1884,2024-08-30,578
1884,2024-09-11,3230
1884,2024-09-13,1723
1884,2024-12-02,668
1884,2025-08-13,2986
1884,2025-08-15,996
1884,2025-08-15,1242
1885,2024-01-08,2980
1886,2023-08-29,637
1886,2024-01-10,1767
1886,2024-02-09,1607
1886,2024-02-09,489
1886,2024-11-26,3758
1886,2024-11-26,1821
1886,2024-12-16,1058
1886,2025-05-16,2891
1887,2024-01-21,1581
1887,2024-06-16,2812
1887,2024-07-03,1507
1887,2024-08-18,1066
1887,2024-08-27,719
1887,2024-09-24,972
1887,2025-01-27,2815
1887,2025-02-07,2557
1888,2023-11-06,1761
1888,2023-11-19,1510
1888,2024-02-24,2366
1888,2024-04-28,3926
1888,2024-09-02,3283
1888,2024-12-06,913
1888,2024-12-11,2776
1888,2025-03-02,298
1888,2025-03-06,3047
1888,2025-04-01,2075
1889,2023-09-08,2945
1889,2023-09-26,3291
1889,2023-09-29,2996
1889,2023-12-13,925
1889,2024-08-02,1115
1889,2024-10-19,3671
1889,2024-11-28,750
1889,2025-03-31,3282
1889,2025-04-16,1026
1890,2023-11-09,1832
1890,2024-02-25,1185
1890,2025-01-26,2661
1891,2023-10-25,2603
1891,2023-12-13,327
1891,2024-01-24,3912
1891,2024-12-20,3477
1891,2025-03-13,3385
1891,2025-03-18,1269
1891,2025-04-25,3001
1891,2025-06-21,1313
1892,2024-09-05,2132
1892,2024-12-23,995
1893,2024-03-19,644
1893,2025-01-25,2469
1894,2025-08-23,580
1895,2023-09-23,3480
1895,2023-10-22,961
1895,2024-03-15,3767
1895,2024-06-29,1613
1895,2025-02-26,1964
1895,2025-04-22,1558
1895,2025-08-06,2130
1896,2024-04-07,607
1896,2024-04-19,3223
1896,2024-06-08,3307
1896,2024-08-27,260
1896,2025-01-27,3548
1897,2024-07-21,3776
1897,2024-10-08,260
1897,2024-10-27,1056
1898,2024-01-27,2391
1898,2024-03-15,2279
1899,2023-09-17,3093
1899,2023-10-21,2631
1899,2023-11-02,3643
1899,2024-11-30,2954
1899,2025-03-04,1977
1899,2025-04-24,3984
1899,2025-04-29,1384
1899,2025-06-01,1717
1900,2023-12-11,1947
1900,2024-07-03,1507
1900,2024-10-22,1464
1900,2025-06-23,882
1900,2025-07-08,2866
1900,2025-07-12,2789
1900,2025-07-12,2705
1901,2024-06-26,1905
1901,2024-11-07,452
1901,2024-11-25,2352
1901,2025-01-29,3919
1902,2024-01-12,2430
1902,2024-03-04,2563
1902,2024-09-08,275
1902,2025-03-14,1577
1902,2025-04-19,2760
1902,2025-07-05,2442
1903,2023-12-21,2080
1903,2024-05-14,1194
1903,2024-06-07,634
1903,2024-06-20,3445
1903,2025-01-05,1505
1903,2025-04-24,2302
1904,2025-08-02,2500
1905,2024-06-10,2222
1905,2025-01-15,1701
1905,2025-07-29,1298
1906,2023-09-25,3539
1906,2023-11-22,2815
1906,2024-01-24,1128
1906,2024-11-29,2855
1906,2025-04-04,3197
1907,2024-02-14,1349
1907,2024-05-16,3262
1907,2024-07-31,1538
1907,2024-12-08,359
1908,2023-12-16,2175
1908,2023-12-22,3091
1908,2024-04-09,3843
1908,2024-07-09,2989
1908,2024-08-25,3500
1908,2025-01-10,3690
1908,2025-01-30,2485
1908,2025-06-12,1439
1908,2025-06-21,461
1908,2025-07-03,2262
1909,2023-12-30,2133
1909,2024-02-19,3046
1909,2024-07-01,1994
1909,2025-03-05,1278
1909,2025-04-16,867
1909,2025-07-19,3099
1909,2025-08-03,3699
1910,2024-10-23,545
1911,2023-10-01,234
1912,2023-10-01,435
1912,2023-11-03,1085
1912,2024-01-02,1728
1912,2024-01-21,344
1912,2024-02-28,1615
1912,2024-05-01,3646
1912,2024-12-23,2872
1912,2025-01-03,832
1912,2025-02-13,3982
1912,2025-04-23,380
1913,2023-12-27,3650
1913,2023-12-30,2910
1913,2024-01-28,1578
1913,2024-03-14,1624
1913,2024-07-04,3506
1913,2024-07-28,3639
1913,2024-11-14,914
1913,2024-12-06,1324
1913,2024-12-22,2710
1914,2024-03-31,2241
1914,2025-05-23,913
1915,2023-10-29,1422
1915,2024-03-10,1158
1915,2024-12-07,2676
1915,2024-12-28,2886
1915,2025-01-30,765
1915,2025-02-16,3617
1915,2025-04-13,3230
1915,2025-07-11,3095
1915,2025-07-20,3979
1916,2024-01-01,243
1916,2024-01-08,1867
1916,2024-04-01,2760
1916,2024-05-04,2126
1916,2024-05-18,1940
1916,2024-06-04,752
1916,2024-08-19,2807
1916,2025-01-31,1779
1916,2025-05-21,1897
1916,2025-08-03,1442
1917,2023-10-31,2214
1917,2024-01-03,2901
1917,2024-06-24,396
1917,2024-10-26,3899
1917,2024-12-28,2903
1917,2025-05-14,3661
1918,2023-09-05,1114
1918,2024-01-11,352
1918,2024-04-14,1912
1918,2024-06-08,2549
1918,2024-06-26,747
1918,2024-08-21,2261
1918,2024-11-08,1785
1918,2025-02-28,202
1918,2025-03-29,1239
1918,2025-08-01,1089
1919,2024-03-01,2532
1919,2024-04-14,359
1919,2024-05-01,1607
1919,2024-05-24,2089
1919,2024-09-03,3828
1919,2024-09-24,3382
1919,2025-01-23,2442
1919,2025-05-07,989
1919,2025-05-14,3098
1919,2025-05-25,1660
1920,2024-02-04,3124
1921,2024-12-01,1549
1922,2024-02-03,2633
1922,2024-03-10,3128
1922,2025-02-27,1806
1923,2023-12-07,1321
1923,2023-12-26,2721
1923,2024-03-31,2149
1923,2025-04-07,2624
1923,2025-04-23,790
1923,2025-05-14,1098
1924,2024-03-21,3314
1924,2024-05-02,1594
1924,2025-04-08,2891
1924,2025-07-18,1985
1924,2025-08-13,2878
1925,2023-09-25,3645
1925,2024-01-17,863
1925,2024-02-10,3933
1925,2024-08-17,1737
1925,2025-05-25,857
1926,2024-05-13,1729
1926,2024-06-08,465
1926,2024-08-25,2554
1927,2023-12-06,2441
1927,2024-01-14,633
1927,2024-08-06,2858
1927,2024-12-05,216
1927,2025-03-14,2549
1927,2025-03-31,846
1928,2024-06-01,619
1928,2024-10-18,1850
1929,2024-06-30,2077
1929,2024-07-22,1945
1930,2024-07-13,322
1930,2024-12-05,1473
1930,2025-04-09,1410
1931,2023-09-30,1375
1931,2023-11-08,2098
1931,2024-03-12,2655
1931,2024-04-27,940
1931,2024-11-18,1287
1931,2025-03-12,2455
1931,2025-04-21,3407
1932,2024-06-22,2091
1932,2024-07-30,3155
1932,2025-01-14,2544
1932,2025-03-24,1559
1932,2025-04-30,2312
1933,2024-03-13,1707
1933,2024-03-13,3017
1933,2025-02-09,1148
1933,2025-05-28,3957
1934,2023-09-17,1961
1934,2023-10-17,964
1934,2023-11-03,2699
1934,2023-12-11,1199
1934,2024-01-05,1966
1934,2024-02-01,3892
1934,2024-03-11,915
1934,2024-08-19,2816
1934,2024-10-06,1365
1935,2023-11-29,3672
1935,2024-03-05,267
1935,2024-10-24,276
1935,2025-07-17,3332
1936,2023-09-30,3238
1936,2024-07-30,2093
1936,2024-11-02,3660
1936,2024-11-22,3243
1936,2025-07-29,1377
1937,2023-09-13,1982
1937,2023-10-02,1979
1937,2023-10-17,1990
1937,2024-01-01,2303
1937,2024-04-07,1181
1937,2024-06-15,2495
1937,2024-07-22,610
1937,2025-03-27,1121
1938,2023-12-05,894
1938,2024-03-28,692
1938,2024-04-07,400
1938,2024-04-08,980
1938,2024-06-12,2225
1938,2024-07-11,1249
1938,2024-11-27,2705
1938,2025-01-23,2901
1938,2025-06-24,3342
1939,2023-10-13,1344
1940,2024-01-20,1385
1940,2024-03-18,2437
1940,2024-04-11,2145
1941,2023-12-11,2702
1941,2023-12-12,2646
1941,2024-11-16,698
1941,2025-04-12,926
1941,2025-05-11,730
1941,2025-05-31,862
1941,2025-06-16,436
1941,2025-08-04,2624
1941,2025-08-21,1888
1942,2024-10-15,3642
1942,2025-04-02,1868
1942,2025-06-26,2612
1943,2023-09-17,3969
1943,2023-09-22,2916
1943,2023-12-17,1561
1943,2024-08-14,1455
1943,2024-10-19,2719
1943,2025-04-03,3140
1943,2025-05-10,902
1944,2023-11-28,1476
1944,2024-03-21,525
1944,2024-04-07,938
1944,2024-04-18,1333
1944,2025-03-02,402
1945,2023-09-28,1675
1945,2024-06-16,209
1945,2024-09-19,506
1945,2024-10-31,2860
1945,2025-01-02,3947
1945,2025-06-17,2981
1946,2025-01-20,3030
1947,2023-11-11,2191
1947,2024-07-16,2401
1947,2024-08-02,3874
1947,2024-08-17,2406
1947,2025-06-12,2712
1947,2025-07-13,2101
1947,2025-08-25,2254
1948,2023-11-29,290
1948,2024-04-17,1895
1948,2024-05-20,2394
1948,2024-07-08,2493
1948,2024-10-15,3647
1948,2024-10-31,2671
1948,2024-11-29,1336
1948,2025-04-01,236
1948,2025-06-26,924
1949,2023-11-21,2188
1949,2023-12-15,1867
1949,2025-07-14,477
1950,2023-09-02,3953
1950,2023-09-14,2501
1950,2023-11-03,2675
1950,2023-12-25,3650
1950,2024-02-01,3730
1950,2024-03-10,318
1950,2024-03-25,1994
1950,2024-07-10,2580
1950,2025-06-07,1101
1951,2023-11-26,781
1951,2024-03-01,322
1951,2024-03-17,537
1951,2024-10-19,3083
1951,2024-11-30,477
1951,2025-04-02,1802
1951,2025-04-29,3276
1952,2023-09-16,2908
1952,2024-04-24,1892
1952,2024-05-05,2113
1952,2024-10-31,3066
1952,2025-03-30,1681
1952,2025-04-01,3479
1952,2025-04-05,773
1953,2023-10-03,3154
1953,2023-10-22,1879
1953,2023-12-08,2599
1953,2024-04-22,1690
1953,2024-10-08,3696
1953,2025-01-25,3216
1953,2025-05-17,293
1954,2024-07-11,3486
1954,2024-09-11,987
1954,2024-11-23,985
1954,2024-12-22,298
1955,2023-12-05,3295
1955,2023-12-21,3077
1956,2023-10-13,1430
1956,2024-05-30,1983
1956,2025-07-01,403
1957,2024-07-03,2209
1957,2024-09-21,2669
1957,2025-01-11,3933
1957,2025-05-27,3976
1957,2025-06-03,2210
1958,2024-01-02,646
1958,2024-01-15,2874
1958,2024-05-20,3297
1958,2024-10-12,3024
1958,2024-10-18,2618
1958,2025-04-08,486
1958,2025-07-05,2198
1959,2023-09-26,2794
1959,2023-10-01,539
1959,2023-10-11,3497
1959,2023-11-03,2498
1959,2023-12-04,2053
1959,2024-02-25,2016
1959,2024-05-03,1450
1959,2024-07-11,3863
1959,2025-02-01,1897
1960,2023-10-24,2056
1960,2024-02-10,3814
1960,2024-03-16,2804
1960,2024-08-20,511
1960,2024-10-18,3241
1960,2024-10-18,286
1960,2025-03-18,1388
1961,2023-09-13,2372
1961,2024-05-29,3491
1961,2024-05-31,3063
1961,2024-07-04,1975
1961,2024-07-30,416
1961,2024-09-04,2678
1961,2025-02-17,1273
1961,2025-04-30,2357
1961,2025-06-14,3293
1962,2023-09-11,3928
1962,2024-02-11,347
1962,2024-04-06,833
1962,2024-06-12,1625
1962,2024-06-12,2982
1962,2024-06-29,2473
1962,2024-08-24,3573
1962,2025-02-10,3396
1962,2025-03-15,3593
1962,2025-05-23,3820
1963,2024-03-04,2421
1963,2025-08-25,3271
1964,2024-01-10,1443
1964,2024-01-15,630
1964,2024-11-29,2304
1964,2025-05-23,270
1965,2024-04-21,2324
1965,2024-06-14,350
1965,2024-06-25,3430
1965,2024-10-06,712
1965,2025-02-14,2323
1965,2025-08-16,3559
1966,2023-12-02,2594
1966,2024-04-28,1549
1966,2024-06-08,2521
1966,2024-08-08,763
1966,2024-10-28,3938
1966,2025-02-02,1216
1966,2025-07-28,2184
1967,2024-12-03,1039
1968,2024-10-28,228
1968,2024-10-31,1851
1969,2024-03-10,2483
1969,2024-03-27,2559
1969,2024-07-01,1200
1969,2025-01-10,2299
1969,2025-08-24,1864
1970,2024-06-01,3644
1970,2024-10-15,3993
1970,2024-10-30,1504
1970,2024-10-31,2588
1971,2023-09-23,3523
1971,2023-12-10,3758
1971,2024-03-15,614
1971,2025-03-17,2626
1972,2023-10-12,1084
1972,2023-11-02,403
1972,2024-01-22,3486
1972,2024-02-12,355
1972,2024-04-04,819
1972,2024-07-15,3195
1972,2024-07-24,752
1972,2024-08-06,2952
1972,2024-09-15,2127
1972,2025-05-10,1284
1973,2023-10-15,3663
1973,2025-01-06,3716
1973,2025-01-30,1361
1973,2025-04-13,3757
1973,2025-05-18,2323
1973,2025-07-03,2901
1973,2025-08-11,315
1974,2023-08-31,480
1974,2023-09-05,1040
1974,2023-09-24,2960
1974,2024-02-28,3303
1974,2024-07-19,417
1974,2024-08-09,3074
1974,2024-10-23,3813
1974,2025-04-12,2101
1974,2025-07-21,3160
1974,2025-08-07,858
1975,2023-11-11,1113
1975,2024-02-20,1208
1975,2024-04-13,317
1975,2024-05-25,2215
1975,2024-08-26,2784
1975,2024-11-15,1649
1975,2025-01-24,1786
1975,2025-02-18,222
1975,2025-03-16,2245
1975,2025-05-11,3465
1976,2023-11-03,298
1976,2024-05-25,3574
1976,2024-06-21,1887
1976,2025-04-14,2312
1976,2025-04-22,3433
1976,2025-05-16,3694
1976,2025-05-19,1122
1976,2025-08-21,1524
1977,2023-09-15,2395
1977,2023-10-12,3597
1977,2024-01-12,1659
1977,2024-02-29,3987
1977,2024-03-09,1552
1977,2024-06-30,3915
1977,2024-08-17,911
1977,2025-01-24,2408
1977,2025-04-28,3773
1978,2023-11-17,3079
1978,2023-11-26,1223
1978,2023-12-09,781
1978,2024-01-04,3827
1978,2024-07-12,575
1978,2024-07-28,3164
1978,2025-05-13,384
1979,2025-01-23,1656
1980,2024-01-20,2122
1980,2024-01-25,1597
1980,2024-02-09,3394
1980,2024-03-12,1009
1980,2024-03-19,2992
1980,2024-08-01,397
1980,2024-10-04,2815
1980,2025-02-23,3630
1980,2025-04-26,1224
1981,2023-10-20,2983
1981,2024-01-25,3836
1981,2024-03-02,1242
1981,2024-04-01,2910
1981,2024-06-26,1191
1981,2024-08-26,2739
1981,2025-05-25,2562
1981,2025-06-20,897
1981,2025-08-23,1372
1982,2024-03-09,1011
1982,2024-09-11,2303
1982,2024-10-13,1730
1982,2024-12-27,994
1982,2025-04-16,208
1983,2023-09-14,555
1983,2024-01-10,1768
1983,2025-01-30,785
1983,2025-05-12,3602
1984,2024-01-10,3965
1985,2024-02-05,2313
1985,2024-07-23,438
1986,2023-10-12,367
1986,2023-11-05,2675
1986,2024-07-02,1727
1987,2024-12-07,3951
1988,2024-04-25,829
1988,2024-06-26,3979
1988,2024-07-13,371
1988,2025-01-05,497
1988,2025-01-19,1557
1988,2025-05-24,3187
1988,2025-05-30,1214
1988,2025-06-02,3023
1988,2025-07-16,858
1989,2024-01-12,578
1989,2024-07-10,2668
1989,2024-08-11,1978
1989,2024-10-05,335
1989,2024-10-25,3987
1989,2025-01-15,287
1990,2023-10-09,1981
1991,2024-03-14,685
1991,2024-08-27,1194
1991,2025-03-30,2936
1991,2025-06-04,2329
1991,2025-06-15,3186
1991,2025-06-29,3525
1992,2024-08-10,1546
1992,2024-11-16,3214
1992,2025-02-16,3043
1992,2025-02-28,564
1993,2023-12-30,2878
1993,2024-02-10,342
1993,2024-05-16,3519
1993,2025-01-05,1129
1993,2025-05-17,2550
1994,2024-04-15,2370
1994,2024-04-27,2011
1994,2024-04-28,3338
1994,2024-12-16,2041
1994,2025-01-01,3472
1994,2025-01-16,3817
1994,2025-07-12,3254
1995,2023-11-28,493
1995,2024-09-10,3200
1995,2025-01-11,1739
1995,2025-01-15,3969
1996,2023-11-23,673
1996,2024-05-18,2913
1996,2024-09-28,791
1996,2025-01-01,3066
1996,2025-05-30,2639
1996,2025-07-03,1172
1996,2025-07-25,1098
1996,2025-07-31,3739
1997,2023-12-05,3614
1997,2024-07-04,1693
1997,2025-01-09,2280
1997,2025-06-05,1255
1998,2025-03-22,3080
1999,2024-02-16,732
1999,2024-06-01,1424
1999,2024-11-01,1472
2000,2023-09-24,3547
2000,2023-11-03,268
2000,2024-02-28,1509
2000,2024-04-20,2079
2000,2024-09-17,2837
2000,2024-12-18,2762
2000,2025-04-11,1849
2001,2023-11-05,1455
2001,2025-02-03,3674
2002,2024-03-27,3277
2002,2024-10-09,3619
2002,2024-12-20,1936
2002,2025-03-31,3201
2003,2023-10-11,3121
2003,2023-11-02,2871
2003,2023-12-31,416
2003,2024-04-03,2910
2003,2024-11-09,3327
2003,2024-12-03,3818
2003,2025-05-19,2325
2003,2025-06-10,3404
2004,2023-10-24,3872
2004,2023-11-19,1804
2004,2024-08-22,2901
2004,2024-11-24,1255
2004,2025-02-19,1242
2004,2025-03-23,1263
2005,2023-09-17,1031
2005,2024-01-05,3993
2005,2024-04-10,1474
2005,2025-01-31,1123
2006,2023-10-15,911
2006,2023-11-29,3352
2006,2023-12-01,3809
2006,2024-01-13,2988
2006,2024-07-26,2614
2006,2025-04-17,3967
2006,2025-07-04,3099
2007,2023-09-29,2089
2007,2024-08-14,778
2007,2024-10-03,3170
2007,2025-01-31,1967
2007,2025-03-31,3191
2007,2025-08-10,780
2008,2023-09-16,1731
2008,2023-09-30,1347
2008,2023-10-14,3382
2008,2023-12-31,3433
2008,2024-09-16,3864
2008,2024-09-20,455
2008,2024-11-04,1196
2008,2025-01-14,1855
2008,2025-08-16,1174
2009,2024-02-25,3577
2009,2024-05-11,3317
2009,2024-08-22,749
2009,2025-01-21,2229
2009,2025-01-30,3291
2009,2025-05-12,3992
2009,2025-05-29,626
2010,2024-04-26,373
2010,2024-05-19,1789
2010,2024-05-21,703
2010,2025-08-08,318
2011,2023-12-21,1884
2011,2024-04-06,3101
2011,2024-05-19,990
2012,2023-11-16,1498
2012,2024-06-27,586
2012,2025-05-12,3929
2013,2024-03-31,1695
2014,2023-10-20,3238
2014,2024-03-12,2102
2014,2024-06-11,3644
2014,2025-01-05,3760
2014,2025-04-06,2712
2015,2024-03-18,1127
2015,2024-05-12,3552
2015,2024-07-05,3274
2015,2024-07-31,1376
2015,2024-09-29,2950
2015,2024-10-22,2007
2015,2024-12-03,445
2015,2025-07-21,456
2016,2023-12-12,3933
2016,2024-03-13,3297
2016,2024-09-23,363
2016,2025-01-19,3810
2016,2025-06-27,226
2017,2024-08-04,945
2017,2024-10-10,2636
2018,2023-10-20,1788
2018,2024-02-18,2551
2018,2024-04-06,2905
2018,2024-06-03,726
2018,2024-10-16,342
2018,2024-12-27,1612
2018,2025-05-04,374
2018,2025-06-20,760
2018,2025-06-22,1529
2018,2025-07-07,2353
2019,2023-11-07,2259
2019,2024-05-30,1074
2019,2025-07-16,3296
2019,2025-08-03,1907
2020,2023-12-29,1415
2020,2024-01-15,1646
2020,2024-11-02,2213
2020,2024-11-04,2047
2020,2025-04-02,1210
2021,2024-11-05,798
2022,2023-09-24,771
2022,2023-11-04,991
2022,2023-12-21,2402
2022,2024-01-14,3037
2022,2024-07-02,1280
2022,2024-11-02,572
2022,2025-03-21,3190
2022,2025-07-11,816
2022,2025-08-05,3679
2023,2023-09-26,2038
2023,2024-10-31,1754
2023,2025-01-18,2974
2023,2025-06-21,1429
2024,2023-12-23,2233
2024,2024-03-30,3820
2024,2024-05-20,1616
2024,2024-08-12,2405
2024,2024-11-02,641
2024,2025-01-11,1022
2024,2025-03-07,987
2025,2024-01-29,302
2025,2025-02-19,1573
2025,2025-05-01,3697
2025,2025-06-25,3531
2026,2023-10-02,2262
2026,2025-05-22,1293
2027,2023-11-12,2347
2027,2023-12-24,603
2027,2023-12-27,3310
2027,2024-04-09,2198
2027,2024-06-01,3262
2027,2024-06-03,1923
2027,2025-02-08,1496
2027,2025-05-04,2040
2028,2023-10-31,2837
2028,2023-11-04,709
2028,2023-11-17,3383
2028,2025-02-14,1965
2029,2023-09-20,2992
2029,2024-03-10,1228
2029,2024-03-17,502
2029,2024-06-09,3123
2029,2024-08-24,1463
2029,2024-11-02,1886
2029,2025-01-29,1064
2029,2025-03-21,553
2029,2025-07-16,2389
2030,2023-08-26,2715
2030,2023-10-29,3949
2030,2024-02-19,2120
2030,2024-12-09,1494
2030,2024-12-25,1369
2030,2024-12-25,1880
2030,2025-02-12,410
2030,2025-02-16,3580
2031,2023-10-23,1561
2031,2023-11-08,1710
2031,2025-06-03,1737
2032,2025-01-30,2786
2032,2025-05-20,1028
2033,2024-03-15,1734
2033,2024-04-17,2153
2033,2024-05-05,2663
2033,2024-10-08,669
2034,2023-12-11,2558
2034,2024-02-08,688
2034,2024-07-25,486
2034,2024-12-21,1770
2034,2025-02-26,791
2034,2025-03-06,790
2034,2025-03-18,3827
2034,2025-05-07,2625
2034,2025-05-19,2918
2035,2023-09-01,2303
2035,2023-12-21,1029
2035,2024-01-17,1422
2035,2024-04-24,2340
2035,2024-05-29,1263
2035,2024-08-26,1532
2035,2025-01-12,2735
2035,2025-08-06,1917
2036,2024-04-13,3073
2036,2024-05-02,1581
2037,2023-12-11,339
2037,2023-12-13,3275
2037,2024-01-30,3214
2037,2024-03-31,2029
2037,2024-05-01,3717
2037,2024-12-27,1029
2037,2025-04-04,2038
2038,2024-03-02,2503
2038,2024-07-06,3724
2038,2025-04-16,989
2038,2025-05-13,3022
2039,2023-11-07,2735
2039,2024-01-18,3606
2039,2024-04-05,1067
2039,2024-08-17,1227
2039,2024-10-02,2892
2039,2025-01-09,2239
2039,2025-02-17,207
2039,2025-02-18,3666
2039,2025-05-14,2711
2039,2025-08-10,574
2040,2023-11-24,336
2040,2024-02-25,1499
2040,2024-05-22,573
2040,2025-01-10,2467
2040,2025-06-26,1840
2040,2025-08-06,3885
2041,2023-11-25,3319
2041,2023-12-05,1323
2041,2024-03-12,1463
2041,2024-04-30,3394
2041,2024-12-04,3059
2041,2025-06-01,1268
2042,2023-11-26,561
2042,2023-12-18,1088
2042,2024-01-23,1723
2042,2024-02-27,3726
2042,2024-03-28,1291
2042,2024-10-10,1397
2042,2024-11-19,3632
2042,2025-06-12,2719
2043,2024-06-08,3083
2043,2024-10-26,3999
2044,2024-09-06,955
2044,2025-02-05,981
2045,2024-09-15,1225
2045,2024-12-23,323
2045,2025-08-18,1387
2046,2023-11-09,3410
2046,2024-07-25,1279
2046,2024-09-10,3608
2046,2024-12-29,974
2046,2025-04-19,3763
2046,2025-05-28,2174
2047,2023-10-04,3003
2047,2024-04-12,2067
2047,2024-07-24,2230
2047,2024-12-04,3682
2047,2025-01-25,2877
2047,2025-02-11,2791
2048,2024-01-05,3215
2049,2023-09-30,2015
2049,2024-07-20,2432
2049,2024-07-25,1561
2049,2024-08-31,3455
2049,2024-10-02,778
2049,2024-10-13,2123
2049,2025-03-27,3463
2049,2025-05-16,3070
2050,2023-09-05,2286
2050,2023-10-25,3927
2050,2023-12-23,3850
2050,2024-03-29,690
2050,2024-06-28,1847
2050,2025-01-05,3703
2050,2025-02-20,2522
2050,2025-05-26,2934
2051,2024-02-18,452
2051,2024-04-27,3874
2051,2024-05-16,1620
2051,2024-10-30,3445
2051,2025-01-09,3708
2051,2025-04-08,2082
2052,2023-08-26,672
2052,2023-11-04,542
2052,2025-07-09,1016
2052,2025-08-19,2675
2053,2023-11-15,302
2053,2023-12-23,664
2053,2024-02-11,1335
2053,2024-08-20,1897
2053,2024-10-24,357
2053,2025-02-20,1152
2053,2025-08-06,408
2054,2024-06-07,2997
2054,2024-10-17,3412
2054,2025-04-25,3352
2054,2025-05-02,2936
2055,2024-03-31,3216
2055,2024-04-09,325
2055,2024-05-21,3793
2055,2024-08-04,1805
2055,2024-08-06,3162
2055,2024-08-18,2078
2055,2024-08-22,2596
2055,2024-11-15,3589
2056,2023-09-05,2726
2056,2023-12-17,3015
2056,2024-02-14,2022
2056,2024-02-25,3114
2056,2024-10-20,2057
2056,2025-07-10,2085
2056,2025-08-22,2816
2057,2023-09-08,2862
2057,2023-11-29,3129
2057,2024-04-14,1086
2057,2024-05-05,3192
2057,2024-07-17,2021
2057,2024-10-26,201
2057,2025-07-09,201
2058,2024-06-27,648
2058,2024-08-12,761
2059,2023-10-07,1300
2059,2023-12-30,1395
2059,2024-03-18,1608
2059,2024-05-21,2619
2059,2024-07-07,1841
2060,2023-09-02,3951
2060,2024-01-16,2287
2060,2024-08-26,781
2060,2024-09-21,1459
2060,2024-09-25,3093
2060,2025-01-06,2708
2060,2025-03-11,3599
2060,2025-08-06,1947
2060,2025-08-18,1434
2061,2024-08-16,236
2061,2025-08-21,2411
2062,2024-09-11,1523
2062,2024-12-05,3785
2062,2025-01-21,1669
2063,2023-09-30,3487
2063,2023-12-06,1172
2064,2024-10-18,2090
2064,2025-04-24,1535
2065,2024-02-07,361
2065,2024-03-20,3676
2065,2024-04-18,1451
2065,2024-05-30,568
2065,2024-08-09,3954
2065,2024-08-22,1670
2065,2024-12-17,2926
2065,2025-01-13,2867
2065,2025-04-24,1812
2065,2025-05-04,3128
2066,2024-05-03,3555
2066,2024-05-18,3343
2066,2025-06-04,1768
2067,2023-09-27,546
2067,2023-10-05,999
2067,2023-12-15,2197
2067,2024-05-05,1542
2067,2025-01-13,2205
2067,2025-07-18,927
2068,2023-09-05,1637
2068,2023-10-27,3281
2068,2024-04-08,3621
2068,2024-11-07,1064
2068,2025-02-09,1855
2068,2025-06-15,1370
2069,2023-11-30,3892
2069,2024-04-09,1623
2069,2024-04-11,3508
2069,2024-12-01,2407
2069,2025-01-20,353
2069,2025-01-28,379
2069,2025-03-28,1107
2069,2025-04-11,705
2069,2025-04-27,519
2069,2025-07-14,2561
2070,2023-11-21,3044
2070,2024-01-08,567
2070,2024-08-11,2937
2070,2024-12-25,3833
2070,2025-03-01,3932
2070,2025-06-17,2733
2071,2024-07-15,224
2072,2023-10-05,3458
2072,2024-01-01,1501
2072,2024-03-04,2695
2072,2024-09-18,2723
2072,2024-10-09,2768
2072,2025-01-01,787
2073,2023-10-22,3187
2073,2023-11-23,698
2074,2024-07-31,551
2074,2025-02-25,3343
2074,2025-04-10,2931
2075,2023-09-05,2094
2075,2024-01-03,3674
2075,2024-10-18,2353
2075,2024-10-29,609
2075,2024-11-18,1383
2075,2024-11-27,2674
2075,2024-12-06,501
2075,2025-05-17,1302
2075,2025-05-31,3653
2076,2024-02-19,3250
2076,2024-05-13,632
2076,2024-07-08,2346
2076,2025-03-06,998
2077,2024-07-16,3066
2077,2025-02-08,3623
2077,2025-06-16,3464
2077,2025-07-27,1077
2078,2024-08-10,3855
2079,2024-12-11,916
2080,2023-09-01,3554
2080,2024-06-07,3490
2080,2024-10-15,881
2080,2025-01-29,3895
2080,2025-03-02,2025
2081,2024-05-10,1732
2081,2024-05-17,943
2081,2024-05-27,1421
2081,2024-07-12,1911
2081,2024-08-11,589
2081,2024-09-18,1930
2081,2024-12-14,2003
2081,2025-05-26,2114
2082,2023-09-11,1421
2082,2023-10-12,3668
2082,2023-11-10,2526
2082,2023-12-01,2499
2082,2024-02-01,494
2082,2024-02-19,2635
2082,2024-06-16,437
2082,2024-07-19,1959
2082,2024-11-09,1847
2082,2025-04-24,3068
2083,2023-11-20,1270
2083,2024-04-04,554
2083,2024-05-31,2141
2083,2024-07-24,3736
2083,2024-08-10,1040
2083,2024-11-17,2806
2083,2025-04-13,2695
2084,2023-09-04,1896
2084,2024-02-19,344
2084,2024-03-17,2985
2085,2023-10-04,988
2085,2023-11-17,1416
2085,2024-04-13,310
2085,2024-06-20,1825
2085,2024-12-23,3330
2085,2025-02-12,3166
2085,2025-04-28,620
2086,2023-08-31,1702
2086,2023-11-16,1396
2086,2023-12-09,853
2086,2024-02-16,3890
2086,2024-12-05,2165
2086,2025-05-15,3472
2086,2025-06-09,2346
2086,2025-07-27,3619
2087,2023-10-17,912
2087,2024-01-19,2588
2087,2024-03-14,2138
2087,2024-07-26,3326
2087,2025-04-15,2793
2087,2025-04-15,1896
2087,2025-05-29,2886
2087,2025-06-29,2174
2087,2025-08-02,2111
2087,2025-08-10,3455
2088,2024-01-09,3735
2088,2024-09-23,2104
2088,2024-12-05,3053
2088,2025-06-09,1564
2089,2023-10-14,2495
2089,2024-02-29,1776
2089,2024-05-12,1557
2089,2024-05-19,780
2089,2024-07-29,3260
2090,2024-12-20,3496
2090,2024-12-27,3827
2090,2025-03-14,1513
2090,2025-05-28,2073
2090,2025-06-05,2649
2091,2023-09-20,280
2091,2024-02-24,2903
2092,2023-09-26,483
2093,2025-02-12,2096
2093,2025-02-22,3858
2094,2023-09-04,232
2094,2023-12-24,3139
2094,2024-09-02,2894
2094,2025-01-07,1615
2095,2023-10-07,2902
2095,2023-10-13,2883
2095,2024-03-28,3750
2095,2024-05-02,1040
2095,2024-05-28,1129
2095,2024-12-30,3535
2095,2025-02-18,591
2095,2025-03-05,2345
2096,2023-12-22,1694
2096,2023-12-26,2606
2096,2024-02-17,3132
2096,2024-03-03,1713
2096,2024-05-07,457
2096,2025-04-03,2438
2096,2025-06-03,2473
2096,2025-07-07,2047
2097,2023-11-24,3473
2097,2023-11-27,1743
2097,2023-12-05,3030
2097,2024-01-16,1846
2097,2024-03-20,1091
2097,2024-08-08,1770
2097,2024-08-16,1259
2097,2024-09-20,2258
2097,2024-10-18,1478
2097,2025-01-26,3998
2098,2023-09-22,559
2098,2023-11-07,1341
2098,2024-09-07,566
2098,2024-10-02,1394
2098,2025-03-13,2611
2098,2025-04-17,1638
2098,2025-05-03,3256
2098,2025-07-31,3233
2098,2025-08-05,3562
2098,2025-08-19,3835
2099,2023-11-13,853
2099,2025-01-10,1712
2099,2025-03-21,999
2099,2025-05-21,3339
2099,2025-06-03,1055
2099,2025-08-15,286
2100,2024-01-17,2692
2101,2024-03-08,940
2101,2024-05-05,1445
2101,2024-06-08,1250
2101,2024-08-16,1239
2101,2024-10-08,239
2101,2025-02-16,1733
2101,2025-07-10,3160
2102,2023-09-09,566
2102,2024-01-10,3652
2102,2024-06-06,2517
2102,2024-11-10,3046
2102,2025-02-02,1339
2102,2025-04-15,3517
2102,2025-07-10,3213
2103,2024-11-14,1664
2104,2023-12-06,518
2104,2024-01-31,2530
2104,2024-03-14,3496
2104,2024-10-23,3441
2104,2025-08-08,1750
2105,2023-12-12,2656
2105,2024-03-31,1446
2105,2024-04-23,1334
2105,2025-02-09,2973
2105,2025-03-22,2947
2105,2025-04-15,1204
2106,2025-05-25,3305
2107,2023-11-09,666
2107,2024-01-13,3563
2107,2024-04-09,1655
2107,2024-06-04,280
2107,2025-04-27,427
2107,2025-05-24,1845
2107,2025-06-14,1747
2108,2023-08-26,3596
2108,2023-09-04,2667
2108,2023-09-22,3028
2108,2024-10-04,1085
2108,2024-10-08,2056
2108,2024-11-09,2079
2108,2025-02-18,2336
2108,2025-04-01,586
2109,2024-02-24,2485
2109,2024-02-29,614
2109,2024-08-21,3413
2109,2025-04-24,3494
2110,2024-08-15,397
2110,2024-09-19,2057
2110,2024-11-28,1171
2110,2025-01-10,2974
2110,2025-06-05,2522
2111,2023-10-11,328
2111,2023-11-18,765
2111,2023-12-25,1454
2111,2024-07-27,3980
2111,2024-11-30,1204
2111,2025-07-14,595
2111,2025-07-17,2836
2112,2024-02-10,1003
2112,2024-05-26,2674
2112,2024-06-16,911
2112,2024-08-02,1236
2112,2024-08-31,309
2112,2025-07-30,990
2113,2024-10-09,1772
2114,2024-01-23,2822
2114,2024-07-28,2893
2114,2024-10-11,1208
2115,2024-04-18,710
2115,2024-05-23,3605
2115,2024-06-08,3556
2115,2024-07-12,1403
2115,2025-02-23,949
2116,2023-08-27,433
2116,2024-04-24,3219
2116,2024-12-06,2222
2116,2025-02-08,3824
2116,2025-06-21,581
2116,2025-07-26,2214
2117,2023-09-25,929
2117,2023-10-07,3505
2117,2023-12-26,2090
2117,2024-01-06,3315
2117,2024-04-02,2718
2117,2024-06-08,2881
2117,2024-06-26,1994
2117,2024-08-25,1560
2117,2024-08-30,2191
2117,2025-02-15,782
2118,2023-12-28,892
2118,2024-03-29,1629
2118,2024-06-10,1011
2118,2024-07-19,658
2118,2025-05-17,499
2118,2025-07-02,3966
2118,2025-08-08,1415
2119,2024-04-26,987
2119,2024-06-10,3426
2119,2024-10-07,354
2119,2025-02-27,3051
2119,2025-03-11,1289
2119,2025-05-10,3882
2119,2025-08-02,637
2120,2023-10-26,3974
2120,2023-12-15,2988
2120,2023-12-26,1141
2121,2024-05-28,991
2121,2024-06-21,1693
2121,2025-01-12,1459
2121,2025-05-30,1832
2122,2023-09-23,3801
2122,2024-07-03,2032
2122,2024-10-04,2245
2122,2025-01-07,450
2122,2025-03-08,2636
2122,2025-05-09,3708
2122,2025-08-17,3774
2123,2024-02-28,2217
2123,2024-06-11,1646
2123,2024-07-18,2632
2123,2024-09-21,1669
2123,2025-01-12,3665
2123,2025-02-19,3753
2123,2025-05-12,3356
2123,2025-06-23,1317
2124,2025-03-22,1923
2124,2025-05-07,2287
2125,2023-11-18,639
2125,2023-12-05,1757
2125,2024-09-05,2324
2125,2025-07-05,2758
2125,2025-07-31,2230
2125,2025-08-13,1950
2126,2024-03-19,260
2126,2024-04-23,3117
2126,2024-09-08,1739
2126,2024-12-25,1331
2126,2025-01-02,3258
2126,2025-01-16,3732
2126,2025-05-24,481
2127,2023-11-14,3937
2127,2023-11-28,1881
2127,2024-01-10,2737
2127,2024-02-04,2672
2127,2024-04-08,1999
2127,2024-04-09,3936
2127,2024-10-03,1730
2127,2025-06-15,1559
2128,2024-08-05,586
2128,2025-03-10,211
2128,2025-05-23,3234
2129,2023-10-04,629
2129,2023-12-21,1884
2129,2024-03-08,2435
2129,2024-06-26,2277
2129,2024-08-20,848
2129,2024-09-02,3598
2129,2024-10-01,1864
2129,2025-01-13,2022
2129,2025-01-28,2919
2130,2023-09-14,795
2130,2024-01-18,3683
2130,2024-02-26,3374
2130,2024-04-18,2361
2130,2024-05-24,780
2130,2024-06-20,255
2131,2023-10-24,1548
2131,2023-12-05,3488
2131,2024-03-08,1366
2131,2024-12-22,1325
2131,2025-03-24,540
2131,2025-07-05,374
2132,2023-11-09,2416
2132,2023-11-14,2978
2132,2023-11-26,3336
2132,2024-03-04,2920
2132,2024-08-20,1842
2132,2024-08-28,2132
2132,2024-11-11,3565
2132,2025-04-07,1620
2133,2023-08-31,2278
2133,2024-01-14,2861
2133,2025-05-12,3049
2134,2025-03-24,985
2135,2024-09-11,2370
2135,2024-10-27,3520
2135,2025-01-08,3165
2136,2023-09-20,2980
2137,2023-08-30,791
2137,2023-11-01,1039
2137,2023-11-06,313
2137,2023-11-21,3077
2137,2024-03-04,641
2137,2024-06-12,2633
2137,2024-10-28,1412
2137,2024-11-14,1729
2137,2025-01-13,3672
2137,2025-04-30,2624
2138,2023-09-12,1471
2138,2024-01-23,3746
2138,2024-02-11,595
2138,2024-02-26,1336
2138,2025-01-08,2170
2138,2025-04-19,3702
2139,2023-12-23,1319
2139,2024-08-21,635
2139,2024-11-17,2843
2139,2025-07-29,2473
2140,2024-05-25,2386
2140,2024-06-09,1413
2140,2024-06-19,1451
2140,2024-08-07,1828
2140,2024-08-12,2664
2140,2024-10-20,1035
2140,2025-03-19,2189
2141,2023-12-16,2850
2141,2024-12-03,1097
2142,2024-05-21,2784
2142,2024-07-25,3605
2142,2025-01-26,3965
2142,2025-02-14,2247
2142,2025-05-15,1855
2143,2024-12-11,1984
2143,2025-05-08,3927
2144,2023-12-11,3284
2144,2024-01-27,2776
2144,2024-05-13,3630
2144,2024-08-05,3627
2144,2024-08-05,809
2144,2024-12-02,733
2145,2023-08-30,2779
2145,2024-02-26,3958
2145,2024-08-20,2025
2145,2024-08-25,1245
2145,2025-03-15,2668
2146,2024-01-13,1299
2146,2025-08-11,2616
2147,2024-06-07,1368
2148,2024-01-10,894
2148,2024-03-19,2462
2148,2024-07-24,1593
2148,2025-01-18,1773
2148,2025-06-29,1605
2149,2023-10-06,980
2149,2024-06-10,3013
2149,2025-06-23,710
2150,2023-09-09,1886
2150,2025-01-12,2710
2150,2025-04-04,903
2150,2025-05-19,3201
2150,2025-07-08,3752
2151,2023-11-17,860
2151,2024-06-09,2042
2151,2024-06-11,3454
2151,2024-07-12,2286
2151,2024-08-10,3463
2151,2024-08-22,3693
2151,2024-10-12,1909
2151,2024-12-07,3648
2151,2025-03-02,3832
2151,2025-06-13,2019
2152,2024-08-18,661
2152,2024-09-03,2452
2152,2024-11-03,566
2152,2025-05-30,2346
2152,2025-08-24,1464
2153,2023-08-31,3973
2153,2023-10-11,423
2153,2023-11-06,1524
2153,2024-01-15,1097
2153,2024-03-13,2045
2153,2024-04-14,2561
2153,2024-04-23,1152
2153,2024-08-28,3074
2154,2024-03-29,604
2154,2025-02-17,1642
2155,2023-11-29,372
2155,2024-02-02,2023
2155,2024-02-26,598
2155,2024-04-16,1064
2155,2025-03-14,2681
2155,2025-05-15,3557
2155,2025-06-06,3016
2155,2025-06-19,1410
2156,2023-09-20,3272
2156,2024-01-02,388
2156,2024-03-12,2319
2156,2024-04-22,329
2156,2024-05-15,3058
2156,2024-06-26,3311
2156,2024-07-05,3753
2156,2024-09-10,544
2156,2024-10-23,2093
2156,2025-02-12,1488
2157,2023-11-23,925
2157,2023-12-17,1525
2157,2024-08-14,407
2157,2024-10-18,2495
2157,2024-11-03,1372
2157,2024-12-02,3262
2157,2024-12-12,3866
2157,2025-03-26,3704
2157,2025-04-04,2206
2157,2025-07-14,1497
2158,2023-10-26,509
2158,2023-12-31,927
2158,2024-01-10,446
2158,2024-12-10,1873
2158,2025-07-14,1554
2159,2023-10-25,3669
2159,2025-02-11,993
2159,2025-02-19,2312
2159,2025-07-09,2288
2160,2024-04-25,993
2160,2024-06-23,2877
2160,2024-08-08,3751
2160,2024-12-01,1724
2160,2025-03-04,2446
2160,2025-03-24,1677
2160,2025-04-12,1868
2161,2023-12-25,2726
2161,2024-01-04,1417
2161,2024-05-03,3415
2161,2024-08-26,1405
2161,2024-12-04,1710
2161,2025-01-09,2646
2161,2025-02-03,1266
2161,2025-06-17,3667
2161,2025-07-17,3413
2162,2024-05-11,1537
2163,2023-09-25,1451
2163,2024-11-23,2732
2163,2025-05-08,2406
2164,2025-02-25,3452
2165,2024-02-16,611
2165,2024-07-13,1110
2165,2024-12-16,2271
2165,2025-02-14,934
2165,2025-03-26,3046
2165,2025-05-25,432
2166,2023-11-13,2342
2166,2023-12-28,1952
2166,2024-03-09,1033
2166,2024-07-11,2212
2166,2024-07-28,2250
2166,2024-09-12,2715
2166,2025-01-18,1832
2166,2025-03-13,3226
2167,2024-01-21,1722
2167,2024-02-18,1710
2167,2025-03-16,910
2168,2024-05-29,2010
2168,2025-03-20,2579
2169,2023-10-19,2653
2169,2024-05-10,1606
2169,2024-08-05,3505
2169,2025-03-27,915
2170,2025-03-20,608
2171,2024-02-18,567
2171,2024-02-21,3454
2171,2024-07-22,3867
2171,2024-08-17,2570
2171,2024-09-14,3791
2171,2024-09-18,1610
2171,2025-07-28,1551
2171,2025-07-30,2119
2172,2024-10-03,374
2173,2023-08-29,2970
2173,2023-10-04,2736
2173,2023-12-13,1069
2173,2024-02-02,3466
2173,2024-02-16,3622
2173,2024-05-06,3461
2173,2024-11-28,3170
2173,2025-06-21,3010
2173,2025-07-27,463
2174,2024-05-24,2578
2174,2025-03-13,700
2174,2025-04-18,2303
2175,2023-08-29,3383
2175,2023-12-16,2898
2175,2024-06-03,2518
2175,2024-07-23,1535
2175,2024-10-11,3945
2175,2024-10-19,1578
2175,2024-12-22,1736
2175,2025-01-09,1638
2175,2025-03-30,2588
2175,2025-06-18,1905
2176,2024-01-15,232
2176,2025-04-08,2576
2176,2025-04-11,2689
2176,2025-07-05,2139
2176,2025-07-21,3617
2177,2023-10-13,364
2177,2023-11-26,2462
2177,2024-01-20,1168
2177,2024-01-22,1456
2177,2025-01-13,2699
2177,2025-03-03,1542
2177,2025-04-05,1615
2177,2025-04-06,2717
2177,2025-07-15,2513
2178,2025-03-19,565
2178,2025-07-06,3071
2179,2024-05-26,1464
2180,2023-12-28,1906
2180,2024-01-03,1866
2181,2023-09-10,603
2181,2023-10-08,1305
2181,2024-06-01,1689
2181,2025-05-04,2779
2181,2025-05-24,3363
2181,2025-06-17,2215
2182,2023-09-27,3058
2182,2023-10-01,3183
2182,2024-02-23,2489
2182,2024-09-06,2289
2182,2025-03-29,1564
2182,2025-07-29,870
2183,2024-02-11,2312
2183,2024-04-26,3868
2183,2024-06-30,1044
2183,2024-09-14,3821
2183,2024-09-17,1352
2183,2024-10-23,3977
2183,2024-11-04,249
2183,2025-07-16,598
2183,2025-07-18,3193
2184,2024-10-31,3363
2184,2025-05-02,984
2184,2025-05-11,1130
2185,2023-11-08,1294
2185,2024-08-23,3755
2185,2025-02-03,670
2185,2025-05-21,1480
2186,2024-02-29,2866
2186,2024-03-05,3118
2186,2024-04-28,2273
2186,2024-07-26,3230
2186,2025-03-16,2427
2187,2024-05-10,3347
2187,2025-05-22,922
2187,2025-08-01,1381
2188,2023-09-21,3830
2188,2024-02-08,2647
2188,2024-07-07,2328
2188,2024-08-03,996
2188,2024-08-27,1488
2188,2024-11-19,3491
2188,2025-02-06,1418
2188,2025-02-09,2488
2188,2025-05-16,3294
2188,2025-07-07,1911
2189,2024-04-23,2593
2189,2024-05-13,3749
2190,2024-06-03,3150
2190,2024-10-07,517
2190,2025-03-08,3745
2190,2025-04-12,1282
2190,2025-04-27,3517
2191,2023-10-14,1052
2191,2023-12-22,3953
2191,2024-02-06,1138
2191,2024-03-02,3830
2191,2024-06-16,1638
2191,2024-07-19,1841
2191,2024-12-22,3315
2191,2025-07-28,841
2192,2023-09-28,1990
2192,2024-02-29,1282
2192,2024-07-01,3989
2192,2024-08-07,1084
2192,2024-09-10,3693
2192,2024-09-20,1417
2192,2025-06-12,1110
2192,2025-07-15,1573
2192,2025-08-16,2542
2192,2025-08-22,3105
2193,2024-12-29,3040
2194,2024-08-14,1116
2194,2024-09-09,645
2194,2024-09-22,3614
2194,2025-05-24,2433
2195,2024-01-31,1427
2195,2024-05-26,3036
2195,2024-07-03,1746
2195,2024-11-16,2650
2195,2024-12-29,1356
2195,2025-03-01,2680
2195,2025-06-05,2853
2195,2025-06-11,2916
2195,2025-06-20,482
2196,2024-05-28,2638
2197,2023-08-30,296
2197,2023-10-09,539
2197,2024-04-07,1838
2197,2024-04-27,3871
2197,2024-06-26,696
2197,2024-08-09,3882
2197,2024-09-08,1945
2197,2024-09-17,2255
2197,2024-10-21,2075
2198,2024-02-26,3345
2198,2024-07-17,3304
2198,2024-10-02,3533
2199,2025-03-26,2029
2199,2025-05-29,3308
2200,2024-08-04,329
2200,2024-08-04,1275
2200,2024-12-08,338
2200,2025-05-20,1700
2200,2025-07-27,838
2200,2025-08-10,1826
2201,2024-06-30,2052
2202,2024-02-10,2489
2202,2025-02-06,2819
2202,2025-02-10,1509
2202,2025-05-06,638
2203,2024-01-10,1354
2203,2025-03-22,948
2204,2023-11-05,1916
2204,2024-04-30,395
2204,2024-12-04,3716
2204,2025-03-27,536
2204,2025-04-16,948
2204,2025-05-22,2609
2204,2025-06-27,2144
2205,2023-08-30,2678
2206,2023-08-31,1745
2206,2023-12-02,1432
2206,2024-05-20,3547
2206,2024-06-25,2043
2206,2024-09-07,1071
2206,2024-09-23,3441
2206,2024-10-03,1731
2206,2024-11-13,1746
2206,2025-06-18,2569
2207,2024-08-17,588
2207,2025-03-12,2453
2208,2024-09-02,778
2208,2024-09-08,1680
2208,2024-09-23,1215
2208,2024-10-07,885
2208,2025-01-29,3772
2208,2025-07-09,580
2209,2024-04-26,1857
2209,2024-06-12,1223
2209,2024-11-11,293
2209,2024-11-26,2064
2209,2025-03-22,241
2209,2025-07-17,2870
2209,2025-08-11,1930
2210,2024-02-22,1072
2211,2023-08-28,1467
2211,2023-11-08,351
2211,2023-11-10,1075
2211,2024-04-23,3834
2211,2024-05-21,3349
2211,2024-08-25,1550
2211,2024-09-08,3299
2211,2025-01-15,3030
2212,2024-01-04,642
2212,2024-10-28,2710
2213,2023-12-14,1837
2213,2024-02-27,3702
2213,2024-08-15,974
2213,2024-10-13,876
2213,2025-02-13,3662
2214,2024-12-08,2954
2214,2025-08-12,1238
2215,2025-02-21,308
2216,2023-09-18,2491
2216,2023-09-25,3607
2216,2024-01-08,1602
2216,2024-01-16,664
2216,2024-02-08,1735
2216,2024-04-02,2335
2216,2024-08-06,2513
2216,2025-02-03,2927
2217,2024-05-31,364
2217,2025-02-15,1070
2218,2023-09-08,231
2218,2023-10-02,3354
2218,2024-02-17,1524
2218,2024-06-24,1520
2218,2024-08-04,1708
2218,2025-03-30,2686
2218,2025-06-22,1779
2218,2025-07-08,2563
2219,2024-02-05,3678
2219,2024-12-31,1766
2219,2025-06-19,2320
2219,2025-08-05,3579
2220,2024-02-16,224
2220,2024-02-24,2228
2220,2024-04-05,2093
2220,2025-06-10,1745
2221,2023-12-22,2677
2221,2024-02-14,633
2221,2024-10-25,668
2221,2025-03-02,437
2221,2025-04-29,2986
2221,2025-05-20,2820
2222,2024-02-07,1245
2222,2024-07-14,1276
2222,2025-04-06,3622
2222,2025-06-21,1982
2223,2024-07-02,788
2223,2025-05-27,580
2223,2025-07-02,3803
2224,2024-03-22,2017
2224,2024-05-30,2807
2224,2024-10-22,1450
2224,2025-01-27,547
2224,2025-01-27,790
2224,2025-03-27,2175
2224,2025-04-12,3434
2224,2025-06-07,1520
2224,2025-07-24,1318
2225,2025-08-06,3439
2226,2023-09-28,1199
2226,2023-11-28,3380
2226,2023-12-11,2792
2226,2023-12-20,2339
2226,2024-07-12,1494
2227,2024-01-08,3427
2227,2024-01-23,429
2227,2024-05-01,1984
2227,2024-05-19,1427
2227,2024-06-15,627
2227,2024-09-24,1732
2227,2024-10-23,3087
2227,2025-03-15,828
2227,2025-03-31,1578
2228,2023-12-29,1401
2228,2024-02-02,1398
2228,2025-03-05,1885
2228,2025-03-22,2066
2229,2024-09-18,2242
2229,2025-07-03,2853
2229,2025-08-21,736
2230,2024-04-06,1970
2230,2024-06-23,3442
2230,2024-07-20,1363
2230,2024-12-28,3920
2230,2025-04-30,529
2230,2025-07-21,2131
2230,2025-07-23,1982
2230,2025-08-16,3738
2231,2023-10-18,451
2231,2024-04-16,2509
2231,2024-04-21,2078
2231,2024-05-15,1627
2231,2024-09-03,3740
2231,2024-11-04,1436
2231,2025-01-17,3857
2231,2025-01-22,3247
2231,2025-04-01,2186
2231,2025-07-23,1869
2232,2023-08-28,978
2232,2023-09-23,1289
2232,2023-12-08,1263
2232,2023-12-15,3913
2232,2024-01-07,1523
2232,2024-02-24,1914
2232,2024-07-08,699
2232,2025-06-23,1176
2233,2023-11-05,3250
2233,2024-05-19,792
2233,2024-05-22,2090
2233,2024-05-24,2112
2233,2024-10-25,348
2233,2024-11-25,3324
2233,2025-05-15,452
2233,2025-06-22,752
2233,2025-08-19,664
2234,2024-04-20,2737
2235,2023-12-22,1535
2235,2024-05-31,3069
2236,2023-09-28,2388
2236,2024-01-30,1364
2236,2024-06-06,351
2236,2024-07-21,1888
2236,2024-11-17,593
2236,2024-12-08,1332
2236,2025-02-18,3536
2236,2025-04-17,2823
2236,2025-04-24,2959
2236,2025-05-02,1198
2237,2023-10-22,2110
2237,2023-12-23,1080
2237,2024-03-09,3593
2237,2024-09-10,1818
2237,2024-11-25,2173
2237,2025-02-14,3791
2238,2023-10-07,2126
2238,2024-06-06,971
2238,2024-08-26,1316
2238,2024-10-19,1039
2238,2024-10-26,3401
2238,2025-01-11,288
2238,2025-01-20,2318
2238,2025-04-15,1949
2238,2025-08-22,1760
2239,2024-02-06,2457
2239,2025-01-04,3007
2239,2025-04-03,499
2239,2025-08-21,2831
2240,2024-04-05,548
2240,2024-04-24,753
2240,2024-11-15,3267
2240,2025-05-08,1569
2241,2023-09-28,1425
2241,2023-12-29,293
2241,2024-05-01,2972
2241,2024-09-22,1760
2241,2024-10-22,1803
2241,2025-01-03,890
2242,2023-12-12,683
2242,2023-12-19,2889
2242,2024-01-26,2662
2242,2024-10-02,2769
2242,2024-12-24,241
2242,2025-02-17,3598
2242,2025-06-30,3289
2243,2023-09-17,2129
2243,2024-03-19,883
2243,2024-08-26,1830
2243,2025-02-10,774
2243,2025-04-21,2922
2243,2025-05-04,503
2243,2025-06-14,3184
2244,2023-09-26,1064
2244,2023-10-13,3043
2244,2024-09-30,3739
2244,2025-06-10,386
2245,2024-01-02,659
2245,2025-05-04,2317
2246,2024-11-15,2033
2247,2023-12-07,2716
2247,2023-12-19,3476
2247,2023-12-31,3228
2247,2024-03-24,3795
2247,2024-08-05,1997
2247,2024-10-08,2636
2247,2025-01-10,2739
2247,2025-03-19,3814
2247,2025-07-05,1834
2248,2023-12-22,2116
2248,2023-12-23,899
2248,2024-03-14,1399
2248,2024-10-22,237
2248,2024-12-16,2988
2248,2025-04-17,3461
2249,2024-08-04,3076
2249,2025-03-14,592
2250,2023-08-29,1218
2250,2023-12-17,2340
2250,2024-07-12,3327
2250,2024-10-16,2568
2250,2024-10-20,1966
2250,2025-06-24,3523
2251,2024-01-03,694
2251,2024-03-30,3256
2251,2024-12-17,1714
2252,2023-11-26,1794
2252,2024-01-03,2620
2252,2024-08-14,1290
2252,2024-10-05,455
2252,2024-11-27,1853
2252,2024-12-07,3470
2252,2024-12-11,3792
2252,2025-01-06,1755
2252,2025-01-23,666
2253,2023-10-17,1197
2253,2024-06-26,333
2253,2024-06-30,1512
2253,2024-07-06,1803
2253,2024-10-24,535
2253,2025-05-03,3535
2254,2023-11-23,3552
2254,2023-11-26,2854
2254,2023-11-27,931
2254,2023-12-11,1996
2254,2024-04-28,1585
2254,2024-05-31,3892
2254,2024-08-06,1724
2254,2024-08-13,3436
2254,2024-11-07,991
2255,2023-12-21,3633
2255,2024-06-07,3476
2255,2024-09-23,2313
2255,2025-02-09,3799
2255,2025-03-24,1172
2255,2025-05-27,701
2256,2023-11-29,3906
2256,2024-01-17,3466
2256,2024-07-31,1029
2256,2024-09-11,2297
2256,2025-02-02,2353
2257,2023-09-28,3036
2257,2023-10-11,3131
2257,2023-10-12,699
2257,2024-01-08,852
2257,2024-03-12,3558
2257,2024-05-23,2864
2257,2024-06-24,1676
2257,2024-11-05,326
2257,2025-04-17,3273
2257,2025-07-22,3603
2258,2023-12-03,3414
2258,2024-02-26,2190
2258,2024-03-09,1246
2258,2024-04-14,2885
2258,2024-04-26,3477
2258,2024-07-28,2186
2258,2024-10-25,579
2258,2024-12-19,1476
2258,2025-01-22,3948
2258,2025-07-14,3034
2259,2024-11-07,2595
2260,2023-09-19,339
2260,2024-01-19,703
2260,2025-04-07,723
2261,2023-09-27,1086
2261,2024-06-06,821
2261,2025-06-11,3426
2261,2025-07-04,2995
2262,2024-08-22,3972
2263,2024-08-14,2557
2263,2024-11-17,1645
2263,2025-04-17,431
2263,2025-08-21,3629
2264,2023-10-18,3632
2264,2023-11-03,1319
2264,2023-12-13,395
2264,2024-06-20,3804
2264,2024-07-16,1785
2264,2024-10-20,3649
2264,2024-12-13,2781
2264,2025-02-09,497
2264,2025-05-25,2187
2264,2025-06-29,3565
2265,2023-11-11,517
2265,2024-03-05,857
2265,2024-03-10,1788
2265,2024-05-01,264
2265,2024-10-13,1384
2265,2024-11-17,2134
2266,2024-04-30,2129
2266,2025-01-07,3516
2266,2025-03-19,832
2266,2025-05-21,1356
2267,2023-08-26,2020
2267,2023-09-20,2211
2267,2024-01-11,3912
2267,2024-07-14,787
2267,2024-08-09,3947
2267,2024-10-28,1398
2267,2025-03-29,3281
2267,2025-04-25,745
2267,2025-06-09,811
2268,2023-10-24,2921
2268,2023-12-06,795
2268,2024-04-17,2523
2268,2024-05-02,3181
2268,2024-09-30,3087
2268,2024-11-24,2819
2268,2024-12-29,1969
2268,2025-01-03,1784
2268,2025-01-10,2759
2268,2025-02-09,846
2269,2024-04-05,677
2269,2024-05-14,770
2269,2024-06-16,3808
2269,2024-07-29,2675
2269,2024-10-10,2298
2269,2024-11-01,1097
2269,2024-11-07,3227
2269,2024-12-12,1003
2269,2025-06-15,2444
2270,2024-11-12,842
2270,2025-06-17,1387
2271,2023-11-14,1003
2271,2023-12-06,2001
2271,2024-05-07,3670
2271,2024-05-14,361
2272,2023-09-12,1829
2272,2024-05-03,1120
2272,2024-06-04,3362
2272,2024-06-18,2429
2272,2024-08-22,1560
2272,2024-12-30,1027
2272,2025-06-23,2470
2273,2023-09-11,799
2273,2023-09-23,600
2273,2023-11-22,3221
2273,2024-11-20,1494
2273,2024-12-26,1317
2273,2025-02-20,488
2273,2025-05-07,3470
2273,2025-07-25,1125
2274,2023-10-10,2886
2274,2023-11-30,1545
2274,2024-05-04,3548
2274,2024-07-29,1051
2274,2025-06-05,364
2275,2023-11-13,2375
2275,2024-01-12,2653
2275,2024-02-15,1694
2275,2024-04-20,2420
2275,2024-07-01,2442
2275,2025-01-03,514
2275,2025-03-07,792
2275,2025-04-08,467
2275,2025-08-02,2823
2276,2023-09-29,2154
2276,2024-03-11,2545
2276,2024-11-14,2602
2276,2024-11-19,2465
2276,2025-01-03,2039
2276,2025-03-15,1301
2277,2023-10-20,2352
2277,2024-12-11,2553
2277,2025-03-01,1244
2277,2025-06-19,1986
2277,2025-08-02,880
2278,2023-12-15,3028
2278,2024-03-31,3489
2278,2024-08-11,3029
2278,2024-08-11,3913
2278,2025-03-25,1796
2278,2025-06-16,2069
2278,2025-07-26,1805
2278,2025-08-22,3542
2279,2023-11-13,2497
2279,2023-11-17,2644
2279,2024-01-30,1436
2279,2024-02-03,317
2279,2024-05-09,1835
2280,2023-09-13,2407
2280,2024-09-24,3516
2280,2024-12-08,1325
2280,2025-02-07,360
2280,2025-03-29,816
2280,2025-06-12,1987
2280,2025-08-03,376
2281,2023-10-15,3131
2281,2023-12-21,3402
2281,2024-03-14,1860
2281,2024-04-29,2481
2281,2024-05-04,3163
2281,2024-08-16,1774
2281,2025-01-06,1447
2281,2025-04-29,1860
2282,2023-09-17,3449
2282,2023-12-15,3797
2282,2023-12-18,2053
2282,2024-04-09,215
2282,2024-04-13,2355
2282,2024-04-22,3765
2282,2024-12-18,906
2282,2025-02-17,2450
2282,2025-04-17,1585
2283,2023-09-16,1329
2283,2024-07-26,634
2283,2025-01-18,766
2283,2025-02-11,3408
2283,2025-03-01,3841
2283,2025-08-21,721
2284,2023-10-30,1473
2284,2024-02-16,679
2284,2024-09-15,3405
2284,2024-11-06,3491
2284,2025-01-14,2363
2285,2024-04-15,887
2285,2024-09-07,3525
2285,2024-09-21,2268
2285,2024-10-11,1883
2285,2024-10-15,1583
2285,2024-12-01,3158
2285,2025-03-23,406
2285,2025-03-28,3863
2285,2025-06-12,3546
2285,2025-07-20,2920
2286,2023-12-21,1328
2286,2024-07-28,3335
2286,2025-02-18,549
2286,2025-06-24,1168
2287,2023-10-06,346
2287,2024-08-09,266
2287,2025-05-05,426
2287,2025-06-11,2975
2288,2024-02-13,2187
2288,2024-07-26,867
2288,2024-11-19,719
2288,2025-01-17,3240
2288,2025-02-19,2439
2289,2023-09-24,2193
2289,2023-10-19,3874
2289,2023-12-06,1618
2289,2024-01-24,1391
2289,2024-05-07,2193
2289,2024-06-03,3129
2289,2024-08-27,2163
2289,2024-11-19,2815
2289,2024-12-18,3649
2289,2025-08-03,1563
2290,2023-09-12,356
2290,2023-10-10,702
2290,2023-12-28,1933
2290,2024-07-04,1195
2290,2025-02-06,2747
2290,2025-06-03,1930
2290,2025-07-07,1886
2291,2023-12-08,2739
2292,2023-09-19,3780
2292,2024-04-02,2842
2292,2024-07-06,210
2292,2024-08-18,1664
2292,2024-12-10,3807
2292,2025-05-08,3791
2292,2025-05-10,1225
2292,2025-08-10,3893
2293,2024-08-16,1225
2293,2024-09-28,1383
2293,2025-02-16,3347
2293,2025-02-16,1175
2293,2025-03-19,929
2294,2024-02-02,1485
2294,2024-05-29,2658
2294,2024-06-03,3604
2294,2024-09-11,2912
2294,2024-09-22,1579
2294,2024-10-19,3938
2294,2025-01-17,1076
2295,2023-09-21,3699
2295,2024-01-06,3973
2295,2024-01-18,634
2295,2024-02-24,457
2295,2024-04-06,731
2295,2024-07-10,1955
2295,2024-12-08,1526
2295,2024-12-13,417
2296,2023-10-08,1388
2297,2024-02-27,2502
2297,2024-08-22,1469
2297,2025-02-17,2565
2298,2023-09-27,1050
2298,2023-12-12,2375
2298,2024-02-02,1811
2298,2024-02-20,3277
2298,2024-02-25,3877
2298,2024-05-20,3671
2298,2024-08-01,1197
2298,2024-09-27,3141
2299,2023-10-27,2285
2299,2024-03-24,1103
2299,2024-05-03,1713
2299,2024-12-27,1270
2300,2024-01-03,2152
2300,2024-02-14,2505
2300,2024-07-23,2333
2300,2024-11-01,3277
2300,2025-04-12,550
2300,2025-06-28,1684
2300,2025-07-23,2470
2301,2024-01-26,3096
2301,2024-02-17,3815
2301,2024-02-21,3075
2301,2024-06-25,3777
2301,2024-06-30,3916
2301,2024-09-16,2766
2301,2025-01-09,2841
2301,2025-02-07,1608
2301,2025-02-18,1881
2302,2024-06-10,2063
2302,2024-06-24,1800
2302,2024-09-04,570
2302,2025-06-14,386
2303,2023-09-06,2517
2303,2023-12-29,3923
2303,2024-10-17,2500
2303,2025-02-20,737
2303,2025-03-01,1656
2303,2025-03-09,2355
2303,2025-06-09,2270
2303,2025-07-11,1941
2304,2023-09-11,1818
2304,2024-01-18,2716
2304,2024-03-29,3430
2304,2024-08-18,2025
2304,2024-11-18,3466
2304,2024-11-24,2565
2304,2025-01-27,2771
2304,2025-06-15,2888
2304,2025-07-04,506
2305,2023-08-29,3796
2305,2024-02-06,2022
2305,2024-03-28,787
2305,2024-12-08,1788
2305,2025-06-23,3904
2306,2023-10-09,1302
2306,2023-11-04,359
2306,2024-09-28,292
2306,2024-12-11,3248
2306,2024-12-30,3048
2306,2025-08-09,3859
2307,2023-12-22,3136
2307,2024-02-20,1316
2307,2024-04-22,1959
2307,2024-05-23,2697
2307,2024-05-27,3262
2307,2024-09-11,448
2307,2025-02-03,3298
2308,2023-08-30,2075
2308,2023-09-02,564
2308,2023-09-25,1668
2308,2024-01-27,1985
2308,2024-08-13,2811
2308,2024-12-07,1302
2308,2025-04-09,1291
2309,2024-07-16,3508
2309,2024-12-25,818
2309,2025-03-26,2093
2309,2025-07-30,3474
2309,2025-08-08,2065
2310,2024-06-23,664
2310,2024-10-13,1790
2310,2024-11-01,1760
2310,2024-11-29,395
2310,2025-05-12,3952
2310,2025-07-27,271
2311,2023-10-03,3794
2311,2024-12-07,2051
2311,2025-03-19,1738
2312,2024-01-27,1281
2312,2024-03-04,2226
2312,2024-07-19,3589
2312,2025-06-07,1538
2313,2023-12-09,2299
2313,2024-10-25,1774
2313,2025-06-09,2592
2314,2023-09-27,415
2314,2024-01-24,740
2314,2024-07-25,2126
2314,2024-07-31,3670
2314,2024-08-20,2673
2314,2024-12-27,3889
2314,2025-01-24,1780
2314,2025-04-22,2206
2314,2025-05-05,3128
2315,2023-12-17,2318
2315,2024-02-28,3884
2315,2024-04-04,384
2315,2024-05-09,887
2315,2024-12-12,2370
2315,2025-04-22,2746
2315,2025-06-12,1534
2316,2024-01-31,940
2316,2024-02-12,1515
2316,2024-07-04,3952
2316,2024-08-09,2717
2316,2024-08-25,2423
2316,2024-09-29,3737
2316,2024-10-26,1197
2316,2025-01-06,1101
2316,2025-04-28,2520
2317,2023-09-08,2801
2317,2023-10-20,2128
2317,2024-03-05,2793
2317,2024-05-22,2481
2317,2024-07-07,874
2317,2024-12-10,1814
2317,2025-03-30,1608
2317,2025-04-25,755
2318,2023-11-29,1735
2318,2023-12-13,2101
2318,2024-01-21,3906
2318,2024-03-31,3418
2318,2024-04-23,2480
2318,2024-05-16,1547
2318,2024-06-15,3414
2318,2024-08-20,1181
2318,2025-02-26,2375
2318,2025-05-05,976
2319,2023-10-10,1583
2319,2023-10-31,3369
2319,2023-11-01,3796
2319,2024-06-29,1546
2319,2024-08-27,323
2319,2024-10-02,2615
2319,2025-03-23,2951
2319,2025-03-30,882
2319,2025-08-11,3650
2320,2024-01-02,1501
2320,2024-08-12,2450
2320,2025-05-27,845
2321,2023-09-27,3519
2321,2023-11-15,242
2321,2023-12-16,1401
2321,2024-03-08,860
2321,2024-09-07,3068
2321,2025-01-03,2602
2321,2025-01-08,2018
2321,2025-03-20,3054
2322,2025-04-08,3340
2322,2025-08-19,3341
2323,2023-09-09,3464
2323,2024-02-09,720
2323,2025-06-06,3975
2324,2023-09-16,3836
2324,2023-11-20,1280
2324,2024-07-31,2908
2324,2024-08-13,1546
2324,2024-09-12,3799
2324,2024-12-26,2251
2324,2025-05-20,2112
2324,2025-07-17,1944
2324,2025-08-08,3616
2325,2023-09-11,1990
2325,2023-10-29,2113
2325,2024-02-04,2688
2325,2024-02-10,600
2325,2024-08-19,3786
2325,2024-10-08,765
2325,2025-05-23,3613
2325,2025-05-27,2841
2326,2023-09-18,2992
2326,2023-10-13,1056
2326,2025-02-21,1943
2326,2025-05-11,3956
2326,2025-06-02,3200
2327,2024-11-19,3473
2327,2025-05-29,712
2328,2023-12-12,1200
2328,2024-01-22,963
2328,2024-06-08,200
2328,2024-08-02,3936
2328,2024-12-16,2722
2328,2025-01-09,3088
2328,2025-02-20,3165
2328,2025-06-19,570
2328,2025-07-18,1748
2328,2025-07-21,1281
2329,2024-07-05,1469
2330,2023-10-07,688
2330,2024-02-13,1011
2330,2024-12-04,3022
2330,2025-01-06,2100
2330,2025-01-18,435
2330,2025-03-09,931
2330,2025-06-27,3451
2331,2023-10-21,1182
2331,2023-10-26,1658
2331,2023-11-08,244
2331,2023-11-27,2408
2331,2024-01-20,2561
2331,2024-05-28,3410
2331,2024-11-13,2715
2331,2025-01-12,2331
2331,2025-04-05,1748
2331,2025-07-03,2102
2332,2023-10-24,3497
2332,2023-12-18,1328
2332,2024-04-28,3600
2332,2024-09-26,789
2332,2024-12-05,3046
2332,2025-05-09,282
2332,2025-05-10,2793
2333,2023-09-06,1631
2333,2023-09-13,2545
2333,2024-05-09,1079
2333,2024-06-26,1908
2333,2024-08-10,3346
2333,2025-01-31,2495
2333,2025-03-04,3812
2333,2025-05-19,2875
2333,2025-08-07,2063
2334,2023-10-17,3963
2334,2024-05-01,2928
2334,2024-05-19,2807
2334,2024-07-04,532
2334,2024-12-21,2121
2334,2025-03-17,808
2334,2025-04-08,972
2334,2025-04-22,3680
2335,2023-11-05,1752
2335,2023-11-13,1733
2335,2024-03-12,345
2335,2024-04-02,2956
2335,2024-07-08,1607
2335,2024-09-13,513
2335,2024-10-04,3697
2335,2024-10-26,3883
2335,2024-12-23,1746
2336,2023-09-03,2077
2336,2024-01-23,1995
2336,2024-04-13,2980
2336,2024-07-07,1441
2336,2024-07-17,3842
2336,2024-09-07,1022
2336,2025-02-27,1412
2336,2025-05-06,3270
2336,2025-07-11,421
2336,2025-08-23,3897
2337,2024-04-18,3289
2337,2024-06-21,2980
2337,2024-10-18,1626
2337,2024-11-07,2134
2337,2025-02-08,656
2337,2025-03-04,2267
2337,2025-07-21,3936
2337,2025-07-28,416
2338,2024-02-14,2915
2338,2025-01-02,3284
2339,2023-09-03,1641
2339,2023-10-01,3055
2339,2023-12-19,1222
2339,2024-02-15,2640
2339,2024-09-14,3799
2339,2024-09-23,691
2339,2025-01-06,3738
2339,2025-05-13,570
2339,2025-05-13,984
2339,2025-06-25,761
2340,2023-12-25,2498
2340,2024-03-19,2352
2340,2024-12-26,322
2341,2023-09-12,2945
2341,2023-10-10,631
2341,2023-10-17,1020
2341,2024-07-08,947
2341,2025-06-10,3807
2342,2023-09-30,389
2342,2025-07-03,525
2343,2023-10-09,1607
2343,2023-12-23,883
2343,2024-02-04,2824
2343,2024-03-17,2069
2343,2024-04-22,937
2343,2024-06-25,326
2343,2024-07-19,3252
2343,2024-08-10,3135
2343,2025-02-07,2963
2343,2025-05-21,832
2344,2023-11-12,2355
2344,2024-04-12,1394
2344,2024-06-04,3004
2344,2024-10-30,2089
2344,2024-12-19,1767
2344,2025-02-09,309
2344,2025-04-14,1676
2344,2025-06-26,1813
2344,2025-07-29,291
2345,2023-11-29,2918
2345,2024-10-21,2686
2345,2025-01-14,3053
2346,2024-03-28,2122
2346,2024-10-02,261
2346,2024-11-12,3224
2346,2025-07-05,2303
2346,2025-07-30,3520
2346,2025-08-20,1166
2347,2023-10-06,346
2347,2024-05-04,1981
2347,2024-09-19,2302
2347,2024-10-16,2536
2347,2025-07-27,1483
2348,2024-01-12,1497
2348,2024-02-08,1277
2348,2024-09-03,1715
2348,2024-10-12,1304
2348,2024-12-19,476
2348,2025-01-23,3922
2349,2024-10-24,3038
2349,2024-10-31,1989
2349,2025-06-21,3819
2349,2025-08-10,2507
2350,2024-09-04,1968
2351,2023-09-17,1231
2351,2023-12-10,3446
2351,2024-05-03,1672
2351,2024-07-28,3748
2352,2023-10-23,2856
2352,2024-04-01,2106
2352,2025-04-26,3120
2353,2023-09-03,2428
2353,2023-09-22,395
2353,2024-01-13,3835
2353,2024-03-27,3680
2353,2024-05-20,613
2353,2024-08-27,1038
2353,2025-07-07,1840
2354,2024-05-21,1238
2354,2024-12-22,3962
2354,2025-05-02,3807
2354,2025-07-03,3329
2355,2023-11-13,1606
2355,2024-02-03,1238
2355,2024-02-17,3580
2355,2024-02-21,3338
2355,2024-03-01,1177
2355,2024-10-15,598
2355,2025-01-10,1489
2355,2025-02-21,3387
2355,2025-06-14,444
2355,2025-07-05,468
2356,2024-02-05,2957
2356,2024-03-27,3702
2356,2024-04-29,707
2356,2024-07-04,3538
2356,2024-08-02,1907
2356,2025-05-04,3659
2357,2023-09-25,1939
2357,2024-02-03,594
2357,2025-01-28,3396
2357,2025-04-02,1416
2357,2025-06-15,3729
2357,2025-08-19,799
2358,2024-01-14,1786
2358,2024-08-19,846
2358,2025-01-13,879
2358,2025-01-20,2250
2358,2025-03-01,3695
2358,2025-04-01,2018
2358,2025-04-07,3383
2358,2025-08-22,759
2359,2023-11-07,2415
2359,2024-01-01,1180
2359,2024-04-02,2312
2359,2024-09-07,1209
2359,2024-09-15,3151
2359,2024-12-16,1775
2359,2025-01-07,3431
2359,2025-03-30,2458
2359,2025-07-21,1254
2359,2025-08-22,1576
2360,2023-10-11,2868
2360,2023-12-14,1246
2360,2024-01-03,2808
2360,2024-06-07,801
2360,2024-07-11,3369
2360,2024-11-10,2372
2360,2025-02-19,3392
2360,2025-07-09,2252
2360,2025-08-12,3224
2361,2024-02-04,600
2361,2024-03-26,3193
2361,2024-11-10,1153
2362,2023-11-04,768
2362,2024-02-13,1654
2362,2024-03-20,1815
2362,2024-04-18,2462
2362,2024-11-03,1175
2362,2024-11-30,2560
2362,2025-02-05,1419
2362,2025-03-19,2799
2362,2025-06-07,2567
2362,2025-07-23,680
2363,2024-05-09,2638
2363,2025-03-27,1011
2364,2024-07-26,3657
2364,2025-07-07,2834
2365,2024-01-23,2733
2365,2024-05-18,1730
2365,2024-08-23,2454
2365,2024-09-25,2300
2365,2024-11-15,907
2365,2025-02-06,3630
2365,2025-06-03,2915
2366,2023-09-05,2143
2366,2023-11-21,927
2366,2024-01-21,3341
2366,2024-03-22,3785
2366,2024-12-08,1794
2366,2025-04-28,2278
2366,2025-06-17,1596
2367,2024-02-17,3097
2367,2024-07-16,1933
2367,2024-08-09,3979
2367,2024-09-05,2043
2367,2025-01-19,1064
2367,2025-07-20,3230
2368,2023-08-28,1526
2368,2024-06-05,463
2368,2024-10-29,3763
2368,2025-02-16,2909
2368,2025-04-15,3641
2369,2023-10-16,2960
2369,2024-02-02,827
2369,2025-01-19,3909
2370,2024-06-09,3908
2371,2024-01-28,3662
2371,2024-09-09,207
2371,2024-10-14,1520
2371,2024-11-05,3396
2371,2024-11-10,2824
2371,2025-02-16,1912
2371,2025-06-12,3234
2372,2024-06-21,1535
2372,2024-07-12,1377
2372,2024-08-26,1388
2372,2024-10-05,1481
2372,2024-12-07,3464
2372,2025-04-26,1682
2373,2024-06-04,3828
2373,2024-06-08,1141
2373,2025-04-20,1017
2373,2025-06-26,1742
2374,2024-10-24,2960
2375,2023-09-19,1492
2375,2024-02-29,1611
2375,2024-05-18,1863
2375,2024-07-24,2038
2375,2025-01-27,808
2376,2023-09-15,3210
2376,2024-05-15,2587
2376,2024-11-14,2817
2376,2024-12-12,1468
2376,2025-06-17,1646
2376,2025-07-08,778
2377,2024-02-10,1606
2377,2024-04-21,1556
2377,2025-07-17,1119
2377,2025-08-15,3333
2378,2024-06-13,1389
2379,2023-09-25,467
2379,2023-11-21,3739
2379,2024-08-31,3721
2379,2024-09-01,3680
2379,2025-05-31,2836
2380,2024-08-18,1304
2380,2025-03-13,1312
2380,2025-05-01,3867
2381,2023-08-30,3757
2381,2024-03-14,1504
2381,2024-03-24,2137
2381,2024-08-04,3915
2381,2024-12-16,2805
2381,2025-01-08,3312
2381,2025-01-11,3962
2381,2025-01-15,1990
2381,2025-05-01,3333
2382,2023-09-02,940
2382,2023-12-17,1065
2382,2024-04-08,2198
2382,2024-12-10,3059
2382,2025-04-22,3393
2382,2025-04-26,1439
2382,2025-05-14,1683
2382,2025-08-12,933
2383,2023-09-29,3857
2383,2023-10-02,1955
2383,2023-11-09,389
2383,2024-06-05,3097
2383,2024-07-01,1980
2383,2024-10-10,1292
2383,2024-10-25,1216
2383,2025-04-09,3381
2383,2025-07-09,2120
2383,2025-08-02,1713
2384,2023-11-10,3576
2384,2024-01-07,1520
2384,2024-02-08,3203
2384,2024-06-26,2871
2384,2024-07-28,2885
2384,2025-03-04,799
2385,2023-10-27,807
2385,2025-01-03,2419
2385,2025-08-13,2849
2386,2023-09-17,3983
2386,2024-10-18,3393
2387,2023-10-11,1351
2387,2023-11-30,1656
2387,2023-12-25,2489
2387,2024-05-18,2656
2387,2024-08-27,2700
2387,2025-06-14,2648
2387,2025-06-19,3198
2387,2025-07-02,2952
2388,2024-06-17,1857
2388,2024-07-25,1302
2388,2024-11-27,838
2389,2023-11-27,799
2389,2024-02-11,802
2389,2024-04-19,613
2389,2024-08-27,2414
2389,2024-09-23,3677
2389,2024-11-30,3268
2389,2024-12-04,3299
2389,2025-02-24,1863
2389,2025-07-04,1034
2390,2024-08-06,2423
2390,2025-01-15,3682
2390,2025-02-25,2834
2391,2023-10-22,3735
2391,2025-08-14,2048
2392,2023-10-21,3832
2392,2023-11-01,309
2392,2024-05-17,287
2392,2024-11-30,3099
2392,2024-12-09,2062
2392,2025-01-16,2793
2392,2025-08-17,441
2393,2023-09-19,3245
2393,2023-12-06,3959
2393,2023-12-24,1749
2393,2024-10-29,1521
2393,2024-11-08,3594
2393,2025-03-19,1286
2393,2025-05-27,3440
2394,2024-05-30,1566
2394,2024-07-20,3430
2395,2024-03-18,217
2395,2024-04-20,478
2395,2025-06-04,2896
2396,2024-05-20,3184
2396,2024-06-06,817
2397,2023-10-08,3509
2397,2023-12-04,3637
2397,2024-01-16,1015
2397,2024-05-30,3970
2397,2024-08-28,3417
2397,2024-11-20,2637
2397,2024-12-27,3944
2397,2025-02-13,504
2398,2023-11-16,3797
2398,2025-01-18,1145
2399,2023-10-20,240
2399,2024-01-20,937
2399,2025-04-11,1640
2400,2023-08-26,2643
2400,2024-04-22,3050
2400,2024-05-31,2145
2400,2024-08-09,2971
2400,2024-09-17,1963
2400,2025-02-07,2796
2400,2025-05-31,1632
2400,2025-06-17,776
2401,2023-08-31,1845
2401,2023-12-28,2232
2401,2024-02-11,2260
2401,2024-09-02,3746
2401,2024-10-19,2773
2401,2024-11-09,1888
2401,2025-01-09,249
2401,2025-04-02,2834
2401,2025-08-10,1870
2402,2024-04-10,725
2402,2024-08-20,3401
2402,2024-10-14,3819
2402,2024-11-12,2931
2402,2025-01-08,1553
2403,2023-09-18,1374
2403,2023-10-26,2040
2403,2024-04-02,232
2403,2024-08-04,1394
2403,2024-11-22,365
2403,2025-03-10,1617
2403,2025-04-26,475
2403,2025-05-11,419
2403,2025-05-20,2230
2404,2023-10-22,1298
2404,2023-12-27,1854
2404,2024-02-04,2295
2404,2024-08-16,2922
2404,2025-05-29,3472
2405,2023-09-05,2061
2405,2024-01-16,1147
2405,2024-02-08,3822
2405,2024-08-03,3507
2405,2024-09-21,3179
2405,2025-02-15,1751
2405,2025-02-26,2337
2405,2025-04-16,3918
2405,2025-08-05,3549
2406,2023-11-27,1378
2406,2024-04-22,1876
2406,2024-04-27,3356
2406,2024-05-03,2027
2406,2024-05-05,1879
2406,2024-05-18,3994
2406,2024-11-22,3821
2406,2025-05-30,3524
2406,2025-07-30,3551
2407,2023-08-30,2014
2407,2023-09-06,1503
2407,2023-09-09,659
2407,2024-04-08,3777
2407,2024-05-11,1629
2407,2024-06-01,2666
2407,2024-09-08,3910
2407,2024-10-20,974
2407,2025-03-09,3570
2407,2025-08-01,3799
2408,2024-01-21,2198
2408,2024-11-02,3481
2408,2024-12-28,1157
2408,2025-03-17,1417
2408,2025-06-23,1774
2408,2025-07-20,1013
2408,2025-07-22,2998
2409,2024-03-10,1785
2409,2024-07-08,3914
2409,2024-08-20,3346
2409,2024-08-21,1888
2409,2025-02-22,2416
2409,2025-07-31,1183
2409,2025-08-11,2603
2410,2023-12-30,792
2410,2024-11-30,515
2410,2025-02-03,593
2410,2025-05-02,3313
2410,2025-08-10,3784
2410,2025-08-19,1158
2411,2023-09-11,651
2411,2024-03-22,2200
2411,2024-03-31,2415
2411,2024-04-14,3715
2411,2024-08-31,495
2411,2024-12-14,3475
2411,2025-08-20,1129
2412,2024-03-27,938
2412,2024-11-13,1389
2412,2025-04-09,3867
2412,2025-05-30,2911
2413,2023-10-02,2264
2413,2025-08-12,546
2414,2024-01-12,3993
2414,2024-11-01,685
2414,2025-03-01,3783
2415,2023-11-30,2474
2415,2024-04-05,476
2415,2024-06-03,2229
2415,2024-07-28,837
2415,2024-09-14,3259
2415,2025-03-25,1363
2415,2025-08-03,3528
2415,2025-08-25,1365
2416,2023-12-14,2055
2416,2024-01-05,3613
2416,2024-01-20,3558
2416,2024-02-09,2096
2416,2024-03-20,1449
2416,2024-09-22,2118
2416,2024-12-27,3441
2416,2025-05-17,3654
2416,2025-08-24,3861
2417,2023-11-10,2745
2417,2023-12-18,228
2417,2024-03-14,2161
2417,2024-07-09,2654
2417,2024-12-30,1453
2417,2025-01-07,1616
2417,2025-03-09,3217
2417,2025-04-27,1895
2417,2025-06-06,2587
2417,2025-07-14,2893
2418,2024-06-17,3586
2418,2025-06-24,3482
2419,2024-03-26,3370
2419,2024-08-01,360
2419,2025-02-01,1568
2419,2025-02-23,2521
2420,2023-11-16,2049
2420,2023-12-07,333
2420,2024-06-18,1566
2420,2024-12-21,2125
2420,2025-02-24,3684
2420,2025-02-25,236
2420,2025-04-07,1647
2420,2025-06-13,2792
2420,2025-06-19,1067
2421,2023-08-28,3808
2421,2024-04-17,704
2421,2024-06-09,2983
2421,2024-12-26,1422
2421,2025-01-09,3513
2421,2025-01-19,3596
2421,2025-04-07,3656
2421,2025-05-18,1681
2421,2025-06-04,2908
2421,2025-08-01,2103
2422,2023-09-24,1589
2422,2024-09-16,1355
2422,2024-11-19,864
2422,2025-07-09,2498
2423,2023-11-19,3962
2423,2024-05-31,1971
2423,2025-04-23,932
2423,2025-07-03,339
2423,2025-07-12,2749
2423,2025-08-03,1221
2424,2024-05-14,927
2424,2024-07-22,2508
2424,2024-11-03,204
2424,2025-04-03,550
2424,2025-08-08,1730
2425,2023-10-29,1509
2425,2023-10-31,1242
2425,2023-11-12,1332
2425,2023-12-16,2247
2425,2024-02-18,380
2425,2024-12-03,2614
2425,2025-03-25,3718
2425,2025-05-25,1537
2426,2023-12-11,2551
2426,2025-07-10,3580
2426,2025-07-31,1716
2427,2023-08-27,965
2427,2023-09-04,1855
2427,2024-01-28,2868
2427,2024-11-21,666
2427,2025-04-17,2639
2428,2024-06-01,922
2428,2024-09-11,532
2428,2024-11-28,373
2428,2025-07-26,3733
2429,2023-11-24,2927
2429,2023-12-13,2424
2429,2024-03-17,2330
2429,2024-05-07,3026
2429,2024-11-09,1675
2429,2024-11-25,2317
2429,2025-04-27,1758
2429,2025-05-05,1356
2429,2025-07-03,306
2430,2023-09-20,2743
2430,2023-12-16,290
2430,2024-02-08,1684
2430,2024-06-09,1995
2430,2024-07-22,224
2430,2024-07-23,2674
2430,2025-03-25,3007
2430,2025-08-12,265
2431,2023-09-05,293
2431,2023-09-15,1112
2431,2023-10-15,643
2431,2024-07-21,2567
2431,2024-09-11,3143
2431,2024-12-03,3473
2431,2025-06-22,3396
2431,2025-07-22,1368
2432,2023-09-02,1615
2432,2023-09-10,2383
2432,2024-02-06,1280
2432,2025-02-15,3653
2432,2025-06-03,2947
2432,2025-06-29,2174
2433,2024-02-28,201
2434,2024-05-25,631
2434,2024-07-26,1631
2434,2024-09-02,3001
2434,2024-12-01,2303
2434,2025-03-26,802
2435,2025-03-04,1866
2435,2025-04-09,732
2435,2025-05-14,2454
2435,2025-05-21,2335
2436,2024-12-11,1565
2436,2025-03-23,2065
2437,2023-08-31,858
2437,2023-09-03,292
2437,2023-11-14,1527
2437,2023-11-14,1271
2437,2023-12-19,577
2437,2025-02-01,204
2437,2025-07-24,761
2438,2025-02-26,3163
2438,2025-04-28,1990
2439,2024-06-13,1014
2439,2024-11-02,2022
2439,2025-03-05,3358
2440,2023-12-08,892
2440,2024-05-15,2938
2440,2024-05-31,824
2440,2024-07-12,227
2440,2025-01-11,3171
2440,2025-05-01,1638
2440,2025-05-19,1631
2441,2024-12-27,1574
2441,2025-08-09,389
2442,2024-12-01,3079
2442,2025-03-02,1364
2442,2025-03-10,1049
2442,2025-06-24,859
2443,2024-01-13,679
2443,2024-08-11,279
2443,2024-08-22,3010
2443,2024-11-20,1219
2443,2025-01-12,2767
2443,2025-03-15,1968
2443,2025-03-30,329
2443,2025-05-02,1751
2444,2024-03-22,1843
2444,2024-05-15,2034
2444,2024-06-30,698
2444,2024-08-24,2088
2444,2024-09-17,1313
2444,2024-11-11,1867
2444,2025-04-27,2434
2445,2024-01-19,2902
2445,2024-04-10,2064
2445,2024-04-12,1816
2445,2024-05-04,709
2445,2024-06-30,3578
2445,2024-11-11,3991
2445,2025-01-10,1070
2445,2025-05-08,1136
2445,2025-05-11,887
2446,2023-12-03,3108
2446,2024-01-26,1085
2446,2024-06-18,3210
2446,2024-07-06,1378
2446,2025-06-20,1052
2447,2023-09-04,1165
2448,2023-09-28,3184
2448,2023-12-29,2796
2448,2024-04-23,1314
2448,2024-05-02,2661
2448,2024-07-27,542
2448,2024-11-27,3897
2448,2024-12-08,2298
2448,2025-02-03,2945
2448,2025-08-15,1304
2449,2023-11-30,2496
2449,2024-01-07,1926
2449,2024-11-16,1555
2449,2025-05-31,2239
2450,2023-09-17,2590
2450,2023-12-17,3768
2450,2024-04-23,1545
2450,2024-05-03,3035
2450,2024-08-30,808
2450,2024-11-02,3407
2450,2025-02-12,1307
2450,2025-05-29,2153
2451,2024-12-07,303
2451,2025-02-15,1485
2452,2023-10-05,688
2452,2024-06-07,3963
2452,2024-09-25,3445
2453,2024-04-16,3665
2453,2025-03-14,2943
2453,2025-05-28,2461
2454,2024-08-02,3300
2454,2025-08-25,2494
2455,2023-10-19,3903
2455,2023-11-14,2801
2455,2024-02-18,1721
2455,2024-04-06,599
2455,2024-12-18,3742
2455,2025-01-06,1666
2455,2025-01-15,454
2455,2025-06-16,2976
2455,2025-07-07,464
2456,2023-10-09,3207
2456,2023-11-02,2809
2456,2024-03-08,638
2456,2024-12-24,1649
2456,2025-01-03,1120
2456,2025-01-27,1269
2456,2025-06-16,2281
2456,2025-06-25,3535
2456,2025-07-04,2220
2456,2025-08-22,3654
2457,2024-01-27,245
2457,2024-03-30,1548
2457,2024-09-27,3943
2457,2025-03-27,2810
2458,2023-12-04,2480
2458,2025-04-19,2883
2458,2025-08-17,1744
2459,2023-10-22,3756
2459,2024-02-18,2637
2459,2024-03-09,1799
2459,2024-07-25,458
2459,2025-05-28,1258
2460,2023-12-10,1238
2460,2024-03-28,1302
2460,2024-07-10,3256
2460,2024-08-15,1207
2460,2025-03-19,2244
2461,2023-10-14,1983
2461,2023-10-24,349
2461,2024-04-11,1314
2461,2024-04-11,3998
2461,2024-08-29,3837
2461,2025-01-13,444
2461,2025-01-19,2007
2461,2025-02-26,2758
2461,2025-06-06,1055
2461,2025-06-30,1005
2462,2024-06-17,2488
2462,2024-11-18,266
2462,2025-03-07,2637
2462,2025-03-22,832
2462,2025-05-29,1014
2462,2025-07-02,917
2463,2024-10-17,3356
2464,2023-11-25,3027
2464,2024-02-15,2760
2464,2024-03-04,778
2464,2024-03-18,2252
2464,2024-10-11,2744
2464,2024-11-19,1713
2464,2025-04-07,3229
2464,2025-07-18,913
2465,2023-09-18,3559
2465,2023-09-19,1912
2465,2024-05-28,2365
2465,2024-09-23,2263
2465,2024-12-02,1190
2465,2025-01-17,2024
2465,2025-01-21,1249
2465,2025-05-25,1101
2465,2025-08-20,557
2466,2023-12-08,2738
2466,2024-06-25,2833
2466,2024-07-29,3058
2466,2025-04-17,2561
2466,2025-08-16,680
2467,2023-10-04,1486
2467,2024-05-13,2577
2467,2024-05-27,1129
2467,2025-02-14,2021
2467,2025-03-03,217
2467,2025-05-16,1378
2468,2023-10-12,3217
2468,2023-10-22,1801
2468,2024-07-05,3109
2468,2024-09-15,3343
2468,2025-03-27,1273
2468,2025-05-21,1655
2468,2025-06-27,1358
2468,2025-08-01,513
2469,2024-02-14,1824
2469,2024-10-20,1348
2469,2025-06-18,1074
2470,2023-09-18,2459
2470,2024-07-18,1406
2470,2024-12-20,3603
2470,2025-01-27,1546
2470,2025-03-07,2784
2470,2025-05-04,1147
2470,2025-07-13,608
2470,2025-08-04,1711
2471,2024-01-06,3932
2471,2024-04-13,1136
2471,2024-04-16,570
2472,2023-09-25,2843
2472,2024-04-14,1255
2472,2024-04-28,3649
2472,2024-10-22,1603
2472,2025-03-26,2839
2472,2025-04-30,2587
2472,2025-05-25,2959
2472,2025-05-29,3211
2472,2025-06-14,330
2472,2025-07-12,2615
2473,2023-10-15,2079
2473,2024-01-20,1368
2473,2025-07-24,1465
2474,2023-12-18,1453
2474,2024-08-21,2515
2474,2025-02-07,2856
2474,2025-04-09,2200
2474,2025-08-02,3487
2475,2023-11-19,2459
2475,2023-11-27,3286
2475,2024-02-02,3191
2475,2024-05-27,2064
2475,2024-06-28,2638
2475,2025-01-08,3232
2475,2025-01-28,3189
2475,2025-03-17,1908
2475,2025-05-04,1506
2475,2025-05-29,3596
2476,2024-05-21,3796
2476,2024-10-31,649
2476,2025-03-02,660
2476,2025-03-03,3749
2476,2025-03-17,3554
2476,2025-05-05,2952
2476,2025-08-14,2017
2477,2024-09-23,680
2477,2025-05-02,1880
2478,2023-10-06,916
2478,2023-10-31,2207
2478,2024-02-19,1469
2478,2024-09-07,2468
2478,2024-10-22,2612
2478,2025-02-13,1341
2478,2025-04-05,1185
2478,2025-05-03,477
2479,2023-09-03,3344
2479,2023-09-29,559
2479,2023-10-30,1175
2479,2024-02-09,3423
2479,2024-03-14,3304
2479,2024-04-15,3434
2479,2024-07-26,3115
2479,2024-12-06,1999
2479,2025-06-18,3750
2480,2025-06-03,424
2480,2025-08-08,2326
2481,2023-10-10,882
2481,2024-03-03,2115
2481,2025-03-31,2039
2482,2023-12-27,3963
2482,2024-01-24,1389
2482,2024-11-27,2110
2482,2025-06-01,221
2483,2023-10-18,2045
2483,2024-01-10,3707
2483,2024-09-02,2562
2483,2024-09-10,893
2483,2024-10-03,3838
2483,2024-10-23,3600
2483,2025-02-05,1588
2483,2025-03-26,2437
2484,2024-07-23,2574
2484,2024-09-27,1099
2484,2024-10-15,1112
2484,2025-03-29,2763
2484,2025-08-17,3327
2485,2023-08-31,1597
2485,2023-10-05,1706
2485,2023-12-30,2665
2485,2024-01-27,3713
2485,2024-02-20,2956
2485,2024-04-29,2009
2485,2024-11-14,3815
2485,2024-12-07,2207
2485,2025-01-23,2015
2486,2023-12-11,3214
2486,2024-03-09,2063
2486,2024-03-15,2650
2486,2024-08-03,3485
2486,2024-08-21,2381
2486,2025-05-05,1874
2486,2025-05-10,693
2486,2025-07-08,3487
2486,2025-07-19,1333
2487,2023-08-30,3821
2487,2023-09-04,3281
2487,2024-10-27,2836
2487,2025-03-12,2681
2487,2025-03-21,415
2488,2024-06-28,1997
2488,2024-09-17,353
2488,2024-11-06,3794
2488,2025-02-17,1866
2488,2025-03-26,3334
2488,2025-03-30,268
2488,2025-05-16,2115
2488,2025-06-24,1653
2488,2025-07-03,2416
2489,2024-05-17,1201
2489,2024-09-20,2186
2489,2025-07-21,399
2489,2025-07-21,3081
2490,2023-12-03,3656
2490,2024-01-06,840
2490,2024-03-01,1083
2490,2024-04-03,714
2490,2025-02-07,355
2490,2025-02-27,2675
2490,2025-03-03,558
2490,2025-05-21,3120
2490,2025-06-10,1670
2490,2025-07-08,1047
2491,2023-10-03,3853
2491,2024-02-14,3398
2491,2024-08-03,3269
2491,2024-08-05,2849
2491,2024-08-30,2726
2491,2024-09-27,2207
2491,2025-04-24,3239
2492,2024-02-07,2577
2493,2023-09-02,1914
2493,2024-03-25,2765
2493,2024-05-25,3890
2493,2024-06-16,2380
2493,2024-06-26,3294
2493,2024-08-16,3565
2493,2025-02-20,1821
2493,2025-06-10,261
2494,2023-10-09,954
2494,2024-01-24,1817
2494,2024-05-23,2104
2494,2024-08-07,3182
2495,2025-02-02,2510
2496,2023-09-01,2607
2496,2023-10-05,2936
2496,2024-06-15,385
2496,2024-08-03,1427
2496,2024-10-27,3445
2496,2025-01-02,2166
2496,2025-03-08,3378
2496,2025-06-07,515
2496,2025-07-23,2512
2497,2023-09-08,3691
2497,2024-08-31,2412
2497,2025-03-07,3776
2497,2025-07-07,3445
2498,2025-05-07,929
2499,2024-01-12,1451
2500,2023-11-14,721
2501,2024-02-22,2394
2501,2025-06-02,3076
2502,2023-11-03,651
2502,2023-12-05,1414
2502,2024-03-25,3850
2502,2024-10-13,709
2502,2025-03-15,804
2502,2025-03-25,357
2502,2025-05-10,3861
2502,2025-06-12,1886
2503,2024-11-22,1196
2503,2024-12-02,1415
2503,2025-03-02,3627
2503,2025-04-28,1479
2504,2023-11-05,3980
2504,2024-10-14,3478
2504,2024-11-18,794
2504,2025-01-25,3061
2504,2025-02-02,3978
2504,2025-05-12,3597
2504,2025-07-30,930
2505,2023-10-25,2059
2505,2023-10-26,2351
2505,2023-11-08,2926
2505,2024-05-30,3528
2505,2024-08-26,943
2505,2024-11-28,2494
2505,2025-02-11,2281
2505,2025-05-04,2049
2505,2025-06-28,2934
2505,2025-07-26,2994
2506,2023-10-09,1707
2506,2024-04-29,2851
2506,2024-06-24,2427
2506,2024-07-05,482
2506,2024-11-02,336
2506,2024-11-04,3681
2506,2025-03-25,2219
2506,2025-05-23,3515
2507,2023-10-27,920
2507,2024-03-16,3533
2508,2024-01-29,3146
2508,2025-06-11,3635
2509,2024-08-29,858
2509,2024-10-06,237
2510,2024-07-29,2341
2510,2025-02-13,3361
2511,2024-04-05,291
2511,2024-09-07,769
2512,2023-11-28,2555
2512,2023-12-12,2149
2512,2024-02-14,398
2512,2024-05-24,1262
2512,2024-07-21,3171
2512,2024-10-19,1376
2512,2025-02-05,3246
2512,2025-03-19,1860
2513,2023-09-03,2246
2513,2023-11-30,1558
2513,2023-12-17,2618
2513,2024-02-17,398
2513,2024-02-21,403
2513,2024-06-22,421
2513,2024-07-08,556
2513,2024-08-10,3664
2513,2024-11-25,3546
2513,2025-05-24,1929
2514,2023-09-03,929
2514,2023-10-18,977
2514,2023-11-02,2866
2514,2023-12-11,2025
2514,2023-12-28,2493
2514,2024-03-03,703
2514,2024-03-28,616
2514,2024-09-22,737
2514,2024-09-23,909
2514,2024-12-06,322
2515,2023-09-29,2153
2515,2023-11-22,2930
2515,2024-01-16,3800
2515,2024-03-13,2373
2515,2024-07-01,268
2515,2024-08-17,1753
2515,2024-09-30,832
2515,2024-12-31,1732
2515,2025-04-29,3025
2516,2023-11-06,3167
2516,2023-12-28,2867
2516,2024-02-07,1437
2516,2024-03-10,2911
2516,2024-08-27,1562
2517,2023-08-29,3288
2517,2023-11-29,2348
2517,2024-10-30,3039
2517,2025-04-03,306
2517,2025-07-29,2346
2518,2023-09-08,2427
2518,2023-09-10,2435
2518,2024-05-08,334
2518,2024-10-24,3952
2518,2025-01-14,1354
2518,2025-01-27,1992
2518,2025-04-28,2930
2518,2025-07-15,558
2519,2023-11-02,1078
2519,2024-03-21,3074
2519,2024-06-20,3316
2519,2024-08-21,765
2519,2024-12-24,450
2520,2023-12-07,3454
2520,2024-01-08,2162
2520,2024-01-09,2498
2520,2024-07-14,3535
2520,2024-11-10,3503
2520,2024-12-31,2712
2521,2023-10-09,1687
2521,2023-10-23,3678
2521,2023-12-17,3554
2521,2023-12-17,1673
2521,2023-12-31,2948
2521,2025-01-29,1718
2521,2025-05-28,2894
2522,2023-11-27,3357
2522,2023-12-06,1929
2522,2024-02-04,370
2522,2024-04-08,2291
2522,2024-04-12,2390
2522,2024-09-08,2432
2522,2024-09-11,3175
2522,2024-10-10,218
2522,2025-04-09,2629
2523,2023-09-01,1801
2523,2024-04-18,3584
2523,2024-06-16,1785
2523,2024-09-17,914
2523,2024-10-29,3374
2524,2024-01-30,2781
2524,2024-08-13,385
2524,2024-10-06,3017
2524,2024-10-13,2793
2524,2024-12-07,772
2524,2025-01-03,3850
2524,2025-01-10,248
2524,2025-04-29,2087
2524,2025-05-06,463
2524,2025-05-24,796
2525,2023-12-27,2372
2525,2023-12-27,2550
2525,2024-09-10,2206
2525,2024-10-25,2745
2525,2025-01-14,2967
2525,2025-03-22,360
2525,2025-08-11,3779
2526,2023-12-05,3806
2526,2023-12-26,1898
2526,2024-01-20,677
2526,2024-03-09,392
2526,2024-10-04,1198
2526,2024-11-27,3681
2526,2025-03-05,1979
2526,2025-08-25,1922
2527,2023-11-18,3951
2527,2024-01-05,1018
2527,2024-06-07,1904
2527,2024-10-28,2941
2527,2024-12-29,271
2528,2023-10-13,2440
2529,2023-12-12,1789
2530,2025-01-15,2336
2531,2023-12-29,1620
2531,2024-05-15,3756
2531,2024-09-03,3176
2531,2024-09-04,561
2531,2024-09-12,353
2531,2024-10-17,392
2531,2025-01-26,213
2531,2025-02-19,2680
2531,2025-08-16,2964
2532,2024-06-14,2867
2532,2024-06-30,487
2532,2024-08-05,1526
2532,2025-01-16,2395
2532,2025-05-25,2123
2533,2024-01-13,1855
2533,2024-03-01,2533
2533,2024-03-21,2874
2533,2024-08-10,3350
2533,2024-10-31,3583
2533,2025-08-01,1314
2533,2025-08-25,3712
2534,2023-11-17,292
2534,2024-01-06,3070
2534,2024-02-24,1147
2534,2024-04-17,1502
2534,2024-05-31,3705
2534,2024-08-01,3582
2534,2024-09-12,1894
2534,2025-04-07,2666
2534,2025-04-17,1827
2534,2025-06-27,1964
2535,2024-08-22,1501
2535,2025-05-03,1491
2536,2023-11-20,1028
2536,2024-03-03,3507
2536,2024-03-23,2003
2536,2024-07-19,1369
2536,2024-09-20,218
2536,2024-12-02,1834
2536,2025-01-12,2808
2536,2025-06-12,1296
2537,2024-02-21,3610
2537,2024-03-31,2778
2537,2024-04-28,681
2537,2024-09-09,2586
2537,2024-12-18,2285
2537,2025-01-29,3877
2537,2025-01-31,327
2537,2025-02-16,693
2537,2025-07-27,1063
2537,2025-08-09,2298
2538,2023-10-06,2664
2538,2023-12-30,3585
2538,2024-03-06,2545
2538,2024-03-12,639
2538,2024-06-03,3313
2538,2024-10-19,1581
2538,2025-02-10,2090
2538,2025-06-13,1022
2538,2025-08-24,2955
2539,2024-02-08,1614
2539,2024-03-01,2400
2539,2024-07-24,205
2539,2024-10-01,2142
2539,2024-11-06,1561
2539,2024-12-24,1005
2539,2025-01-27,932
2539,2025-03-20,3591
2539,2025-05-01,2066
2539,2025-08-05,266
2540,2024-03-25,893
2540,2024-11-22,3492
2540,2025-02-15,3277
2541,2024-07-23,3457
2541,2025-01-08,1457
2541,2025-04-24,1975
2541,2025-06-13,1974
2542,2024-11-13,1599
2543,2024-01-16,3437
2543,2024-02-08,3330
2543,2024-04-18,2844
2543,2024-04-21,3100
2543,2024-08-02,1802
2543,2024-11-21,1402
2543,2025-01-14,3833
2543,2025-07-09,1598
2543,2025-07-16,2035
2544,2023-09-12,1637
2544,2023-09-16,1124
2544,2023-11-03,2890
2544,2024-01-15,768
2544,2024-07-19,1644
2544,2024-08-01,1977
2544,2024-12-26,2635
2544,2025-02-10,2623
2544,2025-07-14,1907
2544,2025-08-03,1313
2545,2024-01-03,1368
2545,2025-03-22,767
2546,2023-08-31,333
2546,2023-10-09,2821
2546,2024-03-21,1371
2546,2024-07-07,3699
2547,2023-09-10,3263
2547,2024-02-28,1076
2547,2024-06-23,817
2547,2024-07-22,3736
2547,2024-12-17,518
2547,2024-12-21,3311
2547,2025-02-15,2894
2548,2023-11-15,2923
2548,2024-03-01,3384
2548,2024-06-06,3471
2548,2024-06-06,3023
2548,2024-12-09,2458
2548,2025-04-15,1678
2548,2025-06-12,2288
2548,2025-06-19,1466
2548,2025-07-16,3873
2549,2023-10-13,3789
2549,2024-12-25,1041
2550,2023-12-01,2650
2550,2023-12-12,2291
2550,2024-02-23,2001
2550,2024-04-13,1098
2550,2024-07-27,3599
2550,2024-08-17,3908
2550,2024-10-03,2017
2550,2025-02-01,1947
2550,2025-06-07,1411
2550,2025-07-01,1070
2551,2023-08-29,3303
2551,2023-10-01,1010
2551,2024-01-17,229
2551,2024-02-10,3242
2551,2024-05-19,591
2551,2024-06-12,2441
2551,2024-10-07,3714
2551,2025-03-05,1219
2551,2025-04-19,2325
2551,2025-08-20,2765
2552,2023-08-28,2945
2552,2023-10-22,1209
2552,2024-04-30,1956
2552,2024-05-21,2677
2552,2024-08-01,1720
2552,2025-07-01,2251
2553,2023-11-18,1789
2553,2024-01-16,2034
2553,2024-02-07,711
2553,2024-09-27,2979
2553,2024-10-07,3228
2553,2024-10-10,1838
2554,2023-09-29,1707
2554,2024-03-17,3973
2554,2024-04-05,473
2554,2024-06-07,3520
2554,2025-03-08,3787
2554,2025-06-10,3514
2555,2023-10-30,1210
2555,2024-01-17,752
2555,2024-02-19,1382
2555,2024-03-11,673
2555,2024-08-10,2502
2555,2024-11-16,3509
2555,2025-01-11,3841
2555,2025-02-05,2164
2556,2024-11-16,1061
2556,2025-04-16,1639
2557,2023-12-22,2771
2557,2024-07-28,2285
2557,2025-08-12,2131
2558,2023-12-06,370
2559,2023-09-29,3956
2559,2024-03-19,3052
2559,2024-10-21,2134
2560,2024-05-31,2545
2560,2025-02-19,3722
2561,2023-11-24,582
2561,2023-12-23,1591
2561,2024-02-03,1299
2561,2024-12-14,1497
2561,2024-12-25,3208
2561,2025-03-02,2568
2562,2024-06-10,632
2562,2024-12-06,1962
2563,2023-09-17,1358
2563,2023-09-28,1561
2563,2023-12-22,271
2563,2024-01-22,2204
2563,2024-02-08,1128
2563,2024-06-13,2336
2563,2024-08-21,3964
2563,2024-10-18,513
2563,2025-02-02,2809
2563,2025-06-25,1104
2564,2023-12-20,2536
2564,2024-01-02,2008
2564,2024-09-20,3272
2564,2024-11-03,583
2564,2024-11-30,2639
2564,2024-12-19,2947
2564,2025-01-20,440
2564,2025-02-22,1197
2564,2025-03-15,1820
2564,2025-07-01,2155
2565,2024-02-09,3748
2565,2024-02-20,3527
2565,2024-03-17,1134
2565,2024-03-30,1225
2565,2024-06-04,388
2565,2024-07-21,1579
2565,2024-09-01,2303
2566,2023-10-27,1633
2566,2024-07-31,1509
2566,2024-09-02,655
2566,2025-01-05,1894
2566,2025-02-11,2948
2566,2025-04-20,544
2567,2023-11-22,719
2567,2023-12-10,2292
2567,2024-04-29,2566
2567,2024-05-24,3527
2567,2024-08-12,3009
2567,2024-10-05,2972
2567,2024-11-06,2342
2567,2024-12-02,3046
2567,2025-04-16,1115
2568,2024-03-14,2641
2568,2024-09-03,1708
2568,2024-09-28,2634
2568,2024-10-07,343
2568,2024-12-24,578
2569,2024-02-06,3987
2569,2024-09-10,2306
2569,2024-12-09,1918
2569,2025-03-14,3452
2569,2025-04-29,3819
2569,2025-05-15,1656
2570,2024-01-14,3593
2570,2024-04-10,350
2570,2024-07-16,3417
2570,2024-11-06,3304
2570,2024-11-14,456
2570,2024-12-12,1414
2570,2024-12-14,2086
2570,2025-06-23,2164
2570,2025-06-30,3656
2571,2023-09-30,1162
2571,2023-12-27,1765
2571,2024-02-16,3966
2571,2024-05-20,3745
2571,2024-07-31,1653
2571,2024-08-25,2978
2571,2024-08-31,702
2571,2025-01-16,2337
2571,2025-03-10,880
2571,2025-04-23,2030
2572,2024-02-14,1398
2572,2024-04-05,1982
2572,2024-06-28,2284
2572,2024-11-29,2048
2573,2024-03-01,2482
2573,2024-04-01,2245
2573,2024-06-20,3594
2573,2024-10-28,266
2573,2024-11-17,469
2573,2025-02-12,2955
2573,2025-02-17,1168
2573,2025-05-20,2875
2574,2024-05-31,986
2575,2023-09-29,2648
2575,2023-11-18,2026
2575,2024-06-07,1670
2575,2024-06-16,429
2575,2025-04-11,2429
2575,2025-06-05,2940
2575,2025-08-20,1168
2576,2023-11-08,2222
2576,2024-02-29,1821
2576,2024-07-02,1149
2576,2024-09-20,3142
2576,2025-02-09,1324
2577,2023-12-15,1339
2577,2024-06-28,1380
2577,2025-07-05,3325
2578,2024-03-27,3152
2578,2025-07-23,849
2579,2023-09-13,3401
2579,2023-11-02,950
2579,2024-11-06,1501
2580,2023-11-03,236
2580,2024-06-24,917
2580,2024-07-01,2039
2581,2023-10-01,2033
2582,2023-09-07,1714
2582,2023-09-24,1676
2582,2023-09-26,2312
2582,2023-11-06,3121
2582,2023-11-12,775
2582,2025-01-18,1745
2582,2025-06-09,3342
2583,2024-03-12,2759
2584,2023-12-22,3059
2584,2023-12-26,1594
2584,2024-03-14,3348
2584,2024-05-26,2108
2584,2024-07-01,627
2584,2024-07-22,670
2584,2024-07-28,3394
2584,2024-10-04,1736
2584,2025-05-08,3326
2585,2025-05-29,3207
2585,2025-06-13,1640
2586,2024-01-09,2586
2586,2024-03-14,1793
2586,2024-03-26,2223
2586,2024-06-16,3419
2586,2025-02-05,2015
2587,2023-09-03,2111
2587,2023-09-07,992
2587,2023-12-13,3293
2587,2024-07-20,1575
2587,2024-09-25,395
2587,2024-11-20,421
2587,2025-01-03,3345
2588,2023-09-09,3774
2588,2023-10-11,1695
2588,2023-11-04,3872
2588,2024-02-20,3777
2588,2024-08-28,1210
2588,2025-04-06,1376
2588,2025-04-16,2255
2588,2025-06-19,1548
2589,2025-03-25,2553
2589,2025-08-08,3332
2590,2023-11-30,536
2590,2024-08-03,2506
2590,2024-12-14,851
2590,2025-07-08,3230
2591,2024-07-11,2703
2591,2025-05-26,893
2592,2024-02-18,2976
2592,2025-05-10,2176
2593,2023-10-29,3284
2593,2024-02-03,3011
2593,2024-02-12,794
2593,2024-03-12,2491
2593,2024-09-17,2534
2593,2024-11-18,1065
2593,2025-06-06,2375
2593,2025-06-29,409
2593,2025-07-11,1069
2594,2023-12-16,2724
2594,2024-05-04,1097
2594,2024-06-28,1080
2594,2024-08-05,2411
2594,2024-12-12,2801
2594,2025-01-16,3701
2594,2025-07-13,817
2595,2023-08-28,1635
2595,2023-12-23,3626
2595,2024-01-15,3711
2595,2024-02-25,2740
2595,2024-03-16,2977
2595,2024-04-01,3793
2595,2024-08-02,3007
2595,2025-01-01,946
2595,2025-06-20,3328
2595,2025-08-03,1974
2596,2023-12-21,1083
2596,2024-02-24,382
2596,2024-11-05,3235
2596,2025-05-01,2346
2596,2025-06-01,3460
2596,2025-06-30,1217
2597,2024-11-26,3758
2597,2025-02-16,1222
2597,2025-03-31,3740
2597,2025-07-08,1932
2598,2024-05-02,924
2598,2024-05-23,3946
2598,2024-09-22,1498
2598,2024-10-10,1877
2598,2025-03-20,1460
2598,2025-07-31,2075
2599,2024-12-01,2160
2599,2025-06-03,1897
2599,2025-07-24,2304
2599,2025-08-10,1599
2600,2024-10-12,3959
2600,2025-06-26,1207
2601,2023-11-08,1900
2601,2024-04-17,1464
2601,2024-04-29,3712
2601,2024-05-29,551
2601,2024-07-18,814
2601,2025-02-04,217
2601,2025-05-30,3012
2601,2025-06-04,645
2601,2025-08-13,1448
2602,2023-09-28,957
2602,2024-03-13,3204
2602,2024-04-28,1104
2602,2024-05-18,2719
2602,2025-03-22,371
2602,2025-07-31,531
2603,2024-02-08,689
2603,2024-02-20,3730
2603,2024-04-20,301
2603,2024-11-02,2673
2603,2024-11-11,314
2603,2025-02-20,3882
2604,2023-09-15,3197
2604,2023-11-26,3933
2604,2024-02-18,2948
2604,2024-03-20,3162
2604,2024-11-04,229
2605,2023-10-18,1473
2605,2023-12-09,3352
2605,2024-12-08,3496
2606,2023-09-13,844
2606,2024-02-28,1190
2606,2024-04-24,525
2606,2024-05-06,2814
2606,2024-12-06,643
2606,2024-12-25,3749
2606,2025-05-07,1057
2607,2023-12-07,1538
2607,2024-03-30,1060
2607,2025-02-11,1645
2608,2023-10-15,1106
2608,2024-01-20,1261
2608,2024-07-06,748
2608,2024-07-19,2276
2608,2024-10-04,1184
2608,2024-11-10,553
2608,2024-11-26,265
2608,2025-01-06,3944
2608,2025-03-14,823
2608,2025-07-02,3904
2609,2023-10-06,3638
2609,2023-10-15,1460
2609,2023-10-26,2299
2609,2023-12-10,3116
2609,2024-01-27,1190
2609,2024-02-14,3956
2609,2024-11-10,332
2609,2025-04-04,1661
2609,2025-04-24,2248
2609,2025-08-19,3747
2610,2024-04-02,1183
2610,2024-07-21,960
2610,2025-01-14,1908
2611,2023-12-01,893
2611,2023-12-20,2984
2611,2024-02-13,1884
2611,2024-06-22,3476
2611,2024-10-22,2096
2611,2024-10-25,3070
2611,2025-08-14,802
2612,2024-02-25,396
2612,2024-03-13,2862
2612,2024-09-05,1494
2612,2024-11-03,1459
2612,2024-12-08,2958
2612,2024-12-12,2398
2612,2025-01-27,2784
2612,2025-04-26,1889
2612,2025-05-25,2818
2613,2023-11-26,2556
2614,2023-10-05,2404
2614,2023-10-27,3038
2614,2024-01-10,1538
2614,2025-03-11,2059
2615,2024-04-19,3586
2615,2024-05-28,3881
2615,2024-12-14,3785
2615,2025-02-03,1511
2615,2025-03-08,2718
2615,2025-05-14,3175
2615,2025-05-19,3705
2616,2024-04-20,1610
2616,2025-05-14,2603
2617,2024-01-28,1962
2618,2023-12-01,216
2618,2024-08-18,2015
2618,2024-09-25,839
2618,2025-02-23,2503
2618,2025-06-30,3479
2618,2025-07-03,241
2619,2023-09-30,2145
2619,2024-07-29,1937
2619,2024-10-09,629
2619,2025-04-05,747
2619,2025-07-06,1689
2620,2024-01-05,1292
2620,2024-07-11,709
2620,2025-01-27,2031
2620,2025-05-15,1552
2621,2024-02-02,3215
2621,2024-09-06,1890
2621,2024-09-29,672
2621,2024-12-21,1586
2621,2025-07-17,2463
2622,2023-10-09,956
2623,2023-11-01,372
2623,2024-12-22,2366
2623,2025-02-18,2517
2623,2025-05-28,3108
2624,2023-11-05,1205
2624,2024-09-13,2883
2625,2023-09-17,2217
2625,2024-03-18,577
2625,2024-08-04,2084
2625,2024-08-11,1819
2625,2024-12-02,2264
2625,2025-03-02,1993
2625,2025-08-19,1096
2625,2025-08-20,942
2626,2023-11-14,3258
2626,2024-02-18,871
2626,2024-03-12,3346
2626,2024-07-18,1761
2626,2024-12-28,2836
2627,2023-10-20,3431
2627,2025-05-10,1606
2628,2023-10-24,3392
2628,2024-02-03,415
2628,2024-04-25,3253
2628,2024-05-15,3642
2628,2024-09-01,3363
2628,2025-01-23,998
2628,2025-07-09,3712
2629,2024-03-14,3381
2629,2024-05-05,2909
2629,2025-05-20,317
2630,2023-12-29,3060
2631,2023-10-30,3165
2631,2024-01-18,316
2632,2023-09-06,2008
2632,2024-05-19,3231
2632,2024-11-30,1702
2633,2024-03-28,923
2633,2024-12-17,2095
2633,2024-12-31,3284
2633,2025-01-13,759
2633,2025-01-24,1329
2633,2025-02-10,443
2633,2025-05-29,3355
2633,2025-07-26,3400
2633,2025-07-29,1638
2633,2025-08-04,403
2634,2024-07-30,2886
2634,2024-09-24,759
2634,2024-10-31,3497
2634,2024-11-04,2146
2634,2024-11-19,972
2634,2024-12-20,2644
2634,2024-12-30,941
2634,2025-01-01,2035
2634,2025-01-19,2589
2634,2025-02-10,3974
2635,2023-12-03,279
2635,2024-01-09,2793
2635,2024-01-10,1610
2635,2024-08-24,1433
2635,2024-12-16,3565
2635,2025-03-09,509
2635,2025-03-15,851
2635,2025-05-22,1039
2635,2025-08-14,1936
2636,2024-02-28,3411
2637,2024-01-07,658
2637,2024-02-01,3274
2637,2024-03-03,1666
2637,2024-09-12,678
2637,2024-09-24,3148
2637,2024-12-27,3334
2637,2025-05-29,1499
2637,2025-07-27,424
2638,2024-01-08,3259
2639,2025-07-11,3120
2639,2025-07-31,697
2640,2023-09-10,1231
2640,2025-07-26,3438
2641,2023-10-20,853
2641,2024-05-20,3397
2641,2024-07-20,3488
2641,2024-12-24,3473
2641,2025-01-16,1276
2641,2025-08-04,2451
2642,2023-09-13,2883
2642,2024-01-06,854
2642,2024-08-11,3340
2642,2024-09-08,3487
2642,2024-09-30,492
2642,2024-10-22,1816
2642,2024-11-04,3526
2642,2025-04-22,2432
2642,2025-05-17,2057
2642,2025-08-14,975
2643,2025-03-07,290
2644,2024-01-05,3956
2644,2024-03-02,388
2644,2024-06-02,1108
2644,2024-08-30,500
2644,2024-10-13,881
2644,2025-01-21,1122
2644,2025-02-25,2311
2645,2025-04-15,2409
2646,2023-09-19,1680
2646,2023-12-29,3309
2646,2024-03-03,3788
2646,2024-04-28,2046
2646,2024-05-04,780
2646,2024-10-03,2060
2646,2024-10-06,3717
2646,2025-01-03,349
2646,2025-02-26,1554
2646,2025-08-01,1473
2647,2023-11-29,3962
2647,2024-01-31,3336
2647,2024-02-12,1154
2647,2024-07-24,1327
2647,2024-12-23,1028
2647,2025-01-23,274
2647,2025-07-23,2670
2648,2023-10-03,381
2648,2023-12-02,3820
2648,2024-07-12,2798
2649,2023-11-22,3690
2649,2023-12-16,2173
2649,2024-05-21,1886
2649,2024-12-14,3843
2649,2025-08-22,1298
2650,2024-01-12,1081
2650,2024-02-19,2150
2650,2024-07-01,1035
2650,2025-01-16,700
2651,2025-01-26,1117
2652,2024-02-22,716
2652,2025-04-15,3723
2653,2024-01-25,441
2654,2023-11-07,2525
2654,2024-01-30,3569
2654,2024-07-03,2684
2654,2024-09-08,2634
2654,2025-02-17,1604
2654,2025-07-30,2654
2655,2023-10-19,1200
2655,2023-12-16,2951
2655,2024-01-28,3363
2655,2024-07-08,1646
2655,2024-09-07,3922
2655,2024-12-12,1374
2655,2024-12-14,2651
2655,2025-05-18,1392
2655,2025-07-16,1926
2655,2025-08-18,3921
2656,2024-07-07,3242
2656,2024-12-10,378
2656,2025-01-28,3454
2657,2024-06-03,2904
2657,2025-06-15,3481
2658,2024-03-01,3570
2658,2024-03-28,3156
2658,2024-04-11,2204
2658,2024-04-18,620
2658,2024-04-24,3729
2658,2024-05-12,3204
2658,2024-08-02,3586
2658,2025-02-14,1897
2659,2023-08-31,3028
2659,2023-11-22,2117
2659,2024-02-28,3696
2659,2024-05-18,1775
2659,2025-02-17,760
2659,2025-02-18,2125
2659,2025-02-23,875
2659,2025-06-07,1157
2660,2024-08-29,1699
2660,2024-10-01,3522
2660,2024-10-19,833
2660,2024-12-30,658
2660,2025-02-07,1450
2660,2025-08-10,1902
2660,2025-08-15,2116
2661,2024-04-30,1212
2661,2025-01-19,584
2661,2025-05-29,1300
2661,2025-06-07,3141
2662,2024-10-19,2311
2662,2024-12-07,3557
2662,2025-04-09,1430
2662,2025-04-29,3646
2662,2025-06-07,2525
2662,2025-07-01,2127
2663,2023-09-29,3886
2663,2025-04-28,3303
2663,2025-05-30,2426
2663,2025-07-19,2934
2664,2023-12-23,419
2664,2024-06-21,2511
2664,2024-11-10,288
2664,2024-12-20,3430
2664,2025-01-20,3727
2664,2025-01-23,2672
2664,2025-01-30,797
2664,2025-08-21,1086
2665,2024-01-21,3301
2665,2025-01-01,1486
2665,2025-06-09,722
2666,2023-11-09,2196
2666,2025-05-06,2990
2667,2023-11-27,3360
2667,2024-01-16,257
2667,2024-03-10,1465
2667,2024-03-19,1170
2667,2024-05-18,2953
2667,2024-06-27,2961
2667,2025-04-14,2459
2667,2025-08-05,3265
2668,2025-08-10,410
2669,2024-11-06,1728
2670,2023-11-04,2401
2670,2024-09-14,3769
2670,2025-04-24,3059
2670,2025-06-11,1720
2670,2025-06-30,3883
2671,2023-11-02,3101
2671,2024-03-11,965
2671,2024-11-11,767
2672,2023-11-30,694
2672,2023-12-14,2448
2672,2023-12-15,3292
2672,2024-02-12,675
2672,2024-02-25,829
2672,2024-03-12,3566
2672,2024-08-09,2012
2672,2024-08-18,2281
2672,2025-01-21,1798
2672,2025-04-20,2260
2673,2023-10-18,2174
2673,2024-05-15,3779
2673,2024-05-22,3029
2673,2024-08-23,705
2673,2024-10-03,2991
2673,2025-08-16,2144
2674,2023-10-22,1498
2674,2024-02-26,1568
2674,2024-04-05,1636
2674,2024-04-24,2237
2674,2024-05-30,1424
2674,2024-09-05,3119
2674,2024-11-24,2307
2674,2025-02-06,1831
2674,2025-05-19,3513
2674,2025-08-23,720
2675,2024-05-28,2150
2675,2025-01-11,244
2675,2025-04-20,3734
2675,2025-08-25,851
2676,2023-12-10,2853
2676,2024-06-03,3702
2677,2024-05-10,3891
2677,2024-07-13,1488
2677,2024-11-10,1520
2677,2024-12-25,2006
2677,2025-03-26,3630
2678,2023-11-16,1378
2678,2024-01-11,2091
2678,2024-08-08,2780
2678,2024-08-09,1356
2678,2024-08-14,221
2678,2025-02-02,1616
2678,2025-03-08,1049
2678,2025-04-13,1745
2678,2025-08-11,379
2679,2024-05-09,1568
2679,2024-05-30,499
2679,2024-08-12,2633
2679,2024-10-23,1367
2679,2024-10-27,3398
2679,2025-01-30,721
2679,2025-05-06,3284
2680,2023-08-30,273
2680,2023-09-08,3128
2680,2023-12-24,3867
2680,2023-12-29,622
2680,2024-02-04,3781
2680,2024-08-12,2325
2680,2024-08-20,3875
2680,2024-11-20,779
2680,2025-02-08,2745
2680,2025-04-06,942
2681,2024-02-06,2372
2681,2025-06-22,3620
2681,2025-08-04,2931
2682,2023-10-06,3933
2682,2024-12-02,2255
2682,2025-02-04,3399
2682,2025-05-02,1188
2682,2025-07-03,766
2682,2025-07-22,2901
2683,2024-03-21,3955
2683,2024-07-17,1581
2683,2024-08-20,3441
2683,2024-08-27,3612
2683,2024-11-24,2167
2683,2025-03-13,2339
2683,2025-04-10,1141
2683,2025-04-15,2601
2683,2025-05-02,1286
2684,2024-03-22,2309
2684,2024-10-14,3286
2684,2025-03-08,2552
2684,2025-07-29,3918
2685,2023-10-17,1691
2685,2024-03-01,2441
2685,2025-02-06,389
2685,2025-08-02,2893
2685,2025-08-14,3734
2686,2023-10-03,1065
2686,2023-11-10,2067
2687,2024-11-24,1095
2688,2024-06-13,1879
2688,2024-10-03,785
2688,2025-03-26,3091
2688,2025-04-04,1866
2689,2023-08-27,723
2689,2023-10-23,2375
2689,2023-10-27,2129
2689,2023-11-14,1135
2689,2024-11-30,1013
2689,2025-01-11,588
2689,2025-02-06,1052
2689,2025-07-12,439
2690,2023-10-23,2914
2690,2023-11-23,1006
2690,2023-12-18,1565
2690,2024-01-19,2359
2690,2024-02-13,2940
2690,2024-09-01,1171
2690,2024-10-31,3810
2690,2025-01-05,2378
2690,2025-06-06,3418
2691,2023-09-03,2837
2691,2023-10-20,3285
2691,2023-10-31,2839
2691,2024-01-27,3546
2691,2024-05-29,2501
2691,2024-06-05,2853
2691,2024-08-10,2714
2691,2024-10-29,1363
2692,2023-12-02,1823
2693,2024-01-28,3060
2694,2024-10-26,701
2694,2024-11-03,2745
2695,2023-09-07,1868
2695,2023-10-24,3087
2695,2023-12-02,1807
2695,2023-12-15,3639
2695,2024-02-10,3722
2695,2024-05-06,3187
2695,2024-06-16,2707
2695,2024-08-05,3851
2695,2024-10-26,2729
2695,2024-12-08,1966
2696,2024-07-29,1196
2696,2024-10-23,1614
2696,2025-07-13,1543
2697,2023-09-27,2458
2697,2025-03-15,1344
2697,2025-03-19,2542
2697,2025-04-07,793
2697,2025-06-29,3539
2698,2023-11-10,1799
2698,2023-11-27,3635
2698,2023-12-07,1174
2698,2024-06-02,3933
2698,2024-08-16,3499
2698,2025-04-16,2559
2698,2025-05-03,1818
2698,2025-06-06,703
2699,2024-03-26,3782
2699,2024-08-07,786
2699,2024-08-08,670
2699,2024-08-25,3379
2699,2024-09-07,2723
2699,2024-11-22,3007
2699,2025-01-07,3254
2699,2025-02-03,2825
2699,2025-03-16,1473
2699,2025-04-11,559
2700,2024-04-21,2966
2700,2024-12-01,1908
2701,2023-12-05,3090
2701,2024-05-16,307
2701,2024-08-20,1416
2701,2024-11-15,1526
2701,2024-12-22,2689
2702,2023-09-20,345
2702,2024-02-27,2825
2702,2024-03-22,1113
2702,2024-04-10,2330
2702,2024-10-24,3583
2702,2024-11-14,2770
2702,2024-12-29,3961
2702,2025-02-22,294
2702,2025-04-07,3084
2702,2025-07-12,3851
2703,2023-10-13,567
2703,2023-10-25,2499
2703,2024-03-04,1302
2703,2024-08-24,3668
2703,2025-02-10,1289
2704,2023-09-14,2427
2704,2024-02-12,2026
2704,2024-08-18,1847
2705,2024-03-12,3552
2706,2024-01-27,2191
2706,2024-06-24,1352
2706,2025-06-14,1683
2707,2023-09-17,1728
2707,2024-02-10,1076
2707,2024-03-15,1987
2707,2024-03-28,1566
2707,2024-05-25,2780
2707,2024-06-17,3362
2707,2024-08-05,1573
2707,2024-09-04,3346
2707,2025-02-05,808
2708,2024-03-20,3470
2708,2024-03-27,2098
2708,2024-04-24,1108
2708,2024-06-07,2223
2708,2024-07-23,2985
2708,2024-08-28,3899
2708,2024-10-17,1212
2708,2025-03-04,670
2708,2025-03-16,1024
2708,2025-03-27,1130
2709,2023-10-04,3554
2709,2024-02-19,2103
2709,2024-04-24,3848
2709,2024-09-01,2340
2709,2024-09-11,833
2709,2025-06-17,1507
2709,2025-06-21,1882
2709,2025-07-06,1492
2710,2023-09-28,429
2710,2024-01-04,3636
2710,2024-01-05,1834
2710,2024-01-20,3052
2710,2024-04-17,3042
2710,2024-04-27,1947
2710,2024-06-08,3584
2710,2024-09-03,392
2710,2024-09-20,257
2710,2025-02-10,1380
2711,2023-09-26,3574
2711,2024-01-26,869
2711,2024-06-25,2662
2712,2023-10-19,1016
2712,2023-11-04,1195
2712,2024-01-24,2944
2712,2024-06-02,310
2712,2024-09-26,3837
2712,2024-10-18,829
2712,2024-10-25,886
2712,2024-11-29,489
2713,2023-12-19,216
2713,2024-03-20,1642
2713,2024-06-28,3128
2713,2025-07-26,2081
2714,2023-10-07,1783
2714,2023-11-11,479
2714,2023-12-10,1398
2714,2023-12-15,3199
2714,2024-01-02,1730
2714,2024-04-19,3897
2714,2024-07-26,3121
2714,2024-10-31,951
2715,2025-03-31,3612
2715,2025-04-17,1627
2715,2025-07-16,1081
2715,2025-07-23,3809
2716,2023-09-24,2792
2716,2024-07-15,2241
2716,2024-12-29,3953
2716,2025-02-08,1148
2716,2025-04-18,3682
2717,2024-02-23,691
2718,2024-04-01,3000
2718,2024-04-17,3910
2718,2024-04-17,2584
2718,2024-04-26,978
2718,2024-05-12,1450
2718,2024-07-04,3490
2718,2024-09-15,668
2718,2025-02-09,1587
2718,2025-03-06,3045
2718,2025-06-10,2279
2719,2023-10-08,1868
2719,2024-01-29,3726
2719,2024-03-15,3528
2719,2025-05-12,1921
2719,2025-07-09,3777
2720,2024-08-18,3980
2720,2024-10-06,1964
2720,2025-07-22,714
2721,2024-11-16,203
2722,2023-11-17,1425
2722,2024-01-06,2579
2722,2024-12-20,3493
2722,2025-06-15,982
2722,2025-08-06,663
2723,2023-12-22,2858
2723,2024-01-05,1758
2723,2024-02-29,405
2723,2024-05-10,3594
2723,2024-07-25,3400
2723,2025-06-26,2194
2723,2025-08-10,1886
2724,2023-08-30,994
2724,2023-11-24,1949
2724,2024-03-10,1108
2724,2024-06-29,1512
2724,2024-07-06,3127
2724,2024-07-13,656
2724,2025-02-13,654
2724,2025-03-25,2259
2724,2025-03-25,228
2725,2024-05-05,3734
2725,2024-10-27,587
2725,2024-12-01,252
2725,2025-05-09,1282
2725,2025-05-29,1557
2725,2025-07-06,2267
2726,2024-01-25,1647
2726,2025-01-07,585
2726,2025-02-16,207
2727,2023-09-07,3040
2727,2023-11-16,3577
2727,2023-12-24,3208
2727,2024-08-14,2877
2727,2025-01-04,1642
2727,2025-04-12,3753
2727,2025-06-16,485
2728,2024-08-07,1558
2728,2025-02-13,235
2729,2023-10-31,1682
2729,2024-01-24,2935
2729,2024-04-12,2554
2729,2024-08-06,1625
2729,2025-01-29,2769
2729,2025-03-15,1345
2729,2025-05-08,1560
2729,2025-07-26,1947
2730,2024-10-07,723
2730,2025-01-16,295
2730,2025-07-25,1051
2731,2024-02-18,2841
2731,2024-11-18,240
2731,2025-02-19,3150
2731,2025-03-10,3630
2731,2025-03-25,3032
2731,2025-05-08,1313
2731,2025-05-11,1131
2731,2025-05-22,2094
2732,2023-08-26,2927
2732,2024-02-16,2667
2732,2024-04-18,918
2732,2024-09-12,450
2732,2024-10-20,3351
2732,2024-12-17,851
2732,2025-01-10,2868
2732,2025-01-15,2630
2732,2025-02-27,229
2732,2025-04-13,1014
2733,2024-05-18,3845
2733,2025-01-21,341
2733,2025-03-08,1961
2733,2025-05-06,3731
2734,2023-09-18,3743
2734,2024-07-21,831
2735,2023-11-30,2212
2735,2025-02-07,2425
2735,2025-03-01,1881
2735,2025-03-12,523
2735,2025-04-27,3356
2735,2025-08-23,2099
2736,2023-09-03,1641
2736,2023-10-12,1115
2736,2023-10-17,462
2736,2024-06-27,1748
2736,2024-09-14,3775
2736,2025-01-22,3073
2736,2025-04-20,400
2736,2025-07-10,3742
2737,2024-08-17,1610
2737,2024-09-02,2126
2737,2024-09-12,1860
2737,2024-10-18,2618
2737,2024-12-24,1258
2737,2025-03-22,2298
2737,2025-04-02,256
2738,2023-08-30,3279
2738,2023-09-23,1754
2738,2023-10-03,2569
2738,2023-11-29,2337
2738,2024-09-10,2691
2738,2025-02-09,3030
2738,2025-07-30,1998
2738,2025-08-25,2507
2739,2023-09-02,3118
2739,2023-11-04,1805
2739,2024-08-08,1164
2739,2024-09-06,2797
2740,2025-04-17,2196
2741,2024-07-06,3816
2741,2024-08-13,2647
2741,2024-09-20,1998
2741,2024-09-27,1083
2741,2024-11-04,3027
2741,2024-11-29,3539
2741,2024-12-27,3032
2741,2025-03-09,2211
2742,2024-03-11,3209
2742,2024-08-25,554
2742,2025-06-06,2509
2743,2024-09-28,2700
2743,2024-10-29,2281
2743,2025-07-12,2528
2743,2025-08-12,1072
2744,2023-12-19,3010
2744,2024-10-16,3825
2744,2025-03-22,3917
2744,2025-07-01,3834
2745,2024-03-31,571
2745,2024-05-13,3446
2745,2024-07-06,2137
2745,2024-07-30,1460
2745,2024-09-12,3341
2745,2024-12-15,1954
2746,2024-01-07,3048
2746,2024-01-29,488
2746,2024-10-21,663
2746,2024-12-25,2728
2746,2025-02-01,957
2746,2025-03-30,1848
2746,2025-04-03,2980
2746,2025-07-18,3575
2746,2025-08-04,2750
2747,2023-11-07,1116
2747,2024-01-21,3548
2747,2024-04-13,1848
2747,2024-04-30,313
2747,2024-06-03,1303
2747,2024-09-09,3367
2747,2025-01-26,723
2747,2025-04-20,2356
2747,2025-04-20,3663
2747,2025-07-05,3997
2748,2024-05-03,1215
2748,2024-05-29,2339
2748,2025-02-20,3718
2749,2023-09-25,1114
2749,2023-10-31,325
2749,2024-07-02,386
2749,2025-05-30,2985
2750,2023-09-23,3445
2750,2023-10-09,688
2750,2024-02-10,2180
2750,2024-04-07,1102
2750,2024-05-29,3343
2750,2025-06-18,3247
2750,2025-06-26,1093
2751,2024-01-09,2302
2751,2024-02-02,357
2751,2024-09-10,1415
2751,2024-09-30,615
2751,2024-12-01,553
2751,2024-12-12,1326
2751,2025-03-11,1007
2751,2025-03-26,3425
2752,2023-10-09,3141
2752,2023-11-17,1369
2752,2024-05-20,3045
2752,2024-06-27,2813
2752,2024-08-28,3342
2752,2025-02-19,2118
2752,2025-05-02,524
2752,2025-06-01,1271
2752,2025-06-16,1584
2753,2024-05-30,3951
2753,2024-10-02,2862
2753,2024-12-01,3134
2753,2025-06-19,3563
2754,2024-12-14,807
2755,2024-08-13,2809
2756,2024-01-22,2774
2756,2024-04-05,1711
2756,2024-04-07,612
2756,2024-07-18,288
2756,2024-08-24,2606
2756,2024-09-30,3151
2756,2024-10-18,3726
2756,2025-01-31,2496
2756,2025-03-09,1744
2756,2025-05-05,388
2757,2023-08-27,1331
2757,2023-09-13,934
2757,2025-05-21,3011
2757,2025-08-20,1544
2758,2023-08-27,890
2758,2024-04-28,3031
2758,2024-06-09,2748
2758,2024-10-06,1561
2758,2025-04-04,2593
2759,2024-01-23,3660
2759,2024-01-28,2949
2759,2024-03-06,3106
2759,2024-04-25,617
2759,2024-07-16,1749
2759,2024-11-25,3100
2759,2025-01-26,2253
2759,2025-03-09,3227
2759,2025-03-13,3076
2760,2024-09-13,2392
2760,2025-05-04,1912
2761,2024-09-17,2022
2761,2024-12-10,1844
2762,2023-09-26,607
2762,2024-09-20,1260
2762,2025-02-08,1406
2763,2024-01-15,2246
2763,2024-02-18,2602
2763,2024-04-10,340
2763,2024-06-13,661
2763,2024-08-16,955
2763,2025-01-01,319
2763,2025-05-26,3849
2764,2024-01-04,212
2764,2024-05-23,2140
2764,2024-10-06,2498
2764,2024-12-15,613
2764,2025-05-24,2804
2764,2025-06-10,1638
2764,2025-07-02,1451
2764,2025-07-26,627
2764,2025-07-29,3672
2765,2023-11-21,3248
2765,2024-02-24,3605
2765,2024-03-02,758
2765,2024-03-16,1768
2765,2024-05-12,3029
2765,2025-07-12,3324
2765,2025-07-20,518
2766,2024-11-24,881
2767,2023-10-08,1493
2767,2023-11-21,3599
2767,2024-02-09,3296
2767,2024-05-08,3579
2767,2024-08-24,3719
2767,2024-08-29,361
2767,2024-09-13,2364
2767,2024-11-29,3825
2767,2025-03-14,2323
2768,2024-11-22,3884
2768,2025-08-13,2488
2769,2023-12-10,3652
2769,2023-12-31,2432
2769,2024-01-05,3438
2769,2024-02-22,3386
2769,2024-12-04,2320
2769,2024-12-08,1423
2769,2025-02-16,2601
2769,2025-04-28,500
2769,2025-07-18,342
2770,2024-03-20,1989
2770,2024-08-20,2733
2770,2025-05-03,2566
2770,2025-06-14,500
2770,2025-07-28,684
2770,2025-08-14,1960
2771,2024-03-28,3028
2771,2025-06-05,1340
2772,2023-09-17,2020
2772,2023-10-06,2993
2772,2023-12-01,2670
2772,2024-03-03,1513
2772,2024-08-07,1830
2772,2024-10-03,2230
2772,2025-02-25,1839
2772,2025-03-21,254
2772,2025-04-12,3637
2773,2024-11-11,2153
2773,2025-08-15,2441
2774,2024-06-09,2680
2774,2024-06-10,2078
2774,2024-06-22,3950
2774,2024-08-27,535
2774,2024-10-07,2621
2774,2024-12-08,347
2774,2025-01-19,1198
2774,2025-03-14,3489
2774,2025-05-07,312
2775,2024-01-07,938
2775,2024-06-17,1798
2775,2025-02-23,1099
2775,2025-05-26,3271
2775,2025-06-19,3580
2776,2023-10-11,577
2776,2024-02-16,792
2776,2024-05-22,1307
2776,2024-10-30,3545
2776,2024-11-03,2110
2776,2024-11-09,693
2776,2025-05-07,691
2777,2023-09-23,3162
2777,2024-11-01,2790
2778,2023-11-01,3397
2778,2023-11-05,2009
2778,2023-12-12,2617
2778,2024-02-22,3577
2778,2024-05-05,2218
2778,2024-10-04,2972
2778,2024-11-06,2460
2778,2025-03-30,366
2778,2025-04-01,205
2778,2025-05-02,2072
2779,2023-08-30,1577
2779,2023-09-02,2503
2779,2023-10-12,539
2779,2024-03-10,1960
2779,2024-04-19,2131
2779,2025-02-15,1971
2780,2023-10-26,1675
2780,2023-12-14,1107
2780,2024-02-27,1266
2780,2024-08-11,686
2780,2025-01-27,1919
2780,2025-02-02,2458
2780,2025-03-11,482
2780,2025-05-14,3327
2780,2025-05-30,1282
2781,2023-12-04,1058
2782,2023-09-02,454
2782,2023-11-15,1413
2782,2024-05-24,3395
2782,2024-07-23,1598
2782,2025-03-12,2720
2782,2025-05-09,1785
2783,2023-09-28,3953
2783,2024-02-07,436
2783,2024-09-07,3293
2783,2024-10-13,2674
2783,2024-11-13,679
2783,2025-04-17,964
2783,2025-05-12,1437
2783,2025-07-19,307
2783,2025-08-09,646
2784,2023-09-30,894
2784,2023-12-23,753
2784,2024-01-04,604
2784,2024-01-21,2169
2784,2024-01-24,2932
2784,2024-08-10,1355
2784,2024-09-17,2718
2784,2025-07-27,453
2785,2024-05-02,2915
2785,2025-02-13,1699
2785,2025-03-21,3555
2785,2025-04-08,1680
2785,2025-04-17,729
2785,2025-05-19,789
2786,2023-11-26,1621
2786,2023-12-10,1676
2786,2024-02-19,2396
2786,2025-01-01,1445
2786,2025-08-24,1616
2787,2024-01-04,326
2787,2024-03-27,2843
2787,2025-01-05,1691
2787,2025-03-29,2579
2787,2025-08-25,2335
2788,2024-08-03,452
2788,2025-02-25,787
2789,2024-01-19,2806
2789,2024-05-15,3363
2789,2024-06-02,3171
2789,2024-06-11,861
2789,2024-06-26,2725
2789,2024-08-13,934
2789,2024-10-11,2016
2790,2023-10-09,1849
2791,2024-01-10,3015
2791,2024-01-14,3765
2791,2024-02-09,257
2791,2024-02-28,2018
2791,2024-06-05,3834
2791,2024-07-07,1346
2791,2024-07-17,3828
2791,2024-08-30,3253
2791,2025-03-06,3322
2792,2023-11-03,1613
2792,2023-12-28,2187
2792,2024-12-02,2000
2792,2025-07-09,2236
2793,2024-09-13,1709
2793,2024-10-18,3917
2793,2025-07-19,2995
2794,2024-01-18,1447
2794,2024-04-15,442
2794,2024-04-24,207
2794,2024-08-27,1519
2794,2024-12-12,877
2794,2025-02-10,2929
2794,2025-03-27,1887
2794,2025-07-13,2058
2794,2025-08-16,3122
2794,2025-08-18,3047
2795,2023-10-13,1534
2795,2024-02-08,3283
2795,2024-03-06,2965
2795,2024-03-08,1207
2795,2024-06-01,932
2795,2024-08-25,307
2795,2024-09-24,2184
2795,2025-01-05,1109
2795,2025-06-08,1030
2795,2025-08-12,3119
2796,2023-08-27,900
2796,2024-05-18,2191
2796,2024-06-16,2468
2796,2024-10-05,2850
2796,2024-10-24,3968
2796,2024-10-27,663
2797,2023-09-11,2515
2797,2024-12-12,2981
2798,2023-08-26,768
2799,2024-01-24,2315
2800,2023-10-04,601
2800,2024-02-22,2848
2800,2024-06-24,1684
2800,2025-01-16,580
2800,2025-02-12,3951
2800,2025-02-13,2199
2800,2025-04-12,2713
2800,2025-06-22,3667
2800,2025-07-02,1208
2801,2023-09-16,3484
2801,2024-07-06,3892
2801,2024-10-23,2965
2801,2024-12-28,2802
2801,2025-03-06,3855
2801,2025-05-03,2030
2801,2025-06-16,1079
2802,2025-08-16,612
2803,2025-08-02,1734
2804,2023-09-06,2336
2804,2023-11-09,1820
2804,2024-04-10,1390
2804,2024-07-26,2643
2804,2024-12-07,2861
2804,2025-02-01,1795
2804,2025-02-24,2508
2804,2025-03-14,879
2804,2025-05-26,1263
2805,2023-10-22,2470
2805,2023-12-05,2375
2805,2023-12-21,625
2805,2024-04-01,1015
2805,2024-07-06,3105
2805,2024-09-14,3585
2805,2024-11-15,953
2805,2024-12-27,2533
2805,2025-01-21,1461
2805,2025-05-03,1326
2806,2024-06-16,1456
2806,2024-06-20,209
2806,2024-12-29,2490
2806,2025-01-15,1984
2806,2025-06-10,783
2806,2025-08-02,2557
2806,2025-08-03,389
2807,2024-09-14,1449
2807,2025-02-08,3021
2807,2025-04-13,2764
2808,2024-12-29,215
2809,2023-10-03,1979
2809,2023-10-11,3930
2809,2024-03-07,2516
2809,2024-05-28,2269
2809,2024-08-08,1428
2809,2024-08-18,2454
2810,2023-12-06,2745
2810,2024-01-26,2384
2810,2024-02-10,2864
2810,2024-07-16,2534
2810,2024-07-18,1043
2811,2023-10-16,1548
2811,2023-12-22,2410
2811,2024-01-10,1692
2811,2024-06-12,2999
2811,2025-03-29,968
2811,2025-04-14,3091
2811,2025-05-04,2632
2811,2025-05-28,1436
2812,2024-08-17,2880
2812,2024-10-06,1977
2812,2025-01-14,643
2812,2025-02-13,1598
2812,2025-04-16,1687
2812,2025-05-27,3251
2812,2025-05-30,2107
2813,2025-02-26,1314
2814,2025-07-12,3868
2815,2023-10-24,2121
2815,2024-01-12,1930
2815,2024-03-27,554
2815,2024-05-07,1744
2815,2024-08-13,3333
2815,2024-10-06,2215
2815,2025-02-17,3093
2816,2023-09-20,2113
2816,2023-10-11,2256
2816,2024-10-18,2662
2816,2024-12-12,901
2816,2025-02-08,3270
2817,2024-06-15,3989
2817,2024-07-20,2598
2817,2024-11-29,3286
2817,2025-01-10,798
2818,2023-10-31,3899
2818,2024-03-16,1654
2818,2025-02-12,2841
2818,2025-08-19,3438
2819,2024-01-06,283
2819,2024-12-10,2470
2820,2024-02-12,1699
2820,2024-03-01,293
2820,2024-10-02,946
2820,2025-01-27,2687
2820,2025-07-28,914
2820,2025-08-09,2068
2821,2023-10-24,1063
2821,2023-12-21,791
2821,2024-01-04,2532
2821,2024-08-05,867
2821,2025-03-26,2731
2821,2025-08-22,1924
2822,2024-05-04,3129
2822,2024-07-25,2829
2822,2025-05-14,1326
2823,2024-03-11,3034
2823,2025-01-29,2575
2824,2024-10-30,3079
2825,2023-08-27,2595
2825,2023-10-08,3912
2825,2024-01-01,2182
2825,2024-04-17,2556
2825,2024-05-27,650
2825,2024-06-16,2997
2825,2024-10-11,815
2825,2025-07-03,663
2825,2025-08-12,588
2826,2023-08-26,2117
2826,2023-09-02,2952
2826,2024-07-02,938
2826,2024-10-31,3867
2826,2024-11-22,3251
2826,2024-12-25,849
2826,2025-03-25,1659
2826,2025-07-07,1663
2826,2025-08-18,1602
2827,2024-04-06,2700
2827,2024-08-12,2238
2827,2024-12-13,324
2827,2025-01-19,3903
2827,2025-06-21,1447
2828,2024-03-13,1496
2828,2024-06-08,555
2828,2024-12-08,1399
2828,2025-04-02,1436
2829,2023-12-28,2092
2829,2024-05-21,724
2829,2025-01-25,2195
2829,2025-02-19,2219
2830,2023-09-25,2358
2830,2024-05-15,2961
2830,2025-01-14,1129
2830,2025-05-23,3079
2830,2025-07-29,3195
2831,2023-09-22,1681
2831,2024-04-19,361
2831,2024-07-30,589
2831,2024-08-13,1470
2831,2024-10-11,2788
2831,2025-03-08,3234
2831,2025-04-29,1432
2831,2025-05-09,745
2831,2025-08-12,2193
2832,2023-08-31,3609
2832,2023-09-27,1728
2832,2024-03-15,2392
2832,2024-10-03,2407
2832,2025-03-24,3155
2832,2025-06-15,737
2832,2025-08-14,3939
2833,2024-01-25,1635
2833,2024-10-27,598
2833,2024-12-30,1781
2834,2023-08-31,3541
2834,2023-10-17,2153
2834,2023-12-26,2065
2834,2024-01-01,3587
2834,2024-10-18,230
2834,2024-11-14,2691
2834,2024-11-22,734
2834,2025-01-25,1262
2835,2023-09-09,3495
2835,2023-11-09,476
2835,2023-12-06,783
2835,2024-02-20,3483
2835,2024-02-29,2769
2835,2024-04-24,990
2835,2024-05-01,1276
2835,2024-10-05,836
2835,2025-05-24,3136
2836,2024-04-26,1504
2836,2024-12-04,276
2836,2024-12-23,2178
2837,2023-10-17,1540
2837,2024-02-02,2706
2837,2024-02-11,746
2837,2025-01-09,1839
2838,2023-10-05,2587
2838,2024-02-24,2739
2838,2024-04-29,1556
2838,2024-08-16,2940
2838,2024-09-01,3869
2838,2025-01-15,1540
2838,2025-03-17,1647
2838,2025-07-05,2061
2838,2025-07-23,319
2838,2025-07-27,3197
2839,2024-02-13,1479
2839,2024-02-25,3384
2839,2024-02-27,1941
2839,2024-03-11,1166
2839,2024-04-12,1432
2839,2024-05-06,1393
2839,2024-06-17,2871
2839,2025-01-11,3225
2839,2025-02-27,2326
2840,2023-10-24,3700
2840,2023-10-30,1495
2840,2023-10-31,1435
2840,2024-02-18,1761
2840,2024-04-26,1289
2840,2024-08-12,3507
2840,2025-01-31,1153
2840,2025-01-31,361
2840,2025-03-31,3027
2840,2025-04-12,2575
2841,2023-11-21,2246
2841,2024-08-29,2200
2841,2024-09-25,3975
2841,2024-11-25,3035
2841,2025-01-21,1073
2841,2025-04-08,1317
2842,2023-09-28,1984
2842,2024-03-15,1901
2842,2024-06-07,1465
2842,2024-08-02,3655
2842,2024-09-15,637
2842,2024-11-26,1822
2842,2024-11-29,1129
2842,2025-03-24,1221
2842,2025-06-17,1083
2842,2025-08-04,271
2843,2023-09-06,2007
2843,2023-09-25,1777
2843,2023-09-30,1666
2843,2024-03-01,3991
2843,2024-06-30,3031
2843,2024-08-19,2936
2843,2025-01-28,1967
2843,2025-04-06,2550
2843,2025-04-15,700
2843,2025-07-04,2776
2844,2023-09-14,3908
2844,2024-02-16,2643
2844,2024-03-03,1234
2844,2024-08-04,2397
2844,2024-08-24,724
2844,2024-12-14,855
2844,2025-02-21,571
2844,2025-05-11,3285
2845,2024-02-27,221
2845,2024-03-09,1822
2845,2024-04-18,3501
2845,2024-07-31,3145
2845,2024-12-01,3460
2845,2024-12-12,3880
2845,2024-12-29,2095
2845,2025-05-22,944
2846,2024-01-21,1712
2846,2024-07-09,277
2846,2024-07-27,2912
2846,2024-08-21,2730
2846,2025-07-30,1891
2846,2025-08-04,540
2847,2023-11-04,2366
2847,2024-01-14,1081
2847,2024-02-26,1174
2847,2024-03-03,2327
2847,2024-03-19,3565
2847,2024-05-31,2359
2847,2024-09-05,2786
2847,2025-04-21,305
2847,2025-07-07,2642
2848,2025-06-19,1809
2849,2023-09-09,3280
2849,2023-11-05,3683
2849,2023-12-18,2427
2849,2024-02-27,1362
2849,2024-03-04,1705
2849,2024-04-27,3739
2849,2024-08-20,3286
2849,2025-08-24,3751
2850,2024-05-15,753
2850,2024-08-28,2468
2850,2024-09-21,1294
2850,2025-05-05,366
2851,2023-10-15,225
2851,2023-11-27,3441
2851,2024-03-27,1589
2851,2024-05-10,2465
2851,2025-04-25,232
2851,2025-05-21,1732
2851,2025-08-14,2018
2851,2025-08-17,1908
2852,2023-10-10,1621
2852,2023-12-13,3638
2852,2024-06-25,2391
2852,2024-09-14,1393
2852,2024-10-23,557
2852,2025-06-22,2311
2852,2025-08-05,3390
2853,2024-02-09,1094
2853,2024-08-06,2033
2854,2025-03-10,583
2855,2023-09-17,2483
2855,2023-12-03,733
2855,2024-05-02,2966
2855,2024-05-13,2493
2855,2024-06-23,1394
2855,2024-07-07,406
2855,2024-12-31,1989
2855,2025-03-13,2733
2855,2025-07-24,3891
2856,2025-05-30,2419
2857,2024-05-19,1405
2858,2024-02-29,1857
2858,2024-04-30,1233
2858,2024-05-17,1716
2858,2024-07-03,1068
2858,2024-09-06,2931
2858,2025-02-12,1952
2858,2025-03-14,1609
2858,2025-04-20,2405
2859,2024-01-28,2851
2859,2024-06-04,1588
2859,2024-11-11,224
2859,2025-05-19,3080
2860,2023-09-10,3841
2860,2024-06-07,3141
2860,2024-08-13,695
2860,2024-10-03,678
2860,2025-02-07,2904
2860,2025-05-29,2987
2860,2025-06-14,1420
2861,2024-07-12,1815
2861,2024-10-02,796
2861,2024-10-17,999
2861,2025-04-06,2329
2861,2025-06-18,1850
2862,2025-04-12,2326
2863,2024-02-25,3094
2863,2024-03-07,984
2863,2024-04-19,2973
2863,2024-04-23,1544
2863,2024-05-27,2725
2863,2024-10-15,793
2863,2024-12-05,1685
2863,2025-01-15,937
2863,2025-03-04,2427
2864,2023-11-25,626
2864,2024-05-31,1396
2864,2024-06-05,356
2864,2024-07-15,3727
2864,2024-07-17,2471
2864,2024-09-12,495
2864,2024-09-19,2195
2864,2024-09-19,1826
2864,2025-01-06,239
2864,2025-02-11,1672
2865,2024-04-09,2917
2865,2024-12-16,1315
2866,2023-12-16,1798
2866,2024-02-28,349
2866,2024-03-20,1476
2866,2024-11-29,1512
2866,2025-07-21,1765
2867,2024-02-19,1063
2867,2024-06-13,784
2867,2024-09-01,3583
2867,2025-01-18,420
2868,2024-01-11,3538
2868,2024-03-08,352
2868,2024-03-31,1805
2869,2024-07-16,2256
2869,2025-04-20,2997
2869,2025-05-18,1418
2870,2023-11-04,376
2870,2024-08-23,3959
2870,2024-12-09,3833
2870,2025-03-07,1064
2870,2025-03-09,656
2870,2025-06-09,3645
2871,2024-04-28,1585
2871,2024-06-20,221
2871,2024-06-24,734
2871,2025-01-31,1560
2872,2024-01-15,670
2872,2024-04-10,3496
2872,2024-04-25,3122
2872,2024-07-13,597
2872,2024-08-20,1438
2872,2025-05-25,643
2873,2023-10-19,400
2873,2023-11-22,631
2873,2023-12-25,2171
2873,2024-04-09,814
2873,2024-04-09,845
2873,2024-09-18,1461
2873,2025-06-22,2166
2874,2023-08-31,1271
2874,2023-11-06,1876
2874,2023-11-22,3388
2874,2024-01-04,3874
2874,2024-11-27,575
2874,2025-02-28,933
2874,2025-06-30,360
2875,2023-10-09,1333
2875,2023-10-14,3126
2875,2023-11-14,2666
2875,2024-01-19,691
2875,2024-05-21,1893
2875,2025-02-04,2715
2875,2025-02-08,2650
2875,2025-03-25,410
2875,2025-08-10,796
2876,2023-12-07,1900
2876,2023-12-18,3543
2876,2023-12-19,1362
2876,2025-01-28,445
2876,2025-08-13,412
2877,2023-12-04,615
2877,2024-01-08,3993
2877,2024-03-09,2236
2877,2024-09-24,1086
2877,2025-03-25,3800
2878,2023-11-08,1841
2878,2023-12-01,337
2878,2024-04-11,2639
2878,2024-08-04,504
2878,2024-10-14,619
2878,2025-07-08,780
2879,2024-04-07,905
2879,2024-08-07,3149
2879,2024-09-05,2350
2879,2024-11-10,1494
2880,2023-11-11,429
2880,2024-02-11,1140
2880,2024-02-23,1613
2880,2024-05-15,2442
2880,2024-05-30,2866
2880,2025-03-04,1725
2880,2025-06-15,3082
2880,2025-07-22,1355
2881,2023-12-20,1824
2881,2024-01-07,3315
2881,2024-03-11,408
2881,2024-09-13,2355
2881,2024-09-18,2017
2881,2024-11-02,1390
2881,2024-12-02,508
2881,2025-05-26,1104
2881,2025-07-05,3208
2882,2023-12-31,468
2882,2024-08-14,3078
2882,2024-08-27,3685
2882,2024-08-31,1522
2882,2024-10-21,789
2882,2025-02-02,1509
2883,2023-10-23,1562
2883,2023-10-31,3534
2883,2024-04-01,3294
2883,2024-07-18,3544
2883,2024-12-03,2057
2884,2025-01-20,1200
2885,2023-08-28,2656
2885,2023-09-26,639
2885,2023-10-03,659
2885,2024-01-24,275
2885,2024-04-20,2907
2885,2025-02-08,3844
2885,2025-07-04,883
2885,2025-08-09,716
2886,2023-11-19,774
2886,2024-09-15,3909
2886,2024-11-29,1925
2886,2024-12-03,1358
2886,2025-02-23,2300
2886,2025-03-01,1917
2886,2025-06-01,3161
2886,2025-07-27,1499
2887,2024-01-29,650
2887,2024-02-26,3246
2887,2024-09-13,875
2887,2024-09-28,1113
2887,2025-02-17,3587
2887,2025-05-31,822
2887,2025-07-22,307
2888,2023-10-08,3819
2888,2024-03-10,586
2888,2024-04-25,1517
2888,2024-07-22,1106
2888,2024-09-03,1852
2888,2024-10-06,2785
2888,2025-08-23,1860
2889,2023-11-28,2562
2889,2024-02-19,2078
2889,2024-07-11,755
2889,2024-12-09,437
2889,2025-03-14,3899
2889,2025-03-28,1843
2890,2023-11-26,939
2890,2024-08-26,2447
2890,2025-08-25,736
2891,2024-11-30,3734
2891,2025-05-11,2421
2892,2023-11-03,3034
2892,2023-12-25,463
2892,2024-02-06,3222
2892,2024-03-04,1107
2892,2024-10-17,2169
2892,2024-11-06,260
2892,2025-01-25,3355
2893,2023-11-19,673
2893,2024-04-23,2356
2893,2024-06-09,1408
2893,2024-10-08,2823
2893,2025-08-16,2668
2894,2023-09-07,3007
2894,2024-04-19,3823
2894,2024-05-09,3197
2894,2024-06-26,2995
2894,2024-06-28,3253
2894,2024-07-16,894
2894,2024-08-26,918
2894,2024-12-18,1102
2894,2025-04-21,1065
2894,2025-06-29,3324
2895,2023-09-12,460
2895,2024-10-01,2416
2895,2024-12-26,2855
2895,2025-01-06,3117
2895,2025-01-17,3188
2895,2025-08-23,2544
2896,2024-08-08,1552
2897,2024-03-11,1412
2897,2024-03-19,2629
2897,2024-08-29,1579
2897,2025-01-15,1948
2897,2025-03-04,1991
2897,2025-05-15,2102
2897,2025-06-15,1149
2898,2023-09-16,2648
2898,2023-10-06,1675
2898,2023-11-02,3070
2898,2024-03-27,3550
2898,2024-06-14,2869
2898,2024-06-15,2594
2898,2024-06-25,906
2898,2024-11-26,2263
2898,2025-03-07,1386
2898,2025-06-07,3160
2899,2024-03-05,3185
2899,2024-03-31,3373
2899,2024-08-09,2628
2899,2025-01-15,3639
2899,2025-01-29,2559
2899,2025-04-01,686
2899,2025-05-06,577
2900,2023-11-25,3891
2900,2023-12-07,1589
2900,2024-01-05,1928
2900,2024-08-08,581
2900,2025-03-20,704
2900,2025-07-11,1657
2901,2023-11-12,431
2901,2024-02-08,896
2901,2024-06-03,1408
2901,2024-11-05,1189
2901,2025-02-07,1870
2901,2025-04-12,236
2902,2024-03-06,3040
2902,2024-03-20,2855
2902,2024-06-09,3408
2902,2024-10-01,2624
2902,2024-10-08,2024
2902,2024-11-07,769
2902,2025-04-11,2860
2903,2024-03-23,1336
2903,2024-07-12,3284
2903,2024-10-23,1599
2903,2024-11-24,2333
2903,2025-05-03,798
2904,2023-11-07,1083
2904,2023-12-17,1874
2904,2024-01-17,1080
2904,2024-04-17,2070
2904,2025-08-12,1096
2905,2024-03-14,1826
2905,2024-06-15,3323
2905,2024-06-23,1010
2905,2024-10-12,826
2905,2025-04-18,757
2905,2025-04-20,666
2905,2025-05-06,1434
2905,2025-08-01,3653
2905,2025-08-03,2962
2905,2025-08-22,417
2906,2023-10-21,1544
2906,2024-05-25,401
2906,2024-07-19,491
2906,2024-09-23,695
2906,2024-12-09,863
2906,2025-01-27,3731
2906,2025-03-12,2533
2906,2025-05-22,1435
2907,2024-08-07,1998
2907,2024-10-06,779
2907,2025-05-06,2144
2907,2025-05-27,2166
2907,2025-06-10,2881
2908,2023-11-07,3945
2908,2023-12-08,1976
2908,2024-10-14,2497
2908,2025-01-24,2435
2909,2023-11-07,990
2909,2024-03-02,1655
2909,2024-10-28,1213
2909,2024-12-29,1185
2909,2025-01-01,335
2909,2025-05-15,2059
2910,2023-10-09,507
2910,2024-11-09,352
2911,2025-02-20,3761
2912,2023-09-07,1576
2912,2024-03-04,3767
2913,2023-09-26,3489
2913,2023-11-16,1052
2913,2024-08-28,1626
2913,2024-09-13,655
2914,2023-09-03,3004
2914,2024-10-18,3603
2914,2025-01-30,471
2914,2025-07-26,487
2915,2023-12-25,3404
2916,2023-11-15,2996
2916,2023-11-23,350
2916,2024-02-06,3045
2916,2024-03-20,292
2916,2024-04-02,3048
2916,2024-05-07,1206
2916,2024-12-03,3056
2916,2025-05-25,3760
2916,2025-06-01,3673
2916,2025-06-16,1221
2917,2023-09-30,3862
2917,2023-12-12,1793
2917,2024-06-26,244
2917,2024-12-16,2428
2917,2025-03-26,1513
2917,2025-07-17,1752
2917,2025-07-28,2324
2918,2023-11-07,3480
2918,2023-11-08,3608
2918,2023-12-28,3498
2918,2024-02-09,1504
2918,2024-03-10,3050
2918,2024-05-04,832
2918,2024-06-06,2615
2919,2023-11-06,854
2919,2023-12-01,1338
2919,2024-01-06,2822
2919,2024-09-04,615
2919,2024-12-22,2211
2919,2025-05-15,1521
2919,2025-05-15,235
2919,2025-06-02,3557
2920,2023-10-22,1220
2920,2023-12-27,1513
2920,2024-04-01,3603
2920,2024-06-27,3292
2920,2024-08-24,3567
2920,2025-05-27,2206
2920,2025-07-18,2998
2921,2023-08-26,1710
2921,2023-11-12,1383
2921,2024-01-26,3847
2921,2024-07-09,289
2921,2024-07-26,3920
2921,2024-11-15,2839
2921,2025-03-22,3662
2922,2023-11-17,2536
2922,2023-11-21,1337
2922,2024-10-01,201
2922,2024-12-15,1132
2922,2024-12-29,2790
2922,2025-06-10,426
2922,2025-07-18,3602
2922,2025-08-01,3471
2923,2023-09-30,457
2923,2023-10-27,3473
2923,2023-12-04,2935
2923,2024-07-05,1435
2923,2024-08-10,1061
2924,2024-04-26,3144
2924,2024-12-07,274
2924,2025-01-07,933
2924,2025-06-01,559
2924,2025-07-09,3427
2924,2025-07-10,3548
2925,2023-11-22,3215
2925,2024-01-12,1822
2925,2025-02-05,742
2926,2024-03-13,1214
2926,2024-07-21,334
2926,2024-08-31,3132
2926,2024-09-26,3169
2926,2025-01-23,633
2926,2025-03-01,1998
2926,2025-04-30,844
2926,2025-06-03,2963
2926,2025-07-16,2363
2927,2023-12-27,2435
2927,2024-03-22,410
2927,2024-07-05,1628
2927,2024-07-18,751
2927,2024-07-28,3909
2927,2024-08-04,3974
2927,2024-11-04,1467
2927,2025-01-29,3256
2928,2023-10-12,2843
2928,2023-10-14,3861
2928,2023-12-22,2533
2928,2024-02-02,2347
2928,2024-05-08,3263
2928,2024-12-24,3444
2928,2025-02-17,3425
2928,2025-04-29,850
2929,2023-09-20,1914
2929,2024-02-04,1028
2929,2024-02-05,1466
2929,2024-08-18,1801
2930,2023-10-01,823
2930,2023-10-08,2591
2930,2024-03-12,1018
2931,2024-02-26,1788
2932,2023-09-03,768
2932,2024-01-15,1346
2932,2024-04-15,3904
2932,2024-07-03,2782
2932,2024-07-04,2758
2932,2024-08-08,1740
2932,2024-09-01,929
2932,2024-09-27,2826
2932,2024-12-09,3787
2932,2025-03-24,2115
2933,2023-11-21,3241
2933,2024-05-02,1706
2933,2024-11-19,3300
2933,2025-03-14,1069
2933,2025-04-06,2474
2933,2025-06-17,571
2933,2025-08-06,2609
2934,2023-12-03,2481
2934,2024-01-01,2534
2934,2024-09-12,2407
2935,2024-07-20,2772
2935,2025-04-30,3380
2935,2025-06-04,334
2936,2023-09-27,3022
2936,2024-03-14,3456
2936,2024-04-05,1507
2936,2024-05-03,1879
2936,2024-10-15,879
2936,2024-11-17,3492
2936,2025-03-10,1603
2936,2025-04-13,2387
2936,2025-06-14,1962
2936,2025-07-29,1280
2937,2023-09-19,1654
2937,2023-09-21,3223
2937,2023-12-03,2241
2937,2023-12-31,3942
2937,2024-03-02,1941
2937,2024-03-04,2666
2937,2024-10-21,3058
2937,2024-12-09,3098
2937,2024-12-16,1520
2938,2024-08-09,1234
2938,2024-10-13,1595
2939,2024-01-04,812
2939,2024-02-09,3893
2939,2024-02-26,3260
2939,2024-05-14,3575
2939,2024-10-15,1820
2939,2025-01-09,3104
2939,2025-01-16,2888
2939,2025-02-09,1601
2939,2025-04-16,1068
2939,2025-04-28,2262
2940,2023-12-09,1275
2940,2024-01-11,2263
2940,2024-12-06,411
2940,2025-05-02,3960
2941,2024-01-12,1260
2941,2024-02-13,3430
2941,2024-03-06,700
2941,2024-03-28,680
2941,2024-10-24,3580
2941,2024-12-04,2066
2941,2025-01-23,3290
2941,2025-02-11,1111
2941,2025-08-17,1270
2942,2023-10-13,2146
2942,2023-12-16,766
2942,2024-02-08,3313
2942,2024-04-20,2508
2942,2024-06-01,3817
2942,2024-07-03,1143
2942,2024-08-14,3337
2942,2024-08-21,1789
2942,2024-10-01,622
2943,2023-10-17,2414
2943,2023-12-31,3910
2943,2024-02-02,3312
2943,2024-03-31,589
2943,2024-05-17,1133
2943,2024-09-30,2050
2943,2024-11-22,3322
2943,2025-04-03,2219
2943,2025-04-15,3655
2943,2025-05-31,812
2944,2024-06-17,3651
2944,2024-08-16,237
2944,2024-10-12,274
2944,2024-12-19,3068
2944,2025-03-20,679
2945,2023-12-14,743
2945,2024-03-08,2482
2945,2024-03-19,796
2945,2024-03-27,1024
2945,2024-07-31,600
2946,2023-10-20,757
2946,2023-12-07,2029
2946,2024-10-12,3974
2946,2024-11-04,2196
2946,2024-12-19,2166
2946,2025-01-28,2884
2946,2025-08-23,3738
2947,2023-09-27,3021
2947,2023-11-29,517
2947,2024-01-03,3821
2947,2024-03-16,2540
2947,2024-08-26,359
2947,2024-08-27,3449
2947,2024-12-30,1199
2947,2025-01-11,3740
2947,2025-06-14,308
2947,2025-08-07,3876
2948,2025-07-12,2087
2949,2024-02-23,210
2950,2025-04-20,3281
2951,2023-09-03,454
2951,2024-04-25,1958
2951,2024-07-02,3986
2951,2024-07-05,3848
2951,2024-08-10,3973
2951,2025-01-31,2655
2952,2024-01-19,3203
2952,2024-01-23,2368
2952,2024-05-30,1001
2952,2024-07-01,3796
2952,2024-08-16,2827
2952,2024-10-26,1793
2952,2024-12-15,3930
2952,2025-02-02,2623
2952,2025-04-29,3224
2952,2025-08-04,1755
2953,2023-09-28,2966
2953,2023-10-05,482
2953,2023-10-12,3978
2953,2023-12-10,1307
2953,2024-05-10,3360
2953,2024-05-19,1053
2953,2025-02-18,2407
2953,2025-04-11,3816
2953,2025-06-11,2540
2953,2025-06-18,3537
2954,2023-11-21,612
2954,2024-04-07,1307
2954,2024-05-07,1620
2954,2024-08-23,1634
2955,2023-09-27,277
2955,2023-11-02,3410
2955,2024-01-14,1741
2955,2024-01-23,931
2955,2024-03-07,2453
2955,2024-06-14,2948
2955,2024-07-21,1931
2955,2025-01-30,3081
2956,2023-09-07,473
2956,2024-06-15,3165
2956,2024-10-28,773
2956,2025-01-08,1711
2956,2025-02-17,3070
2956,2025-05-17,1293
2956,2025-07-25,509
2957,2023-11-26,1430
2957,2024-05-04,3037
2957,2024-10-26,747
2957,2024-12-04,665
2958,2024-04-14,936
2958,2024-08-10,2632
2958,2024-08-17,1430
2958,2024-10-14,226
2958,2024-11-09,3699
2958,2025-01-31,3811
2958,2025-03-01,819
2958,2025-03-31,2646
2958,2025-05-21,458
2958,2025-05-31,1116
2959,2023-09-30,1358
2959,2024-12-06,3803
2959,2025-04-08,2660
2959,2025-08-03,2770
2960,2023-09-27,2436
2960,2024-09-15,2240
2960,2024-11-19,1788
2960,2025-02-12,1152
2960,2025-04-04,2266
2960,2025-07-05,303
2961,2023-09-11,3224
2961,2024-06-11,2674
2961,2024-06-26,426
2961,2024-09-23,1015
2961,2024-10-19,2715
2961,2025-04-19,2561
2961,2025-08-11,1766
2962,2024-03-09,3123
2962,2024-03-26,1258
2962,2024-07-09,3737
2962,2024-11-03,850
2962,2025-04-22,754
2962,2025-08-17,3940
2963,2024-01-17,315
2963,2024-02-06,3527
2964,2024-05-22,1561
2964,2024-07-29,892
2964,2024-09-06,1955
2964,2024-09-30,424
2964,2024-10-27,1988
2964,2024-12-27,3115
2964,2025-03-22,1509
2964,2025-06-02,3082
2964,2025-08-02,2908
2965,2024-11-10,647
2965,2025-03-06,2208
2966,2023-11-08,2746
2966,2025-06-18,951
2967,2023-09-22,3265
2967,2023-11-04,2476
2967,2024-02-29,678
2967,2024-06-03,3827
2967,2024-12-19,3716
2967,2025-03-09,1320
2967,2025-06-04,3508
2968,2024-02-26,899
2968,2025-02-06,2478
2968,2025-02-10,2583
2969,2023-11-09,3491
2969,2023-11-14,1959
2969,2023-11-16,1402
2969,2024-02-26,3876
2969,2024-10-02,231
2969,2025-01-03,1835
2969,2025-01-21,328
2969,2025-04-02,1843
2969,2025-06-04,1040
2969,2025-07-22,1705
2970,2024-02-10,1320
2970,2024-03-26,2571
2970,2024-05-15,1971
2970,2024-12-31,1446
2970,2025-01-26,1253
2970,2025-07-07,3530
2970,2025-07-15,1925
2971,2023-11-05,702
2971,2023-11-08,337
2971,2024-12-06,569
2971,2025-03-10,3815
2971,2025-06-12,2928
2972,2023-10-26,3898
2972,2024-09-18,3882
2972,2024-11-23,561
2972,2025-03-27,2972
2972,2025-06-08,1362
2973,2024-03-19,3211
2973,2024-03-27,2367
2974,2024-02-02,2502
2974,2024-12-01,3100
2975,2024-07-04,3806
2975,2025-02-15,2149
2975,2025-04-23,2313
2975,2025-07-04,2678
2975,2025-07-17,1658
2975,2025-07-30,2768
2976,2024-01-15,249
2976,2024-09-14,1351
2976,2025-01-20,3512
2976,2025-01-27,3892
2976,2025-05-15,3426
2976,2025-05-20,1966
2976,2025-06-29,415
2976,2025-07-15,776
2976,2025-08-20,3190
2977,2023-08-29,1213
2977,2025-08-21,3720
2978,2023-10-01,1826
2978,2023-11-14,591
2978,2024-08-24,2960
2979,2024-01-30,1671
2979,2024-07-19,3437
2979,2024-09-27,2001
2979,2025-01-06,3979
2979,2025-01-30,2870
2980,2023-11-04,1066
2980,2024-08-11,3983
2980,2025-05-19,705
2981,2023-08-29,3872
2981,2023-10-04,2888
2981,2024-06-04,936
2981,2024-08-13,2483
2981,2025-01-12,3294
2981,2025-01-20,3966
2981,2025-04-23,1783
2982,2023-11-02,3807
2982,2024-04-07,3921
2982,2024-04-13,3385
2982,2024-09-17,2641
2982,2024-09-18,3893
2982,2025-03-07,2876
2982,2025-07-20,3056
2983,2023-09-28,3816
2983,2023-10-04,2261
2983,2023-10-08,1973
2983,2024-05-24,2374
2983,2024-11-08,1001
2983,2024-12-20,3919
2983,2025-01-12,2146
2983,2025-01-12,2462
2983,2025-03-16,2661
2983,2025-08-20,2045
2984,2023-09-24,3897
2984,2023-10-20,2459
2984,2024-01-08,810
2984,2024-04-10,1521
2984,2024-06-12,2480
2984,2024-11-18,2162
2984,2025-02-06,3638
2984,2025-06-18,1796
2985,2023-09-23,981
2985,2023-09-24,1980
2985,2023-10-23,521
2985,2024-01-03,2673
2985,2024-03-03,2795
2985,2024-03-19,2161
2985,2024-06-25,3219
2985,2024-08-15,3968
2985,2025-04-11,1715
2985,2025-07-27,1722
2986,2024-04-04,1411
2986,2025-06-20,344
2986,2025-07-05,3443
2987,2024-01-04,1970
2987,2024-01-26,1183
2987,2024-06-07,813
2987,2024-06-16,3912
2987,2024-07-29,1774
2987,2024-09-24,3653
2987,2024-10-08,738
2987,2024-12-03,3068
2987,2025-01-23,1075
2988,2023-12-04,1621
2988,2023-12-21,3675
2988,2024-02-19,3514
2988,2025-01-14,3842
2988,2025-02-13,3273
2988,2025-05-07,2116
2988,2025-06-15,2145
2989,2024-04-04,2849
2989,2024-06-16,2809
2989,2024-06-21,3199
2989,2024-07-18,1819
2989,2024-09-15,2449
2989,2024-11-01,593
2989,2024-12-16,3736
2989,2025-01-21,327
2989,2025-04-09,3283
2989,2025-08-16,3706
2990,2023-11-13,1013
2990,2024-05-22,763
2991,2024-09-09,2849
2991,2024-09-25,1195
2991,2024-10-16,1831
2991,2025-05-01,1600
2992,2023-12-09,3840
2992,2024-04-10,3251
2992,2024-04-11,268
2992,2024-08-06,3862
2992,2024-11-05,650
2992,2024-12-31,2884
2992,2025-03-27,1577
2992,2025-06-09,498
2992,2025-08-10,2785
2993,2023-12-29,3370
2993,2024-01-05,1011
2993,2024-03-26,3883
2993,2024-04-10,1541
2993,2024-06-10,1331
2993,2024-07-28,2704
2993,2025-06-04,1793
2993,2025-07-27,436
2993,2025-08-24,2984
2994,2023-11-09,1239
2994,2024-01-16,1514
2994,2024-01-27,2565
2994,2024-03-25,902
2994,2024-12-17,2182
2994,2024-12-25,913
2994,2025-01-13,2305
2994,2025-02-07,3050
2994,2025-03-09,1587
2994,2025-08-06,2415
2995,2023-11-13,471
2995,2024-01-21,2464
2995,2024-03-16,3177
2995,2024-05-23,920
2995,2024-08-30,2124
2995,2024-09-18,2222
2995,2025-05-21,3403
2995,2025-07-15,772
2995,2025-07-21,2570
2995,2025-08-13,1975
2996,2023-08-27,2581
2996,2023-09-01,1787
2996,2024-02-19,3634
2996,2024-05-04,1039
2996,2024-07-15,952
2996,2024-10-05,1562
2996,2024-11-23,809
2996,2024-11-28,3642
2996,2025-01-26,3778
2997,2023-09-04,997
2997,2023-09-24,781
2997,2024-01-29,3654
2997,2024-03-23,2521
2997,2024-05-11,452
2997,2024-05-19,3940
2997,2024-08-29,1410
2997,2024-12-14,3450
2998,2023-09-13,3829
2998,2023-12-19,609
2998,2024-04-03,3720
2998,2025-03-01,1762
2999,2023-09-07,3563
2999,2023-10-09,531
2999,2024-04-08,3017
2999,2024-04-15,2599
2999,2025-04-23,2639
3000,2023-10-31,1584
3000,2023-12-10,1619
3000,2024-02-12,1608
3000,2024-02-15,3081
3000,2024-03-24,2563
3000,2024-10-18,1650
3000,2025-02-16,3814
3000,2025-02-20,2650
3000,2025-06-01,3571
3000,2025-08-25,3067
3001,2024-06-08,1092
3002,2024-01-01,2959
3002,2024-06-04,2714
3002,2024-06-08,534
3002,2024-07-11,1042
3002,2024-08-06,2871
3002,2025-01-27,3393
3002,2025-02-14,1528
3002,2025-04-13,2262
3003,2023-09-25,1212
3003,2023-10-10,3408
3003,2024-05-12,1438
3003,2024-06-10,1326
3003,2024-09-17,3070
3003,2025-03-11,2735
3003,2025-03-13,1619
3003,2025-03-21,2686
3004,2024-02-07,2107
3004,2024-05-31,573
3004,2024-06-26,877
3004,2024-11-23,2854
3004,2025-04-26,1264
3004,2025-05-11,2631
3004,2025-07-09,2754
3004,2025-07-19,1813
3005,2023-11-21,3625
3006,2024-01-31,2345
3006,2025-04-03,1080
3006,2025-04-13,3257
3006,2025-08-07,1035
3007,2023-09-23,1589
3007,2023-12-06,3226
3007,2025-02-10,344
3007,2025-02-23,3936
3007,2025-04-07,1442
3007,2025-05-23,2289
3008,2025-01-29,1449
3009,2023-10-12,451
3009,2023-12-03,3343
3009,2024-03-07,3672
3009,2024-10-25,2399
3009,2025-02-11,2615
3009,2025-08-08,488
3009,2025-08-25,1502
3010,2023-11-02,1002
3010,2024-02-09,1146
3010,2024-02-24,2077
3010,2024-03-13,2362
3010,2024-04-24,3133
3010,2024-04-26,1478
3010,2024-08-02,3008
3010,2025-07-11,887
3010,2025-08-04,454
3011,2024-09-21,3402
3011,2025-05-30,2543
3011,2025-08-21,532
3012,2023-11-28,1667
3012,2024-01-04,3092
3012,2024-02-20,2960
3012,2024-08-02,3950
3012,2024-08-10,1157
3012,2024-12-16,1949
3012,2025-01-04,2554
3012,2025-05-14,2479
3013,2023-10-30,3036
3013,2023-12-18,1314
3013,2024-03-24,3715
3013,2024-09-20,600
3013,2024-11-15,2740
3013,2024-11-29,2011
3013,2025-02-06,2617
3013,2025-03-29,711
3013,2025-03-30,2379
3013,2025-05-28,3041
3014,2023-12-30,1669
3014,2024-01-17,2290
3014,2024-04-28,715
3014,2024-10-05,1338
3015,2023-11-07,1632
3015,2023-11-21,1049
3015,2024-02-17,3533
3015,2024-03-25,3260
3015,2024-06-11,2356
3015,2024-08-30,2244
3015,2025-03-29,2918
3015,2025-05-10,273
3015,2025-08-07,1351
3016,2023-11-04,2139
3016,2024-02-16,472
3016,2024-04-16,3820
3016,2024-08-17,1571
3016,2025-07-09,2036
3016,2025-07-10,3579
3017,2023-09-09,699
3017,2023-11-15,3434
3017,2024-02-18,2406
3017,2024-05-09,1193
3017,2024-11-05,2270
3017,2025-02-25,1552
3017,2025-05-19,1613
3017,2025-06-16,1865
3018,2023-08-30,2780
3018,2023-12-25,1952
3018,2024-01-01,431
3018,2024-02-05,2824
3018,2024-04-28,278
3018,2024-06-22,2930
3018,2024-12-14,713
3018,2025-05-13,3042
3018,2025-05-14,1766
3018,2025-06-06,3876
3019,2024-03-10,3971
3019,2024-03-19,2285
3019,2024-06-24,2512
3019,2024-10-19,2925
3019,2024-11-21,3184
3019,2025-02-26,865
3019,2025-07-23,1343
3019,2025-08-06,2349
3019,2025-08-12,914
3020,2023-09-11,3340
3020,2023-12-25,1493
3020,2024-01-09,1618
3020,2024-03-11,2353
3020,2024-08-23,644
3021,2024-02-02,1056
3021,2024-03-28,2611
3021,2024-08-29,2230
3021,2024-10-09,2793
3022,2024-06-12,1499
3022,2024-08-03,3678
3022,2024-08-17,598
3023,2024-03-11,977
3023,2025-02-06,3233
3024,2024-10-11,571
3024,2024-11-27,3232
3024,2025-04-11,1494
3025,2024-11-19,854
3025,2025-08-09,3055
3026,2025-02-04,3383
3026,2025-04-17,244
3027,2024-04-04,313
3027,2024-07-01,2440
3027,2024-10-01,1416
3027,2025-01-11,255
3028,2024-02-14,2272
3029,2023-10-31,2095
3029,2024-10-14,439
3029,2025-04-18,2081
3029,2025-07-08,520
3029,2025-07-15,3400
3029,2025-08-11,506
3030,2023-10-29,2011
3030,2024-03-26,3314
3030,2024-04-24,1932
3030,2024-08-20,364
3030,2024-10-22,1546
3030,2024-11-11,2420
3030,2024-12-19,1705
3030,2025-03-30,2818
3030,2025-07-06,2629
3030,2025-07-24,3974
3031,2023-09-13,1098
3031,2023-12-06,3409
3031,2023-12-24,2852
3031,2024-04-11,2829
3031,2024-05-03,2472
3031,2024-09-27,2495
3031,2025-05-31,2658
3032,2023-10-18,294
3032,2023-11-04,3664
3032,2024-01-16,2652
3032,2024-02-17,3168
3032,2024-04-28,558
3032,2024-07-15,1901
3032,2024-08-15,1557
3032,2025-04-07,1627
3032,2025-05-12,1497
3032,2025-06-09,1129
3033,2025-01-16,1988
3033,2025-03-07,724
3033,2025-07-21,402
3034,2023-09-11,1992
3034,2024-02-13,1090
3034,2024-02-29,1996
3034,2024-12-01,2505
3034,2025-01-17,606
3034,2025-03-29,1272
3035,2024-01-06,3546
3035,2024-05-02,1172
3036,2025-06-03,3973
3036,2025-07-26,3296
3037,2023-09-16,2079
3037,2024-05-02,3134
3037,2024-05-16,1561
3037,2024-05-31,1598
3037,2024-07-13,3151
3037,2024-07-18,1724
3037,2024-09-30,2397
3037,2025-04-17,319
3037,2025-07-18,2023
3037,2025-08-19,2275
3038,2023-08-28,2295
3038,2023-11-02,851
3038,2024-01-18,1171
3038,2024-03-21,620
3038,2024-05-24,2252
3038,2024-07-30,3228
3038,2024-08-27,2882
3038,2024-12-07,1316
3038,2025-04-03,3842
3039,2024-03-22,920
3039,2025-01-12,2145
3039,2025-06-06,1920
3040,2023-09-24,424
3040,2023-10-05,1595
3040,2024-03-04,3276
3040,2024-03-12,3081
3040,2024-05-16,3958
3040,2024-09-10,3643
3040,2024-09-29,1376
3040,2025-01-27,978
3040,2025-07-29,1634
3041,2024-02-05,1945
3041,2024-08-28,976
3041,2024-09-03,3756
3041,2025-04-05,3245
3041,2025-07-10,3298
3042,2024-04-22,3891
3042,2024-04-26,607
3042,2024-11-18,3065
3042,2024-11-19,1210
3042,2025-03-30,1337
3042,2025-08-21,1555
3043,2024-12-16,2987
3043,2025-03-06,3682
3043,2025-08-21,1740
3044,2025-01-17,2159
3044,2025-02-03,3829
3044,2025-06-14,2825
3045,2023-09-11,3640
3045,2024-02-12,654
3045,2024-03-10,1205
3045,2024-04-28,2927
3045,2024-07-31,3134
3045,2024-09-17,1469
3045,2024-10-26,3322
3045,2025-03-12,3986
3045,2025-03-21,1085
3046,2024-01-25,2599
3046,2024-05-03,2550
3046,2024-10-10,1771
3046,2025-03-24,1814
3046,2025-05-01,309
3047,2023-11-24,1883
3047,2023-11-29,3431
3047,2024-07-08,680
3047,2024-09-06,2461
3047,2024-11-18,3667
3047,2024-12-07,3083
3047,2025-04-11,412
3047,2025-06-05,482
3047,2025-07-05,1393
3047,2025-08-20,3961
3048,2024-02-20,1032
3048,2024-05-04,1688
3048,2024-08-15,3015
3048,2024-12-31,1353
3048,2025-07-07,1730
3049,2024-01-27,2058
3049,2024-04-29,2741
3049,2024-06-03,2047
3049,2024-06-28,1892
3049,2024-07-06,3201
3049,2025-06-27,2230
3049,2025-07-01,3789
3049,2025-08-23,3457
3050,2024-11-12,1492
3050,2025-07-03,892
3051,2024-03-18,1225
3051,2024-04-17,3682
3051,2024-11-08,2951
3051,2024-12-12,2121
3051,2025-01-10,3628
3051,2025-01-14,1615
3051,2025-07-11,1253
3052,2023-09-05,1178
3052,2023-09-19,3554
3052,2023-11-15,1067
3052,2024-08-01,2260
3052,2025-02-03,3514
3053,2025-07-30,3976
3054,2023-09-08,386
3054,2024-04-10,1520
3054,2024-04-28,3271
3054,2024-06-16,2411
3054,2024-09-05,2307
3054,2024-10-18,3353
3054,2024-12-29,2906
3054,2025-03-09,2827
3054,2025-05-27,2886
3055,2024-06-08,2219
3055,2025-03-08,2836
3055,2025-04-03,1108
3056,2023-11-02,1298
3056,2023-11-26,1168
3056,2023-12-24,1142
3056,2024-03-17,3721
3056,2024-10-31,3154
3056,2024-11-18,1678
3056,2025-01-04,1463
3056,2025-06-24,362
3057,2024-01-01,3279
3057,2024-01-27,962
3057,2024-03-28,3139
3057,2024-09-08,295
3057,2025-01-12,1167
3058,2024-05-21,232
3059,2024-04-02,619
3059,2024-11-15,3135
3059,2025-02-18,2076
3059,2025-04-11,565
3059,2025-04-16,2042
3060,2025-02-28,3008
3061,2024-02-11,2894
3061,2024-03-07,3259
3061,2024-08-04,3945
3061,2024-10-29,436
3061,2025-05-23,324
3061,2025-06-05,919
3061,2025-06-27,1584
3061,2025-06-28,3431
3061,2025-08-10,725
3062,2023-09-22,1661
3062,2024-02-27,2062
3062,2024-04-25,3162
3062,2024-04-29,3389
3062,2024-07-15,2857
3062,2024-09-11,2280
3062,2024-10-29,2120
3062,2025-06-10,3085
3063,2024-01-17,1188
3063,2025-07-17,527
3064,2023-09-07,3826
3064,2024-04-05,2171
3064,2024-08-01,2837
3064,2025-01-12,2335
3064,2025-01-23,2735
3065,2023-12-19,523
3065,2024-06-25,2743
3065,2024-12-14,1251
3065,2025-03-11,2072
3065,2025-07-08,930
3066,2024-06-29,540
3066,2025-07-12,577
3066,2025-08-07,1302
3067,2024-10-15,3699
3067,2024-12-03,3801
3067,2024-12-20,2191
3067,2024-12-28,3356
3067,2025-01-09,3034
3067,2025-01-10,1888
3067,2025-03-15,1152
3067,2025-04-12,3594
3068,2023-10-29,2934
3068,2024-03-26,832
3068,2024-04-28,2688
3068,2024-09-13,1366
3068,2025-03-11,1207
3068,2025-07-23,3088
3069,2023-10-23,2492
3070,2023-09-13,432
3070,2024-02-21,2181
3070,2024-08-19,3607
3070,2024-10-18,1159
3070,2024-11-21,2385
3070,2024-12-04,564
3070,2025-04-18,2026
3070,2025-04-29,1869
3070,2025-07-13,1590
3071,2024-12-12,833
3072,2023-09-10,3041
3072,2023-12-01,2926
3072,2024-01-10,2473
3072,2024-10-27,2752
3072,2024-12-21,3207
3072,2025-02-21,1658
3072,2025-06-26,949
3073,2023-12-01,555
3073,2024-06-01,2081
3073,2025-06-04,1477
3074,2023-10-29,821
3075,2023-12-05,2280
3075,2024-01-08,2361
3075,2024-04-20,3473
3075,2024-06-02,1143
3075,2024-11-16,1681
3075,2025-01-10,826
3075,2025-02-11,3161
3075,2025-02-22,3786
3075,2025-07-26,2113
3075,2025-08-02,1714
3076,2024-04-04,2517
3077,2023-12-27,3688
3077,2024-06-02,569
3077,2025-03-06,1999
3077,2025-08-12,2336
3078,2023-12-27,574
3078,2024-08-10,1399
3078,2025-02-28,427
3078,2025-05-19,1684
3078,2025-05-21,3942
3079,2023-09-09,2778
3079,2024-06-23,434
3079,2024-06-25,914
3079,2024-07-14,286
3079,2025-03-11,375
3079,2025-04-12,2200
3080,2023-10-14,3557
3080,2024-01-07,2153
3080,2024-12-01,2086
3080,2025-02-06,3334
3081,2023-11-02,837
3081,2024-12-28,427
3082,2023-11-06,864
3082,2024-01-21,3919
3082,2024-10-27,3728
3082,2024-11-14,896
3082,2025-02-21,3463
3083,2023-09-04,1509
3083,2024-02-05,2481
3083,2024-03-07,3854
3083,2024-11-25,1437
3083,2025-06-01,1531
3083,2025-08-07,2070
3084,2023-09-02,1194
3084,2024-07-17,3991
3085,2023-12-05,1737
3085,2023-12-25,3010
3085,2024-01-31,2010
3085,2024-08-28,2702
3085,2024-12-28,3026
3086,2024-12-26,816
3086,2025-04-03,920
3086,2025-07-15,3336
3087,2024-05-14,1560
3087,2024-10-12,3249
3088,2023-08-26,457
3088,2023-09-23,2761
3088,2023-11-06,2218
3088,2024-05-18,3879
3088,2024-07-04,444
3088,2024-07-29,1109
3088,2024-07-31,440
3088,2025-01-31,956
3088,2025-03-18,3005
3088,2025-07-29,3505
3089,2023-09-05,1882
3089,2024-02-22,396
3089,2024-03-05,2429
3089,2024-08-31,3777
3089,2024-11-03,1418
3089,2024-12-28,437
3089,2025-02-10,3790
3089,2025-02-27,3813
3089,2025-07-27,1088
3090,2023-11-01,2397
3090,2023-12-27,2957
3090,2024-01-23,2094
3090,2024-07-22,2027
3090,2024-08-16,2615
3090,2024-10-23,3753
3090,2024-11-11,3732
3090,2025-01-04,2464
3090,2025-01-25,3363
3091,2023-10-04,1832
3091,2023-10-24,2975
3091,2024-06-27,2995
3091,2024-09-05,2615
3091,2025-04-19,502
3091,2025-06-25,1953
3092,2024-03-03,2078
3092,2024-09-11,885
3092,2025-06-09,2376
3093,2023-10-04,3066
3093,2024-08-16,1505
3093,2025-03-31,2426
3094,2023-10-16,1089
3094,2023-10-24,3668
3094,2023-11-27,963
3094,2024-01-07,3733
3094,2024-02-12,2003
3094,2024-06-11,3100
3094,2024-11-07,2520
3094,2025-03-17,3582
3094,2025-08-18,948
3094,2025-08-21,1802
3095,2023-09-07,1681
3095,2023-10-17,3162
3095,2023-10-31,2843
3095,2024-01-14,306
3095,2024-02-16,3634
3095,2024-03-01,1756
3095,2024-03-24,3452
3095,2024-04-09,2276
3095,2025-01-12,363
3095,2025-05-11,2134
3096,2023-12-07,961
3096,2024-07-28,3727
3096,2024-11-09,3953
3096,2024-12-23,3558
3096,2025-03-04,3206
3096,2025-03-23,1535
3096,2025-06-15,3415
3096,2025-07-09,3606
3097,2023-09-21,913
3097,2023-10-07,410
3097,2023-12-08,1036
3097,2024-04-05,3712
3097,2024-04-13,1374
3097,2024-05-18,2581
3097,2025-08-15,1148
3098,2023-09-20,773
3098,2023-10-04,1658
3098,2024-04-18,1385
3098,2024-06-01,1525
3098,2025-07-27,2180
3099,2024-12-25,3257
3099,2025-04-20,858
3100,2023-11-23,708
3100,2024-05-10,2273
3100,2024-05-22,378
3100,2024-06-10,479
3100,2024-09-03,2000
3100,2024-11-02,1923
3100,2024-11-11,1628
3100,2025-06-08,267
3100,2025-06-17,3260
3101,2023-11-28,350
3101,2024-01-10,3340
3101,2024-03-12,1414
3101,2024-07-05,1601
3101,2024-09-06,3975
3101,2025-01-31,2132
3101,2025-02-01,802
3101,2025-04-18,603
3101,2025-07-16,640
3102,2024-06-09,1146
3102,2024-12-03,485
3102,2025-01-11,632
3102,2025-07-31,2174
3103,2023-10-29,1459
3103,2023-12-19,2550
3103,2024-01-19,2338
3103,2024-01-29,2447
3103,2024-09-09,3004
3103,2024-09-21,3172
3103,2025-01-22,2211
3103,2025-02-12,3003
3103,2025-05-13,1670
3103,2025-07-29,869
3104,2023-11-15,2656
3104,2024-02-13,350
3104,2024-04-09,585
3104,2025-01-16,2676
3104,2025-05-01,1112
3104,2025-07-31,713
3105,2023-09-08,2824
3105,2024-04-06,1495
3105,2024-09-09,767
3105,2024-11-19,2386
3105,2024-12-02,938
3105,2025-01-24,2672
3105,2025-03-24,3322
3105,2025-04-15,620
3105,2025-06-13,3895
3105,2025-07-22,1010
3106,2023-11-19,2958
3106,2024-04-18,3892
3106,2024-05-15,2962
3107,2024-01-05,2160
3107,2024-07-07,611
3107,2024-09-25,2418
3107,2024-11-11,3945
3107,2024-11-15,1110
3107,2025-02-10,1270
3107,2025-03-19,1038
3107,2025-04-22,2694
3107,2025-04-24,1530
3107,2025-07-10,3190
3108,2024-03-13,3501
3108,2024-04-15,459
3108,2024-06-11,1189
3108,2025-03-21,2052
3108,2025-03-24,3571
3108,2025-04-08,2127
3108,2025-08-23,785
3109,2023-12-11,2777
3109,2024-02-26,2480
3109,2024-07-19,1494
3109,2024-11-30,2306
3109,2024-12-25,412
3109,2025-03-24,2619
3109,2025-07-26,1827
3110,2023-11-07,3756
3110,2024-07-02,2648
3110,2024-08-04,1837
3110,2024-10-20,2743
3110,2024-11-13,3917
3110,2025-01-04,1127
3110,2025-01-18,3574
3110,2025-05-28,526
3110,2025-06-29,1337
3110,2025-07-13,2362
3111,2024-02-02,3975
3111,2024-03-20,773
3111,2024-08-07,3704
3111,2024-09-13,2683
3111,2025-05-24,1406
3112,2023-12-28,358
3112,2024-03-01,2711
3112,2024-07-11,2600
3112,2024-09-03,695
3112,2025-01-09,839
3112,2025-07-26,352
3113,2024-02-07,3948
3113,2024-03-01,758
3113,2024-07-02,2901
3113,2024-07-16,3763
3113,2024-09-08,3705
3113,2024-10-11,3606
3113,2024-12-04,1170
3114,2023-11-15,2484
3114,2024-03-03,2081
3114,2024-04-04,1548
3114,2024-05-11,697
3114,2024-06-09,2535
3114,2024-07-03,1352
3114,2024-09-05,214
3114,2024-11-18,576
3114,2025-05-12,3994
3115,2023-09-13,2952
3115,2024-03-19,2772
3115,2024-04-08,3754
3115,2024-08-03,3990
3116,2024-04-01,2352
3116,2025-02-05,824
3117,2023-11-21,1061
3117,2023-11-27,959
3117,2024-02-01,1916
3117,2024-04-03,2476
3117,2024-04-05,2443
3117,2024-07-26,359
3117,2024-10-10,3936
3117,2024-11-30,1083
3117,2025-01-01,1393
3117,2025-06-17,2750
3118,2023-09-02,2891
3118,2024-07-05,1807
3118,2024-08-09,3143
3118,2025-05-03,745
3118,2025-05-20,857
3118,2025-06-12,2592
3119,2024-01-23,1050
3119,2024-02-08,3209
3119,2024-11-02,3193
3119,2024-11-23,3773
3119,2025-03-07,2058
3119,2025-06-08,337
3120,2023-10-06,1098
3120,2023-10-17,3805
3120,2024-02-28,1204
3120,2024-05-30,3190
3120,2024-09-27,2944
3120,2025-01-18,3358
3120,2025-01-25,3046
3120,2025-03-13,1533
3120,2025-03-31,2272
3120,2025-05-22,2103
3121,2024-01-14,1152
3121,2024-01-24,2354
3122,2024-04-06,3479
3123,2025-01-03,2691
3124,2023-09-04,1313
3124,2023-09-15,1638
3124,2023-09-21,963
3124,2024-03-29,1660
3124,2024-07-25,3336
3124,2024-08-06,1426
3124,2024-10-02,3831
3125,2024-04-28,638
3125,2024-09-25,3790
3125,2024-09-26,2192
3125,2024-09-28,988
3125,2025-01-24,2654
3125,2025-02-23,3963
3125,2025-04-18,3671
3125,2025-06-19,271
3125,2025-08-01,1748
3126,2024-04-16,3364
3126,2025-03-15,3235
3126,2025-05-07,2995
3127,2023-09-15,3921
3127,2023-09-19,2527
3127,2024-02-02,1001
3127,2024-05-06,1909
3127,2024-09-16,1277
3127,2025-02-17,840
3127,2025-02-28,803
3127,2025-04-13,2497
3127,2025-04-23,2233
3127,2025-06-04,961
3128,2024-08-16,1447
3129,2023-10-15,3960
3129,2023-12-26,458
3129,2024-04-08,3504
3129,2024-06-10,2003
3129,2024-06-19,451
3129,2025-04-21,2859
3130,2023-11-14,3532
3130,2024-11-11,2383
3130,2025-04-27,2285
3131,2025-04-20,229
3132,2023-09-04,3387
3132,2023-12-14,3149
3132,2024-01-14,2250
3132,2024-11-13,1049
3132,2025-03-02,425
3133,2025-02-06,1273
3134,2023-12-16,3184
3134,2024-03-30,1635
3134,2024-04-04,1508
3134,2024-11-05,1328
3134,2025-05-18,3206
3134,2025-07-03,843
3134,2025-08-23,1926
3135,2023-09-12,2918
3135,2023-12-06,317
3135,2024-09-05,2907
3135,2024-11-10,3437
3135,2025-01-03,1584
3135,2025-02-04,2206
3135,2025-04-04,2626
3135,2025-07-10,767
3135,2025-07-28,1365
3136,2023-08-27,1241
3136,2023-09-13,3648
3136,2023-11-04,3232
3136,2023-12-22,526
3136,2024-01-10,3890
3136,2024-01-27,842
3136,2024-10-20,3888
3136,2025-06-19,2940
3137,2025-06-16,1695
3138,2023-12-13,2278
3138,2024-11-11,422
3138,2025-01-08,1139
3138,2025-03-06,3267
3138,2025-04-05,3385
3138,2025-05-17,3385
3139,2023-10-24,731
3139,2023-12-10,2866
3139,2024-04-07,2427
3139,2024-07-27,2017
3139,2024-08-06,1587
3139,2024-10-09,1021
3139,2025-04-16,1173
3139,2025-06-05,2468
3139,2025-07-13,448
3140,2023-10-18,410
3140,2023-12-28,2474
3140,2024-03-02,3165
3140,2024-07-15,1182
3140,2024-12-04,3428
3140,2025-03-09,650
3141,2023-08-30,3132
3141,2023-11-04,3137
3141,2023-12-03,2623
3141,2024-07-05,3209
3141,2024-08-23,2992
3141,2024-11-02,914
3141,2025-04-22,1500
3142,2023-12-25,2809
3142,2024-01-04,1032
3142,2024-02-03,3960
3142,2024-05-10,1677
3142,2024-07-03,680
3142,2024-11-13,3724
3142,2025-01-28,548
3142,2025-07-30,1444
3143,2023-12-08,1378
3143,2024-03-27,2796
3143,2024-04-14,2902
3143,2024-04-22,1637
3143,2024-11-17,3936
3143,2025-02-08,987
3143,2025-05-02,1698
3143,2025-06-08,2308
3143,2025-06-17,2128
3144,2023-09-07,2697
3144,2023-10-26,1788
3144,2024-03-03,3066
3144,2024-03-05,3214
3144,2025-03-24,389
3144,2025-04-04,980
3145,2023-08-29,277
3145,2024-01-31,208
3145,2024-04-06,679
3145,2025-02-16,2613
3145,2025-03-07,479
3145,2025-04-04,3847
3146,2023-09-03,1812
3146,2023-10-02,1613
3146,2023-12-03,1878
3146,2024-01-01,3593
3146,2024-06-03,2931
3146,2025-01-08,2126
3146,2025-07-16,3189
3147,2023-08-31,3903
3147,2023-09-20,824
3147,2024-01-16,2950
3148,2023-08-31,2582
3148,2024-04-27,3123
3148,2024-05-30,2376
3148,2024-06-23,769
3148,2024-08-26,1855
3148,2024-10-22,925
3148,2025-02-04,3605
3148,2025-08-08,468
3149,2024-06-17,2480
3149,2025-07-11,3565
3150,2023-11-07,3732
3150,2025-07-25,3095
3151,2023-08-29,256
3151,2023-11-12,387
3151,2023-11-30,448
3151,2024-05-11,2498
3151,2024-05-19,3884
3151,2024-10-06,1130
3151,2024-12-04,3396
3151,2024-12-23,3929
3151,2025-04-07,1607
3151,2025-08-12,1011
3152,2024-09-16,2638
3153,2023-11-18,899
3154,2023-10-15,1537
3154,2024-02-19,2900
3154,2024-04-10,348
3154,2024-05-23,3574
3154,2024-05-24,2079
3154,2025-02-28,3512
3154,2025-08-04,2845
3154,2025-08-11,726
3155,2023-10-04,2925
3155,2023-10-12,3690
3155,2024-01-04,3111
3155,2024-07-30,1006
3155,2024-07-31,1650
3155,2024-08-29,771
3155,2025-01-23,2486
3155,2025-06-26,1300
3156,2024-01-24,2790
3156,2024-10-22,666
3156,2025-03-11,2214
3157,2023-12-03,1400
3157,2023-12-03,3186
3157,2024-07-19,1239
3157,2025-03-15,963
3157,2025-04-28,3157
3158,2023-09-12,1015
3158,2024-01-02,956
3158,2024-02-10,1752
3158,2024-03-22,2692
3158,2024-05-13,2759
3158,2024-08-12,2738
3158,2024-08-27,2582
3158,2024-10-24,3342
3158,2025-02-27,970
3158,2025-03-13,1670
3159,2023-12-01,1096
3159,2023-12-07,939
3159,2023-12-27,1619
3159,2024-09-04,1598
3159,2024-10-18,605
3159,2025-07-27,2453
3160,2024-03-13,3913
3161,2023-09-25,703
3161,2025-08-12,737
3162,2024-01-15,894
3162,2024-03-18,1623
3162,2024-08-17,2567
3162,2024-11-25,2335
3163,2024-01-11,2303
3163,2024-02-23,384
3163,2025-04-07,1490
3163,2025-07-29,1721
3164,2024-02-21,3637
3164,2024-07-05,3744
3164,2025-07-14,2829
3164,2025-07-22,840
3165,2023-10-16,2130
3166,2023-09-26,1882
3166,2023-11-16,3599
3166,2023-11-22,224
3166,2023-12-23,1066
3166,2024-01-09,2392
3166,2024-01-24,1339
3166,2024-03-23,1618
3166,2024-06-26,3464
3166,2024-12-28,2506
3166,2025-01-09,3333
3167,2024-01-11,3344
3167,2024-06-24,1346
3167,2024-06-27,595
3167,2024-07-18,2590
3167,2025-03-01,1277
3167,2025-03-03,720
3167,2025-03-28,500
3167,2025-04-05,1977
3167,2025-07-25,2830
3168,2023-10-18,410
3168,2024-03-26,854
3168,2024-06-04,207
3168,2024-06-18,556
3168,2024-12-31,1404
3168,2025-05-27,3532
3169,2023-08-31,1219
3169,2024-01-09,2206
3169,2024-02-11,1833
3169,2024-06-14,410
3169,2024-09-04,1253
3169,2024-11-03,1099
3169,2025-02-22,2587
3169,2025-08-12,1713
3170,2023-11-02,2707
3170,2024-02-08,3902
3170,2024-03-11,3120
3170,2024-03-19,2937
3170,2024-03-22,923
3170,2025-07-01,3844
3171,2024-02-20,3712
3171,2024-03-02,2478
3171,2024-08-02,891
3171,2024-09-17,3350
3171,2024-12-09,1543
3171,2025-03-14,2997
3171,2025-03-18,2063
3171,2025-07-08,2607
3172,2023-11-21,2100
3172,2024-02-19,3253
3172,2024-05-01,3758
3172,2024-12-28,220
3173,2024-05-01,964
3173,2024-05-12,840
3173,2024-10-07,607
3173,2025-01-17,3183
3173,2025-08-16,2912
3174,2023-12-21,2792
3174,2024-04-01,973
3174,2024-04-17,2321
3174,2024-06-04,1675
3174,2024-07-17,1207
3174,2024-09-29,2899
3174,2025-01-31,466
3174,2025-05-29,3146
3174,2025-07-18,2541
3174,2025-08-04,2477
3175,2023-10-06,2688
3175,2023-12-22,2629
3175,2024-01-17,330
3175,2024-04-01,548
3175,2024-11-12,3071
3175,2025-03-04,2901
3175,2025-03-13,1756
3176,2023-11-15,2118
3176,2023-12-05,1938
3176,2024-01-17,851
3176,2024-10-23,3761
3176,2025-08-02,1703
3177,2023-12-16,2198
3177,2024-11-02,1718
3177,2024-11-24,2811
3177,2025-04-24,2623
3177,2025-08-09,2549
3177,2025-08-19,3867
3178,2023-10-12,3855
3178,2023-11-20,2898
3178,2024-01-16,718
3178,2024-01-17,341
3178,2024-01-22,1134
3178,2025-03-13,2516
3178,2025-04-26,663
3178,2025-06-09,1034
3179,2024-01-20,2235
3179,2024-12-07,3896
3179,2025-04-12,2464
3179,2025-05-08,1413
3180,2023-08-30,2766
3180,2024-05-24,1715
3180,2024-05-26,1393
3180,2024-12-12,813
3180,2025-01-25,3372
3180,2025-04-05,377
3180,2025-05-12,2818
3180,2025-07-01,782
3180,2025-08-22,3098
3181,2024-02-20,1085
3181,2024-04-12,669
3181,2024-04-18,1171
3181,2024-11-27,3334
3181,2025-02-11,2829
3181,2025-02-26,3670
3181,2025-07-25,3439
3182,2024-09-24,3886
3182,2024-11-01,830
3182,2024-12-12,2691
3182,2025-06-22,1915
3183,2024-05-16,3644
3183,2024-05-29,3013
3183,2024-09-15,2573
3183,2024-12-04,977
3183,2024-12-22,2074
3183,2025-06-05,950
3183,2025-06-27,1296
3183,2025-07-17,1551
3183,2025-07-28,2790
3184,2024-02-23,2102
3184,2024-08-02,238
3184,2024-08-06,962
3184,2024-09-11,2673
3184,2024-09-26,2983
3184,2025-01-27,1848
3184,2025-04-23,3249
3184,2025-04-25,681
3185,2024-09-12,2654
3185,2025-05-21,3890
3186,2023-12-28,1361
3186,2024-03-01,1154
3186,2024-06-14,2220
3187,2023-11-23,2788
3187,2024-07-25,813
3187,2024-09-29,3009
3187,2024-12-04,228
3187,2025-01-27,2286
3187,2025-03-18,429
3187,2025-04-03,2089
3187,2025-08-02,1393
3188,2023-11-16,1978
3188,2023-12-23,2295
3188,2024-01-12,2547
3188,2024-03-20,1953
3188,2024-12-16,1628
3188,2025-03-09,1689
3188,2025-07-06,2596
3189,2023-12-10,353
3189,2023-12-29,2730
3189,2024-02-13,2175
3189,2024-04-12,2637
3189,2024-08-06,1413
3189,2024-09-22,3265
3190,2023-10-14,1504
3191,2023-09-08,1676
3191,2024-04-17,730
3191,2024-07-05,1843
3191,2025-03-01,3381
3191,2025-04-24,2467
3192,2024-02-28,980
3192,2024-03-05,3026
3192,2024-07-28,485
3192,2024-07-28,2802
3193,2023-11-24,2847
3193,2023-11-28,2726
3193,2024-03-24,1608
3193,2024-04-07,2771
3193,2025-06-25,3356
3194,2023-11-27,3029
3194,2023-12-14,3905
3194,2023-12-29,1457
3194,2024-05-20,1723
3194,2024-09-06,3068
3194,2025-01-10,3507
3194,2025-05-22,1791
3194,2025-07-29,2895
3195,2023-11-15,2036
3195,2025-02-11,783
3195,2025-02-25,3866
3195,2025-07-22,1755
3196,2023-12-09,1048
3196,2024-01-26,2811
3196,2024-11-12,1975
3196,2025-01-07,1627
3196,2025-02-17,2589
3196,2025-05-14,3787
3196,2025-05-21,3618
3196,2025-07-19,2037
3196,2025-08-20,2053
3197,2023-09-29,2975
3197,2023-10-08,2446
3197,2023-12-29,1194
3197,2024-04-07,3138
3197,2024-05-28,2056
3197,2024-09-28,3947
3197,2025-02-24,1129
3198,2024-03-24,979
3199,2023-11-21,3424
3199,2024-08-03,1616
3199,2025-01-06,2863
3199,2025-07-16,2361
3200,2023-11-03,636
3200,2023-11-17,3055
3200,2024-01-03,370
3200,2024-02-17,3159
3200,2024-02-23,2202
3200,2024-03-29,377
3200,2025-07-05,1075
3201,2024-01-28,3303
3202,2023-12-18,1953
3203,2024-05-10,671
3203,2025-05-25,2193
3204,2023-11-15,2647
3204,2024-04-17,1725
3204,2024-06-07,781
3204,2025-04-19,1026
3205,2023-12-06,3435
3205,2025-01-12,3792
3205,2025-01-15,3247
3205,2025-05-21,2868
3206,2023-11-05,1311
3206,2024-01-27,1583
3206,2024-07-04,2151
3206,2024-08-19,1913
3206,2024-09-08,3578
3206,2025-06-04,2857
3206,2025-06-04,2282
3207,2023-11-18,491
3207,2024-06-12,1649
3207,2024-07-13,2092
3207,2024-07-23,3988
3207,2024-11-14,936
3207,2025-06-28,1580
3207,2025-08-02,305
3208,2023-09-07,2958
3208,2023-09-16,472
3208,2024-03-08,2561
3208,2024-04-18,2814
3208,2024-04-29,2996
3208,2024-10-06,1843
3208,2024-10-25,1636
3208,2025-03-18,2774
3208,2025-04-23,3590
3209,2023-11-17,428
3209,2024-01-03,2303
3209,2024-01-13,3072
3209,2024-01-30,1178
3209,2024-11-27,3291
3209,2025-02-05,3367
3209,2025-02-08,3453
3210,2024-01-02,2947
3210,2024-03-12,3668
3210,2024-07-22,3365
3210,2024-09-23,305
3210,2024-11-29,1581
3210,2025-01-13,3481
3210,2025-01-21,3122
3210,2025-04-22,276
3211,2023-11-14,2272
3211,2024-02-08,872
3211,2024-04-06,2147
3211,2024-04-26,3829
3211,2025-07-06,2995
3211,2025-08-18,2166
3212,2023-09-17,821
3212,2024-02-22,674
3212,2024-08-22,1151
3212,2025-02-20,416
3212,2025-07-26,3201
3213,2023-11-25,2248
3213,2024-01-10,237
3213,2024-11-23,2522
3213,2024-12-12,2662
3213,2025-01-30,1395
3213,2025-02-11,1515
3213,2025-03-18,2344
3213,2025-07-31,929
3214,2024-07-10,2271
3215,2023-11-14,3454
3215,2024-01-21,1777
3215,2024-02-17,2063
3215,2024-06-03,541
3215,2024-10-19,574
3215,2024-12-31,3193
3215,2025-05-30,2480
3216,2023-08-28,3780
3217,2023-12-14,2649
3217,2023-12-24,376
3217,2024-03-14,2881
3217,2024-03-27,2294
3217,2024-05-11,1735
3217,2024-05-26,3267
3217,2024-11-22,3717
3217,2025-06-08,907
3218,2023-10-08,2262
3218,2023-11-03,2728
3218,2024-02-09,1730
3218,2024-03-26,3476
3218,2024-05-11,2395
3218,2024-08-25,1006
3218,2024-10-22,3310
3218,2025-05-18,982
3219,2024-01-31,2228
3220,2023-12-08,2956
3220,2024-05-13,1773
3220,2024-10-25,2580
3221,2024-02-12,1997
3221,2024-04-28,2109
3221,2024-08-17,1607
3221,2024-12-19,1627
3221,2025-04-14,408
3221,2025-05-18,3214
3221,2025-05-29,1663
3221,2025-07-19,1696
3221,2025-08-20,1661
3222,2024-01-01,1936
3222,2024-02-06,3123
3222,2024-04-27,1085
3222,2024-09-04,561
3222,2024-10-21,1673
3222,2025-04-17,2553
3223,2023-11-27,1303
3223,2023-12-21,332
3223,2024-02-25,3607
3223,2024-06-30,3530
3223,2024-07-08,776
3223,2024-07-15,2527
3223,2024-08-23,3900
3223,2024-11-05,1964
3223,2025-07-02,705
3223,2025-07-17,2029
3224,2024-03-14,1630
3225,2023-09-08,1908
3225,2023-09-27,3721
3225,2023-10-19,988
3225,2024-05-13,2722
3225,2024-12-17,489
3225,2025-01-14,1277
3226,2023-08-30,1095
3226,2023-08-31,967
3226,2024-05-05,3002
3226,2024-07-11,753
3226,2024-10-01,929
3226,2024-12-08,449
3226,2025-01-17,1502
3226,2025-02-10,2470
3226,2025-02-16,1362
3226,2025-06-20,2932
3227,2023-10-31,3556
3227,2025-01-30,3547
3227,2025-04-20,1053
3227,2025-08-13,3018
3228,2024-04-18,2084
3229,2024-07-22,1252
3229,2024-08-18,1822
3229,2025-02-05,3687
3229,2025-07-31,1868
3230,2023-10-19,1195
3230,2024-02-03,2010
3230,2024-02-13,3771
3230,2024-07-23,576
3230,2024-12-21,2672
3230,2024-12-29,2845
3230,2025-06-18,2094
3231,2024-01-30,3916
3231,2024-11-16,2544
3231,2025-01-24,3678
3231,2025-03-10,3075
3231,2025-04-15,797
3231,2025-05-17,1391
3231,2025-07-04,2032
3232,2023-11-14,2649
3232,2024-02-13,3634
3232,2024-06-19,3179
3232,2024-07-13,2883
3233,2023-09-03,2563
3233,2024-06-05,1195
3233,2024-11-14,2092
3233,2025-04-28,1112
3234,2023-08-30,3322
3234,2023-09-03,3707
3234,2024-02-01,573
3234,2024-02-27,3311
3234,2024-05-25,2382
3234,2024-06-14,1945
3234,2024-08-08,1458
3234,2025-05-04,3986
3234,2025-06-06,3688
3234,2025-07-17,1580
3235,2025-03-10,334
3235,2025-04-21,743
3235,2025-05-09,282
3235,2025-05-10,828
3235,2025-07-06,2946
3236,2023-12-31,390
3236,2024-08-06,2235
3236,2024-10-04,1399
3237,2024-08-30,2535
3238,2024-02-25,2582
3238,2024-07-10,2781
3238,2024-08-26,545
3238,2025-05-01,3326
3238,2025-05-04,2851
3239,2023-11-21,3936
3239,2023-12-30,641
3239,2024-02-04,3941
3239,2024-07-10,2988
3240,2024-11-19,3061
3240,2025-02-20,924
3241,2024-08-28,3662
3241,2025-06-12,486
3242,2023-10-22,714
3242,2024-05-02,1327
3242,2025-03-04,2713
3243,2023-09-25,2899
3243,2023-11-30,1663
3243,2023-12-09,2509
3243,2024-01-30,3837
3243,2024-12-05,1368
3243,2025-01-01,521
3243,2025-01-26,934
3243,2025-07-05,3926
3244,2024-06-04,3326
3244,2024-06-05,2981
3244,2024-09-12,3957
3244,2025-01-10,401
3244,2025-01-30,2870
3244,2025-07-26,430
3245,2024-03-21,3901
3245,2024-07-05,2313
3245,2024-07-15,1861
3245,2024-09-19,1121
3245,2025-07-29,1864
3246,2023-12-18,1047
3246,2024-02-03,2939
3246,2024-03-02,2358
3246,2024-04-09,2448
3246,2024-04-11,1148
3246,2024-04-22,677
3246,2024-05-18,2583
3246,2024-06-22,3474
3246,2025-02-20,2448
3246,2025-04-19,846
3247,2023-11-28,2486
3247,2024-02-16,2208
3247,2024-05-31,2022
3247,2024-07-15,707
3247,2024-10-04,2823
3247,2024-11-30,361
3247,2024-12-28,714
3247,2025-02-23,1767
3247,2025-05-14,3764
3248,2023-09-25,1351
3248,2024-02-07,2393
3249,2023-10-23,3796
3249,2024-04-20,1241
3249,2024-08-02,2645
3249,2024-09-17,1259
3249,2024-10-25,3887
3250,2023-09-28,3034
3250,2024-05-06,1113
3251,2024-01-22,2341
3251,2024-03-29,3637
3251,2024-06-12,1772
3251,2024-06-14,843
3251,2024-08-22,2956
3251,2024-11-24,2735
3251,2025-03-04,1985
3252,2023-09-26,1233
3252,2023-11-09,3945
3252,2024-02-27,3763
3252,2024-04-30,3453
3252,2024-08-22,824
3252,2025-03-16,1133
3252,2025-07-23,313
3252,2025-07-27,2978
3252,2025-07-29,3857
3253,2023-12-03,1470
3253,2024-09-01,2595
3254,2025-01-31,1910
3254,2025-07-04,466
3255,2024-06-21,653
3255,2025-02-06,428
3256,2023-11-04,3252
3256,2024-09-28,219
3256,2025-05-18,3532
3256,2025-07-28,1921
3257,2024-03-26,1427
3258,2024-08-18,2431
3258,2024-09-11,1331
3258,2024-12-17,2466
3258,2024-12-25,3070
3258,2025-01-17,2976
3259,2023-12-09,2059
3259,2024-07-29,713
3259,2024-09-02,1014
3259,2024-12-28,1978
3259,2025-03-28,2849
3259,2025-05-25,3773
3259,2025-07-13,1820
3260,2023-09-22,2919
3260,2024-02-01,1399
3260,2024-05-02,1961
3260,2024-07-19,1526
3260,2025-02-17,1849
3260,2025-02-26,529
3260,2025-03-06,209
3260,2025-03-13,3560
3260,2025-07-20,684
3261,2023-09-14,797
3261,2025-01-11,3629
3261,2025-03-07,1517
3261,2025-07-24,1293
3262,2024-06-26,641
3262,2024-08-20,1986
3262,2024-10-24,2584
3262,2025-07-23,1853
3263,2024-01-28,416
3263,2024-04-18,2250
3264,2024-03-11,2154
3264,2024-05-26,345
3264,2024-09-27,2409
3264,2025-03-10,2979
3264,2025-05-22,3032
3265,2024-05-07,1198
3265,2025-03-29,1728
3266,2024-04-08,2976
3266,2024-04-29,3344
3266,2024-08-19,2509
3266,2024-10-22,278
3266,2024-11-22,1790
3266,2024-11-23,3600
3266,2025-02-19,488
3266,2025-06-15,3535
3267,2023-10-29,1215
3267,2024-04-20,1430
3267,2024-07-24,3794
3267,2024-08-10,754
3267,2024-12-12,748
3267,2024-12-19,326
3267,2025-05-23,3299
3267,2025-05-31,3841
3267,2025-07-14,405
3268,2024-03-29,2179
3268,2024-07-09,2363
3268,2024-07-28,940
3268,2024-12-10,1480
3268,2025-05-02,3869
3268,2025-07-09,2757
3268,2025-08-04,3276
3268,2025-08-14,2662
3269,2023-11-01,3655
3269,2025-08-14,2591
3270,2024-03-12,339
3270,2025-08-09,2724
3271,2023-09-01,2882
3271,2023-09-13,220
3271,2023-10-10,2310
3271,2024-03-12,937
3271,2024-09-01,633
3271,2025-01-24,2330
3271,2025-02-01,3220
3271,2025-03-03,549
3271,2025-04-15,3010
3271,2025-06-05,562
3272,2025-05-03,3530
3273,2023-09-27,1969
3273,2024-05-18,1432
3273,2024-12-15,3075
3273,2025-06-03,2161
3273,2025-06-09,2260
3274,2023-10-24,3227
3274,2024-09-19,3118
3274,2025-05-16,2917
3274,2025-07-22,3684
3275,2023-12-22,2844
3275,2024-03-13,3466
3275,2024-04-20,3131
3275,2024-07-24,3240
3275,2025-01-20,571
3276,2023-10-01,3626
3276,2024-03-25,829
3276,2024-03-31,833
3276,2025-04-12,1249
3276,2025-07-27,2623
3276,2025-07-29,1402
3277,2023-12-02,3362
3277,2023-12-07,873
3277,2023-12-28,2043
3277,2024-02-01,287
3277,2024-04-12,926
3277,2024-06-06,1297
3277,2024-09-26,2974
3277,2024-10-11,852
3277,2025-01-27,3725
3277,2025-06-16,2883
3278,2024-07-22,2335
3278,2025-02-22,2100
3279,2023-11-22,2785
3279,2024-01-02,2165
3279,2024-02-18,1772
3279,2024-05-21,1612
3279,2024-08-17,1873
3279,2024-10-23,738
3279,2024-12-05,1724
3279,2025-04-23,2792
3279,2025-05-30,2016
3280,2023-11-04,928
3280,2024-01-08,249
3280,2024-05-18,1558
3280,2024-06-26,608
3280,2024-09-24,3672
3280,2024-10-10,319
3280,2024-12-28,3304
3280,2025-01-18,2324
3280,2025-05-13,3198
3280,2025-08-11,1839
3281,2023-10-02,915
3281,2023-11-10,3075
3281,2023-12-20,3699
3281,2024-06-03,992
3281,2025-01-11,799
3281,2025-02-02,2520
3281,2025-02-21,801
3281,2025-04-05,1420
3281,2025-08-19,3612
3282,2023-09-03,3836
3282,2023-09-11,3806
3282,2023-12-02,1033
3282,2024-01-22,2870
3282,2024-06-06,1113
3282,2024-06-25,1132
3282,2024-07-19,2812
3282,2024-10-12,1844
3282,2024-11-13,1675
3282,2025-06-23,2766
3283,2023-11-29,3458
3284,2023-11-19,914
3284,2024-04-24,559
3284,2024-06-07,2149
3284,2025-05-26,3982
3284,2025-06-25,3817
3284,2025-08-23,3656
3285,2024-01-05,2258
3285,2024-05-29,3574
3285,2024-06-18,1292
3285,2024-07-31,1385
3285,2025-07-20,3326
3285,2025-08-02,1254
3286,2023-10-13,3564
3286,2023-10-31,1371
3286,2023-11-11,3360
3286,2024-04-12,517
3286,2024-11-09,812
3286,2025-05-30,1553
3286,2025-06-15,1831
3287,2024-08-31,3007
3288,2023-09-17,2024
3288,2023-12-22,2012
3288,2024-07-03,1743
3288,2024-07-14,512
3288,2025-01-19,2177
3288,2025-06-01,2746
3289,2023-12-02,928
3290,2023-10-23,3853
3290,2024-02-04,2960
3290,2024-02-15,1875
3290,2024-06-04,2655
3290,2024-11-18,293
3290,2024-12-12,3192
3290,2025-03-31,2059
3290,2025-05-01,1049
3291,2024-03-17,3282
3291,2024-03-28,2462
3291,2024-04-11,3349
3291,2024-07-22,3496
3291,2024-09-10,3908
3291,2024-10-05,1276
3291,2024-11-15,1914
3291,2025-08-05,2107
3292,2023-11-01,1657
3292,2024-05-17,2999
3292,2024-06-21,3565
3292,2024-09-24,3412
3292,2024-12-13,3487
3292,2025-02-27,3910
3292,2025-08-19,977
3293,2024-01-06,3177
3293,2024-08-21,1789
3293,2024-10-22,661
3293,2024-10-26,2371
3293,2025-01-21,437
3293,2025-05-05,1214
3294,2023-09-08,355
3294,2024-01-31,3454
3294,2024-04-10,3177
3294,2024-04-19,1987
3294,2024-12-29,3962
3295,2023-10-26,2827
3295,2023-11-09,2920
3295,2023-11-20,2806
3295,2024-02-20,2411
3295,2024-05-03,681
3295,2024-08-13,3548
3295,2024-09-02,1240
3295,2024-10-31,2846
3295,2024-11-26,288
3295,2025-06-29,824
3296,2024-06-01,2161
3296,2024-06-25,891
3296,2024-07-05,1201
3296,2024-10-25,472
3296,2024-12-15,727
3297,2025-01-15,3093
3297,2025-06-29,1509
3298,2024-07-25,352
3298,2024-09-02,3756
3298,2025-05-11,256
3299,2023-12-10,1491
3299,2024-02-13,1901
3299,2024-09-10,1907
3299,2024-10-04,3878
3299,2024-12-05,2004
3299,2025-01-01,852
3299,2025-02-10,3432
3299,2025-04-12,1894
3299,2025-06-25,2896
3299,2025-07-18,2333
3300,2023-11-01,840
3300,2023-11-07,874
3300,2023-12-01,1157
3300,2024-01-13,1854
3300,2024-07-04,3951
3300,2024-08-18,679
3300,2024-12-06,2757
3300,2025-01-18,1506
3300,2025-02-06,1378
3300,2025-04-04,3346
3301,2023-09-11,2628
3301,2024-04-14,3777
3301,2024-10-11,2845
3301,2025-01-16,3429
3301,2025-01-23,1595
3302,2023-09-18,1153
3302,2023-12-19,1091
3302,2024-01-23,2698
3302,2024-03-05,3329
3302,2024-04-26,2961
3302,2024-08-18,3295
3302,2024-08-30,3510
3302,2025-02-17,1020
3302,2025-08-07,1938
3303,2023-10-01,2113
3303,2023-10-06,2229
3303,2024-05-12,360
3303,2024-05-19,3643
3303,2025-02-10,2588
3303,2025-02-17,311
3303,2025-04-30,3658
3304,2023-10-20,3496
3304,2024-06-24,2859
3304,2024-07-06,2146
3304,2024-10-11,3715
3304,2025-08-11,523
3305,2023-10-29,3531
3305,2024-04-03,1040
3305,2024-05-24,3605
3305,2024-06-15,649
3305,2025-04-07,3967
3305,2025-04-21,3587
3306,2023-10-26,451
3306,2023-11-10,2759
3306,2024-06-07,3850
3306,2024-06-18,2205
3306,2025-02-10,1099
3306,2025-03-11,425
3306,2025-05-16,3947
3306,2025-06-14,3352
3307,2023-12-29,1580
3307,2025-03-16,2894
3308,2024-05-28,2051
3308,2024-09-02,3760
3309,2023-10-01,409
3309,2023-10-05,1934
3309,2023-12-11,1273
3309,2024-04-24,2842
3309,2024-05-17,3429
3309,2024-05-31,3586
3309,2024-07-17,1115
3309,2025-02-24,306
3310,2023-08-27,1533
3310,2023-12-28,1490
3310,2024-01-16,938
3310,2024-05-02,3753
3310,2024-11-20,2262
3310,2025-03-02,2670
3310,2025-04-08,734
3310,2025-05-13,1890
3310,2025-05-21,3352
3310,2025-08-19,3119
3311,2023-09-06,1342
3311,2024-12-30,3889
3311,2025-05-22,651
3312,2025-04-15,3466
3312,2025-05-03,3486
3312,2025-06-05,2394
3313,2023-09-28,2685
3313,2024-01-28,2710
3313,2024-04-08,1360
3313,2024-08-02,3045
3313,2024-08-29,3188
3313,2025-01-30,3178
3313,2025-03-16,1096
3313,2025-08-12,1065
3314,2024-06-25,600
3314,2024-10-10,1899
3314,2025-07-22,1485
3315,2023-08-30,1085
3315,2023-11-02,393
3315,2023-12-29,1527
3315,2024-01-01,2244
3315,2024-03-23,3949
3315,2024-08-11,3183
3315,2024-09-04,3245
3315,2024-12-15,2742
3315,2025-05-12,302
3316,2023-09-07,823
3316,2023-10-04,1243
3316,2024-11-27,2087
3316,2025-01-02,3436
3316,2025-06-21,2168
3316,2025-08-15,3856
3317,2023-11-14,538
3317,2023-12-19,2543
3317,2024-02-08,2238
3317,2024-02-12,3505
3317,2024-07-19,2321
3317,2024-08-27,605
3317,2024-11-12,870
3317,2024-11-16,210
3317,2025-02-09,3257
3318,2024-05-08,1768
3318,2024-12-13,1538
3319,2023-11-12,3032
3319,2024-05-09,650
3319,2024-07-09,706
3320,2023-12-22,691
3320,2024-03-30,2202
3320,2024-06-09,2105
3320,2024-06-24,1842
3320,2024-08-01,2100
3320,2024-12-05,337
3320,2025-02-07,2508
3320,2025-04-27,1044
3320,2025-05-24,1469
3321,2024-03-13,574
3321,2024-07-12,527
3321,2025-02-22,2505
3321,2025-04-09,1732
3322,2023-09-28,927
3322,2024-09-30,357
3323,2023-12-03,1374
3323,2024-01-30,1783
3323,2024-04-07,2431
3323,2024-10-09,3506
3323,2024-11-18,864
3324,2024-05-22,3886
3324,2024-08-26,2293
3324,2024-10-22,3417
3324,2024-10-30,689
3324,2025-04-18,2798
3324,2025-05-28,3934
3324,2025-07-09,1459
3325,2024-02-04,857
3325,2024-02-24,2025
3325,2024-03-29,3352
3325,2024-08-06,2370
3325,2024-10-01,3640
3325,2025-01-02,1146
3325,2025-04-19,418
3326,2023-12-05,2031
3326,2024-01-04,3870
3326,2024-03-09,2224
3326,2024-04-13,1627
3326,2024-10-10,1508
3326,2024-11-13,1349
3326,2024-11-14,3397
3326,2024-11-19,1795
3326,2024-11-27,2861
3326,2025-06-06,2302
3327,2023-12-26,1727
3327,2024-01-28,1878
3327,2024-07-16,3427
3327,2024-07-21,3618
3327,2024-08-23,2573
3327,2024-10-13,1047
3327,2024-10-16,860
3327,2025-05-26,2704
3328,2023-12-24,2137
3328,2024-01-27,1209
3328,2024-08-15,1606
3328,2024-08-18,2388
3328,2024-12-19,3305
3328,2024-12-31,2215
3329,2024-08-05,2285
3329,2024-09-11,3101
3329,2024-10-08,2212
3329,2024-11-06,3658
3329,2024-11-19,3153
3329,2024-12-21,907
3329,2024-12-22,1244
3329,2025-02-20,2982
3329,2025-06-30,2589
3329,2025-07-05,3565
3330,2025-08-07,1157
3331,2023-11-20,3545
3331,2024-02-09,1558
3331,2024-08-07,2157
3331,2024-09-02,1375
3331,2024-10-18,3854
3331,2024-12-12,1777
3331,2025-01-06,1951
3331,2025-03-05,2891
3331,2025-08-06,2556
3332,2023-11-13,3800
3332,2024-01-02,887
3332,2024-01-09,2871
3332,2024-01-26,3608
3332,2024-10-22,319
3332,2025-02-17,628
3332,2025-04-09,2463
3332,2025-08-22,2153
3333,2023-08-29,3037
3333,2025-04-03,2577
3333,2025-04-04,2981
3334,2024-07-10,1672
3334,2024-09-15,1969
3334,2024-10-05,2372
3334,2024-10-11,2280
3334,2025-03-15,1014
3334,2025-04-07,1495
3334,2025-08-19,3163
3335,2023-12-03,820
3335,2024-04-08,1713
3335,2025-01-09,805
3336,2023-11-14,3728
3336,2024-02-12,3122
3336,2024-03-25,999
3336,2024-07-03,3801
3336,2024-08-07,360
3336,2024-10-09,558
3336,2024-11-01,468
3336,2025-04-20,2290
3337,2024-02-26,866
3337,2024-06-01,3340
3337,2025-04-05,697
3337,2025-05-05,1017
3338,2023-10-04,2530
3338,2023-12-29,2022
3338,2024-03-02,3120
3338,2024-04-05,2655
3338,2024-04-17,2738
3338,2024-04-24,522
3338,2024-05-19,710
3338,2024-09-10,3793
3338,2024-12-19,3187
3338,2025-05-14,3680
3339,2024-05-10,272
3339,2024-08-18,1039
3339,2025-07-06,2146
3340,2024-06-12,698
3340,2025-01-12,2669
3340,2025-02-09,1723
3341,2023-08-26,992
3341,2023-12-18,2140
3341,2024-02-06,2683
3341,2024-05-15,1302
3341,2024-06-03,1981
3341,2024-10-20,2595
3341,2025-03-14,264
3341,2025-03-31,2462
3342,2024-02-01,3954
3343,2023-09-27,712
3343,2023-11-01,2857
3343,2024-02-15,2805
3343,2024-07-23,2723
3343,2024-10-14,471
3343,2025-01-11,3341
3343,2025-02-26,301
3343,2025-03-25,3925
3343,2025-05-17,881
3343,2025-06-30,2411
3344,2023-12-03,3484
3344,2023-12-05,2605
3344,2024-02-26,746
3344,2024-07-07,1992
3344,2025-05-22,2206
3345,2024-02-16,233
3345,2024-12-25,2309
3345,2025-05-17,3203
3345,2025-07-14,3985
3346,2023-10-28,559
3346,2024-09-05,1413
3346,2024-09-10,3815
3346,2024-10-11,921
3346,2025-04-24,1972
3346,2025-05-08,1775
3346,2025-06-06,2415
3346,2025-08-01,1174
3347,2023-10-22,2300
3347,2023-11-07,475
3347,2024-02-02,2830
3347,2024-02-21,1109
3347,2025-02-25,1212
3348,2023-09-24,767
3348,2023-09-27,830
3348,2024-03-20,3402
3348,2024-04-11,2186
3348,2024-07-18,2229
3348,2024-08-01,3060
3348,2024-12-11,1489
3348,2025-04-18,1585
3348,2025-07-30,1916
3349,2023-08-28,1675
3349,2024-05-21,3492
3350,2023-09-06,2194
3350,2024-04-15,2627
3350,2025-06-28,3270
3350,2025-07-25,2544
3351,2024-02-17,1694
3351,2024-07-14,898
3351,2024-09-16,3331
3351,2024-09-27,3756
3351,2024-11-09,2396
3351,2025-02-28,785
3351,2025-07-17,3044
3352,2023-10-16,2212
3352,2023-11-18,1211
3352,2024-01-12,613
3352,2024-02-23,2082
3352,2024-04-05,2236
3352,2024-06-07,2053
3352,2024-06-24,428
3352,2025-03-07,3029
3352,2025-06-13,2821
3352,2025-08-06,2400
3353,2023-09-29,753
3353,2023-12-28,3364
3353,2024-01-23,3855
3353,2024-08-23,2037
3353,2024-11-23,2909
3353,2025-01-04,417
3353,2025-02-03,1138
3353,2025-05-11,2342
3353,2025-06-11,2651
3354,2024-05-20,1930
3354,2025-07-12,2888
3355,2023-10-20,3256
3355,2023-12-08,342
3355,2024-08-04,3189
3355,2024-08-12,1033
3355,2024-09-13,1471
3355,2025-01-22,2895
3355,2025-02-08,1541
3355,2025-02-12,848
3355,2025-07-25,3967
3355,2025-08-05,3489
3356,2023-08-31,2738
3356,2023-10-30,1605
3356,2023-12-06,3814
3356,2024-02-15,883
3356,2024-04-01,2018
3356,2024-04-19,2112
3356,2024-05-03,1825
3356,2025-01-17,1746
3356,2025-05-04,2388
3357,2024-08-31,2650
3357,2024-11-18,3640
3357,2025-03-27,2958
3357,2025-07-03,2442
3358,2023-11-09,1608
3358,2023-11-16,1308
3358,2024-01-31,3273
3358,2025-05-01,699
3358,2025-07-03,1192
3358,2025-07-12,2139
3359,2024-03-27,922
3359,2024-07-15,2916
3359,2024-10-23,674
3359,2025-01-22,3364
3359,2025-04-06,2840
3359,2025-07-17,822
3359,2025-07-19,1479
3360,2023-11-16,2377
3360,2024-05-12,1912
3360,2024-12-08,3155
3361,2024-01-29,2340
3361,2024-02-21,3632
3361,2024-03-21,1451
3361,2024-03-23,3177
3362,2024-05-18,608
3362,2024-07-24,3849
3362,2025-07-06,2034
3363,2025-03-09,2838
3364,2023-08-30,3336
3364,2023-10-24,3370
3364,2024-02-07,1727
3364,2024-03-15,996
3364,2024-12-12,2542
3364,2025-08-17,3436
3365,2024-11-30,3466
3365,2025-06-16,286
3365,2025-07-02,2889
3366,2024-01-10,2233
3366,2024-07-18,2022
3366,2024-11-02,2053
3366,2024-11-24,3286
3366,2025-03-13,524
3366,2025-08-19,579
3367,2023-11-09,1884
3367,2024-04-28,3589
3367,2024-11-15,3791
3367,2025-01-14,2791
3367,2025-05-12,3844
3368,2024-07-20,3376
3368,2025-02-01,3240
3368,2025-02-21,3520
3368,2025-04-22,1602
3368,2025-06-20,2319
3369,2024-11-12,725
3369,2025-05-14,541
3369,2025-08-02,3643
3370,2023-12-03,2000
3370,2024-05-04,3361
3370,2024-05-31,635
3370,2024-06-07,2209
3370,2024-06-22,3140
3370,2024-06-29,656
3370,2024-07-09,465
3370,2024-07-10,3720
3370,2024-10-13,2480
3370,2025-06-10,2998
3371,2023-08-30,1380
3371,2023-09-17,364
3371,2024-04-01,2060
3371,2024-09-23,3601
3371,2024-10-10,980
3371,2024-11-12,1728
3371,2025-03-29,2384
3371,2025-04-09,767
3372,2024-05-06,3208
3372,2024-11-18,782
3372,2024-12-19,3309
3372,2025-04-01,1784
3372,2025-04-09,1237
3372,2025-05-13,2990
3372,2025-06-14,2777
3372,2025-06-27,306
3372,2025-08-16,1816
3373,2024-07-15,1240
3373,2024-08-19,3334
3373,2024-08-26,361
3373,2025-04-11,3606
3373,2025-04-18,3962
3374,2023-09-27,2228
3374,2023-10-13,3406
3374,2023-11-10,1879
3374,2024-05-25,3749
3374,2025-02-16,2371
3374,2025-03-12,3345
3374,2025-06-02,1914
3375,2024-05-11,2175
3375,2024-08-13,3977
3375,2024-11-01,3945
3375,2024-12-09,1031
3375,2025-01-13,388
3375,2025-05-19,1888
3376,2024-02-27,1733
3376,2024-04-13,450
3376,2024-10-21,1616
3376,2024-12-09,1361
3376,2025-01-26,1348
3376,2025-02-10,1151
3376,2025-02-26,766
3376,2025-03-18,3399
3376,2025-03-20,3019
3376,2025-06-11,1588
3377,2023-09-30,3222
3377,2023-12-16,2713
3377,2024-09-04,489
3377,2025-08-21,3897
3378,2023-11-14,3898
3378,2023-11-22,1194
3378,2023-12-09,2709
3378,2024-02-20,1327
3378,2024-08-19,972
3378,2024-10-24,932
3378,2024-11-09,3147
3379,2023-11-01,3809
3379,2024-06-13,3264
3379,2024-10-31,3611
3379,2025-03-15,1691
3379,2025-03-17,2513
3379,2025-03-23,3656
3379,2025-07-08,2691
3379,2025-08-17,2594
3380,2024-04-02,3259
3380,2024-04-15,3682
3380,2024-05-15,972
3380,2024-09-18,1545
3380,2025-08-17,1332
3381,2024-07-27,2140
3381,2025-02-20,1747
3382,2024-01-12,521
3382,2024-02-01,2871
3382,2024-04-14,822
3382,2024-04-22,1986
3382,2024-10-30,2951
3382,2024-12-01,1377
3382,2024-12-04,2675
3382,2025-06-03,3220
3382,2025-06-06,2423
3382,2025-07-08,3938
3383,2025-08-10,3117
3384,2023-09-28,2058
3384,2023-11-15,1150
3384,2024-01-04,2524
3384,2025-05-16,2119
3385,2024-01-23,2813
3385,2024-08-17,3370
3386,2024-02-21,1124
3386,2024-05-04,3356
3386,2024-06-14,1958
3386,2024-07-19,3561
3386,2025-01-03,2812
3386,2025-03-13,3990
3386,2025-08-22,2302
3387,2024-03-09,2749
3388,2023-10-30,3665
3388,2024-06-23,3052
3388,2024-09-09,2781
3388,2025-02-23,505
3388,2025-05-17,331
3388,2025-07-20,2143
3389,2023-09-12,2159
3389,2023-11-10,3757
3389,2023-11-21,3949
3389,2024-01-01,1208
3389,2024-02-14,3139
3389,2024-03-22,1643
3389,2024-03-29,1956
3389,2024-12-28,3728
3389,2025-02-22,2960
3390,2023-10-04,3861
3390,2023-10-07,1253
3390,2023-10-16,599
3390,2024-10-29,3093
3390,2024-11-11,2921
3390,2025-03-06,452
3391,2024-01-20,1291
3391,2024-05-04,807
3391,2024-06-01,3227
3391,2024-10-01,851
3391,2024-12-18,2308
3391,2025-02-09,2567
3391,2025-02-17,1427
3391,2025-06-08,423
3391,2025-07-01,3448
3392,2023-11-25,3374
3392,2024-02-02,1002
3392,2024-04-17,2318
3392,2025-03-14,818
3392,2025-06-02,1925
3392,2025-07-27,1544
3393,2023-11-13,3345
3393,2024-02-18,3950
3393,2024-07-09,2963
3393,2024-07-16,347
3393,2025-03-30,2808
3394,2024-05-09,1569
3394,2024-11-22,249
3394,2025-05-16,763
3394,2025-06-30,2934
3394,2025-08-10,2124
3395,2023-09-24,3522
3395,2023-09-29,3377
3395,2024-01-06,568
3395,2024-01-18,3662
3395,2024-04-20,604
3395,2024-06-03,833
3395,2025-04-09,1184
3395,2025-05-18,3266
3396,2023-12-15,3852
3396,2025-01-17,2886
3397,2023-09-08,1371
3397,2023-09-23,2782
3397,2024-07-18,1156
3397,2025-03-31,1536
3397,2025-04-12,1536
3397,2025-05-10,2092
3398,2023-09-01,3127
3398,2024-04-06,2996
3399,2023-10-12,2074
3399,2024-05-18,283
3399,2025-05-24,3449
3399,2025-05-28,3730
3400,2024-02-17,3943
3400,2025-05-18,2193
3401,2024-02-27,533
3401,2025-03-29,1405
3401,2025-07-03,3411
3402,2023-08-28,750
3402,2024-07-22,530
3402,2025-01-08,3638
3402,2025-02-19,3388
3402,2025-03-03,2690
3403,2023-09-30,1142
3403,2024-05-18,301
3403,2024-06-21,1269
3403,2025-07-10,1611
3403,2025-08-16,1955
3404,2023-09-04,3060
3404,2023-10-25,3837
3404,2024-02-27,358
3404,2024-04-19,2152
3404,2024-06-30,1327
3404,2024-12-26,440
3404,2025-01-14,2700
3404,2025-03-31,1545
3404,2025-06-30,401
3404,2025-08-16,941
3405,2023-11-11,1628
3405,2024-01-25,3598
3405,2024-02-16,3302
3405,2024-07-07,2776
3405,2024-11-13,2709
3405,2025-02-28,1718
3405,2025-03-12,2956
3405,2025-04-14,1615
3405,2025-07-16,3615
3405,2025-07-24,2491
3406,2024-04-09,1495
3406,2024-06-19,502
3406,2024-07-09,3788
3406,2024-08-19,1698
3406,2025-01-04,1402
3406,2025-05-24,3460
3407,2023-09-03,467
3407,2024-01-30,1657
3407,2024-03-09,3795
3407,2024-04-21,1055
3407,2024-06-03,564
3407,2024-06-29,2326
3407,2024-07-21,2173
3407,2024-07-24,692
3407,2025-04-04,3403
3407,2025-07-05,1649
3408,2023-10-13,332
3408,2024-02-20,675
3408,2024-03-06,1804
3408,2024-04-07,3271
3408,2024-08-25,1881
3408,2024-11-27,1085
3408,2025-01-01,1730
3408,2025-03-11,2617
3409,2023-09-23,2428
3409,2023-12-11,2249
3409,2024-11-28,2425
3409,2025-01-08,2607
3410,2023-12-10,732
3410,2024-02-13,2055
3410,2024-10-02,2986
3410,2024-11-09,1473
3410,2025-03-29,470
3411,2023-11-26,3808
3411,2024-07-29,3841
3411,2025-03-08,2730
3411,2025-05-09,3040
3411,2025-08-13,379
3412,2023-09-22,277
3412,2024-03-09,1294
3412,2024-07-25,3524
3412,2024-09-06,675
3412,2024-11-09,1806
3412,2025-02-15,2976
3412,2025-03-05,3771
3412,2025-06-12,3835
3412,2025-08-03,2642
3413,2024-01-12,3194
3413,2024-01-21,1960
3413,2024-04-14,1140
3413,2024-05-05,3218
3413,2025-01-02,977
3413,2025-02-19,3283
3414,2023-09-22,1625
3414,2023-10-21,3972
3414,2024-02-26,1598
3414,2025-01-26,1228
3414,2025-04-09,3671
3414,2025-06-13,1660
3415,2023-09-27,1228
3415,2023-10-10,1603
3415,2023-10-14,1262
3415,2024-02-24,1901
3415,2024-06-27,406
3415,2024-09-16,1686
3415,2024-11-23,1219
3415,2025-03-18,2300
3415,2025-04-26,860
3415,2025-07-17,1547
3416,2024-02-28,2051
3416,2024-03-04,907
3416,2024-06-25,220
3416,2024-08-30,3804
3416,2025-01-17,576
3416,2025-02-28,2221
3417,2023-09-23,2613
3417,2023-10-03,3154
3417,2024-02-04,2976
3417,2024-05-24,1282
3417,2024-07-25,1578
3417,2024-08-15,3643
3417,2024-11-18,442
3417,2024-12-22,2171
3418,2023-11-18,2715
3418,2024-07-26,3328
3418,2025-05-24,511
3418,2025-08-11,1088
3419,2023-09-05,2076
3419,2023-09-27,461
3419,2023-12-23,467
3419,2024-10-24,3370
3419,2024-12-21,2419
3419,2025-02-21,365
3420,2023-09-02,2918
3420,2023-09-03,3345
3420,2024-04-28,1992
3420,2024-05-02,983
3420,2024-09-25,2257
3420,2024-11-17,2381
3420,2025-01-27,2896
3420,2025-04-01,1408
3420,2025-04-13,3529
3420,2025-04-14,1534
3421,2024-08-09,2877
3421,2024-08-28,3898
3421,2024-09-13,3568
3421,2025-05-10,3913
3421,2025-07-28,3000
3421,2025-08-20,3263
3421,2025-08-23,2297
3422,2024-01-05,501
3422,2024-01-06,2604
3422,2024-06-26,2597
3422,2025-03-31,1249
3422,2025-06-12,2918
3423,2023-11-16,670
3423,2024-02-10,2665
3423,2024-03-27,2169
3423,2024-10-13,2944
3423,2024-12-26,266
3424,2023-09-12,1979
3424,2023-10-11,1834
3424,2024-02-16,1056
3424,2025-05-28,539
3424,2025-06-25,3388
3425,2024-02-03,3310
3425,2024-09-07,1780
3426,2023-12-12,2951
3426,2024-05-10,491
3426,2024-06-01,2774
3426,2025-02-27,2463
3426,2025-06-12,1900
3427,2023-10-16,3167
3427,2024-01-27,2810
3427,2024-03-30,2207
3427,2024-08-11,1784
3427,2024-12-31,1570
3427,2025-03-23,3630
3427,2025-05-04,1367
3427,2025-06-19,282
3428,2023-11-12,1238
3428,2024-03-13,3014
3428,2025-07-05,300
3428,2025-07-17,2784
3429,2023-09-09,3714
3429,2024-03-18,401
3429,2024-05-17,1192
3429,2024-05-26,865
3429,2024-07-16,3237
3429,2024-11-26,451
3429,2025-07-09,287
3430,2024-05-04,329
3431,2023-09-08,2745
3431,2023-10-16,2451
3431,2024-02-18,1719
3431,2024-06-17,1867
3431,2024-07-08,976
3431,2024-07-18,1770
3431,2024-12-01,1944
3431,2025-04-26,2272
3432,2024-02-05,3342
3432,2024-04-23,412
3432,2024-06-04,1049
3432,2024-07-10,3240
3432,2025-04-16,3985
3432,2025-07-02,3314
3433,2023-10-24,2367
3433,2024-05-16,2146
3433,2024-05-19,807
3433,2024-05-30,2617
3433,2024-09-04,1891
3433,2024-09-09,2496
3433,2025-01-17,1256
3433,2025-04-15,1918
3433,2025-05-06,3471
3433,2025-05-26,2309
3434,2023-10-09,1536
3434,2023-11-27,1526
3434,2023-12-04,2341
3434,2023-12-23,3220
3434,2024-02-07,3568
3434,2024-03-01,3039
3434,2024-04-29,3932
3434,2024-05-01,2172
3435,2023-12-10,1661
3435,2024-04-24,607
3435,2025-02-22,3563
3435,2025-05-14,2542
3436,2023-11-07,1700
3436,2023-12-11,2165
3436,2024-02-11,502
3436,2024-08-03,3322
3436,2024-08-28,653
3436,2025-05-25,1481
3436,2025-06-06,1211
3437,2023-10-30,3798
3437,2024-03-02,1844
3437,2024-09-10,3961
3437,2025-07-11,3418
3437,2025-07-15,3866
3438,2024-02-29,443
3438,2024-04-18,1008
3438,2024-06-14,2016
3438,2025-04-15,3690
3438,2025-05-05,1617
3439,2024-07-02,1948
3439,2024-09-29,1765
3439,2025-02-06,979
3440,2023-09-25,1348
3440,2024-02-02,1180
3440,2024-04-22,1186
3440,2024-05-24,1166
3440,2024-07-17,901
3440,2024-11-18,817
3440,2025-01-09,2259
3440,2025-02-27,1223
3441,2024-09-05,2938
3442,2024-01-05,3699
3442,2024-03-23,502
3442,2024-07-10,1672
3442,2024-07-22,661
3442,2024-08-23,1485
3442,2024-12-29,3446
3442,2024-12-31,1806
3442,2025-03-25,3353
3442,2025-04-26,2615
3442,2025-08-21,3441
3443,2024-01-12,3279
3443,2024-10-15,2434
3443,2024-10-22,2304
3443,2025-05-18,3011
3444,2025-01-07,1232
3444,2025-04-10,2236
3444,2025-05-17,2934
3444,2025-06-28,2461
3445,2023-12-29,2022
3445,2024-01-10,3828
3445,2024-02-06,569
3445,2024-02-20,2762
3445,2024-06-08,762
3445,2024-11-03,3495
3445,2025-06-18,2166
3445,2025-07-13,1419
3446,2025-04-21,882
3447,2023-10-09,2233
3447,2023-12-05,3812
3447,2024-01-08,3611
3447,2024-01-27,810
3447,2024-02-12,870
3447,2024-03-07,3196
3447,2024-11-04,3771
3447,2025-05-30,1707
3447,2025-08-02,2073
3448,2023-12-19,3443
3448,2024-01-10,3661
3448,2024-05-05,3335
3448,2024-10-10,3808
3448,2025-02-10,1454
3448,2025-05-25,2813
3448,2025-07-06,1704
3449,2023-10-25,2890
3449,2024-08-24,1598
3449,2024-09-09,1996
3449,2025-01-05,2456
3449,2025-04-25,2641
3449,2025-07-15,1422
3450,2024-02-26,1011
3451,2023-09-09,3572
3451,2024-01-15,3273
3451,2024-04-27,727
3451,2024-06-17,1578
3451,2024-10-23,1024
3451,2024-10-23,2313
3451,2024-10-28,2424
3451,2025-04-27,1055
3451,2025-05-31,2886
3452,2023-09-19,2650
3452,2024-03-05,1039
3452,2024-03-19,832
3452,2024-06-03,3550
3452,2024-06-05,3596
3452,2024-08-18,404
3452,2024-11-24,3066
3453,2023-09-11,283
3453,2023-12-12,3481
3453,2023-12-25,1745
3453,2024-05-17,3072
3453,2024-06-04,325
3453,2024-08-05,864
3453,2024-09-20,3346
3453,2024-11-05,2531
3453,2024-11-05,1196
3453,2025-07-21,2609
3454,2024-10-20,1174
3454,2025-02-13,758
3454,2025-02-19,1808
3455,2023-09-09,1625
3455,2023-10-21,696
3455,2024-07-14,3845
3455,2024-12-25,3466
3455,2025-02-05,2006
3455,2025-08-09,1466
3456,2025-04-03,2114
3456,2025-06-05,2283
3457,2023-09-28,1600
3457,2024-04-13,1887
3457,2024-11-17,1371
3457,2025-03-29,3598
3457,2025-06-29,1415
3458,2024-04-29,661
3458,2024-05-20,2916
3458,2024-08-10,1064
3458,2024-11-16,3231
3458,2025-01-19,3815
3458,2025-02-04,3600
3458,2025-06-11,1348
3459,2023-10-08,2269
3459,2024-11-23,1036
3459,2025-05-23,3069
3460,2024-03-05,960
3460,2024-08-28,3153
3460,2025-06-14,358
3461,2024-05-02,3146
3461,2024-06-19,433
3461,2024-07-19,2820
3461,2024-09-29,1319
3461,2025-02-04,1748
3461,2025-05-15,892
3461,2025-06-11,2152
3461,2025-06-16,2616
3462,2023-10-02,2336
3462,2024-06-02,2109
3462,2025-01-23,3456
3463,2023-09-16,1793
3464,2024-01-01,3253
3464,2024-03-31,2810
3464,2024-05-10,3414
3464,2024-10-31,2740
3464,2024-12-10,3081
3464,2025-03-29,3665
3464,2025-08-01,3472
3464,2025-08-04,313
3464,2025-08-17,3626
3465,2024-01-25,3686
3466,2023-09-04,3167
3466,2023-10-29,308
3466,2024-04-22,611
3466,2024-06-13,2950
3466,2024-07-18,601
3466,2024-07-24,3783
3466,2025-04-12,301
3466,2025-05-17,2723
3467,2023-10-14,2060
3467,2024-12-04,2937
3468,2023-09-07,1532
3468,2025-04-08,3493
3469,2024-10-21,3342
3470,2023-12-22,265
3470,2024-07-28,1662
3470,2024-11-21,3516
3470,2025-03-11,2168
3470,2025-04-07,1556
3470,2025-05-22,2587
3471,2023-12-17,1891
3471,2024-04-07,1641
3471,2024-07-01,2897
3471,2024-11-21,2752
3471,2025-01-23,1274
3471,2025-03-19,1963
3471,2025-05-01,2792
3471,2025-07-19,237
3472,2024-01-18,923
3472,2024-04-06,3209
3472,2024-06-18,2377
3472,2024-10-28,1590
3472,2024-10-30,3475
3472,2025-01-17,3775
3472,2025-02-09,820
3472,2025-03-23,3788
3472,2025-03-30,1232
3473,2023-10-10,1433
3473,2023-11-09,2112
3473,2024-04-21,2944
3473,2024-06-07,566
3473,2024-07-08,2137
3473,2024-12-16,1290
3473,2025-03-20,3744
3473,2025-06-27,2013
3473,2025-08-18,3000
3474,2023-08-29,1028
3474,2024-02-27,1848
3474,2024-06-02,2658
3474,2024-06-15,1710
3474,2024-09-22,3597
3474,2024-10-13,1858
3474,2025-01-27,3376
3474,2025-06-28,1240
3475,2023-09-10,641
3475,2023-09-17,2409
3475,2024-01-23,286
3475,2024-06-18,3666
3475,2024-07-25,3140
3475,2024-12-26,350
3475,2025-07-25,3212
3476,2023-09-16,599
3476,2024-04-23,3353
3476,2024-11-29,3757
3476,2024-12-24,300
3476,2025-01-16,294
3477,2024-05-26,1947
3477,2024-09-02,1271
3477,2024-11-06,1462
3477,2024-12-05,2525
3477,2024-12-17,2897
3477,2025-02-19,1865
3477,2025-03-24,518
3477,2025-06-06,559
3478,2024-11-29,3476
3478,2025-03-31,3118
3478,2025-08-15,2598
3478,2025-08-19,3929
3479,2023-11-06,743
3479,2023-11-22,3993
3479,2024-02-04,1252
3479,2024-05-10,3329
3479,2024-05-23,1156
3479,2025-02-02,3153
3479,2025-05-21,2889
3479,2025-07-19,252
3480,2023-09-22,1242
3480,2023-09-26,2273
3480,2024-01-01,1605
3480,2024-01-08,1872
3480,2024-01-14,422
3480,2024-06-19,714
3480,2024-07-24,585
3480,2024-09-09,3070
3480,2024-12-09,1799
3480,2025-06-22,3675
3481,2023-11-29,1511
3481,2023-12-01,2325
3481,2024-02-12,2074
3481,2024-04-10,727
3481,2024-05-08,361
3481,2024-08-23,665
3481,2025-03-19,1679
3481,2025-08-24,3264
3482,2023-10-06,508
3482,2023-11-26,370
3483,2023-08-27,400
3483,2024-02-05,3525
3483,2024-04-16,2457
3483,2024-05-16,3693
3483,2024-12-08,3800
3483,2025-07-22,1945
3483,2025-08-24,2963
3484,2024-06-09,3161
3485,2023-12-24,1906
3485,2024-11-04,2704
3486,2023-09-11,1358
3486,2023-09-14,916
3486,2023-12-27,219
3486,2024-05-16,945
3486,2024-06-02,928
3486,2024-07-10,3881
3486,2025-07-25,1150
3487,2023-12-22,3162
3487,2024-08-09,2502
3487,2025-01-07,400
3487,2025-01-14,757
3487,2025-01-20,710
3488,2023-09-19,1088
3488,2024-01-05,1733
3488,2024-01-05,3045
3488,2024-03-06,3236
3488,2024-03-14,889
3488,2024-04-06,242
3488,2024-05-18,2794
3488,2024-12-31,1765
3488,2025-03-29,610
3489,2023-12-11,905
3489,2024-04-14,3262
3489,2024-08-05,315
3489,2024-11-01,3195
3489,2025-01-15,3342
3489,2025-01-22,2443
3489,2025-04-03,3820
3489,2025-04-18,3822
3489,2025-05-25,1876
3489,2025-05-27,2566
3490,2023-10-20,848
3490,2024-01-11,1020
3490,2024-07-23,1320
3490,2024-12-11,762
3490,2025-02-07,246
3490,2025-03-17,281
3490,2025-04-08,1602
3490,2025-04-10,2736
3491,2023-08-26,3889
3491,2023-09-21,1360
3491,2023-12-06,1053
3491,2024-03-06,2483
3491,2024-07-14,2439
3491,2024-07-26,1791
3491,2024-07-27,1864
3491,2024-08-23,3344
3491,2024-10-07,334
3491,2024-11-15,413
3492,2023-11-25,736
3492,2023-12-18,601
3492,2024-03-14,479
3492,2024-07-03,280
3492,2025-02-10,523
3492,2025-03-20,2511
3492,2025-05-22,1396
3493,2024-08-06,496
3493,2025-05-22,1711
3493,2025-08-25,1018
3494,2023-12-24,2839
3494,2024-01-30,2713
3494,2024-02-23,1760
3494,2024-09-10,3053
3494,2024-10-28,2768
3494,2025-02-02,599
3494,2025-03-01,3003
3494,2025-07-02,1164
3495,2024-07-25,3007
3496,2024-03-13,1179
3496,2024-08-14,1436
3496,2024-10-20,2426
3496,2024-11-28,3190
3496,2025-01-09,2891
3496,2025-01-17,467
3496,2025-04-17,1146
3497,2023-10-18,674
3497,2024-07-23,2831
3497,2024-08-27,1912
3497,2024-09-13,560
3497,2025-04-18,396
3498,2024-06-03,2249
3499,2023-12-27,3776
3499,2024-05-18,3962
3499,2024-08-01,375
3499,2025-02-16,471
3500,2024-07-05,1247
3501,2024-05-03,2686
3501,2024-06-09,3555
3501,2024-06-18,2152
3501,2024-07-24,854
3501,2024-08-05,3612
3502,2024-02-10,450
3502,2024-08-21,3521
3502,2024-09-15,978
3502,2024-11-01,718
3502,2025-02-09,3449
3502,2025-04-22,1873
3503,2023-09-08,1741
3503,2023-10-19,2596
3503,2024-02-05,536
3503,2024-06-02,2517
3504,2023-10-28,1146
3504,2024-06-12,1686
3504,2025-01-06,2582
3505,2023-09-10,1244
3505,2024-11-03,2796
3505,2024-11-08,2598
3505,2024-11-14,3177
3505,2025-02-06,2989
3505,2025-05-30,1331
3505,2025-07-26,2430
3506,2024-05-16,1648
3506,2024-05-30,1899
3506,2024-08-11,553
3506,2025-05-09,2611
3507,2023-10-03,1742
3507,2024-02-25,450
3507,2024-06-04,3738
3507,2024-06-27,3780
3507,2025-02-08,1006
3507,2025-04-22,2442
3507,2025-05-07,3379
3507,2025-05-16,3301
3507,2025-08-02,2429
3508,2023-09-24,2684
3508,2024-08-03,2485
3508,2024-09-23,2463
3508,2024-11-14,222
3508,2024-12-09,1896
3508,2025-01-07,1234
3508,2025-01-21,770
3508,2025-02-17,3635
3508,2025-05-01,1396
3508,2025-08-08,2310
3509,2024-05-09,1966
3509,2024-06-18,3986
3509,2024-07-05,3822
3509,2025-05-12,923
3509,2025-07-20,1142
3509,2025-07-21,894
3509,2025-07-27,3212
3509,2025-08-15,1637
3509,2025-08-19,941
3509,2025-08-21,827
3510,2024-08-21,3280
3511,2024-02-25,3334
3511,2024-03-29,3609
3511,2024-04-13,521
3511,2024-10-02,2727
3511,2024-12-26,989
3511,2025-04-15,1863
3511,2025-07-05,3182
3511,2025-08-16,1409
3512,2023-09-25,3433
3512,2023-10-27,1096
3512,2023-10-29,1145
3512,2024-04-08,499
3512,2024-09-28,1342
3513,2023-11-09,2003
3513,2025-03-20,2439
3514,2023-12-19,1704
3514,2024-02-02,969
3514,2024-03-22,749
3514,2024-05-13,1501
3514,2024-08-20,1101
3514,2024-12-21,250
3514,2025-01-08,2391
3514,2025-05-02,1100
3514,2025-07-28,2655
3515,2024-07-12,1816
3515,2024-10-06,1101
3515,2025-07-12,3412
3515,2025-08-09,3071
3516,2023-11-04,2422
3516,2024-12-28,3318
3516,2025-07-15,3171
3516,2025-08-03,2328
3517,2024-01-18,2446
3517,2024-03-28,464
3517,2024-05-25,1055
3517,2024-06-16,2167
3517,2024-08-05,2415
3517,2024-12-20,3327
3517,2025-02-03,286
3517,2025-06-08,3309
3517,2025-06-24,2288
3518,2023-11-05,2706
3518,2024-06-13,3531
3518,2025-05-23,3025
3518,2025-07-18,3196
3518,2025-07-19,488
3519,2023-12-10,2427
3519,2024-03-27,2416
3519,2024-04-28,3000
3519,2024-12-28,3425
3519,2025-02-08,2607
3520,2024-01-13,2227
3520,2025-04-24,548
3520,2025-07-31,2046
3521,2023-10-28,705
3521,2024-04-01,1372
3521,2024-04-21,401
3521,2024-07-01,524
3521,2024-12-29,2587
3522,2025-01-18,1214
3522,2025-07-31,3978
3522,2025-08-18,3409
3523,2023-12-04,1408
3523,2024-05-09,2061
3523,2024-09-22,3540
3523,2024-12-14,853
3523,2025-02-25,2865
3523,2025-04-29,729
3524,2023-11-10,2671
3524,2024-05-29,2694
3524,2024-08-16,296
3525,2024-05-07,3728
3526,2024-03-01,3666
3526,2024-05-24,3188
3526,2024-06-09,1323
3527,2023-09-29,1171
3527,2023-12-11,3335
3527,2024-01-03,1849
3527,2024-01-22,3927
3527,2024-09-01,1672
3527,2024-10-23,805
3527,2024-11-11,3885
3527,2025-03-03,1426
3527,2025-06-12,2079
3527,2025-08-02,1018
3528,2023-09-22,1501
3528,2023-09-24,291
3528,2024-06-29,3972
3528,2024-08-22,1481
3528,2024-11-07,276
3528,2024-12-20,1194
3528,2025-01-29,1210
3528,2025-02-19,945
3528,2025-05-09,654
3529,2024-03-30,360
3529,2024-06-01,3006
3529,2024-06-05,2700
3529,2024-08-31,542
3529,2024-12-20,3620
3529,2025-04-09,2665
3529,2025-04-16,3390
3529,2025-05-06,664
3529,2025-07-02,2182
3530,2024-05-16,3136
3530,2024-05-30,1975
3530,2025-05-16,674
3530,2025-06-24,939
3530,2025-08-08,614
3530,2025-08-11,3509
3531,2023-09-21,1876
3531,2024-04-14,3708
3531,2024-05-04,1319
3531,2024-07-04,3015
3531,2025-02-17,2303
3531,2025-05-02,3282
3531,2025-07-30,1288
3532,2024-05-05,3856
3532,2024-07-20,1314
3532,2025-04-10,3022
3532,2025-04-17,3597
3532,2025-04-29,1700
3533,2024-01-08,3911
3533,2024-05-11,3994
3533,2024-06-21,2084
3533,2024-09-07,3416
3533,2025-02-14,700
3534,2024-08-06,2386
3535,2024-01-24,770
3535,2024-02-18,1907
3535,2024-03-25,845
3535,2024-06-21,3623
3535,2024-09-23,2181
3535,2024-12-15,3990
3535,2025-02-18,2797
3535,2025-03-21,1489
3535,2025-08-03,2052
3536,2025-05-20,1826
3536,2025-07-17,3983
3537,2024-01-06,3443
3537,2024-01-13,418
3537,2024-02-24,3250
3537,2024-06-01,1123
3537,2024-08-11,3388
3537,2024-10-29,2309
3537,2024-11-09,784
3537,2024-12-23,413
3537,2025-06-30,3505
3537,2025-07-20,1351
3538,2023-11-23,3230
3538,2024-02-02,2002
3538,2024-03-12,1901
3539,2023-10-02,1409
3539,2024-07-07,2026
3539,2024-08-27,3928
3539,2024-09-02,2859
3539,2024-09-21,527
3539,2025-03-08,614
3539,2025-08-13,2867
3540,2023-10-01,3404
3540,2023-11-26,1629
3540,2023-12-03,3234
3540,2023-12-09,1124
3540,2024-02-20,551
3540,2024-10-09,3420
3540,2025-03-19,3158
3541,2023-10-06,1335
3541,2023-10-16,1512
3541,2023-10-28,2850
3541,2023-12-14,2507
3541,2024-08-18,2468
3541,2024-08-18,1167
3541,2024-12-27,2753
3541,2025-06-07,2109
3541,2025-08-18,3962
3542,2025-06-04,2581
3542,2025-07-14,779
3543,2025-02-01,3557
3544,2024-02-29,1017
3544,2024-08-09,1259
3544,2025-03-27,2042
3544,2025-06-17,3955
3545,2024-02-12,2191
3545,2024-05-26,2486
3545,2024-07-31,3239
3545,2024-09-08,2337
3545,2024-10-11,3904
3545,2024-11-17,3015
3545,2025-01-02,1428
3545,2025-07-27,1826
3545,2025-08-16,2534
3545,2025-08-18,3165
3546,2023-12-04,3048
3546,2023-12-15,980
3546,2023-12-24,3715
3546,2024-02-09,3345
3546,2024-04-06,2566
3546,2025-01-01,1390
3546,2025-01-28,956
3546,2025-04-12,895
3546,2025-06-22,2434
3546,2025-08-12,2282
3547,2024-05-15,556
3547,2024-07-18,2423
3547,2025-03-10,2400
3547,2025-07-06,1853
3548,2023-08-30,857
3548,2023-12-30,3229
3548,2024-01-23,3018
3548,2024-02-29,2375
3548,2024-06-05,3963
3548,2024-12-20,2411
3548,2025-06-08,3553
3548,2025-06-12,1060
3548,2025-08-08,467
3549,2023-11-22,2443
3549,2023-12-03,428
3549,2025-02-15,1016
3550,2024-02-18,899
3550,2024-08-10,263
3550,2024-09-14,3981
3550,2024-11-04,529
3551,2023-09-09,3198
3551,2023-12-15,3712
3551,2024-04-10,1734
3551,2024-07-14,1869
3551,2024-12-22,1289
3551,2025-04-11,2556
3551,2025-06-02,3503
3551,2025-06-27,3829
3552,2023-09-15,2438
3552,2023-09-15,2629
3552,2024-07-16,2423
3552,2025-01-12,2624
3552,2025-02-10,500
3553,2023-12-22,3932
3554,2023-09-19,2934
3554,2024-07-27,273
3554,2024-10-01,755
3554,2024-10-05,3083
3554,2024-11-21,2689
3554,2025-02-07,959
3554,2025-03-05,3143
3554,2025-03-14,1588
3554,2025-06-09,1308
3555,2023-09-21,271
3555,2023-11-03,3560
3555,2024-03-09,1215
3555,2024-08-12,1502
3555,2025-05-27,3073
3555,2025-07-30,725
3556,2023-09-04,742
3556,2023-12-25,3310
3556,2024-04-06,2846
3556,2024-05-11,3226
3556,2024-08-07,3826
3556,2024-08-10,329
3557,2024-01-04,1955
3557,2024-01-16,3658
3557,2024-11-29,1041
3557,2024-12-05,1326
3557,2024-12-28,1247
3557,2025-06-12,3384
3558,2024-03-06,2312
3558,2024-08-04,1029
3558,2024-10-07,2899
3558,2024-12-19,2795
3558,2025-01-20,1568
3559,2024-08-05,1154
3559,2024-11-09,518
3559,2025-02-07,1142
3560,2023-10-24,1345
3560,2023-11-30,1514
3560,2024-01-28,766
3560,2024-04-25,2062
3560,2024-09-23,3829
3560,2025-01-12,1874
3560,2025-03-28,3684
3561,2024-01-02,1745
3561,2024-06-24,1854
3561,2024-07-09,2395
3561,2025-01-27,1701
3561,2025-02-04,582
3561,2025-04-28,3461
3561,2025-06-16,937
3562,2024-03-19,1521
3562,2024-12-08,2199
3562,2025-05-01,252
3562,2025-06-11,1806
3563,2023-09-20,858
3563,2024-04-30,2969
3563,2024-07-02,532
3563,2024-07-16,722
3563,2024-11-27,2581
3563,2025-04-24,1526
3564,2023-09-13,3300
3564,2024-07-19,3315
3564,2025-03-25,3649
3564,2025-04-09,2499
3565,2024-02-24,864
3565,2024-09-23,674
3565,2025-02-06,1803
3565,2025-06-17,3452
3566,2025-08-02,3794
3567,2023-10-01,1391
3567,2023-11-19,2746
3567,2023-12-12,3062
3567,2024-05-24,232
3567,2024-10-12,3198
3568,2023-11-24,1338
3568,2024-06-14,1370
3568,2024-10-23,1221
3568,2024-11-01,2431
3568,2024-12-27,1340
3568,2025-02-28,3635
3569,2024-08-11,2895
3570,2023-09-10,507
3570,2023-10-03,455
3570,2023-11-04,3528
3570,2024-03-08,1595
3570,2024-06-25,359
3570,2024-10-22,2622
3570,2025-01-14,590
3570,2025-04-16,3342
3570,2025-05-07,2176
3571,2023-09-27,1538
3571,2023-12-16,1590
3571,2024-04-11,1510
3571,2024-05-19,2012
3571,2024-07-02,3768
3571,2025-02-16,3631
3572,2023-10-17,1382
3572,2023-12-15,2967
3572,2024-05-09,1296
3572,2024-08-24,3363
3572,2024-09-25,488
3572,2024-10-29,3474
3572,2025-01-05,451
3572,2025-03-24,3687
3572,2025-06-30,1812
3573,2023-10-18,3211
3573,2023-11-27,1729
3573,2024-03-28,445
3573,2024-10-20,711
3574,2023-10-21,1218
3574,2024-05-30,1645
3574,2024-06-09,3660
3574,2024-07-22,813
3574,2024-08-01,215
3574,2024-11-25,1228
3574,2025-04-16,3222
3574,2025-08-10,3385
3575,2023-10-19,1842
3575,2024-01-26,3512
3575,2024-02-28,1324
3575,2024-05-16,253
3575,2024-08-02,1472
3575,2024-10-19,2757
3575,2025-03-10,1625
3575,2025-04-29,1374
3576,2024-06-03,1391
3576,2025-01-10,2657
3576,2025-02-13,3725
3576,2025-04-01,1368
3576,2025-05-06,3411
3576,2025-07-07,2426
3577,2023-11-01,2512
3577,2024-01-28,2172
3577,2024-06-30,3719
3577,2024-08-21,3980
3577,2024-11-27,1874
3578,2024-01-10,1583
3578,2024-02-15,1379
3578,2024-08-01,3752
3578,2025-03-13,3616
3578,2025-06-20,1390
3579,2023-09-13,2487
3579,2023-11-07,1195
3579,2024-01-06,821
3579,2024-08-03,3548
3580,2023-11-02,361
3580,2023-12-04,673
3580,2023-12-20,3016
3580,2024-03-08,578
3580,2024-03-08,2554
3580,2024-04-25,2217
3580,2024-07-07,946
3580,2024-08-15,421
3580,2024-10-25,600
3580,2025-07-13,489
3581,2024-07-04,3748
3581,2024-11-13,982
3581,2025-01-11,1324
3581,2025-05-16,3768
3581,2025-06-23,1681
3581,2025-07-30,1883
3582,2023-11-13,2905
3582,2024-01-17,338
3583,2023-12-20,1622
3583,2024-01-04,2674
3583,2024-05-20,706
3583,2024-07-26,1960
3583,2024-08-10,3439
3583,2025-02-12,2378
3583,2025-02-27,2219
3583,2025-03-18,2892
3583,2025-04-29,1473
3583,2025-08-06,3047
3584,2024-09-01,2322
3584,2024-09-18,521
3584,2025-08-25,3704
3585,2023-09-06,1528
3585,2023-11-09,1358
3585,2024-02-16,2743
3585,2024-02-25,1084
3585,2024-07-10,1930
3585,2025-01-22,1034
3585,2025-04-18,1064
3585,2025-06-29,962
3586,2023-12-28,1178
3586,2024-03-03,1318
3586,2024-10-11,2253
3586,2024-12-04,1271
3586,2025-01-18,1436
3586,2025-01-30,1270
3586,2025-03-29,2748
3586,2025-07-08,369
3587,2024-02-23,2796
3587,2024-04-20,803
3587,2024-07-16,1214
3587,2025-01-29,495
3587,2025-02-26,2047
3587,2025-03-01,1517
3587,2025-04-10,1969
3587,2025-08-17,1684
3588,2024-02-07,1578
3588,2024-02-16,554
3588,2024-05-23,351
3588,2024-06-13,2720
3588,2024-10-20,2268
3588,2024-12-02,1468
3588,2025-05-21,3731
3588,2025-06-11,934
3589,2023-11-30,2792
3589,2024-04-02,1815
3589,2024-07-12,863
3590,2024-01-18,1311
3590,2024-06-17,3065
3590,2024-08-18,3516
3590,2024-10-09,3931
3590,2025-02-14,2974
3590,2025-03-20,2360
3590,2025-05-11,1169
3590,2025-08-19,3339
3591,2024-01-11,347
3591,2024-02-02,1852
3591,2024-05-04,2022
3591,2024-05-04,3876
3591,2024-07-16,2373
3591,2024-07-31,433
3591,2025-03-06,697
3591,2025-05-19,1097
3591,2025-08-09,2552
3592,2024-08-04,1406
3592,2025-03-23,2619
3592,2025-08-09,2379
3593,2023-12-27,3392
3593,2024-01-17,1929
3593,2024-02-06,2994
3593,2024-02-15,2851
3593,2024-05-14,1259
3593,2024-06-17,902
3593,2024-08-29,1906
3593,2024-09-04,1549
3593,2025-01-01,3378
3594,2024-02-06,1187
3594,2024-08-12,2847
3594,2024-08-31,1283
3594,2024-09-25,1366
3594,2025-01-20,1835
3594,2025-08-13,2831
3595,2024-04-30,3215
3595,2024-05-26,2358
3595,2024-07-31,1742
3595,2024-08-03,3406
3595,2024-09-07,1972
3595,2024-12-02,2588
3595,2025-06-17,1674
3596,2023-10-20,2456
3596,2024-05-12,643
3596,2024-12-19,1891
3597,2025-07-30,3511
3598,2023-09-10,2632
3598,2023-10-01,2272
3598,2023-11-02,1558
3598,2024-06-21,2379
3598,2024-07-27,3447
3598,2024-08-31,2111
3598,2024-10-23,3404
3598,2024-11-13,2598
3598,2025-06-07,2307
3598,2025-07-30,1353
3599,2025-04-03,3678
3600,2024-01-19,2858
3600,2024-01-22,2381
3600,2025-07-14,409
3600,2025-08-21,3996
3601,2023-10-09,1844
3601,2024-03-24,3079
3601,2024-06-16,787
3601,2024-07-10,498
3601,2024-09-21,1054
3601,2024-10-18,3536
3601,2024-11-12,922
3601,2024-12-14,3622
3601,2025-01-10,1217
3601,2025-06-12,3794
3602,2023-10-06,3061
3602,2023-12-12,2547
3602,2024-04-24,696
3602,2024-05-11,2515
3602,2024-07-01,1390
3602,2024-08-09,1164
3602,2024-10-21,1767
3602,2024-12-24,697
3602,2025-01-02,3263
3602,2025-04-01,1245
3603,2023-11-11,2738
3603,2024-01-26,1938
3603,2024-02-02,268
3603,2024-05-14,696
3603,2024-07-25,3389
3603,2025-04-19,394
3603,2025-04-30,1818
3603,2025-06-08,2879
3603,2025-06-15,744
3604,2023-08-30,3326
3604,2024-03-29,2059
3604,2024-04-04,3844
3604,2024-07-16,560
3604,2024-12-08,2262
3604,2024-12-29,1631
3604,2025-04-11,411
3605,2023-12-19,2895
3605,2024-01-16,1938
3605,2024-05-20,852
3605,2024-09-12,3457
3605,2025-05-02,3883
3606,2023-12-02,3501
3606,2024-03-25,1553
3606,2024-10-30,569
3606,2025-05-02,2944
3606,2025-05-07,2921
3607,2024-03-30,1705
3607,2025-02-17,1180
3607,2025-08-15,943
3608,2023-09-09,2211
3608,2023-09-24,3884
3608,2024-02-18,1891
3608,2024-06-27,1059
3608,2024-07-19,2578
3608,2024-10-31,2704
3608,2025-01-30,2114
3608,2025-04-20,2195
3608,2025-04-30,2889
3608,2025-06-22,3467
3609,2024-01-25,365
3609,2024-02-08,3845
3610,2023-11-03,2218
3610,2024-04-11,1164
3610,2024-05-14,3922
3610,2024-05-22,3018
3610,2024-08-24,2782
3610,2024-10-08,3269
3610,2025-02-05,891
3610,2025-06-03,1516
3611,2023-10-08,576
3611,2023-10-13,3972
3611,2023-11-25,3015
3611,2024-03-05,2424
3611,2024-03-11,3014
3611,2024-04-10,2848
3611,2024-04-29,1245
3611,2024-09-10,2326
3611,2025-02-25,2443
3611,2025-08-24,3577
3612,2024-01-11,3773
3612,2024-05-18,1691
3612,2024-10-11,2786
3612,2024-12-04,2761
3612,2024-12-23,973
3612,2025-01-05,2203
3612,2025-03-06,1584
3612,2025-05-03,1319
3613,2023-09-24,536
3613,2023-11-10,2193
3613,2024-01-07,3694
3613,2024-02-06,3824
3613,2024-03-05,1155
3613,2025-05-27,1816
3613,2025-06-17,2840
3613,2025-06-29,322
3613,2025-07-13,865
3613,2025-08-17,1271
3614,2023-09-13,3365
3614,2024-01-21,2598
3614,2024-04-11,3082
3614,2024-06-14,1767
3614,2024-06-17,2587
3614,2025-05-13,2919
3614,2025-05-24,2975
3614,2025-06-12,1555
3615,2023-10-20,2645
3615,2024-09-01,1882
3615,2024-09-07,2325
3616,2023-08-31,1180
3616,2024-12-08,2611
3616,2024-12-17,811
3616,2025-02-15,470
3616,2025-06-17,2949
3616,2025-08-03,2127
3617,2024-03-16,2130
3618,2023-10-19,2647
3618,2023-11-08,3892
3618,2024-08-04,804
3619,2023-11-05,845
3619,2023-12-11,785
3619,2024-04-10,1223
3619,2024-05-02,854
3619,2024-05-29,1291
3619,2024-09-25,2616
3619,2025-03-01,1476
3619,2025-05-03,2830
3619,2025-06-20,2462
3620,2023-09-19,1688
3620,2023-11-06,1812
3620,2024-05-18,2084
3620,2024-07-11,2488
3620,2024-12-09,414
3620,2025-03-19,308
3620,2025-07-08,1227
3621,2023-11-13,572
3621,2023-12-04,592
3621,2023-12-19,1561
3621,2023-12-31,2745
3621,2024-06-24,3421
3621,2024-09-23,472
3621,2025-06-29,3304
3621,2025-07-14,2765
3622,2023-10-23,2904
3622,2024-09-17,2851
3622,2024-09-18,1564
3623,2024-05-19,3773
3623,2025-04-25,3541
3623,2025-05-12,2105
3624,2023-11-19,3699
3624,2024-01-26,1533
3624,2024-03-29,2616
3624,2024-04-04,2266
3624,2024-07-07,2470
3624,2024-08-02,888
3624,2024-09-22,849
3624,2025-04-11,449
3624,2025-06-01,1038
3624,2025-07-07,1821
3625,2023-11-12,451
3625,2025-02-18,2485
3625,2025-03-07,1422
3626,2023-09-26,3936
3626,2023-12-10,855
3626,2024-09-11,2676
3626,2025-04-08,910
3626,2025-05-01,2583
3626,2025-05-16,2147
3627,2023-12-02,1893
3627,2024-03-24,2252
3627,2024-09-05,1812
3627,2024-11-07,524
3627,2025-07-16,3253
3628,2023-10-22,1186
3628,2024-01-28,3198
3628,2024-10-29,3434
3628,2024-12-03,1477
3628,2025-07-17,1359
3629,2024-09-13,3677
3629,2024-10-29,1209
3629,2024-10-30,1776
3629,2025-05-15,2079
3630,2025-05-16,3342
3631,2023-09-01,3443
3631,2023-09-08,329
3631,2023-10-29,570
3631,2024-03-20,3848
3631,2024-06-09,1247
3631,2024-10-02,1455
3631,2024-10-05,3889
3631,2024-11-09,2453
3631,2025-04-18,3170
3631,2025-07-23,2925
3632,2023-11-03,1422
3632,2024-09-23,1642
3632,2025-08-14,3535
3633,2023-09-22,1733
3633,2023-11-29,3237
3633,2024-01-28,1327
3633,2024-04-11,1217
3633,2024-09-09,1923
3633,2024-09-18,2026
3633,2024-12-06,561
3633,2025-05-21,3797
3633,2025-06-21,836
3634,2024-02-02,3716
3634,2024-02-15,2651
3634,2024-04-27,324
3634,2024-08-07,1161
3634,2024-08-22,2610
3634,2024-10-22,2904
3634,2024-10-27,1185
3634,2025-02-28,2901
3635,2023-12-08,3843
3635,2023-12-11,2588
3635,2024-01-25,854
3635,2024-11-23,1601
3635,2024-12-08,1085
3636,2023-08-28,2222
3636,2024-07-20,3530
3636,2024-09-13,562
3636,2024-09-13,1840
3636,2025-01-08,2407
3636,2025-01-14,2953
3636,2025-02-04,3022
3636,2025-03-16,1249
3636,2025-04-14,3416
3637,2023-12-14,844
3637,2024-01-16,2444
3637,2024-04-25,3426
3637,2024-09-14,2957
3637,2024-10-14,830
3637,2025-01-17,1547
3638,2024-04-26,926
3638,2025-03-05,2057
3638,2025-03-13,2492
3638,2025-04-19,1558
3638,2025-06-03,1203
3639,2023-11-28,1520
3639,2023-12-12,3735
3639,2024-01-01,2999
3639,2024-06-23,1513
3639,2024-08-02,2662
3639,2024-12-04,869
3639,2025-03-16,2489
3639,2025-04-08,1575
3639,2025-04-17,3097
3640,2024-01-16,1536
3640,2024-03-29,2143
3640,2025-05-08,3117
3641,2024-02-09,1475
3641,2024-03-22,3660
3641,2024-04-12,2135
3641,2024-10-10,1360
3641,2024-12-14,2512
3641,2025-02-06,2163
3641,2025-04-17,2983
3641,2025-04-26,332
3641,2025-07-31,2126
3642,2023-12-23,1704
3642,2024-09-20,3670
3642,2024-12-02,1249
3642,2024-12-30,1957
3642,2025-01-24,2828
3642,2025-02-07,2064
3642,2025-02-15,656
3643,2024-07-24,2947
3644,2024-09-13,312
3645,2024-04-12,2300
3645,2025-05-17,601
3646,2023-09-28,3074
3646,2024-01-31,415
3646,2024-02-17,512
3646,2024-09-09,1982
3646,2025-01-14,3044
3646,2025-01-24,2245
3646,2025-03-19,1962
3647,2023-09-01,815
3647,2023-09-10,2274
3647,2024-08-21,3860
3647,2025-02-19,3014
3647,2025-06-13,3218
3647,2025-08-21,1714
3648,2024-06-11,2665
3649,2023-12-10,3350
3649,2024-05-03,3580
3649,2024-09-24,1863
3649,2025-01-16,3530
3649,2025-06-29,3666
3649,2025-07-09,3276
3650,2024-04-15,2503
3650,2024-05-24,747
3650,2024-07-02,1325
3650,2025-05-30,1099
3651,2024-01-11,2676
3651,2024-03-28,3546
3651,2024-09-06,3625
3651,2024-09-29,3087
3651,2024-10-22,2266
3652,2023-09-22,1106
3652,2024-07-31,3071
3652,2024-09-21,1544
3653,2023-11-08,3110
3653,2025-04-09,554
3653,2025-05-23,200
3653,2025-06-02,909
3654,2023-09-01,1682
3654,2023-09-25,2822
3654,2023-10-13,2401
3654,2023-11-12,537
3654,2023-11-20,1187
3654,2023-11-30,928
3654,2024-01-02,475
3654,2024-04-10,3380
3654,2024-12-10,581
3654,2025-02-24,1480
3655,2023-11-21,1984
3655,2024-01-20,3586
3655,2024-02-06,1202
3655,2024-05-16,1024
3655,2024-05-19,2297
3655,2024-09-11,3464
3655,2024-10-29,1945
3655,2025-02-16,1519
3655,2025-07-20,2204
3655,2025-08-13,3291
3656,2023-09-04,3521
3656,2024-04-17,1593
3656,2024-07-02,2486
3656,2024-10-20,2539
3656,2024-11-07,1250
3656,2025-01-11,580
3656,2025-04-04,2390
3656,2025-08-12,3917
3657,2024-06-04,2221
3657,2024-12-26,2082
3657,2025-05-26,3937
3658,2023-09-03,792
3658,2023-09-27,1851
3658,2023-11-15,628
3658,2023-11-29,1268
3658,2024-04-16,1563
3658,2024-04-25,2261
3658,2025-05-17,3776
3658,2025-07-06,1019
3659,2024-01-26,2240
3659,2025-07-30,1354
3660,2024-02-04,474
3660,2024-05-08,787
3660,2024-05-17,846
3660,2024-10-03,3113
3660,2025-05-12,3945
3661,2023-09-06,3678
3661,2023-12-13,1334
3661,2024-10-20,2707
3661,2024-11-23,1608
3661,2025-01-19,1092
3661,2025-03-13,296
3661,2025-03-24,331
3662,2023-09-22,1343
3662,2023-10-09,1754
3662,2023-11-17,2318
3662,2023-11-23,3838
3662,2024-10-31,1674
3663,2023-10-01,3842
3663,2023-12-29,1492
3663,2024-05-03,519
3663,2024-05-15,634
3663,2024-06-05,1669
3663,2025-04-16,2954
3664,2023-11-25,1845
3664,2024-02-29,2129
3664,2024-05-04,2679
3664,2024-06-10,604
3664,2024-12-15,3314
3664,2025-03-11,3895
3664,2025-06-28,2508
3665,2023-10-03,1665
3665,2024-01-16,3257
3665,2024-03-15,2121
3665,2024-07-09,3587
3665,2024-10-10,3955
3665,2024-12-25,1209
3665,2025-02-10,1930
3665,2025-08-21,2662
3666,2024-07-11,1420
3666,2025-02-10,1382
3667,2024-01-04,3295
3667,2024-01-11,3965
3667,2024-12-30,1623
3667,2025-03-27,1904
3668,2023-10-31,487
3668,2023-12-25,1255
3669,2024-04-28,2923
3669,2024-05-21,3441
3669,2024-11-27,894
3669,2025-01-30,1780
3669,2025-03-19,1800
3669,2025-08-11,216
3670,2023-10-23,761
3670,2023-12-03,1875
3670,2024-01-26,3439
3670,2024-05-17,3090
3670,2024-05-19,1854
3670,2024-07-15,2621
3670,2024-08-06,1936
3670,2025-07-22,618
3671,2024-01-19,2351
3671,2024-06-03,2959
3671,2024-06-19,3962
3671,2024-08-01,2951
3671,2024-08-22,3002
3671,2024-11-29,3959
3671,2025-06-26,3194
3671,2025-07-22,1230
3671,2025-08-18,926
3672,2024-03-29,816
3673,2025-05-05,3994
3674,2023-10-17,751
3674,2023-10-28,2391
3674,2024-01-19,1978
3674,2024-02-02,1201
3674,2024-03-22,3767
3674,2024-07-18,378
3674,2024-12-16,1584
3674,2025-03-06,770
3674,2025-07-13,1361
3674,2025-08-05,2415
3675,2023-08-31,1396
3675,2024-08-15,2609
3676,2023-11-07,1207
3676,2024-08-20,1325
3676,2025-02-10,205
3676,2025-06-23,690
3676,2025-07-10,1293
3677,2023-08-29,3947
3677,2023-09-13,2846
3677,2023-09-21,960
3677,2023-11-23,655
3677,2024-02-07,1783
3677,2024-06-07,266
3677,2025-05-25,510
3678,2025-05-10,2261
3679,2024-03-15,3806
3679,2024-09-10,709
3679,2024-10-07,1752
3679,2025-03-30,2089
3680,2023-11-22,3741
3680,2023-12-25,1396
3680,2024-11-06,3483
3680,2024-12-24,3428
3681,2023-11-11,980
3681,2024-08-18,469
3681,2024-10-16,3638
3681,2025-06-09,2257
3682,2025-08-22,3266
3683,2024-05-03,3960
3683,2025-02-06,520
3684,2024-02-13,2392
3684,2024-08-05,3199
3684,2024-10-24,1064
3684,2025-02-10,3932
3684,2025-04-15,1232
3684,2025-05-02,840
3684,2025-08-22,770
3684,2025-08-24,1238
3685,2023-09-19,779
3685,2023-11-20,900
3686,2024-06-10,415
3686,2024-07-20,1598
3687,2024-04-10,2099
3687,2025-01-25,1475
3688,2023-09-12,775
3689,2023-10-11,3850
3689,2024-01-07,518
3689,2024-01-24,782
3689,2024-04-10,2650
3689,2024-12-03,871
3689,2025-01-11,2868
3689,2025-02-07,720
3689,2025-04-11,994
3689,2025-05-23,2267
3690,2024-05-21,2502
3690,2025-01-12,3811
3691,2023-10-13,2659
3691,2024-06-06,3977
3691,2024-10-10,921
3691,2025-01-15,804
3692,2024-02-11,3583
3692,2024-06-07,477
3692,2025-02-22,1746
3692,2025-04-07,2361
3692,2025-04-23,3509
3692,2025-05-13,951
3692,2025-07-02,2003
3693,2023-09-07,3613
3693,2024-04-13,3169
3693,2024-05-27,3180
3693,2024-11-02,3847
3693,2025-02-12,1829
3693,2025-08-22,3731
3694,2024-02-01,1778
3694,2024-04-20,2865
3694,2024-06-13,1665
3694,2025-03-05,3284
3694,2025-06-01,3551
3694,2025-07-12,1419
3695,2024-06-09,2566
3695,2024-10-10,3866
3696,2024-09-05,2892
3696,2024-09-24,3739
3696,2024-12-09,3453
3696,2024-12-21,1177
3696,2025-01-02,3295
3696,2025-01-25,1355
3697,2023-11-20,1011
3697,2025-02-08,2253
3697,2025-07-29,1168
3697,2025-08-03,2015
3698,2024-04-17,1623
3698,2024-07-29,3696
3698,2024-10-31,934
3698,2025-01-14,388
3698,2025-05-31,668
3699,2023-12-30,2767
3699,2024-01-12,2083
3699,2024-07-11,1592
3699,2025-01-15,300
3699,2025-04-07,663
3700,2023-09-28,3807
3700,2023-11-26,1072
3700,2024-01-17,1065
3700,2024-06-18,730
3700,2024-06-18,2373
3700,2024-12-05,2580
3700,2024-12-07,1478
3700,2024-12-11,3118
3700,2025-06-09,1478
3701,2023-12-16,2562
3701,2024-03-24,1917
3701,2024-04-12,1473
3701,2024-04-25,1857
3701,2024-05-28,3776
3701,2024-08-24,3166
3701,2024-09-21,3930
3701,2024-09-30,1183
3701,2024-11-29,2428
3701,2025-01-14,2465
3702,2023-11-07,599
3702,2024-03-05,1661
3702,2024-08-05,1221
3702,2024-11-17,1484
3703,2023-11-10,3572
3703,2024-01-06,1639
3703,2024-05-18,2752
3703,2024-07-15,3940
3703,2024-09-22,2522
3703,2025-06-29,2861
3704,2023-11-06,230
3704,2024-01-22,1698
3704,2024-03-23,2229
3704,2025-01-31,3141
3704,2025-03-25,1255
3704,2025-05-15,643
3704,2025-05-31,1225
3705,2023-10-14,680
3705,2024-07-11,2724
3705,2024-09-22,2563
3705,2024-11-20,2994
3705,2025-03-17,1185
3705,2025-06-06,1064
3705,2025-07-25,792
3705,2025-08-25,2094
3706,2024-08-01,2552
3707,2024-08-16,388
3708,2024-01-22,2270
3708,2024-02-29,2514
3708,2024-09-16,2886
3708,2024-10-14,1989
3709,2023-09-03,2789
3709,2024-06-12,3536
3709,2024-09-10,1857
3710,2024-04-16,3469
3710,2025-06-23,3244
3710,2025-08-03,3230
3711,2024-03-16,1381
3711,2025-04-05,2057
3712,2023-10-05,1784
3712,2023-12-08,3343
3712,2024-07-07,1203
3712,2024-09-02,582
3712,2025-03-23,1449
3712,2025-05-20,543
3713,2023-09-26,1484
3713,2023-10-06,2062
3713,2024-03-01,3154
3713,2024-03-18,3758
3713,2024-07-31,2036
3713,2024-09-25,1887
3713,2024-10-10,1414
3713,2024-10-19,2081
3713,2024-11-11,2712
3713,2025-08-09,751
3714,2023-12-25,3900
3714,2024-01-14,3349
3714,2024-02-16,3961
3714,2024-04-01,2926
3714,2024-04-08,1491
3714,2025-07-07,3147
3715,2023-12-10,316
3715,2024-05-08,1683
3715,2024-07-08,3453
3715,2024-07-09,1421
3715,2024-07-11,2408
3715,2024-10-03,1671
3715,2024-11-23,3501
3715,2025-01-10,1528
3715,2025-07-25,3499
3716,2023-10-08,528
3716,2023-11-14,2485
3716,2023-11-27,2065
3716,2023-12-18,3186
3716,2023-12-19,312
3716,2024-09-17,3576
3716,2024-10-08,2230
3716,2024-12-13,290
3716,2025-01-31,1250
3717,2023-09-13,3410
3717,2024-01-15,2190
3717,2024-04-20,1932
3717,2024-05-27,3204
3717,2024-07-02,1079
3717,2024-07-30,3629
3717,2025-06-10,3695
3718,2023-09-11,3682
3718,2023-10-10,3984
3718,2023-11-01,3001
3718,2024-01-06,1985
3718,2024-02-16,2845
3718,2024-06-04,1949
3718,2024-06-28,297
3718,2024-09-30,2417
3718,2025-05-30,3858
3719,2024-01-12,3821
3719,2024-10-05,1500
3719,2025-01-24,3185
3719,2025-04-27,422
3720,2023-10-29,3227
3720,2024-03-13,357
3720,2024-06-19,3834
3720,2024-07-29,3259
3720,2024-09-01,1669
3720,2024-12-06,2846
3720,2024-12-22,2352
3720,2025-03-24,279
3721,2024-02-24,3951
3721,2025-01-25,1818
3721,2025-03-02,2069
3721,2025-06-18,2048
3721,2025-08-14,2930
3722,2023-12-20,2258
3722,2024-09-04,1702
3722,2025-04-20,972
3722,2025-04-28,3378
3723,2024-02-01,1970
3723,2024-04-09,3258
3723,2024-06-17,2664
3723,2024-11-10,2116
3723,2024-12-18,2132
3723,2024-12-21,3381
3723,2025-05-05,1190
3723,2025-05-21,1319
3724,2024-12-09,3501
3725,2024-03-09,2275
3725,2024-04-12,3625
3725,2024-06-08,1091
3725,2024-07-02,2221
3725,2024-08-03,3036
3725,2024-11-25,341
3725,2025-05-20,226
3726,2023-10-13,1034
3726,2023-10-20,956
3726,2024-03-11,3501
3726,2024-07-18,2990
3726,2025-05-15,3976
3727,2023-10-02,2921
3727,2024-07-05,1900
3727,2025-08-15,3500
3728,2025-06-22,3992
3729,2023-12-23,3786
3729,2024-01-16,1824
3729,2024-09-09,1521
3729,2024-11-05,1006
3729,2024-12-12,2539
3730,2023-10-01,1556
3730,2023-10-16,2462
3730,2024-01-13,1169
3730,2024-07-19,3171
3730,2024-09-26,3681
3730,2024-10-20,1705
3730,2025-01-13,3221
3730,2025-03-12,2865
3731,2024-08-02,1358
3732,2023-09-17,3816
3732,2024-01-15,3911
3732,2024-01-23,637
3732,2024-01-27,1166
3732,2024-09-26,3122
3732,2025-02-23,478
3732,2025-03-02,3557
3732,2025-03-15,3839
3733,2024-05-17,3664
3733,2025-05-10,2910
3733,2025-08-15,3406
3734,2024-05-14,2745
3734,2024-10-26,704
3734,2024-12-09,3081
3734,2024-12-12,3000
3734,2024-12-14,2638
3735,2024-01-18,3722
3735,2024-04-29,2234
3735,2024-08-07,2344
3735,2025-01-15,990
3735,2025-02-24,772
3736,2024-01-28,2017
3736,2024-02-16,1091
3736,2024-07-28,3816
3736,2024-08-21,1980
3736,2024-12-21,2585
3736,2025-03-28,1041
3736,2025-07-08,3788
3737,2023-10-04,745
3737,2023-12-09,2248
3737,2024-01-31,1042
3737,2024-06-18,2633
3737,2024-08-08,706
3737,2024-08-14,1193
3737,2024-11-02,1713
3737,2024-12-14,358
3737,2025-03-26,3019
3737,2025-06-14,1784
3738,2024-01-04,1302
3738,2025-05-21,935
3739,2023-10-19,1101
3739,2023-11-08,2415
3739,2024-01-15,315
3739,2024-05-08,3445
3739,2024-07-14,510
3739,2024-10-18,1786
3739,2024-11-13,3533
3739,2025-02-16,262
3739,2025-03-01,2100
3740,2025-07-03,3403
3741,2023-12-26,3312
3741,2024-11-23,2307
3741,2024-12-02,2281
3741,2025-02-12,3921
3741,2025-03-28,1992
3741,2025-04-24,1808
3741,2025-05-16,2345
3741,2025-06-05,884
3741,2025-06-08,3303
3742,2023-09-18,3009
3742,2023-09-29,1856
3742,2023-11-17,3797
3742,2024-02-26,2075
3742,2024-03-15,1574
3742,2024-06-12,493
3742,2025-02-10,1679
3742,2025-04-07,3826
3742,2025-06-25,1789
3742,2025-07-27,449
3743,2023-10-11,1880
3743,2024-03-14,2357
3743,2024-05-29,1098
3743,2024-08-12,1480
3743,2025-05-27,3800
3744,2023-10-16,227
3744,2024-02-21,2998
3744,2024-02-29,1888
3744,2024-12-12,3115
3744,2025-05-23,1762
3744,2025-08-18,2842
3745,2023-10-06,2707
3745,2024-05-07,3435
3745,2024-05-27,1903
3745,2024-10-03,3336
3745,2024-12-13,3942
3745,2025-01-09,1971
3745,2025-06-03,2358
3745,2025-08-15,2556
3746,2024-12-11,1369
3747,2025-03-26,517
3747,2025-07-11,1504
3748,2024-04-18,2818
3748,2024-07-14,659
3749,2023-11-25,3053
3749,2024-01-18,1429
3749,2024-01-25,1315
3749,2024-07-29,1012
3749,2024-11-19,459
3749,2025-01-13,1437
3749,2025-01-14,3672
3749,2025-01-30,530
3749,2025-05-08,1140
3749,2025-05-14,1128
3750,2023-09-26,3526
3750,2024-05-03,1059
3750,2024-07-19,3695
3750,2024-08-15,2552
3750,2024-12-21,2243
3750,2024-12-24,2495
3750,2025-01-01,2406
3750,2025-05-02,209
3751,2023-08-26,1904
3751,2023-09-16,2565
3751,2023-10-29,3628
3751,2023-11-13,3568
3751,2024-03-13,3630
3751,2024-04-28,1296
3751,2024-09-14,3448
3751,2024-11-20,2524
3752,2023-10-05,210
3752,2024-02-21,2603
3752,2024-09-13,2541
3752,2024-11-09,2476
3752,2025-06-01,2682
3753,2023-08-27,733
3753,2024-01-26,1320
3753,2024-05-02,3974
3753,2024-09-04,1641
3753,2024-12-14,1318
3753,2024-12-26,1587
3753,2025-03-09,1569
3753,2025-03-31,823
3754,2023-09-02,2615
3754,2023-11-15,2094
3754,2024-07-02,2854
3754,2024-11-20,3877
3755,2023-09-07,503
3755,2023-10-24,2490
3755,2024-02-04,634
3755,2024-03-19,2157
3755,2024-06-01,2555
3755,2024-11-18,3050
3755,2024-11-25,1635
3756,2024-10-14,1187
3756,2024-10-18,860
3757,2024-04-22,3524
3757,2024-11-13,411
3757,2025-01-14,1038
3758,2023-10-10,3188
3758,2023-10-26,3111
3758,2024-06-30,3846
3758,2024-07-08,332
3758,2024-10-15,3103
3758,2024-12-05,3441
3758,2025-04-25,1617
3758,2025-08-13,3462
3759,2024-10-04,3428
3759,2025-04-10,1004
3759,2025-06-28,1526
3760,2023-11-03,3674
3760,2023-11-26,3195
3760,2024-04-16,2508
3760,2024-06-12,3995
3760,2024-06-27,396
3760,2024-07-06,768
3760,2024-12-30,3976
3760,2025-01-14,2667
3760,2025-06-18,1907
3760,2025-07-29,3641
3761,2023-09-18,2563
3761,2023-11-26,2713
3761,2023-12-29,931
3761,2024-10-17,3888
3761,2025-05-24,1953
3762,2024-06-25,2259
3762,2024-07-18,2623
3763,2024-02-03,3709
3764,2023-09-18,1370
3764,2024-01-22,2380
3764,2024-03-31,408
3764,2024-04-19,3386
3764,2024-07-26,486
3764,2024-10-03,2406
3764,2024-12-21,3920
3764,2024-12-27,3150
3764,2025-01-20,2163
3764,2025-03-31,577
3765,2024-05-23,2649
3765,2025-01-09,3453
3765,2025-06-12,522
3766,2024-02-16,1414
3766,2025-01-05,569
3766,2025-06-26,921
3766,2025-08-15,2724
3767,2023-10-26,614
3767,2024-02-28,2800
3767,2024-11-01,3692
3767,2025-03-08,677
3767,2025-03-31,420
3767,2025-06-26,2214
3767,2025-08-25,3313
3768,2023-10-15,1276
3768,2024-03-28,724
3768,2024-09-09,1826
3768,2024-11-26,2525
3768,2024-12-15,1136
3768,2025-01-02,2890
3768,2025-01-25,3831
3768,2025-04-26,1685
3768,2025-07-04,466
3769,2023-10-26,806
3769,2023-11-11,1377
3769,2024-03-14,1718
3769,2024-03-27,1564
3769,2024-08-08,1100
3769,2024-12-27,3771
3769,2025-03-14,3802
3769,2025-04-17,2739
3770,2023-08-26,3969
3770,2024-02-13,1270
3770,2024-02-15,2573
3770,2024-07-07,2315
3771,2024-11-03,3925
3771,2025-07-01,3542
3772,2024-12-05,3104
3773,2023-10-25,1157
3773,2023-12-07,602
3773,2024-10-23,2187
3773,2025-03-19,2166
3773,2025-06-22,1408
3773,2025-07-16,395
3774,2024-08-13,644
3774,2025-02-19,3830
3774,2025-05-06,3768
3774,2025-07-07,2585
3774,2025-07-29,372
3775,2024-09-22,1899
3776,2024-05-04,3553
3776,2024-11-22,302
3777,2023-10-26,1477
3777,2024-03-09,1235
3777,2025-01-14,2821
3777,2025-07-11,3315
3778,2024-01-09,2317
3778,2024-04-08,2221
3778,2024-11-25,3672
3779,2023-11-11,461
3779,2024-02-19,1052
3779,2024-08-20,2723
3779,2024-12-03,2925
3779,2024-12-04,3936
3780,2023-09-23,3896
3780,2024-01-20,604
3780,2024-06-30,3724
3780,2024-07-15,3634
3780,2024-08-29,2945
3780,2024-11-06,3326
3780,2025-08-22,610
3781,2023-09-07,249
3781,2024-04-19,2968
3781,2024-09-06,1824
3781,2025-02-27,2554
3781,2025-03-30,3343
3781,2025-07-07,769
3782,2023-09-07,2675
3782,2024-06-06,1049
3782,2024-07-02,1013
3782,2025-05-07,1230
3782,2025-05-24,1185
3782,2025-07-21,1129
3783,2023-08-27,555
3783,2023-09-29,713
3783,2023-10-06,421
3783,2023-10-24,930
3783,2024-01-03,2675
3783,2024-04-05,1704
3783,2024-08-04,2898
3783,2024-09-01,3402
3783,2024-11-04,1311
3783,2025-05-10,3169
3784,2024-01-27,856
3784,2024-03-06,3874
3784,2024-10-11,3598
3784,2024-11-10,2644
3784,2025-05-29,3377
3785,2024-02-01,341
3785,2024-06-12,2662
3785,2024-07-05,1177
3785,2024-09-09,1352
3785,2024-09-09,3209
3785,2025-04-18,488
3785,2025-07-17,1971
3785,2025-08-17,1934
3786,2023-10-19,2443
3786,2024-05-08,1982
3786,2024-08-08,2790
3787,2023-12-08,2581
3787,2023-12-22,588
3787,2024-03-15,1318
3787,2024-07-02,713
3787,2024-07-15,3910
3787,2024-12-01,1980
3787,2025-02-14,1458
3787,2025-04-29,1575
3787,2025-08-10,1402
3788,2024-03-20,1517
3788,2024-04-21,3177
3788,2024-05-31,458
3788,2024-06-26,3191
3788,2025-03-15,1746
3788,2025-05-02,1154
3788,2025-06-06,468
3788,2025-07-18,1236
3789,2024-01-11,3705
3789,2024-08-07,3723
3790,2023-11-04,661
3790,2023-11-27,1194
3790,2024-06-20,293
3790,2024-07-20,475
3790,2024-10-10,2308
3790,2025-01-01,3583
3790,2025-06-25,2761
3791,2024-02-17,897
3791,2024-05-15,1338
3791,2024-06-03,854
3791,2024-06-08,3656
3791,2025-08-07,1248
3792,2024-03-01,3231
3792,2024-11-08,2929
3792,2025-02-23,2249
3793,2024-02-02,1897
3793,2024-08-07,483
3793,2025-07-15,2472
3794,2023-09-10,3177
3794,2023-09-23,2685
3794,2023-11-28,2774
3794,2024-04-08,2378
3794,2024-04-13,1442
3794,2024-12-28,966
3794,2025-01-17,1950
3794,2025-07-27,3635
3794,2025-08-05,3496
3794,2025-08-21,1334
3795,2024-05-20,1310
3796,2023-12-05,268
3796,2024-04-20,3661
3796,2024-05-19,901
3796,2024-06-11,578
3796,2024-11-30,482
3796,2025-02-17,2027
3796,2025-04-04,2418
3797,2023-10-16,3288
3797,2023-11-02,1373
3797,2024-07-29,3179
3797,2025-01-15,1421
3797,2025-06-11,1577
3797,2025-07-13,2101
3798,2025-06-04,3331
3799,2023-09-17,2607
3799,2023-09-19,1823
3799,2024-03-03,2773
3799,2025-04-07,2756
3799,2025-05-14,2768
3799,2025-05-17,472
3799,2025-07-28,559
3800,2023-09-14,1746
3800,2023-09-22,2092
3800,2024-06-28,1070
3800,2024-08-24,1026
3800,2025-01-14,2746
3800,2025-04-07,3117
3800,2025-04-17,2989
3800,2025-06-15,1711
3800,2025-08-12,2119
3801,2023-10-18,2489
3801,2023-12-04,2386
3801,2024-02-23,3835
3801,2024-05-24,925
3801,2024-12-17,570
3801,2025-03-03,2790
3802,2024-03-31,982
3802,2024-07-27,3029
3802,2024-09-30,3691
3802,2024-10-23,1309
3803,2023-10-28,2814
3803,2024-01-28,471
3803,2024-04-14,1429
3803,2024-08-16,680
3803,2025-01-08,2095
3803,2025-05-26,1675
3803,2025-06-09,1241
3804,2023-11-08,2332
3804,2024-03-19,1053
3804,2024-05-13,1061
3804,2025-02-16,2378
3805,2023-10-29,1063
3805,2024-08-25,1674
3805,2024-11-12,2881
3805,2024-11-21,2512
3805,2025-01-22,2653
3806,2023-11-09,3337
3806,2023-11-12,2926
3806,2023-12-10,834
3806,2024-11-08,1438
3806,2025-01-09,1845
3806,2025-02-19,1921
3806,2025-06-16,491
3806,2025-06-30,2891
3807,2024-06-08,1838
3807,2024-12-21,715
3807,2025-03-12,3623
3808,2023-11-25,757
3808,2025-03-18,1382
3808,2025-06-22,1137
3809,2025-06-30,628
3810,2024-02-25,3169
3811,2024-07-11,260
3811,2024-11-19,257
3811,2025-04-22,2133
3812,2024-03-08,2184
3812,2024-11-20,2924
3812,2025-01-18,2716
3813,2023-09-20,1884
3813,2023-10-18,3813
3813,2023-12-01,420
3813,2024-10-17,3990
3813,2025-03-18,2362
3813,2025-03-24,3184
3813,2025-05-27,1277
3813,2025-07-22,486
3814,2023-09-02,892
3814,2023-10-31,3086
3814,2024-03-21,1871
3814,2024-03-25,2204
3814,2024-06-17,324
3814,2024-09-25,2725
3814,2024-10-02,3851
3814,2025-01-04,521
3814,2025-01-31,2406
3814,2025-05-31,1151
3815,2024-03-10,2555
3815,2024-03-30,3936
3815,2024-12-27,1322
3815,2025-02-05,2766
3816,2023-09-14,785
3816,2023-11-03,2536
3816,2024-04-29,3924
3816,2024-08-01,3462
3816,2024-10-05,2373
3816,2025-02-12,2516
3816,2025-05-17,3165
3817,2023-11-28,925
3817,2023-12-17,711
3818,2023-09-18,1167
3818,2023-10-10,1920
3818,2024-10-24,2052
3819,2023-10-14,1541
3819,2024-01-30,2411
3819,2024-03-01,1064
3819,2025-03-24,3315
3820,2024-10-21,1485
3821,2023-11-02,2102
3821,2024-03-08,3005
3821,2025-07-17,2849
3822,2023-10-26,3259
3822,2024-12-28,426
3822,2025-07-26,2382
3823,2023-10-08,3394
3823,2023-10-25,2471
3823,2024-03-03,1423
3823,2024-06-07,3770
3823,2024-12-17,2330
3823,2025-05-26,565
3824,2023-12-20,2243
3824,2024-04-14,1745
3824,2025-05-20,3565
3825,2024-11-16,407
3825,2024-12-20,690
3825,2024-12-20,2937
3825,2025-07-09,3560
3826,2024-02-17,2321
3826,2024-04-25,3805
3826,2024-05-02,3874
3826,2024-12-02,356
3826,2024-12-13,3222
3826,2024-12-31,3691
3826,2025-02-28,1327
3826,2025-06-17,2237
3826,2025-07-02,2194
3827,2023-12-08,468
3827,2024-01-10,1503
3827,2024-02-14,2607
3827,2024-07-17,2575
3827,2024-08-14,2234
3827,2024-12-05,574
3827,2024-12-27,3836
3827,2025-08-16,466
3828,2023-10-09,2317
3828,2024-04-19,427
3828,2024-11-30,3119
3829,2024-03-23,2460
3829,2024-03-23,3639
3829,2024-04-27,2425
3829,2024-08-11,2920
3829,2025-07-25,1099
3829,2025-08-21,281
3830,2023-09-03,278
3830,2023-11-07,969
3830,2023-11-09,256
3830,2024-02-10,3404
3830,2024-06-12,2273
3830,2024-06-29,973
3830,2024-09-25,664
3830,2024-11-30,1356
3830,2025-06-02,1579
3831,2024-01-25,3585
3831,2024-02-08,2776
3831,2024-03-23,2680
3831,2025-07-06,2829
3832,2024-02-01,2297
3832,2024-06-20,981
3832,2024-08-24,3686
3832,2025-01-29,1230
3832,2025-03-25,3604
3832,2025-04-29,3381
3832,2025-05-13,366
3832,2025-07-31,734
3833,2023-12-22,2481
3833,2024-02-08,624
3834,2023-10-17,1944
3834,2024-01-17,3092
3834,2024-07-03,886
3834,2024-08-30,1455
3834,2024-11-03,1940
3834,2025-01-07,3850
3834,2025-01-13,2333
3834,2025-06-26,2426
3834,2025-08-11,1098
3834,2025-08-11,2587
3835,2024-05-22,3382
3835,2024-05-27,3917
3835,2024-09-01,3237
3835,2024-09-11,3449
3835,2024-09-13,1821
3835,2024-09-18,449
3835,2024-10-15,470
3835,2024-10-28,467
3835,2024-12-03,3577
3836,2024-01-20,3901
3836,2024-02-09,3675
3836,2024-04-06,2079
3836,2024-05-24,2657
3836,2024-06-04,2818
3836,2025-02-21,3095
3836,2025-04-22,1161
3836,2025-08-19,1989
3836,2025-08-23,1002
3837,2023-11-17,2726
3837,2024-04-12,3999
3837,2024-07-13,1521
3837,2025-02-19,347
3837,2025-08-15,3017
3838,2023-10-07,2584
3838,2024-06-20,1339
3838,2024-10-03,2474
3838,2025-02-01,3602
3838,2025-03-02,2070
3838,2025-07-03,1811
3839,2023-11-09,717
3839,2024-01-06,2056
3839,2024-03-02,420
3839,2024-10-14,3558
3839,2024-10-27,790
3839,2024-12-19,2535
3839,2024-12-30,3777
3839,2025-04-08,1105
3839,2025-08-16,2275
3840,2023-09-27,2436
3840,2023-11-17,3412
3840,2024-03-14,958
3840,2025-01-05,3593
3841,2024-05-29,2214
3841,2024-09-04,954
3841,2024-10-22,1129
3841,2025-01-20,1348
3842,2023-09-09,1837
3842,2023-10-23,2660
3842,2024-02-26,3821
3842,2024-03-31,735
3842,2024-04-12,3901
3843,2023-10-14,659
3843,2025-01-06,1601
3843,2025-01-28,3304
3843,2025-03-30,2395
3843,2025-07-11,3067
3843,2025-07-11,1300
3844,2024-09-08,1223
3844,2024-10-10,2005
3844,2024-11-28,630
3845,2024-01-11,1594
3845,2024-10-11,1152
3846,2023-09-30,3798
3846,2024-08-21,642
3846,2024-09-10,3914
3846,2024-09-28,3741
3847,2023-10-18,2691
3847,2023-12-11,3798
3847,2024-05-18,2946
3847,2024-06-13,425
3847,2024-06-28,1660
3847,2024-08-21,1260
3847,2025-01-10,3426
3847,2025-05-16,3894
3847,2025-06-25,3740
3848,2023-10-19,3428
3848,2024-04-11,519
3848,2024-08-27,2430
3848,2024-10-30,1037
3848,2025-06-09,1152
3849,2023-11-24,3773
3849,2024-03-29,3297
3849,2024-05-28,3981
3849,2024-10-29,1111
3849,2025-01-25,1846
3850,2024-03-11,317
3850,2024-08-27,2827
3850,2024-09-05,619
3850,2025-04-10,3164
3850,2025-05-08,3891
3851,2023-09-10,1841
3851,2024-03-24,2157
3851,2024-05-01,1970
3851,2024-05-13,512
3851,2025-02-11,1064
3851,2025-05-23,2593
3851,2025-07-19,622
3852,2024-01-02,1931
3852,2024-04-12,1925
3852,2024-07-15,3985
3852,2024-08-28,705
3852,2024-09-27,1536
3852,2024-12-14,288
3852,2025-02-07,2028
3852,2025-04-15,2612
3853,2023-11-25,3965
3853,2023-12-04,1003
3853,2025-08-23,2055
3854,2023-10-28,1080
3854,2024-07-04,2067
3854,2024-10-22,2331
3854,2024-10-31,1962
3854,2025-04-07,3309
3854,2025-05-28,435
3854,2025-07-05,1629
3855,2023-11-01,1429
3855,2024-03-04,3969
3855,2024-05-25,2529
3855,2024-11-23,2532
3855,2025-02-16,1359
3855,2025-07-20,874
3856,2023-09-04,1087
3856,2023-10-26,3326
3856,2023-11-11,2829
3856,2024-06-25,1847
3856,2024-09-25,1910
3856,2025-03-01,2204
3856,2025-03-11,1558
3857,2024-02-18,3624
3857,2024-03-18,1245
3857,2024-04-10,886
3857,2024-05-13,1527
3857,2024-06-19,915
3857,2024-09-03,312
3857,2025-03-17,1715
3857,2025-04-27,2778
3858,2024-05-09,2940
3858,2024-05-16,2217
3858,2025-07-30,3642
3859,2023-10-14,3712
3859,2024-01-31,3101
3859,2024-04-11,1190
3859,2024-05-26,3017
3859,2024-08-03,3411
3859,2024-08-12,2564
3859,2024-08-22,1704
3859,2024-10-19,907
3859,2025-05-09,1590
3859,2025-08-02,2915
3860,2023-09-19,2978
3860,2023-11-03,1891
3860,2024-03-28,2881
3860,2024-04-10,933
3860,2024-05-17,534
3860,2024-12-03,530
3860,2025-03-02,1576
3860,2025-04-02,3593
3861,2023-12-16,2298
3861,2025-03-30,2121
3861,2025-04-09,2315
3861,2025-07-27,2636
3862,2024-05-11,3058
3863,2023-11-10,2195
3863,2024-02-20,3162
3863,2024-05-17,3397
3863,2024-05-30,3048
3863,2024-06-30,1791
3863,2024-10-31,3403
3863,2025-04-09,717
3864,2023-12-25,2618
3864,2024-01-12,3294
3864,2025-08-14,3403
3865,2024-01-27,2533
3865,2024-03-04,2315
3865,2024-09-30,1062
3865,2025-08-03,3267
3866,2023-11-27,2653
3866,2023-12-18,3424
3866,2024-02-01,2408
3866,2024-05-15,1056
3866,2025-03-26,1305
3867,2023-11-20,3378
3867,2025-02-24,393
3867,2025-03-30,2630
3868,2023-09-28,3121
3868,2023-10-15,2412
3868,2023-11-16,2569
3868,2024-02-13,1063
3868,2024-04-07,907
3868,2024-07-26,1055
3868,2024-10-02,3768
3869,2025-07-01,3731
3870,2024-06-05,420
3870,2025-03-03,2701
3870,2025-04-08,1521
3870,2025-06-18,775
3871,2024-01-13,2472
3871,2025-02-15,1903
3872,2023-12-12,1974
3872,2024-02-04,1876
3872,2024-05-11,1585
3872,2024-05-25,2117
3872,2024-10-31,849
3873,2023-11-07,3434
3873,2023-12-20,3528
3873,2024-02-25,3278
3873,2024-05-15,3018
3873,2025-08-16,251
3874,2023-12-12,1754
3874,2024-04-09,3110
3875,2023-10-11,1148
3875,2024-02-11,1740
3875,2024-02-27,2123
3875,2024-05-08,1579
3875,2024-06-23,1765
3875,2024-08-16,3228
3875,2024-12-22,1716
3875,2025-06-12,3129
3876,2023-08-29,3302
3876,2023-11-05,951
3876,2023-11-14,1698
3876,2023-11-24,3811
3876,2024-01-24,2767
3876,2024-02-04,721
3876,2024-02-10,1892
3876,2024-08-20,1476
3876,2025-02-10,1286
3876,2025-05-29,271
3877,2023-12-23,344
3877,2024-02-07,2834
3877,2024-02-14,998
3877,2024-05-27,548
3877,2024-06-23,226
3877,2024-07-07,2106
3877,2024-11-03,2203
3877,2024-11-12,1636
3877,2025-01-02,1387
3877,2025-04-15,1620
3878,2023-10-13,2272
3878,2024-09-02,2146
3878,2025-05-06,1994
3879,2023-09-16,3063
3879,2023-09-28,2212
3879,2023-10-10,2517
3879,2024-05-07,3104
3879,2025-02-09,439
3879,2025-04-07,2590
3879,2025-05-02,1769
3879,2025-06-14,3878
3880,2023-11-13,2197
3880,2023-11-18,2092
3880,2024-01-05,3782
3880,2024-09-04,2140
3880,2024-11-29,647
3880,2024-12-31,2888
3880,2025-01-18,2252
3880,2025-06-13,2600
3881,2023-11-02,2452
3881,2023-11-14,3082
3881,2023-12-08,1097
3881,2024-01-20,476
3881,2024-02-27,2812
3881,2024-07-04,3853
3881,2024-12-26,206
3881,2025-04-18,1196
3882,2023-09-26,2799
3882,2024-02-18,2946
3882,2024-05-12,2812
3883,2023-08-28,713
3883,2025-04-24,2548
3884,2023-09-25,2180
3884,2023-09-30,1317
3884,2023-10-05,254
3884,2024-06-02,2581
3884,2024-12-19,393
3884,2024-12-21,2652
3884,2025-02-01,728
3884,2025-04-01,1951
3884,2025-08-20,3905
3885,2024-08-12,1598
3885,2025-02-09,722
3885,2025-03-21,3610
3885,2025-07-12,3234
3886,2023-09-09,624
3886,2024-07-12,2454
3886,2024-09-12,1966
3886,2024-11-18,1424
3886,2025-05-20,1651
3887,2023-09-08,526
3887,2025-07-01,2601
3887,2025-07-17,377
3888,2023-11-22,1504
3888,2024-03-11,2431
3888,2024-08-12,2788
3888,2024-09-11,2524
3888,2024-11-12,2362
3888,2025-04-22,465
3888,2025-05-14,3516
3888,2025-05-19,498
3888,2025-08-08,787
3889,2024-02-26,1614
3889,2024-04-27,2597
3889,2024-07-15,3477
3889,2024-10-02,1659
3889,2025-01-15,1336
3889,2025-06-12,3098
3889,2025-07-27,2577
3890,2023-09-09,406
3890,2023-10-31,291
3890,2024-04-01,1032
3890,2024-11-13,1042
3891,2023-12-15,1972
3891,2024-01-08,1713
3891,2024-02-23,2423
3891,2024-02-28,1481
3891,2024-08-05,669
3891,2024-08-07,2571
3891,2024-09-23,1296
3891,2024-10-29,1752
3891,2024-11-28,1801
3891,2024-12-23,1294
3892,2023-09-14,1082
3892,2023-11-14,998
3892,2024-01-05,3619
3892,2024-01-12,904
3892,2024-01-15,382
3892,2024-03-11,841
3892,2024-05-27,807
3892,2025-04-25,2669
3893,2023-09-14,3763
3893,2024-04-21,3471
3893,2024-05-02,3595
3893,2024-06-08,631
3893,2025-02-07,916
3893,2025-04-10,1911
3893,2025-04-14,3276
3893,2025-05-31,921
3893,2025-08-02,3391
3894,2023-12-05,3404
3894,2023-12-22,2870
3894,2024-01-25,3084
3894,2024-02-01,1007
3894,2024-06-11,1340
3894,2024-12-01,2060
3894,2024-12-13,1068
3894,2025-01-01,2288
3895,2023-09-18,3177
3895,2024-01-24,2329
3895,2024-07-28,798
3895,2024-09-25,1238
3895,2025-02-08,1943
3895,2025-03-26,2681
3895,2025-06-03,1428
3895,2025-07-23,2620
3895,2025-07-26,3390
3896,2023-12-11,3108
3896,2024-03-13,1866
3896,2024-09-23,3732
3896,2025-04-24,1809
3896,2025-07-19,590
3897,2024-07-08,2542
3897,2024-09-17,3332
3897,2024-09-22,1725
3897,2024-12-26,937
3897,2025-06-21,3987
3897,2025-07-24,3420
3898,2023-11-30,511
3898,2024-05-29,2639
3898,2025-02-11,2126
3898,2025-02-28,1220
3898,2025-03-24,2240
3898,2025-07-11,3328
3899,2023-09-21,3479
3899,2023-11-27,2960
3899,2024-01-17,1735
3899,2024-08-22,824
3899,2024-10-12,689
3900,2023-11-15,1626
3900,2023-12-03,936
3900,2024-04-17,1748
3900,2024-05-17,2754
3900,2024-10-25,3099
3900,2024-11-12,3353
3900,2025-06-15,1195
3901,2023-11-03,218
3901,2024-01-10,2021
3901,2024-01-11,990
3901,2024-08-27,2722
3901,2024-09-17,1651
3901,2024-10-25,2294
3901,2025-03-10,3541
3901,2025-04-29,1497
3901,2025-06-14,236
3901,2025-06-28,3638
3902,2023-10-17,222
3902,2024-08-10,2862
3902,2025-08-15,417
3903,2023-10-16,1986
3903,2024-03-09,2036
3903,2024-09-04,877
3903,2024-11-12,1247
3903,2025-04-05,3383
3904,2023-09-21,1021
3904,2023-10-28,595
3904,2024-05-29,1097
3904,2024-06-09,1626
3904,2024-07-25,846
3904,2024-10-11,3641
3904,2025-01-18,3046
3904,2025-04-27,2641
3904,2025-08-08,879
3905,2023-11-03,1293
3905,2023-12-06,2979
3905,2024-06-19,3169
3905,2024-07-03,314
3905,2024-08-05,1313
3905,2025-06-22,2147
3905,2025-08-10,1945
3906,2023-12-06,1150
3906,2025-05-17,1234
3906,2025-07-29,1723
3907,2023-10-31,2593
3907,2024-01-01,665
3907,2024-03-02,1798
3907,2024-03-20,1798
3907,2024-11-05,3266
3908,2023-10-09,2842
3908,2023-11-26,2239
3908,2023-12-18,3638
3908,2024-07-23,1298
3908,2025-01-13,3356
3908,2025-04-07,3221
3909,2024-03-03,1567
3909,2024-09-18,421
3910,2023-12-30,3685
3910,2024-03-31,2773
3911,2023-12-15,2626
3911,2023-12-18,642
3911,2024-06-06,2591
3911,2025-06-15,1321
3911,2025-06-18,1093
3912,2024-06-06,3172
3912,2024-08-27,3047
3912,2024-10-10,2986
3912,2024-11-12,3926
3912,2025-01-24,3381
3912,2025-07-21,3975
3912,2025-08-11,1101
3913,2024-01-25,2729
3913,2024-02-16,1789
3913,2024-03-21,790
3913,2024-04-20,1131
3913,2024-05-25,3083
3913,2024-08-11,553
3913,2025-01-05,912
3913,2025-07-13,1139
3914,2023-12-19,1925
3914,2024-01-03,3897
3914,2024-01-08,2471
3914,2024-05-21,3360
3914,2024-06-20,862
3914,2024-07-18,2531
3914,2025-04-23,1186
3914,2025-05-05,3195
3915,2025-04-06,2162
3916,2024-02-20,616
3916,2024-05-21,1043
3916,2024-06-08,3581
3916,2024-07-24,558
3916,2024-08-01,2283
3916,2024-10-02,3808
3916,2025-03-18,1844
3917,2023-09-13,1169
3917,2024-02-23,708
3917,2024-10-15,3074
3917,2025-02-03,2139
3918,2024-03-06,2702
3919,2023-11-26,1841
3919,2023-12-04,3252
3919,2025-02-09,3042
3920,2024-12-17,1983
3920,2025-03-17,1680
3920,2025-05-29,1760
3920,2025-06-02,2101
3921,2025-04-27,3146
3922,2024-01-15,1172
3922,2024-04-03,3393
3922,2024-04-25,3459
3922,2024-06-22,1372
3922,2024-06-29,2661
3922,2024-07-16,3939
3922,2024-07-17,650
3922,2025-06-25,3332
3923,2023-10-29,3898
3923,2023-12-07,2113
3923,2023-12-14,3954
3923,2024-03-05,3363
3923,2024-04-03,3515
3923,2024-05-16,2530
3923,2024-08-22,3907
3923,2024-12-30,2594
3923,2025-01-26,2343
3923,2025-05-05,2985
3924,2024-01-23,634
3924,2024-01-25,2131
3924,2024-02-29,2426
3924,2024-08-20,1405
3924,2025-02-07,3968
3924,2025-04-21,662
3925,2023-11-25,2042
3925,2024-01-14,3421
3925,2024-02-03,687
3925,2025-01-10,1043
3925,2025-02-26,3733
3925,2025-06-28,3951
3925,2025-07-18,300
3926,2023-12-16,1934
3926,2024-07-22,2072
3926,2024-10-07,2300
3927,2024-06-29,295
3927,2024-09-21,1105
3927,2025-01-25,1931
3927,2025-02-09,3024
3928,2024-07-08,1839
3928,2024-10-07,1553
3928,2024-12-21,2615
3928,2025-06-19,822
3929,2025-06-16,1282
3930,2024-06-03,1625
3930,2024-08-18,2075
3930,2024-12-14,1471
3930,2025-01-28,3517
3930,2025-03-23,3775
3930,2025-08-15,2753
3931,2024-11-24,1664
3932,2024-05-12,961
3932,2024-11-03,554
3932,2025-05-22,1200
3932,2025-06-08,1540
3933,2023-10-21,3311
3933,2023-10-21,1768
3933,2023-11-10,2235
3933,2024-01-13,2663
3933,2024-08-06,1440
3933,2025-01-01,3128
3933,2025-03-15,2997
3933,2025-07-21,3243
3934,2023-10-24,382
3934,2024-03-05,2329
3934,2024-03-28,2321
3934,2024-08-01,1483
3934,2024-11-19,3043
3934,2025-01-27,3016
3935,2024-05-06,750
3935,2025-05-03,3191
3936,2023-08-26,1211
3936,2024-05-11,285
3936,2024-06-23,414
3936,2024-07-21,2069
3936,2025-03-14,421
3936,2025-08-16,1784
3937,2025-03-21,1249
3938,2024-10-07,3401
3938,2024-10-23,3272
3938,2024-11-13,3841
3939,2023-10-25,2328
3939,2024-03-01,2635
3939,2025-01-01,3378
3939,2025-02-13,1021
3939,2025-03-17,2584
3940,2023-10-05,2496
3940,2023-12-27,3008
3940,2025-02-09,1579
3940,2025-04-21,1535
3940,2025-06-13,1209
3940,2025-08-15,2790
3941,2023-10-28,1619
3941,2024-01-29,3556
3941,2024-03-14,3636
3941,2024-10-14,2956
3941,2025-03-15,439
3941,2025-03-22,2393
3942,2023-10-16,1101
3942,2024-02-17,3758
3942,2024-08-05,726
3942,2024-09-06,2015
3942,2024-09-15,2051
3942,2025-01-08,1521
3942,2025-02-21,1710
3942,2025-07-01,3907
3943,2023-10-21,674
3943,2024-03-18,1884
3943,2024-04-21,3419
3943,2025-01-28,3257
3943,2025-05-20,3967
3943,2025-07-01,2508
3944,2023-09-01,2180
3944,2023-11-01,2324
3944,2024-04-06,1679
3944,2024-07-14,1128
3944,2024-10-21,2853
3944,2024-11-09,1317
3944,2024-11-27,1850
3944,2024-12-03,3050
3944,2025-08-19,3266
3945,2024-04-09,2571
3945,2024-12-06,1029
3945,2025-03-11,1219
3945,2025-05-23,573
3945,2025-05-30,1896
3946,2024-06-03,1838
3946,2025-07-28,1445
3947,2023-09-05,3009
3947,2023-11-11,3502
3947,2024-04-08,1905
3947,2024-11-30,1985
3947,2025-04-08,1499
3947,2025-06-19,1197
3947,2025-07-25,1627
3948,2023-11-20,688
3948,2024-04-07,3667
3949,2023-09-29,1174
3949,2023-10-05,1550
3949,2023-12-26,3328
3949,2024-03-28,1384
3949,2024-04-18,704
3949,2024-04-21,344
3949,2024-05-24,251
3949,2024-07-30,1797
3949,2025-08-17,2612
3950,2024-05-25,828
3950,2024-10-01,2221
3950,2024-12-02,2761
3950,2025-01-27,3134
3950,2025-05-18,3691
3950,2025-06-25,2598
3951,2023-11-03,437
3951,2023-12-07,3503
3951,2024-04-06,3594
3951,2024-04-14,3079
3951,2024-06-08,860
3951,2024-08-29,1953
3951,2024-11-18,1557
3951,2024-11-29,3422
3951,2025-01-12,2699
3951,2025-04-16,1058
3952,2023-10-06,2019
3952,2024-04-18,1026
3952,2024-11-27,2240
3952,2025-05-08,1238
3952,2025-05-16,510
3952,2025-06-16,3273
3953,2024-01-29,934
3953,2024-02-22,1871
3953,2024-07-15,3131
3953,2024-07-27,1116
3953,2024-10-02,3765
3953,2024-12-01,1147
3953,2025-02-24,2709
3954,2024-01-22,664
3954,2024-03-24,1674
3954,2024-08-15,2302
3954,2024-11-29,1557
3954,2025-01-08,2691
3954,2025-02-14,475
3954,2025-05-28,3185
3954,2025-08-09,1377
3955,2024-04-06,1317
3955,2024-05-01,3458
3955,2025-04-14,2180
3956,2023-11-24,2035
3956,2024-06-03,657
3956,2024-06-06,289
3956,2024-12-19,2114
3956,2025-02-02,3227
3956,2025-03-06,3544
3956,2025-07-16,2901
3956,2025-07-24,2373
3957,2023-10-28,1025
3957,2024-01-24,3959
3957,2024-06-13,1126
3957,2025-05-07,3523
3958,2025-04-09,2500
3959,2023-11-13,342
3959,2024-01-04,2278
3959,2024-02-08,1243
3959,2024-02-11,3041
3959,2024-06-20,2012
3959,2024-08-12,3523
3959,2024-09-21,1793
3959,2025-04-29,2705
3960,2023-11-28,3093
3960,2024-04-28,438
3960,2024-08-27,3216
3960,2024-11-17,230
3960,2024-12-20,2235
3960,2025-04-03,509
3960,2025-05-29,715
3960,2025-06-23,2454
3961,2023-09-03,2152
3961,2023-09-25,3196
3961,2023-11-02,1516
3961,2023-11-30,2812
3961,2024-05-03,2697
3961,2024-05-22,642
3961,2024-08-11,1251
3961,2025-01-30,3659
3961,2025-05-31,2071
3962,2024-10-24,3516
3962,2024-10-28,1899
3962,2025-02-05,2739
3962,2025-06-23,3030
3962,2025-07-03,1922
3963,2023-10-04,3472
3963,2024-08-04,2616
3963,2024-09-01,2083
3963,2024-11-21,435
3963,2025-06-15,3011
3964,2024-02-01,1012
3964,2024-03-23,1963
3964,2024-04-26,337
3964,2024-05-13,1088
3964,2024-07-03,3599
3964,2024-10-25,2228
3964,2024-11-05,3736
3964,2025-03-08,872
3964,2025-08-06,689
3965,2023-12-16,300
3965,2024-02-24,2147
3965,2024-07-30,2480
3965,2024-08-01,3046
3965,2024-09-23,2832
3965,2024-10-23,3714
3965,2025-05-03,1636
3965,2025-05-04,1479
3966,2024-11-24,2983
3966,2025-04-22,3465
3966,2025-04-26,3529
3966,2025-06-22,1067
3966,2025-08-11,2561
3967,2024-03-06,3148
3967,2024-03-12,278
3967,2024-08-27,406
3967,2024-09-21,592
3967,2024-10-29,660
3967,2025-03-05,998
3967,2025-08-06,346
3967,2025-08-13,561
3968,2024-04-14,3756
3968,2024-05-31,1785
3968,2024-07-09,914
3968,2024-07-18,2138
3968,2025-01-10,3141
3968,2025-07-26,2775
3969,2023-10-10,1048
3969,2023-12-11,2452
3969,2024-04-04,3284
3969,2024-04-11,3782
3969,2024-07-12,3003
3969,2024-11-20,3827
3969,2025-02-05,3273
3969,2025-08-23,2745
3970,2023-12-14,1618
3970,2024-10-21,3488
3970,2025-01-09,3446
3970,2025-01-23,506
3970,2025-04-08,1026
3970,2025-08-02,421
3971,2023-09-03,1866
3971,2023-10-10,2323
3971,2023-10-16,1974
3971,2024-04-14,1780
3971,2024-04-23,3498
3971,2024-10-16,882
3972,2024-04-24,611
3972,2024-06-24,2523
3972,2024-12-22,1232
3972,2025-05-01,3505
3973,2024-07-29,3598
3973,2024-08-20,889
3973,2025-07-07,727
3974,2023-10-12,1268
3974,2023-10-25,562
3974,2024-09-22,3813
3974,2024-11-20,3109
3974,2025-01-30,2850
3974,2025-05-01,1664
3974,2025-08-09,3508
3975,2024-02-07,3291
3975,2024-03-03,2583
3975,2025-04-01,2222
3975,2025-07-18,1358
3976,2024-01-11,3463
3976,2024-04-16,229
3976,2024-10-08,3744
3976,2025-06-14,3796
3977,2023-10-12,2889
3977,2023-10-14,3669
3977,2023-11-03,3670
3977,2023-11-12,2245
3977,2024-02-05,3179
3977,2024-08-11,3605
3977,2024-08-26,3311
3977,2025-01-08,2211
3978,2023-09-25,3743
3978,2024-01-21,3777
3978,2024-06-16,1209
3978,2024-08-17,348
3978,2024-11-06,2280
3978,2025-02-10,3651
3978,2025-07-14,829
3979,2023-09-12,3766
3979,2024-02-03,273
3979,2024-08-02,2648
3979,2024-10-02,2250
3979,2025-08-09,274
3980,2023-09-24,3058
3980,2023-12-27,207
3980,2024-07-01,2740
3981,2024-02-14,3441
3981,2024-09-29,2708
3981,2024-10-21,667
3981,2025-04-01,748
3982,2023-12-01,3324
3982,2024-01-29,2614
3982,2024-02-01,1141
3982,2024-03-11,2913
3982,2024-07-05,968
3982,2024-10-03,3792
3982,2024-12-05,1148
3982,2025-01-08,1671
3982,2025-05-22,2022
3982,2025-07-01,3417
3983,2023-11-14,2894
3983,2023-11-27,2466
3983,2023-12-18,1666
3983,2024-02-23,782
3983,2024-03-01,3732
3983,2024-07-26,3351
3983,2025-04-11,1950
3983,2025-04-21,3654
3983,2025-05-10,2670
3983,2025-05-31,625
3984,2024-01-15,2130
3984,2024-04-13,2723
3984,2024-04-20,2837
3984,2025-05-21,3916
3984,2025-05-31,2405
3985,2024-01-16,3701
3985,2024-01-17,3816
3985,2024-01-28,325
3985,2024-02-19,599
3985,2024-09-14,1128
3985,2024-12-17,3795
3985,2025-07-11,3982
3986,2023-11-09,1904
3986,2024-05-19,3141
3986,2024-09-03,3101
3986,2024-11-03,658
3986,2025-03-20,1320
3987,2024-01-30,1395
3987,2024-06-30,1573
3987,2025-04-27,3002
3988,2024-10-21,2578
3989,2025-02-03,3717
3989,2025-08-20,3081
3990,2023-08-27,1791
3990,2023-09-18,3019
3990,2024-06-22,3025
3990,2024-10-15,2393
3990,2024-10-17,2911
3990,2025-08-01,2661
3991,2024-04-12,215
3991,2024-11-25,1183
3992,2024-02-05,1696
3992,2024-05-30,1488
3992,2024-07-26,3206
3992,2024-11-27,3097
3992,2024-12-27,447
3993,2025-04-30,580
3993,2025-06-02,3836
3994,2024-07-08,915
3994,2024-11-18,956
3994,2025-05-14,2843
3994,2025-08-16,3187
3995,2023-11-19,3641
3995,2023-12-08,1952
3995,2024-12-15,3769
3995,2025-02-17,3567
3995,2025-02-28,1718
3995,2025-03-15,3409
3995,2025-03-21,227
3995,2025-04-25,3583
3995,2025-05-30,1696
3995,2025-08-17,1600
3996,2023-09-23,3234
3996,2023-12-08,3711
3996,2024-01-16,1367
3996,2024-06-14,1181
3996,2024-09-20,1467
3996,2025-03-21,3623
3996,2025-04-14,1367
3996,2025-06-18,3817
3997,2025-02-06,600
3997,2025-02-18,1591
3998,2023-12-23,1873
3998,2024-02-29,2299
3998,2024-04-27,1626
3998,2024-06-19,441
3998,2024-08-09,319
3998,2024-09-18,755
3998,2024-11-06,333
3998,2025-02-20,2213
3998,2025-04-06,2418
3999,2024-06-23,1206
3999,2024-11-07,770
3999,2024-11-14,2489
4000,2023-09-29,3061
4000,2024-07-08,650
4000,2025-01-31,3522
4000,2025-03-25,921
4001,2023-08-28,3714
4002,2025-03-27,3974
4003,2024-06-24,728
4003,2024-11-29,2148
4003,2025-02-28,3178
4004,2023-09-29,1525
4004,2024-03-31,2889
4004,2025-05-15,2690
4004,2025-07-17,2702
4005,2023-11-18,1123
4005,2024-02-03,2384
4005,2024-09-09,1189
4005,2024-10-07,508
4005,2025-05-23,2895
4005,2025-05-25,2389
4005,2025-07-03,858
4006,2023-10-20,3044
4006,2023-11-25,736
4007,2024-10-31,3468
4007,2024-12-14,3432
4008,2024-01-01,3462
4008,2024-01-02,1453
4008,2024-07-10,3607
4008,2025-01-04,1650
4008,2025-04-01,2852
4008,2025-05-29,609
4008,2025-07-16,749
4009,2024-01-21,3234
4009,2025-01-14,1503
4010,2023-09-29,2784
4010,2023-12-27,1634
4010,2024-07-24,3560
4010,2024-08-17,636
4010,2025-03-15,1972
4010,2025-08-15,3118
4011,2024-07-10,953
4011,2024-08-20,2907
4011,2024-08-21,1869
4011,2024-10-18,1189
4011,2024-12-07,1574
4011,2025-02-05,3647
4011,2025-04-15,2783
4011,2025-04-16,3013
4011,2025-05-14,3389
4011,2025-07-23,1368
4012,2023-11-14,1023
4012,2024-04-16,2249
4012,2024-07-01,3960
4012,2024-09-22,1577
4012,2025-02-12,1968
4012,2025-03-25,1826
4012,2025-04-04,921
4012,2025-07-25,2437
4013,2023-09-24,1605
4013,2023-10-16,2888
4013,2023-12-04,706
4013,2023-12-30,824
4013,2024-04-05,507
4013,2024-04-06,1141
4013,2024-04-22,2691
4013,2024-12-11,3185
4013,2025-04-02,3801
4014,2023-09-18,932
4014,2024-03-24,284
4014,2024-04-03,1926
4014,2024-07-30,2623
4014,2024-08-20,339
4014,2025-06-05,2271
4015,2025-03-20,3147
4015,2025-06-06,1402
4016,2024-03-16,1895
4016,2025-01-07,2925
4016,2025-01-21,3795
4016,2025-07-25,1379
4017,2024-04-17,1176
4017,2024-08-22,2241
4017,2024-11-10,357
4017,2025-03-28,1739
4018,2023-09-24,3622
4018,2023-11-14,3465
4018,2024-11-20,586
4018,2025-01-03,1633
4018,2025-04-19,2293
4018,2025-07-14,727
4018,2025-08-24,1387
4019,2023-10-07,2177
4019,2023-12-01,1977
4019,2024-04-12,1879
4019,2024-06-08,2403
4019,2025-03-30,2633
4019,2025-08-19,631
4020,2024-08-26,1175
4021,2025-04-27,2225
4021,2025-05-26,724
4021,2025-06-08,3379
4022,2024-11-22,3862
4023,2023-12-31,3320
4023,2024-02-02,3450
4023,2024-03-21,3465
4023,2024-06-25,1029
4023,2024-08-16,2866
4024,2024-08-08,1904
4024,2024-11-08,3917
4024,2024-12-15,3549
4024,2025-03-08,2858
4025,2023-12-25,1001
4025,2023-12-26,3669
4025,2024-09-06,1883
4025,2025-05-09,3684
4025,2025-08-18,263
4026,2023-08-28,2194
4026,2023-09-07,2334
4026,2023-09-24,1205
4026,2023-09-30,3019
4026,2023-10-18,1515
4026,2025-02-28,2283
4026,2025-03-17,1592
4026,2025-08-04,2257
4027,2023-09-18,3604
4027,2024-04-13,420
4027,2024-08-09,2997
4027,2024-08-29,3325
4027,2024-09-26,1908
4027,2025-04-10,1109
4027,2025-06-18,296
4028,2023-10-30,749
4028,2024-07-28,3133
4028,2024-11-27,2888
4028,2025-01-20,1889
4028,2025-03-09,3319
4028,2025-04-10,2951
4028,2025-05-15,601
4028,2025-07-04,3648
4029,2023-10-25,3225
4029,2023-11-18,2736
4029,2024-01-03,501
4029,2024-05-20,2282
4029,2024-09-28,3654
4029,2024-10-01,351
4029,2024-10-14,1612
4029,2024-12-28,1688
4029,2025-05-07,458
4030,2023-09-23,1778
4030,2023-11-25,663
4030,2024-02-04,2911
4030,2024-02-11,1696
4030,2024-02-13,3929
4030,2024-02-25,711
4030,2024-09-21,337
4030,2025-03-09,3944
4030,2025-05-17,1368
4030,2025-06-16,3045
4031,2025-07-06,1492
4031,2025-08-16,1010
4032,2023-12-06,328
4032,2024-03-20,1372
4032,2024-04-12,2346
4032,2024-05-19,1407
4032,2024-06-11,2624
4032,2024-09-23,816
4032,2025-01-06,348
4032,2025-01-15,3623
4033,2023-09-20,2401
4033,2023-12-27,493
4033,2024-09-07,2953
4033,2024-12-21,1231
4033,2025-05-09,533
4033,2025-06-06,965
4033,2025-07-13,2336
4034,2023-11-14,1480
4034,2024-06-04,1488
4034,2024-06-06,1842
4034,2024-07-27,1548
4034,2024-09-21,2228
4034,2024-10-10,3167
4034,2024-10-13,3419
4034,2024-10-29,2597
4034,2025-07-15,1508
4034,2025-08-23,3943
4035,2023-09-16,2564
4035,2024-10-22,1551
4035,2025-03-24,2574
4036,2023-10-01,2125
4036,2023-10-10,2841
4036,2023-10-31,1753
4036,2024-01-30,1778
4036,2024-07-01,1618
4036,2024-12-20,3789
4036,2025-05-24,639
4036,2025-08-21,2830
4037,2023-10-31,3574
4037,2023-11-09,3258
4037,2023-12-07,3715
4037,2024-02-12,1983
4037,2024-03-02,248
4037,2024-03-10,3795
4037,2024-07-13,1540
4037,2025-06-17,2651
4038,2023-09-22,782
4038,2023-11-20,3364
4038,2024-12-09,3917
4038,2025-08-08,408
4039,2024-05-24,2085
4039,2024-07-10,1129
4039,2024-10-05,2373
4039,2024-11-03,2219
4039,2025-01-29,901
4039,2025-04-03,697
4040,2024-01-09,1771
4040,2024-08-11,907
4040,2024-08-24,2419
4041,2024-03-07,875
4041,2024-11-01,3129
4041,2024-11-26,752
4041,2024-12-02,891
4041,2025-03-20,1638
4042,2024-01-17,2817
4042,2024-05-17,2768
4042,2024-06-23,3877
4042,2024-10-15,2577
4042,2024-12-03,2305
4042,2024-12-10,1626
4042,2025-02-26,1810
4042,2025-03-07,2982
4042,2025-04-15,2188
4042,2025-05-24,1298
4043,2023-10-25,388
4043,2023-12-07,2768
4043,2024-08-29,1610
4043,2025-02-08,582
4043,2025-03-31,1815
4044,2023-11-15,951
4044,2024-07-04,799
4044,2024-08-17,3825
4044,2024-12-31,3116
4044,2025-07-02,623
4045,2023-10-03,3266
4045,2023-10-10,3839
4045,2023-11-20,3549
4045,2024-07-12,2739
4045,2025-02-18,1520
4045,2025-08-15,1849
4046,2024-09-14,1643
4046,2024-12-16,3045
4046,2025-01-18,359
4046,2025-02-03,1260
4047,2023-10-04,2109
4047,2023-11-18,3927
4047,2024-01-27,2484
4047,2024-09-10,3328
4047,2025-06-09,1592
4047,2025-06-20,2114
4047,2025-08-08,240
4047,2025-08-16,1263
4047,2025-08-24,1646
4048,2023-10-28,1309
4048,2024-01-15,1926
4048,2024-03-02,2959
4048,2024-04-30,3101
4048,2024-07-05,694
4048,2024-07-16,274
4048,2024-11-27,496
4048,2025-01-20,1004
4048,2025-07-03,352
4048,2025-08-23,1504
4049,2023-12-25,447
4049,2024-03-02,1161
4049,2024-04-06,1043
4049,2024-06-22,1933
4049,2024-07-05,2358
4049,2024-11-14,436
4049,2025-02-01,2622
4050,2023-11-13,3150
4050,2024-09-14,1027
4050,2024-10-19,1146
4050,2024-11-03,3852
4050,2025-02-17,3037
4050,2025-07-09,1611
4050,2025-08-11,1210
4051,2023-10-17,3910
4051,2024-05-21,2998
4051,2025-01-31,1521
4052,2023-09-16,582
4052,2024-08-10,2150
4053,2023-11-13,870
4053,2024-05-02,428
4053,2024-11-06,2779
4053,2025-02-08,934
4053,2025-05-23,1811
4054,2024-02-28,2384
4054,2024-03-08,1794
4054,2024-05-08,3253
4054,2024-12-03,1690
4054,2025-04-22,3570
4054,2025-06-13,1757
4054,2025-06-22,1106
4054,2025-06-23,1312
4054,2025-06-29,3202
4054,2025-07-17,2906
4055,2024-12-15,1879
4056,2024-02-17,2441
4056,2024-04-12,735
4056,2024-05-28,3680
4056,2024-06-20,3804
4056,2024-10-03,1693
4057,2023-09-09,3487
4057,2023-10-23,981
4057,2024-03-30,1090
4057,2024-07-20,295
4057,2025-03-21,1829
4058,2023-09-01,1535
4058,2023-10-28,1250
4058,2024-10-24,674
4058,2025-05-18,615
4059,2023-10-06,974
4059,2023-10-19,284
4059,2024-01-08,547
4059,2024-04-03,2967
4059,2024-09-17,2782
4059,2025-01-15,2971
4060,2023-10-11,3086
4060,2023-12-03,3569
4060,2024-01-07,1995
4060,2024-04-11,1397
4060,2024-05-16,937
4060,2024-07-16,525
4060,2024-09-20,3757
4060,2025-02-28,3615
4061,2024-05-29,3316
4061,2024-07-08,3085
4061,2024-11-21,2709
4061,2025-04-17,3631
4062,2024-02-16,667
4062,2024-03-14,747
4062,2024-07-06,3257
4062,2024-09-28,3961
4062,2024-11-09,3070
4062,2024-11-17,1710
4062,2025-01-03,3855
4062,2025-02-13,1016
4062,2025-02-23,1163
4062,2025-08-16,847
4063,2023-09-27,3283
4063,2023-10-21,346
4063,2023-12-04,719
4063,2023-12-19,1331
4063,2024-03-09,793
4063,2024-07-16,597
4063,2025-01-02,881
4063,2025-03-15,1792
4063,2025-08-23,442
4064,2023-10-06,2084
4064,2024-07-05,3383
4064,2024-09-12,1309
4064,2025-03-02,2791
4065,2024-01-20,733
4065,2024-03-02,3984
4065,2024-06-03,1451
4065,2025-05-04,2619
4066,2024-05-14,2330
4066,2024-09-17,1270
4066,2024-09-25,1711
4066,2024-12-16,3257
4066,2025-01-06,1235
4066,2025-05-12,353
4067,2024-03-20,3273
4067,2024-04-27,3729
4067,2025-01-04,2425
4068,2024-09-06,1799
4068,2025-02-08,2417
4069,2023-09-01,2672
4069,2023-12-03,1720
4069,2024-02-22,3115
4069,2024-04-22,1143
4069,2024-07-13,3185
4069,2024-08-13,1410
4069,2025-07-20,2686
4070,2024-02-03,2818
4070,2024-02-29,2161
4070,2024-03-11,3504
4070,2024-12-25,3175
4070,2025-06-11,748
4070,2025-07-10,2237
4071,2023-10-06,2288
4071,2023-10-23,1785
4071,2023-11-05,3092
4071,2024-03-26,426
4071,2024-04-18,1866
4071,2024-07-21,2278
4071,2024-09-28,1832
4071,2024-10-02,1503
4071,2025-01-04,3184
4072,2024-01-02,2417
4072,2024-02-25,892
4072,2024-04-10,2842
4072,2025-04-22,2677
4073,2023-10-15,1870
4073,2024-05-31,1162
4073,2025-05-13,1660
4073,2025-05-30,1545
4073,2025-05-30,2855
4074,2024-09-02,2880
4075,2024-06-11,2812
4075,2024-12-25,2887
4075,2025-01-25,590
4076,2023-10-30,3667
4076,2024-03-12,2570
4076,2024-07-21,651
4076,2025-06-11,2940
4077,2024-08-22,2478
4077,2024-09-02,2085
4077,2025-03-22,2611
4077,2025-07-14,2454
4078,2023-12-23,2185
4078,2024-03-05,1632
4078,2024-04-01,3308
4078,2024-08-15,2855
4078,2025-05-23,2777
4078,2025-07-26,3054
4078,2025-08-07,3263
4079,2023-09-26,3669
4079,2024-02-29,597
4079,2024-09-23,3598
4080,2023-12-17,608
4080,2024-01-11,929
4080,2024-02-15,1179
4080,2024-03-10,2027
4080,2024-04-10,3841
4080,2024-09-08,3144
4080,2024-10-17,1930
4080,2024-10-25,2800
4080,2025-01-08,3634
4080,2025-07-07,476
4081,2023-10-19,2303
4081,2024-01-03,2138
4081,2024-03-14,2534
4081,2024-04-15,1267
4081,2025-04-29,3812
4081,2025-05-26,2486
4082,2024-07-15,704
4082,2024-07-27,2028
4082,2025-01-23,2133
4082,2025-04-16,2786
4083,2024-03-05,3440
4083,2024-07-29,3820
4083,2024-10-23,2417
4084,2024-01-23,3848
4084,2024-09-05,1227
4084,2024-11-11,741
4084,2025-01-18,2230
4084,2025-04-17,2674
4085,2024-01-31,3446
4085,2024-08-31,3948
4085,2025-05-15,1891
4086,2023-09-11,1886
4086,2024-01-28,1797
4086,2024-02-27,1437
4086,2024-04-08,651
4086,2024-08-15,2267
4087,2024-01-03,3424
4087,2024-06-09,1267
4087,2024-11-29,1789
4087,2024-12-07,1670
4087,2025-02-03,3172
4087,2025-02-16,345
4087,2025-05-26,2070
4087,2025-08-04,2185
4087,2025-08-19,1687
4088,2023-09-18,1911
4088,2023-09-28,1821
4088,2023-11-21,3214
4088,2024-05-03,2741
4088,2024-07-12,592
4088,2024-10-25,414
4088,2024-12-08,1699
4088,2025-03-10,3740
4088,2025-04-01,1628
4089,2023-09-29,1698
4089,2023-10-07,3922
4089,2024-05-31,1498
4089,2025-07-02,2473
4090,2023-11-06,3131
4090,2024-01-31,890
4090,2024-05-09,3159
4090,2024-08-06,3791
4090,2024-12-07,642
4090,2024-12-13,2438
4091,2023-08-28,638
4091,2023-10-08,3402
4091,2023-10-29,1620
4091,2024-05-21,1623
4091,2024-09-08,2438
4092,2023-12-23,835
4092,2024-03-16,1817
4092,2024-03-17,2073
4092,2024-03-28,1850
4092,2024-06-27,2204
4092,2024-11-30,719
4092,2025-05-20,2067
4092,2025-07-12,1868
4092,2025-07-15,1911
4092,2025-07-16,1619
4093,2024-04-09,1083
4093,2024-04-29,1139
4093,2024-09-09,696
4093,2024-12-13,607
4094,2023-11-12,3735
4094,2024-03-30,1609
4094,2024-05-11,2088
4094,2024-07-01,325
4094,2024-07-15,1461
4094,2024-08-08,1233
4095,2024-03-10,928
4095,2024-04-17,3540
4095,2024-12-03,576
4095,2024-12-07,3324
4095,2024-12-24,3135
4095,2025-03-12,3515
4096,2023-10-02,3870
4096,2023-12-26,2380
4096,2024-01-20,681
4096,2024-06-05,1750
4096,2024-07-20,2827
4096,2024-07-22,1089
4096,2024-10-10,1154
4096,2024-12-07,2073
4097,2023-11-08,351
4097,2024-03-29,3990
4097,2024-06-14,2651
4097,2024-07-24,1219
4097,2025-03-16,1189
4097,2025-03-26,1274
4097,2025-08-01,908
4098,2023-09-23,1281
4098,2024-02-09,2687
4098,2024-04-09,1652
4098,2024-08-08,1811
4098,2024-11-06,1034
4098,2025-01-29,894
4098,2025-04-22,1035
4098,2025-05-04,353
4098,2025-08-24,1636
4099,2024-02-12,2836
4099,2024-02-13,1245
4099,2024-08-01,369
4099,2024-09-22,3179
4099,2025-04-14,1196
4099,2025-06-15,1446
4099,2025-06-17,2414
4100,2025-07-24,3414
4100,2025-08-03,3114
4101,2023-11-13,483
4101,2024-02-28,677
4101,2024-06-09,3255
4101,2024-08-24,3917
4101,2025-05-24,565
4102,2023-11-03,1845
4102,2024-03-17,2212
4103,2023-09-03,1752
4103,2023-10-21,2753
4103,2023-11-17,3479
4103,2024-01-16,2841
4103,2024-10-20,1403
4103,2025-01-06,2170
4103,2025-04-06,1015
4104,2023-09-06,2332
4104,2024-03-12,3271
4104,2024-03-26,1150
4104,2024-04-11,3594
4104,2024-12-14,326
4104,2025-01-07,1177
4104,2025-05-09,1094
4105,2023-09-04,3509
4105,2024-03-08,3726
4105,2025-04-08,3682
4105,2025-04-23,3923
4106,2023-11-21,553
4106,2023-12-28,3656
4106,2024-01-27,3482
4106,2024-05-13,3079
4106,2024-12-12,270
4106,2025-05-02,2705
4107,2024-02-29,3922
4107,2024-06-08,1521
4107,2024-10-22,1428
4108,2024-03-16,3035
4108,2024-06-22,2592
4109,2024-04-21,2183
4109,2024-06-11,1189
4109,2024-06-24,948
4109,2024-07-01,701
4109,2024-07-03,967
4109,2024-07-22,1028
4109,2025-07-07,2152
4110,2023-08-30,2554
4110,2023-11-15,1687
4110,2023-12-11,1092
4110,2024-05-09,2725
4110,2024-06-11,1460
4110,2024-11-26,1644
4110,2025-04-02,250
4110,2025-06-11,2875
4110,2025-06-23,3002
4110,2025-08-06,2097
4111,2024-06-19,2078
4111,2024-08-08,1514
4112,2024-02-10,2239
4112,2024-06-02,3237
4112,2024-09-22,224
4112,2025-07-06,3275
4112,2025-07-13,1335
4112,2025-07-23,2123
4113,2023-12-18,3619
4113,2024-09-05,1763
4113,2024-11-03,1699
4113,2025-03-09,1958
4114,2024-06-18,2719
4114,2025-04-05,2829
4115,2024-01-15,2188
4115,2024-02-01,2258
4115,2024-10-15,2920
4115,2025-05-23,3234
4115,2025-06-11,450
4115,2025-07-12,2853
4116,2024-03-08,1394
4116,2024-05-13,906
4116,2024-10-07,440
4116,2025-06-25,1281
4116,2025-07-23,541
4117,2023-11-29,1643
4117,2024-03-28,300
4117,2024-05-27,826
4117,2024-12-27,2844
4117,2025-05-14,862
4118,2023-09-20,3479
4118,2024-05-30,1547
4118,2025-01-01,3321
4118,2025-01-02,3624
4119,2023-12-06,2404
4119,2024-03-30,2374
4119,2025-04-03,1270
4119,2025-04-23,3289
4119,2025-05-24,2420
4119,2025-05-30,1176
4119,2025-06-19,2573
4119,2025-08-04,3547
4120,2023-09-24,3253
4120,2024-07-20,2704
4120,2025-07-18,2109
4121,2024-01-17,588
4121,2024-03-21,1744
4121,2024-05-07,1612
4121,2025-03-09,1925
4121,2025-06-13,2008
4121,2025-08-24,3710
4122,2024-01-11,1538
4122,2024-05-17,3495
4122,2024-07-15,1314
4122,2024-08-17,279
4122,2024-12-04,3287
4122,2024-12-27,979
4122,2025-03-01,1864
4123,2024-02-14,2796
4123,2024-04-13,3945
4123,2024-12-29,3776
4123,2025-01-22,2463
4123,2025-01-24,831
4123,2025-04-29,3981
4123,2025-05-06,2024
4123,2025-05-20,1681
4123,2025-08-07,677
4124,2023-08-29,528
4124,2023-11-28,1911
4124,2024-01-18,1757
4124,2024-01-22,3671
4124,2024-01-23,614
4124,2024-05-13,258
4124,2024-08-18,2719
4124,2024-11-16,888
4124,2025-01-11,3628
4124,2025-07-28,1451
4125,2023-11-13,437
4125,2024-02-24,1574
4125,2024-05-12,1282
4126,2023-12-23,3121
4126,2024-03-03,1627
4126,2024-09-18,533
4126,2024-10-21,1721
4126,2025-02-28,3960
4126,2025-03-11,1614
4126,2025-04-15,2870
4126,2025-08-06,1386
4127,2023-10-23,2161
4127,2024-06-22,3198
4127,2025-03-02,609
4128,2024-08-05,1377
4129,2023-09-29,1539
4129,2024-02-07,593
4129,2024-10-25,1329
4129,2024-11-16,2497
4129,2025-07-09,763
4130,2024-08-26,2559
4130,2024-10-09,372
4130,2025-03-12,1355
4130,2025-03-29,2988
4131,2023-11-16,1801
4131,2024-02-14,1076
4131,2024-03-03,2228
4131,2024-04-26,1616
4131,2024-04-27,1193
4131,2024-05-08,1677
4131,2024-09-12,325
4131,2024-09-21,545
4131,2025-01-11,3310
4131,2025-02-09,255
4132,2023-12-03,1910
4132,2024-06-08,2366
4132,2024-07-29,896
4132,2024-12-03,3000
4132,2024-12-31,376
4133,2023-11-07,509
4133,2024-02-08,1740
4133,2024-02-21,2554
4133,2024-03-18,2440
4133,2024-03-23,374
4133,2024-05-07,3147
4133,2024-06-10,2302
4133,2024-08-08,3334
4133,2024-08-12,1943
4133,2025-02-01,3766
4134,2023-10-13,1267
4134,2024-11-23,2736
4134,2025-07-19,3467
4135,2023-12-12,1179
4135,2024-07-23,2814
4135,2025-05-04,1288
4135,2025-05-14,359
4136,2023-12-15,769
4136,2023-12-30,503
4136,2024-01-14,325
4136,2024-02-24,441
4136,2024-04-13,1149
4136,2024-06-15,1404
4136,2024-11-16,3256
4136,2025-02-05,3236
4136,2025-03-25,2481
4136,2025-08-21,2145
4137,2024-08-18,3562
4138,2024-09-13,959
4138,2024-09-20,1284
4138,2024-12-24,1541
4138,2025-05-13,775
4139,2023-12-14,1650
4139,2024-08-13,3917
4139,2025-07-04,1671
4140,2023-10-08,579
4140,2024-10-28,2680
4140,2025-02-24,2462
4140,2025-03-10,3233
4141,2024-03-02,3246
4141,2024-08-08,3067
4141,2024-10-07,2730
4141,2024-11-06,3783
4141,2025-01-02,1108
4142,2024-03-09,263
4142,2025-06-22,2205
4143,2023-08-28,3071
4143,2023-09-21,3340
4143,2024-05-17,3696
4143,2024-06-19,967
4143,2024-11-26,1713
4143,2025-04-11,1404
4143,2025-06-15,2842
4143,2025-07-29,3920
4143,2025-08-25,3465
4144,2023-09-03,2682
4144,2023-10-21,1213
4144,2023-11-03,2705
4144,2024-01-06,2620
4144,2024-06-21,3448
4144,2024-08-29,3060
4144,2024-09-28,1433
4144,2024-09-30,1435
4144,2025-06-10,427
4145,2023-12-28,2500
4145,2024-04-19,3255
4145,2024-06-19,3390
4145,2024-09-06,3384
4145,2024-12-16,1574
4145,2025-02-27,575
4145,2025-06-28,1663
4146,2023-10-18,3234
4146,2023-12-02,3386
4146,2024-09-08,1867
4146,2025-08-05,2975
4146,2025-08-25,3383
4147,2023-10-18,3152
4147,2024-01-06,1134
4147,2024-04-11,3090
4147,2024-05-17,1533
4147,2024-12-06,1647
4147,2025-01-18,1450
4147,2025-04-24,1198
4148,2023-08-28,601
4149,2023-09-19,2061
4149,2023-09-26,3697
4149,2024-02-12,1575
4149,2024-05-28,1066
4149,2024-06-19,2466
4149,2025-04-16,3150
4149,2025-04-25,3376
4149,2025-08-20,1602
4150,2023-08-30,3169
4150,2024-04-20,1215
4150,2024-05-01,1260
4150,2024-06-20,1487
4150,2024-10-13,2583
4150,2025-01-01,1192
4150,2025-01-31,3950
4150,2025-07-18,3368
4151,2023-11-21,2591
4151,2024-04-22,2495
4151,2024-04-28,3999
4151,2024-06-03,303
4151,2024-09-27,2739
4151,2024-12-29,3981
4151,2025-05-25,1500
4151,2025-07-18,2447
4151,2025-07-18,1052
4151,2025-08-20,1821
4152,2024-04-13,3538
4152,2024-04-14,3866
4152,2024-07-10,3488
4152,2024-12-29,2873
4152,2025-01-05,775
4152,2025-01-06,1700
4152,2025-04-22,669
4153,2025-08-05,1458
4154,2024-01-30,243
4154,2024-03-01,275
4154,2024-09-05,1975
4154,2025-07-06,3974
4154,2025-07-11,443
4155,2023-09-30,2398
4155,2023-12-17,222
4155,2023-12-30,2614
4155,2024-03-01,1813
4155,2024-10-04,1204
4155,2025-03-22,2634
4155,2025-05-18,1316
4155,2025-07-08,423
4156,2023-11-25,1315
4156,2024-03-25,3089
4157,2024-03-10,2699
4157,2024-07-26,538
4157,2024-08-23,1945
4157,2025-02-12,1678
4157,2025-06-16,3038
4158,2024-02-22,1839
4158,2024-12-10,340
4158,2024-12-25,563
4158,2025-04-01,2485
4159,2024-01-02,2611
4159,2024-08-12,3994
4159,2025-04-25,866
4160,2024-05-24,2956
4160,2024-08-14,960
4160,2024-11-11,3899
4160,2025-02-04,787
4161,2024-11-20,2102
4161,2025-01-15,2431
4162,2023-09-09,2133
4162,2023-11-13,2104
4162,2023-12-31,337
4162,2024-03-06,1284
4162,2024-06-11,3126
4162,2025-03-22,2561
4163,2023-12-30,1061
4163,2024-03-08,674
4163,2024-05-18,1324
4163,2024-06-11,3495
4163,2024-10-02,3986
4163,2024-11-12,1742
4163,2024-12-19,755
4163,2025-04-30,1441
4163,2025-06-30,1928
4163,2025-08-02,294
4164,2023-09-14,2279
4164,2023-10-28,2406
4164,2024-07-04,1234
4164,2024-08-07,1471
4164,2024-09-10,3404
4164,2024-11-15,3132
4164,2024-11-19,2171
4164,2025-02-24,1054
4165,2024-11-05,294
4166,2023-08-31,3337
4166,2023-12-17,2003
4166,2024-05-18,1343
4166,2024-10-25,3387
4166,2025-06-15,3750
4166,2025-08-07,3202
4167,2023-11-01,280
4167,2024-01-13,2307
4167,2024-02-23,1590
4167,2025-06-07,2417
4168,2023-10-02,3793
4168,2025-01-08,3151
4168,2025-08-15,2707
4169,2023-09-02,3226
4169,2024-04-08,1182
4169,2025-02-18,502
4169,2025-03-16,3655
4169,2025-03-18,2283
4169,2025-05-28,1582
4169,2025-06-30,385
4169,2025-07-16,1531
4169,2025-08-14,3704
4170,2023-12-12,2699
4170,2024-04-14,1954
4170,2024-05-02,3995
4170,2024-08-14,1543
4170,2025-05-23,3637
4171,2024-06-16,1434
4171,2024-12-10,1347
4171,2025-07-28,2521
4172,2023-12-15,917
4172,2024-01-29,1863
4172,2024-06-16,2053
4173,2023-11-16,3385
4173,2023-11-21,598
4173,2024-06-09,3003
4174,2024-12-26,1348
4174,2025-04-07,3079
4175,2024-02-19,2336
4175,2024-10-18,976
4175,2025-05-07,2444
4175,2025-07-09,447
4176,2024-02-10,373
4176,2025-02-04,1540
4177,2023-11-14,1760
4177,2024-06-26,1195
4177,2024-12-09,1748
4177,2025-04-09,301
4177,2025-06-28,3279
4178,2023-10-06,638
4178,2024-01-31,1964
4178,2024-03-18,2471
4178,2024-07-06,1095
4178,2024-10-27,2941
4178,2025-04-03,2043
4179,2023-10-15,464
4179,2024-03-05,1166
4179,2024-12-12,3964
4180,2023-11-20,786
4180,2024-01-08,2441
4180,2024-03-25,3616
4180,2024-05-18,2980
4180,2024-09-15,2460
4180,2025-03-14,2997
4180,2025-04-08,556
4180,2025-04-30,937
4180,2025-05-05,1820
4181,2023-12-24,1405
4181,2024-03-24,1270
4181,2024-08-08,2780
4181,2024-08-20,2903
4181,2024-08-28,3501
4181,2024-08-29,2351
4182,2023-11-06,2480
4182,2023-12-23,857
4182,2024-09-20,2803
4182,2024-11-27,293
4182,2025-01-23,1085
4182,2025-08-24,3540
4183,2023-09-15,1746
4183,2023-12-01,3457
4183,2024-12-15,3777
4183,2025-01-09,1087
4184,2025-06-16,457
4184,2025-07-20,3012
4185,2023-08-28,851
4185,2024-10-06,1838
4185,2024-12-19,443
4185,2025-03-05,1257
4185,2025-03-29,1429
4186,2023-12-02,321
4186,2024-08-21,3343
4186,2024-11-24,2587
4186,2025-05-05,2469
4186,2025-07-21,2727
4187,2023-09-14,1018
4187,2024-05-10,1861
4187,2024-06-20,3637
4188,2024-11-24,987
4189,2024-04-04,721
4189,2024-09-05,1930
4190,2023-10-15,2537
4190,2024-05-26,1475
4190,2025-08-12,3586
4191,2024-05-26,1652
4191,2024-06-03,3186
4191,2024-12-03,3250
4191,2025-01-29,1950
4191,2025-06-29,3480
4191,2025-08-12,2758
4191,2025-08-12,1639
4192,2023-12-28,1658
4192,2024-05-17,3732
4192,2025-01-01,3533
4192,2025-05-25,3287
4193,2024-02-17,3845
4193,2024-07-18,1660
4193,2024-08-31,1434
4193,2025-04-03,399
4193,2025-05-24,3297
4194,2023-11-06,386
4194,2024-05-25,451
4195,2023-10-03,2389
4195,2024-06-05,3271
4195,2024-08-02,3112
4195,2024-11-17,3041
4195,2025-04-18,2411
4195,2025-06-08,339
4196,2024-06-04,294
4196,2025-01-08,3277
4196,2025-02-11,3904
4196,2025-03-28,2470
4196,2025-05-29,835
4196,2025-08-18,2422
4197,2023-10-16,2545
4197,2024-02-24,1032
4197,2024-04-27,792
4197,2025-03-13,2827
4197,2025-03-29,1522
4197,2025-04-19,2684
4198,2024-01-29,323
4198,2024-11-30,2061
4199,2023-12-04,689
4199,2024-08-22,2816
4199,2024-11-16,1262
4199,2025-01-11,3417
4199,2025-05-15,2626
4199,2025-08-08,3065
4200,2024-02-01,1194
4200,2024-02-23,1218
4200,2024-11-22,593
4200,2025-05-14,3015
4200,2025-06-12,3094
4200,2025-07-30,341
4201,2024-02-25,3227
4201,2024-02-27,2586
4201,2024-04-13,377
4201,2024-08-24,3179
4201,2024-12-13,2609
4201,2025-06-10,2166
4202,2025-03-10,2733
4203,2024-05-13,3448
4203,2024-09-18,3147
4203,2025-02-01,3205
4203,2025-04-26,3752
4204,2024-07-18,1823
4204,2025-01-26,3184
4204,2025-04-12,953
4205,2023-09-17,1228
4205,2023-11-03,2594
4205,2023-12-20,3137
4205,2024-01-11,1819
4205,2024-02-06,3466
4205,2025-03-01,3275
4205,2025-05-09,1397
4206,2023-11-11,822
4206,2023-12-07,824
4206,2024-03-18,2745
4206,2024-08-16,3667
4206,2024-11-04,3819
4207,2025-04-11,2298
4208,2025-03-03,1716
4208,2025-08-07,2881
4209,2024-09-22,1549
4209,2024-09-29,3207
4209,2025-02-07,2687
4209,2025-04-22,955
4210,2023-09-27,1390
4210,2024-04-03,2704
4210,2024-10-03,2521
4210,2025-02-20,587
4211,2023-10-23,2949
4211,2024-02-29,2317
4211,2025-02-19,1439
4212,2023-09-06,3180
4212,2023-10-31,1519
4212,2024-02-05,1632
4212,2024-06-20,1223
4212,2024-11-23,2859
4213,2023-08-29,611
4213,2023-09-29,1525
4213,2024-02-13,754
4213,2024-02-15,2331
4213,2024-10-20,3667
4213,2024-12-09,2372
4213,2025-05-31,2601
4213,2025-08-01,2519
4214,2025-08-23,1947
4215,2023-09-25,3291
4215,2023-10-06,3744
4215,2025-03-04,1788
4215,2025-05-02,2890
4216,2024-05-17,1239
4216,2025-06-06,877
4216,2025-06-22,3206
4217,2024-01-07,1851
4217,2024-02-12,3022
4217,2024-03-18,1187
4217,2024-08-16,1648
4217,2024-10-20,2645
4217,2025-02-22,1210
4217,2025-03-21,1569
4217,2025-03-26,3922
4217,2025-07-09,243
4218,2023-12-01,2807
4218,2023-12-18,329
4218,2024-05-19,1900
4218,2025-03-01,3230
4218,2025-06-27,3318
4218,2025-08-16,2723
4219,2024-01-12,3309
4219,2024-05-31,2228
4219,2024-06-13,3452
4219,2024-12-15,2802
4220,2023-11-10,3594
4220,2024-01-17,269
4220,2024-03-18,1391
4220,2024-08-01,3920
4220,2024-09-16,3388
4220,2025-01-12,1970
4220,2025-06-11,3966
4220,2025-06-24,2130
4220,2025-08-12,204
4221,2023-12-06,1245
4221,2024-08-19,2169
4221,2024-10-03,1630
4221,2025-02-14,2932
4221,2025-03-30,3772
4221,2025-05-05,747
4222,2023-12-24,1627
4222,2024-09-07,2830
4222,2024-10-04,3713
4222,2024-10-30,3896
4223,2024-05-25,3922
4223,2024-06-27,1499
4223,2024-07-03,1247
4223,2024-12-03,2353
4223,2024-12-29,2686
4223,2025-04-16,3382
4223,2025-07-09,3014
4223,2025-07-31,1011
4223,2025-08-04,339
4224,2023-10-02,1149
4224,2023-11-13,3414
4224,2023-12-06,1599
4224,2023-12-16,3680
4224,2023-12-21,2468
4224,2025-07-10,3497
4225,2024-05-17,1280
4225,2024-10-21,324
4226,2024-07-14,2281
4226,2024-12-11,1679
4226,2025-01-07,1116
4227,2023-09-05,1659
4227,2024-07-14,1918
4227,2024-08-02,3124
4227,2025-01-03,1395
4227,2025-02-16,3796
4227,2025-03-10,3443
4227,2025-07-06,1813
4227,2025-07-07,2086
4227,2025-08-01,2922
4228,2023-10-16,3339
4228,2023-11-17,1993
4228,2023-11-21,2891
4228,2025-01-24,510
4228,2025-04-14,2402
4228,2025-06-02,1303
4228,2025-06-10,662
4228,2025-07-20,3247
4228,2025-08-06,2923
4229,2023-09-07,510
4229,2024-02-08,2365
4229,2024-04-11,1372
4229,2024-05-16,3874
4229,2024-06-30,1054
4229,2024-07-17,1200
4229,2024-07-24,3517
4229,2024-09-06,742
4229,2025-01-16,2001
4229,2025-01-31,502
4230,2023-10-18,219
4230,2023-10-19,3620
4230,2024-09-13,1214
4230,2024-12-27,2082
4230,2025-01-04,1069
4230,2025-04-10,389
4230,2025-05-02,2614
4230,2025-08-22,3319
4231,2024-04-27,1157
4231,2024-10-03,347
4231,2024-11-16,3539
4231,2024-12-16,1612
4231,2025-05-04,2382
4232,2023-11-29,2421
4232,2024-02-12,3148
4232,2024-03-31,2039
4232,2024-06-06,1277
4232,2024-10-09,1534
4232,2024-12-09,1953
4232,2025-01-22,3849
4232,2025-03-17,718
4232,2025-05-23,1459
4233,2023-09-22,3482
4233,2023-09-25,3022
4233,2024-06-17,2885
4233,2024-07-25,3366
4233,2024-09-22,1379
4233,2025-02-16,1263
4233,2025-04-15,3359
4233,2025-06-06,676
4233,2025-06-08,499
4233,2025-08-22,3936
4234,2023-10-15,2110
4234,2024-03-28,1167
4234,2024-05-12,1538
4234,2024-11-03,1494
4235,2023-09-09,1875
4235,2023-09-15,3344
4235,2023-12-28,2102
4235,2024-02-29,1643
4235,2024-05-16,3061
4235,2024-05-21,1962
4235,2024-08-05,1479
4235,2024-12-07,586
4236,2023-11-02,3684
4236,2024-02-22,1436
4236,2024-12-21,3071
4237,2023-08-28,906
4237,2023-09-24,2971
4237,2024-02-11,3495
4237,2024-05-23,204
4237,2024-09-22,1568
4237,2025-01-15,2627
4238,2023-09-18,670
4238,2023-10-08,2996
4238,2023-10-09,2480
4238,2024-04-22,2438
4238,2024-05-20,1796
4238,2024-08-07,614
4239,2023-11-30,3697
4239,2024-01-31,1641
4239,2024-02-19,3234
4239,2024-04-01,507
4239,2024-05-04,3030
4239,2024-07-31,420
4239,2024-08-24,935
4239,2024-12-04,2953
4239,2025-08-02,2272
4240,2023-09-30,2413
4240,2023-10-18,3423
4240,2024-06-18,1188
4240,2025-02-09,1727
4240,2025-08-09,1735
4241,2023-10-19,2163
4241,2024-04-09,650
4241,2024-08-07,3261
4241,2025-02-08,2027
4241,2025-04-15,3586
4241,2025-05-24,3157
4242,2024-01-29,3967
4242,2024-03-10,2168
4242,2024-03-24,830
4242,2024-06-20,3086
4242,2024-12-10,2546
4242,2025-03-16,2046
4242,2025-07-29,1027
4243,2024-05-02,1521
4244,2024-06-10,3662
4244,2024-11-16,2880
4244,2024-12-08,1787
4244,2024-12-11,2526
4244,2025-05-18,2966
4244,2025-07-22,2891
4244,2025-08-02,2973
4245,2023-09-07,3552
4245,2023-12-21,476
4245,2024-05-22,2227
4245,2024-07-06,3531
4245,2024-07-09,3469
4245,2024-09-01,1895
4245,2024-10-17,3750
4245,2025-03-24,1926
4245,2025-06-26,2672
4246,2023-09-21,627
4246,2023-10-02,1883
4246,2024-03-16,2973
4246,2024-03-24,972
4246,2025-03-01,1666
4246,2025-03-25,1656
4247,2023-09-26,1157
4247,2023-10-11,1687
4247,2023-10-14,618
4247,2024-03-18,2312
4247,2024-04-14,2746
4247,2025-03-11,3958
4247,2025-05-26,1511
4248,2023-09-01,3855
4248,2023-09-27,1701
4248,2024-01-04,2143
4248,2024-07-07,3090
4248,2024-07-13,1972
4248,2024-10-12,718
4248,2025-02-05,931
4248,2025-06-09,306
4249,2023-09-03,2005
4249,2023-12-03,1783
4249,2024-02-04,895
4249,2024-05-06,1303
4249,2024-08-24,326
4249,2024-09-25,3746
4249,2024-09-29,3217
4249,2025-04-16,2992
4249,2025-08-22,508
4250,2023-11-12,2557
4251,2025-02-22,1069
4252,2024-01-22,677
4252,2024-07-27,1140
4252,2024-09-30,2890
4252,2024-11-20,2703
4252,2024-11-26,989
4253,2023-11-07,2889
4253,2025-02-12,3389
4253,2025-07-01,2692
4254,2023-11-02,1507
4254,2023-11-07,2680
4254,2024-04-10,1760
4254,2024-08-31,3789
4254,2024-12-16,1179
4254,2024-12-28,1847
4254,2025-02-16,1732
4254,2025-05-19,2649
4255,2023-09-21,1483
4255,2024-12-05,2940
4255,2025-04-02,3757
4255,2025-05-17,3622
4255,2025-08-04,1929
4256,2024-03-03,3561
4256,2024-07-23,1922
4256,2024-09-05,3628
4256,2024-11-08,1388
4256,2025-03-08,3826
4257,2024-01-14,1370
4257,2024-08-19,357
4258,2024-03-24,3446
4258,2024-10-05,721
4258,2025-03-18,3594
4259,2024-07-02,1531
4259,2025-02-02,3113
4259,2025-02-14,2959
4259,2025-02-14,2874
4259,2025-06-03,3008
4259,2025-08-13,970
4260,2024-05-18,2938
4261,2023-11-21,575
4261,2024-04-10,2067
4261,2025-05-20,3764
4261,2025-07-31,2368
4262,2023-10-07,2727
4262,2024-02-25,841
4262,2024-04-30,3627
4262,2024-08-01,1783
4262,2025-06-15,234
4262,2025-06-27,2458
4263,2023-10-06,983
4263,2023-11-01,2200
4263,2024-05-07,1590
4263,2024-06-17,3334
4263,2024-08-05,2539
4263,2025-07-17,1617
4264,2023-10-02,770
4264,2023-10-12,544
4264,2023-11-16,847
4264,2024-06-12,764
4264,2024-09-05,2568
4264,2024-10-19,3440
4264,2025-02-21,1813
4264,2025-05-11,781
4265,2023-10-08,1517
4265,2024-10-31,998
4265,2025-02-15,302
4265,2025-07-01,2542
4266,2024-03-24,2795
4266,2024-05-31,3454
4266,2024-06-02,2095
4266,2024-07-01,1747
4266,2024-11-29,3278
4266,2024-12-12,2186
4266,2025-01-04,2727
4266,2025-03-16,3398
4266,2025-06-07,1603
4267,2023-09-24,3029
4267,2023-10-17,2376
4267,2024-02-22,3657
4267,2024-04-06,1371
4267,2025-01-24,941
4267,2025-07-19,2531
4268,2023-10-08,3455
4268,2023-10-20,3828
4268,2023-10-27,3155
4268,2023-11-17,1060
4268,2024-06-17,3647
4268,2024-06-24,3833
4268,2024-09-14,3026
4268,2024-10-12,1636
4268,2024-11-03,784
4269,2023-10-29,1854
4269,2024-04-30,755
4269,2025-05-24,3735
4270,2024-01-29,1745
4270,2024-04-19,2693
4270,2024-07-25,1893
4270,2024-12-17,2369
4271,2025-04-22,3124
4271,2025-06-28,642
4272,2024-03-31,1969
4272,2024-06-10,2120
4272,2024-10-05,3424
4272,2024-10-08,2265
4272,2025-01-01,516
4273,2023-09-25,718
4273,2023-10-19,3603
4273,2024-03-03,1521
4273,2024-10-16,3791
4273,2025-02-01,3270
4273,2025-03-21,1756
4273,2025-03-25,615
4273,2025-04-21,3801
4273,2025-07-28,3531
4273,2025-07-31,238
4274,2024-07-25,1557
4275,2024-03-16,3481
4275,2024-06-10,1696
4275,2025-08-24,2961
4276,2023-10-14,3835
4276,2024-10-12,1304
4276,2024-12-30,2737
4277,2024-01-23,1227
4277,2024-04-05,3381
4277,2024-04-12,477
4277,2024-05-19,1298
4277,2024-09-01,1055
4277,2024-12-11,323
4277,2025-02-01,2458
4277,2025-02-02,3567
4277,2025-03-07,2685
4278,2023-10-28,781
4278,2024-03-24,3537
4278,2024-11-01,856
4278,2024-11-24,2305
4278,2025-05-04,2525
4278,2025-07-05,778
4278,2025-08-01,3368
4279,2023-10-31,3888
4279,2024-02-13,3149
4279,2024-04-12,1894
4279,2025-01-03,1968
4279,2025-04-07,324
4279,2025-07-06,1546
4279,2025-07-22,1432
4279,2025-08-09,558
4280,2023-09-21,2695
4280,2023-12-01,2297
4280,2024-10-31,1322
4280,2024-11-05,2717
4280,2024-11-30,1159
4280,2025-02-20,2800
4280,2025-04-05,1552
4280,2025-04-10,367
4280,2025-07-04,2972
4280,2025-07-26,3620
4281,2023-10-04,2416
4281,2023-11-28,2345
4281,2024-01-20,667
4281,2024-03-20,1123
4281,2024-04-02,333
4281,2024-05-28,1762
4281,2024-10-16,1030
4281,2025-03-14,3691
4282,2024-04-02,1437
4282,2024-04-30,1165
4282,2025-02-16,2440
4283,2023-12-28,1187
4283,2024-02-28,926
4283,2024-04-15,1316
4283,2024-06-08,3437
4283,2024-06-13,2356
4283,2024-08-22,1468
4283,2024-09-25,1342
4283,2024-11-21,3413
4283,2025-03-24,2002
4283,2025-04-04,757
4284,2023-09-20,806
4284,2023-10-10,2793
4284,2024-01-20,454
4284,2024-10-07,1595
4284,2024-11-08,2553
4284,2025-01-16,3594
4284,2025-03-06,379
4284,2025-03-27,2145
4284,2025-04-21,301
4284,2025-08-03,862
4285,2024-03-03,3651
4285,2024-12-04,837
4285,2024-12-22,2255
4286,2024-10-17,1067
4286,2024-11-29,2008
4286,2025-04-25,3161
4287,2023-11-11,3538
4287,2024-01-14,1228
4287,2024-04-28,1876
4287,2024-05-13,2957
4287,2024-08-20,2948
4287,2025-01-17,3981
4287,2025-01-25,824
4287,2025-06-01,1810
4287,2025-06-17,2939
4287,2025-07-02,1801
4288,2023-09-29,842
4288,2023-11-25,1691
4288,2024-07-10,2716
4288,2025-02-06,2552
4288,2025-07-10,2998
4289,2023-11-09,2954
4289,2023-11-24,3772
4289,2024-10-14,2181
4289,2025-04-29,3720
4289,2025-07-16,1258
4290,2023-09-16,624
4290,2023-12-29,2625
4290,2024-03-04,2719
4290,2024-03-27,3116
4290,2024-04-28,2888
4290,2024-07-11,3552
4290,2024-09-15,902
4290,2024-12-19,2641
4290,2025-05-08,2952
4290,2025-06-13,1985
4291,2023-09-01,1042
4291,2024-01-18,2521
4291,2024-01-28,1522
4291,2024-08-03,2453
4292,2024-09-26,862
4293,2024-02-01,834
4293,2024-05-04,1475
4293,2024-10-19,3506
4293,2025-05-21,3787
4294,2023-10-28,1626
4294,2024-02-09,1123
4294,2024-04-02,1762
4294,2025-06-17,1656
4294,2025-08-22,3616
4295,2023-08-31,1879
4295,2023-11-18,2260
4295,2023-12-03,3439
4295,2024-06-18,583
4295,2024-10-28,2802
4295,2025-01-08,1167
4295,2025-02-15,3433
4295,2025-03-08,651
4295,2025-05-07,2707
4296,2023-10-17,3845
4296,2023-11-25,3598
4296,2024-01-28,3736
4296,2024-04-24,2396
4296,2024-06-02,2803
4296,2024-07-19,670
4296,2024-09-04,3914
4296,2024-09-18,3803
4296,2025-02-16,3546
4297,2023-09-15,2766
4297,2023-09-27,3533
4297,2023-12-26,3140
4297,2024-03-15,3579
4297,2024-08-23,2718
4297,2025-01-09,1894
4297,2025-01-25,3073
4297,2025-03-11,2910
4298,2023-09-12,3518
4298,2023-10-30,1945
4298,2024-01-02,2015
4298,2024-03-20,2511
4298,2025-01-01,3259
4298,2025-04-15,1042
4298,2025-04-16,1419
4298,2025-04-25,794
4298,2025-05-19,1695
4299,2023-11-21,1537
4299,2024-06-13,1500
4299,2024-07-26,2412
4299,2025-04-28,3825
4299,2025-07-09,405
4300,2023-09-07,1297
4300,2023-12-19,3178
4300,2025-01-12,1312
4300,2025-04-26,914
4300,2025-08-13,3914
4301,2023-10-13,818
4301,2024-10-22,2237
4302,2023-09-13,1423
4302,2024-03-09,1791
4302,2024-07-15,2583
4302,2024-12-09,2059
4302,2025-01-15,3599
4302,2025-04-05,2530
4302,2025-08-20,3543
4302,2025-08-25,383
4303,2023-11-27,2331
4303,2024-08-03,803
4303,2024-09-13,2452
4303,2024-10-06,3490
4303,2024-12-25,1092
4303,2025-03-14,1895
4303,2025-05-13,369
4303,2025-07-28,3113
4304,2024-06-23,523
4305,2023-12-30,2523
4305,2024-01-20,770
4305,2024-02-11,443
4305,2024-04-13,3009
4305,2024-07-29,2751
4305,2024-08-20,3459
4305,2024-12-30,1747
4305,2025-01-23,1924
4305,2025-03-31,1318
4305,2025-07-30,1133
4306,2023-09-18,3867
4306,2023-11-27,2202
4306,2024-01-01,1239
4306,2024-01-29,2868
4306,2024-04-11,1194
4306,2024-04-14,2093
4306,2024-05-11,3030
4306,2024-07-12,2238
4306,2024-07-27,552
4306,2024-09-03,3467
4307,2023-09-06,1049
4307,2023-11-18,3579
4307,2024-01-19,2936
4307,2024-08-02,2159
4307,2024-08-31,1571
4307,2024-11-29,475
4308,2023-10-27,3547
4308,2023-12-05,1425
4308,2024-02-08,1011
4308,2024-06-29,1422
4308,2024-07-14,998
4308,2024-11-06,431
4308,2025-01-13,2327
4308,2025-02-21,2229
4308,2025-06-14,3896
4308,2025-08-22,2939
4309,2024-05-08,2073
4309,2025-05-14,1181
4309,2025-05-26,3809
4309,2025-08-20,329
4310,2025-03-11,766
4311,2023-08-26,391
4311,2023-10-09,3132
4311,2024-01-01,1726
4311,2024-04-09,2915
4311,2024-07-12,915
4311,2024-11-07,3780
4311,2025-03-07,548
4311,2025-05-06,1139
4312,2024-01-17,1733
4312,2024-01-22,3671
4312,2024-02-18,968
4312,2024-02-26,392
4312,2024-06-21,1547
4312,2024-12-02,1314
4312,2024-12-25,2460
4312,2025-07-05,317
4313,2023-12-14,3580
4313,2024-06-03,1856
4313,2024-06-27,1339
4313,2025-03-11,3426
4313,2025-04-27,2228
4313,2025-06-16,2864
4313,2025-07-16,3355
4313,2025-08-20,3198
4313,2025-08-24,955
4314,2024-06-03,3074
4314,2025-01-20,1099
4314,2025-03-23,1618
4314,2025-08-09,2854
4315,2024-06-21,2144
4315,2024-11-05,297
4315,2024-12-30,3219
4315,2025-06-26,2015
4316,2023-11-02,2261
4316,2023-12-20,736
4316,2024-02-24,3664
4316,2024-09-04,2778
4316,2024-09-21,1065
4316,2025-05-10,2149
4316,2025-06-28,2463
4317,2023-11-22,2659
4317,2024-03-06,1792
4317,2024-03-29,2948
4317,2024-08-23,2339
4317,2024-09-17,493
4317,2024-10-07,237
4317,2025-03-31,3659
4317,2025-06-19,2929
4317,2025-08-01,3925
4318,2024-09-07,1366
4318,2024-10-29,229
4319,2023-11-07,2448
4319,2024-05-20,3560
4319,2024-05-25,3663
4319,2025-04-10,716
4319,2025-04-19,442
4319,2025-08-18,2483
4320,2024-03-04,1531
4320,2024-06-02,1950
4320,2024-08-14,2166
4320,2024-11-14,239
4320,2025-02-18,2748
4320,2025-04-15,3754
4320,2025-07-01,3461
4321,2023-11-25,361
4321,2023-12-10,1614
4321,2024-05-08,505
4321,2024-08-18,1732
4321,2024-10-21,1884
4321,2024-10-23,3350
4321,2024-12-12,1019
4321,2025-03-09,1233
4321,2025-08-18,1295
4322,2023-11-21,2331
4322,2024-02-02,1414
4322,2024-05-05,865
4322,2024-12-16,1919
4322,2025-05-20,1469
4322,2025-06-04,1461
4322,2025-06-24,2025
4323,2023-09-03,1058
4323,2025-08-18,1526
4323,2025-08-21,2919
4324,2024-05-17,3543
4324,2025-01-28,1916
4324,2025-01-31,3697
4325,2025-04-05,832
4325,2025-04-09,2408
4326,2024-01-01,3683
4326,2024-03-03,2647
4326,2024-12-15,3055
4327,2024-01-28,1692
4327,2024-05-12,2450
4327,2024-12-11,3749
4327,2024-12-21,1375
4327,2025-05-19,3592
4328,2023-08-26,1136
4328,2023-12-27,1547
4328,2024-02-06,2397
4328,2024-02-28,721
4328,2025-06-04,214
4329,2023-10-29,1907
4329,2024-10-08,255
4330,2023-12-06,2977
4330,2024-02-29,1147
4330,2024-11-05,3902
4330,2025-05-13,1086
4330,2025-07-22,908
4331,2023-08-26,911
4331,2023-10-03,513
4331,2024-01-17,1753
4331,2024-01-30,3903
4331,2024-07-13,2010
4331,2024-10-07,3893
4331,2024-11-08,2472
4331,2025-01-10,582
4331,2025-01-15,937
4331,2025-02-04,3661
4332,2024-01-12,2112
4332,2024-01-17,2253
4332,2024-02-18,327
4332,2024-04-11,2943
4332,2024-09-27,1637
4332,2025-02-21,1862
4332,2025-06-29,993
4333,2024-06-06,506
4333,2024-09-04,2661
4333,2024-10-22,992
4334,2024-05-22,1271
4334,2024-10-18,1972
4335,2023-11-05,2960
4335,2024-02-15,2635
4335,2024-11-28,294
4336,2024-03-26,3860
4336,2024-04-28,999
4336,2024-11-29,2717
4336,2024-11-30,3757
4336,2025-04-12,3883
4336,2025-06-02,837
4336,2025-07-07,432
4337,2024-03-19,1908
4337,2025-07-19,386
4338,2023-09-11,2629
4338,2023-12-16,562
4338,2024-01-16,2661
4338,2024-04-25,3999
4338,2024-11-12,1615
4338,2025-03-03,1283
4338,2025-03-21,1918
4339,2023-10-11,944
4339,2024-08-09,2711
4339,2024-08-21,443
4339,2024-08-27,2297
4339,2024-11-27,1686
4339,2025-03-02,662
4339,2025-03-18,1569
4339,2025-07-02,2863
4339,2025-08-01,1661
4340,2023-10-09,339
4340,2024-11-13,1634
4340,2025-02-16,3463
4341,2024-11-15,2022
4342,2025-01-29,1314
4342,2025-08-01,2368
4343,2023-09-20,2378
4343,2023-10-26,2776
4343,2024-06-07,3096
4343,2024-07-01,1391
4343,2024-07-14,882
4343,2024-08-24,3018
4343,2025-03-11,556
4343,2025-03-29,2171
4344,2023-12-12,2356
4344,2024-04-11,279
4344,2024-05-27,3003
4345,2023-09-22,3632
4345,2024-07-08,416
4345,2024-07-11,1464
4345,2025-05-20,1194
4345,2025-06-01,3834
4345,2025-07-27,3602
4346,2023-10-01,1381
4346,2023-11-11,2712
4346,2024-04-14,1068
4346,2024-09-24,3893
4346,2024-11-07,3597
4346,2025-01-09,2937
4347,2024-05-19,393
4347,2024-08-28,2022
4347,2024-09-04,1195
4347,2024-10-10,1533
4347,2024-12-19,2430
4347,2024-12-30,3851
4347,2025-02-14,834
4347,2025-04-22,2480
4347,2025-05-16,326
4347,2025-07-26,515
4348,2025-03-09,2289
4348,2025-03-13,385
4348,2025-04-13,2860
4349,2024-06-21,3048
4349,2024-11-28,3818
4349,2024-12-26,1713
4350,2024-02-02,3927
4350,2024-02-28,855
4350,2024-06-10,1388
4350,2024-07-21,1179
4350,2024-08-08,3924
4350,2024-09-24,1674
4350,2024-10-03,2730
4350,2024-10-30,1311
4350,2025-08-12,1613
4350,2025-08-13,681
4351,2023-12-15,1102
4351,2024-02-03,3403
4351,2024-03-16,2600
4351,2024-05-19,263
4351,2024-08-27,1161
4351,2025-03-03,2517
4351,2025-03-21,1748
4352,2023-10-08,2658
4352,2024-01-08,3421
4352,2024-02-13,2583
4352,2024-02-14,1047
4352,2024-06-19,2683
4352,2025-05-16,815
4353,2023-10-19,2235
4353,2023-11-21,3190
4353,2024-04-25,2679
4353,2024-05-22,2822
4353,2024-07-24,889
4353,2024-09-27,1174
4353,2024-09-30,2903
4353,2024-11-20,3009
4353,2025-01-26,2081
4353,2025-02-09,1346
4354,2023-11-09,3198
4354,2024-09-20,760
4354,2024-09-25,892
4354,2024-10-31,2932
4354,2025-03-21,3367
4354,2025-05-18,1975
4354,2025-06-10,1751
4355,2023-12-20,2433
4355,2024-07-30,2344
4355,2024-09-04,1311
4355,2024-09-12,2633
4355,2024-10-12,417
4356,2023-09-05,2569
4356,2023-10-09,1033
4356,2023-10-31,311
4356,2024-02-02,2760
4356,2024-07-28,3624
4356,2024-09-09,3242
4356,2025-02-10,2180
4356,2025-02-12,2570
4356,2025-06-20,1682
4357,2023-09-13,1730
4357,2024-04-24,2635
4357,2024-07-03,1292
4357,2024-08-16,2965
4357,2024-09-05,3903
4357,2024-10-10,1304
4357,2025-04-17,653
4358,2024-01-17,3578
4358,2024-12-10,949
4358,2025-04-11,997
4358,2025-05-22,3504
4358,2025-06-13,1907
4359,2024-02-29,966
4359,2024-08-03,2027
4360,2024-07-29,3294
4360,2024-10-14,2364
4360,2024-12-25,2275
4360,2025-02-04,3351
4360,2025-05-31,3838
4361,2024-09-11,777
4362,2024-08-10,2750
4362,2024-09-01,2192
4362,2025-01-07,3329
4362,2025-01-28,2745
4362,2025-02-09,2407
4362,2025-08-21,1894
4363,2023-10-31,3771
4363,2023-12-04,3762
4363,2024-02-01,374
4363,2024-07-16,1512
4363,2024-07-20,3138
4363,2024-10-10,1204
4363,2024-10-11,680
4363,2025-02-13,1310
4363,2025-06-27,3714
4363,2025-08-03,1047
4364,2024-01-27,1659
4364,2024-06-03,2671
4364,2024-10-23,2124
4364,2024-12-11,781
4364,2025-07-02,949
4364,2025-08-18,1094
4365,2023-10-17,2714
4365,2024-04-03,3397
4365,2024-07-28,1599
4365,2024-10-09,3419
4365,2025-01-30,3382
4366,2023-09-01,2606
4366,2024-03-07,1911
4366,2024-08-15,2505
4366,2024-09-10,1668
4366,2024-12-26,2933
4366,2025-03-04,3942
4366,2025-05-11,2003
4366,2025-06-08,2733
4366,2025-07-16,2456
4367,2024-10-26,481
4367,2024-11-27,1978
4367,2025-01-15,2668
4367,2025-04-20,3789
4368,2023-10-25,2209
4368,2023-12-28,1863
4368,2024-07-22,2260
4368,2024-08-07,260
4368,2024-08-27,3479
4368,2024-10-07,470
4369,2024-09-26,2574
4369,2024-11-25,2745
4369,2024-12-08,1317
4369,2024-12-22,2795
4369,2025-01-15,1685
4369,2025-03-16,1556
4369,2025-04-06,1594
4369,2025-05-19,2244
4369,2025-08-01,392
4370,2023-10-24,2462
4370,2023-12-12,3748
4370,2025-07-05,2699
4370,2025-08-10,1828
4371,2023-12-27,606
4371,2024-05-31,1462
4371,2024-09-03,2098
4371,2025-03-27,3155
4371,2025-08-13,3411
4372,2023-12-11,2981
4372,2024-05-24,2506
4372,2024-06-23,2137
4372,2024-11-17,3501
4372,2025-03-30,2946
4372,2025-08-06,2317
4373,2024-12-21,551
4373,2025-06-23,1912
4374,2023-10-27,1597
4374,2024-01-07,1852
4374,2024-02-03,2916
4374,2024-03-06,926
4374,2024-04-26,1947
4374,2025-01-02,2904
4374,2025-05-12,2338
4375,2023-09-26,1466
4375,2024-05-10,3729
4375,2024-09-10,953
4375,2025-01-06,3594
4375,2025-03-09,1014
4375,2025-06-05,3640
4376,2025-02-11,440
4377,2024-01-03,2287
4377,2024-07-06,3052
4377,2024-10-06,2150
4377,2024-11-26,2261
4377,2024-12-20,3862
4377,2025-07-29,3381
4378,2024-01-25,1742
4378,2024-02-08,447
4378,2024-07-08,1315
4378,2024-12-20,3145
4378,2025-01-19,1591
4378,2025-08-19,2626
4379,2023-11-25,3586
4379,2024-01-11,701
4379,2024-03-17,3067
4379,2024-04-12,3618
4379,2024-06-01,1327
4379,2024-12-28,3793
4379,2025-03-23,2150
4379,2025-06-26,798
4379,2025-07-09,238
4380,2023-11-30,3055
4380,2024-02-13,3457
4380,2024-06-07,3171
4380,2024-11-11,3777
4380,2025-01-14,2249
4380,2025-01-20,2166
4380,2025-03-07,1187
4381,2024-02-02,3677
4381,2025-04-02,3228
4382,2023-10-26,2251
4382,2023-12-21,768
4382,2024-02-10,552
4382,2024-03-04,547
4382,2024-05-21,3805
4382,2024-06-30,2120
4382,2024-08-23,3582
4382,2024-09-05,3724
4382,2024-11-08,3606
4383,2024-10-18,3825
4383,2024-12-10,452
4383,2025-03-24,3745
4383,2025-04-12,3377
4384,2025-05-06,1194
4385,2023-09-30,1177
4385,2023-11-14,2643
4385,2024-02-10,562
4385,2024-06-04,411
4385,2024-10-02,368
4385,2025-03-28,432
4386,2023-11-15,2282
4386,2023-12-20,2387
4386,2024-01-18,2033
4386,2024-02-03,3210
4386,2024-02-25,3992
4386,2024-07-15,1700
4386,2024-07-18,1182
4386,2024-08-19,202
4386,2025-04-02,2655
4386,2025-08-03,1215
4387,2023-09-16,3325
4387,2023-11-09,1010
4387,2024-04-08,2112
4387,2024-04-19,1476
4387,2025-06-27,1475
4388,2023-08-31,2821
4388,2024-03-31,2582
4388,2024-08-11,1967
4388,2024-08-13,2130
4388,2024-09-03,3595
4388,2025-05-26,534
4389,2023-10-03,1850
4389,2024-01-27,2693
4389,2024-06-25,3244
4389,2025-03-02,408
4390,2024-01-09,1032
4391,2023-09-19,867
4391,2023-10-09,1310
4391,2024-03-18,3363
4391,2024-07-13,3169
4391,2024-08-17,723
4391,2024-11-17,491
4391,2025-01-15,2563
4391,2025-05-02,1101
4392,2023-10-16,3845
4392,2024-03-10,1798
4392,2024-06-12,2319
4392,2024-10-14,3368
4392,2024-12-24,3647
4393,2023-10-27,877
4393,2024-01-22,3355
4393,2024-02-06,2653
4393,2024-02-25,1475
4393,2024-04-19,542
4393,2024-08-12,257
4393,2024-10-19,578
4393,2025-03-03,1245
4394,2024-07-28,3905
4394,2024-10-02,1747
4394,2024-12-15,717
4394,2025-01-18,3039
4394,2025-02-04,3542
4394,2025-03-19,1358
4395,2024-03-05,607
4395,2024-04-05,3519
4395,2024-04-12,1254
4395,2024-08-10,3459
4395,2024-12-10,2684
4395,2025-01-24,3186
4395,2025-08-17,2405
4396,2023-10-12,3160
4396,2024-01-06,1200
4396,2024-03-09,717
4396,2024-04-11,1789
4396,2024-06-14,3095
4396,2024-07-05,1747
4396,2024-09-14,1017
4396,2025-02-04,2770
4396,2025-03-05,1784
4397,2023-09-30,3791
4397,2023-11-16,1406
4397,2023-12-12,3394
4397,2023-12-20,1293
4397,2024-09-10,2102
4397,2024-11-29,2464
4397,2025-01-22,3666
4398,2024-04-11,3506
4398,2024-06-20,2095
4398,2024-06-28,2828
4398,2025-02-24,1024
4398,2025-06-20,2462
4399,2023-11-09,3659
4399,2024-02-11,3285
4399,2024-03-13,3872
4399,2024-05-06,708
4399,2024-08-28,3231
4399,2024-09-19,1090
4399,2024-10-17,2805
4399,2025-02-25,1617
4399,2025-07-16,2181
4399,2025-07-20,1956
4400,2023-10-14,1458
4400,2023-10-30,3661
4400,2023-11-17,1362
4400,2024-01-19,1324
4400,2024-01-29,3011
4400,2024-01-30,3641
4400,2024-02-08,625
4400,2024-06-25,3308
4400,2024-07-23,1840
4401,2025-03-05,2126
4401,2025-05-22,2184
4402,2023-11-17,1023
4402,2024-02-25,1804
4402,2024-05-24,2576
4402,2024-10-15,3171
4402,2025-01-08,3351
4403,2025-05-29,1599
4404,2024-04-23,1179
4404,2024-12-25,2526
4404,2025-02-23,3405
4404,2025-03-21,1281
4404,2025-05-15,1669
4405,2023-12-06,3081
4405,2024-01-26,2933
4405,2024-02-22,682
4406,2023-08-26,2196
4406,2023-10-02,1273
4406,2024-02-28,3366
4406,2024-10-12,2428
4406,2025-04-17,400
4406,2025-06-13,1501
4406,2025-07-01,3345
4407,2023-08-27,1781
4407,2023-09-10,1888
4407,2023-12-20,2362
4407,2024-01-01,1070
4407,2024-02-01,3776
4407,2024-09-05,3208
4407,2024-12-24,1741
4407,2025-01-13,1867
4407,2025-05-21,2438
4407,2025-07-23,3876
4408,2024-04-12,3775
4408,2024-05-16,580
4408,2024-06-08,2360
4408,2025-07-17,1619
4408,2025-08-13,1045
4409,2023-12-17,730
4409,2024-04-12,543
4409,2025-02-19,3267
4410,2023-12-26,2788
4410,2024-07-02,1999
4410,2025-05-29,2086
4410,2025-06-30,2342
4411,2024-03-23,288
4411,2024-11-11,1725
4411,2025-08-05,1269
4412,2023-09-14,3003
4412,2023-10-17,566
4412,2023-12-15,213
4412,2024-08-23,798
4412,2025-03-20,2744
4413,2023-11-06,2646
4413,2024-02-08,1279
4413,2024-04-02,2278
4413,2024-10-03,2737
4413,2025-04-29,672
4413,2025-06-19,885
4413,2025-08-21,2493
4414,2024-04-02,2988
4414,2024-05-16,3075
4414,2024-08-13,2700
4414,2024-11-12,1861
4414,2025-03-17,3700
4414,2025-07-25,3374
4414,2025-07-25,1379
4415,2023-10-02,3422
4415,2023-12-02,469
4415,2024-11-11,1019
4415,2024-12-24,1919
4416,2023-08-27,3555
4416,2023-09-28,3098
4416,2024-05-09,1013
4416,2024-05-21,3387
4416,2024-08-05,239
4416,2024-08-07,2076
4416,2024-12-25,639
4417,2024-05-02,2693
4417,2024-09-26,1774
4418,2023-12-08,2045
4418,2023-12-21,2169
4418,2023-12-27,1630
4418,2024-02-21,3795
4418,2024-05-10,234
4418,2024-08-08,1240
4418,2025-02-06,3033
4418,2025-07-29,2736
4419,2024-02-10,3386
4419,2024-02-16,3827
4419,2025-03-10,1410
4419,2025-05-07,1131
4419,2025-07-10,3721
4419,2025-08-08,881
4420,2023-09-28,1963
4420,2023-11-14,2135
4420,2023-11-16,2381
4420,2024-03-04,1918
4420,2024-04-12,3094
4420,2024-12-04,3805
4420,2025-06-09,3176
4420,2025-07-20,605
4420,2025-08-18,1141
4421,2023-11-02,1540
4421,2024-02-07,1581
4421,2024-05-07,2116
4421,2024-06-26,3028
4421,2025-01-05,3251
4421,2025-02-23,1257
4421,2025-04-22,3315
4421,2025-07-25,674
4422,2023-10-02,2281
4422,2023-10-12,3789
4422,2023-12-06,1953
4422,2024-02-16,3291
4422,2024-02-28,3745
4422,2024-04-14,712
4422,2024-11-10,718
4422,2025-04-01,2196
4422,2025-04-23,1139
4422,2025-05-11,1199
4423,2025-06-06,1729
4423,2025-06-23,1352
4424,2023-10-05,320
4424,2024-06-24,2467
4424,2025-05-17,1131
4425,2023-10-14,3140
4425,2023-11-15,713
4425,2025-01-20,3781
4425,2025-06-29,3439
4425,2025-08-03,2279
4426,2024-04-02,3113
4426,2024-10-11,3246
4426,2025-03-29,3386
4426,2025-07-05,528
4427,2023-12-03,1271
4427,2024-04-17,902
4427,2024-12-26,2085
4427,2025-01-14,882
4427,2025-02-16,230
4428,2023-10-29,3588
4428,2023-12-09,3664
4428,2023-12-23,3775
4428,2024-01-29,271
4428,2024-08-10,3270
4428,2025-07-24,3751
4429,2023-08-29,3466
4429,2023-12-13,567
4429,2024-02-27,3902
4429,2024-05-06,1520
4429,2024-07-11,1263
4429,2024-12-08,2799
4429,2025-03-28,3747
4429,2025-04-24,2614
4429,2025-06-03,865
4430,2023-11-15,2833
4430,2024-07-22,2996
4430,2024-09-19,2080
4430,2024-10-10,1597
4430,2024-10-26,2062
4430,2025-01-08,1589
4430,2025-02-16,3892
4430,2025-05-20,1991
4430,2025-07-16,1585
4431,2023-09-17,1404
4431,2024-10-17,2485
4431,2024-11-19,991
4431,2024-11-28,509
4431,2025-06-13,3021
4431,2025-06-24,3461
4431,2025-07-18,3748
4431,2025-07-22,1928
4432,2023-10-04,435
4432,2023-11-15,3897
4432,2024-02-09,721
4432,2024-03-28,2264
4432,2024-11-06,2535
4432,2024-12-30,1113
4432,2025-07-03,3393
4432,2025-07-18,3006
4432,2025-07-24,3454
4433,2023-12-19,2638
4433,2024-04-18,2023
4433,2024-07-05,1056
4433,2025-02-17,2299
4434,2025-04-26,3342
4435,2023-11-29,3987
4435,2023-12-21,703
4435,2024-01-17,1570
4435,2024-03-12,551
4435,2025-01-23,2090
4435,2025-05-29,252
4435,2025-05-30,2854
4435,2025-07-23,703
4436,2024-02-23,3202
4436,2024-02-23,1893
4436,2024-11-13,2729
4437,2023-09-08,839
4437,2023-09-29,2243
4437,2024-03-04,2071
4437,2024-04-16,3378
4437,2024-12-28,2654
4437,2025-05-13,3073
4438,2024-03-19,2384
4438,2024-06-27,2147
4438,2024-10-23,2225
4438,2024-12-18,2501
4438,2025-08-07,1938
4439,2025-04-07,2878
4440,2023-09-13,3421
4440,2023-10-01,3132
4440,2023-12-28,1714
4440,2024-01-18,1477
4440,2024-02-01,1783
4440,2024-02-23,1152
4440,2024-05-13,1047
4440,2024-11-30,919
4440,2025-06-18,1042
4440,2025-07-12,320
4441,2024-01-21,1847
4441,2024-05-27,3236
4441,2024-08-23,923
4441,2025-04-18,2300
4442,2024-06-27,1719
4442,2024-09-30,1616
4442,2024-10-08,1388
4442,2025-03-24,3124
4442,2025-04-15,1565
4442,2025-05-16,3162
4443,2025-08-12,1383
4444,2023-11-23,3459
4444,2025-07-06,498
4444,2025-08-23,2829
4445,2025-08-24,853
4446,2025-08-12,1957
4447,2024-04-09,304
4447,2024-12-23,2338
4448,2023-12-05,1240
4448,2024-01-12,2693
4448,2024-04-04,1769
4448,2025-04-29,912
4448,2025-07-14,690
4449,2023-10-02,3456
4449,2023-10-03,1858
4449,2023-10-13,2795
4449,2023-12-13,1373
4449,2024-01-03,683
4449,2024-03-26,479
4449,2024-10-20,2064
4449,2024-12-01,1917
4449,2025-05-01,1973
4449,2025-07-14,1592
4450,2024-03-02,3028
4450,2024-03-25,602
4450,2024-04-05,3258
4450,2024-04-09,907
4450,2024-09-09,3826
4450,2024-11-21,1083
4450,2025-04-29,677
4451,2024-02-07,2797
4451,2024-03-15,3207
4451,2024-03-25,3409
4451,2024-06-03,1349
4451,2025-02-15,2740
4451,2025-04-12,3677
4452,2024-03-12,3247
4452,2024-05-25,780
4452,2024-07-16,3007
4452,2024-07-20,839
4452,2024-10-13,1734
4452,2025-07-09,1799
4453,2023-11-08,1404
4453,2024-03-09,1786
4453,2024-08-01,1542
4453,2024-11-07,856
4454,2023-09-09,320
4454,2023-09-25,2908
4454,2023-11-23,3616
4454,2023-12-03,3048
4454,2024-02-08,1984
4454,2024-04-03,3073
4454,2025-01-23,920
4454,2025-03-05,2614
4455,2023-09-01,2501
4455,2023-09-12,1789
4455,2024-09-25,2257
4456,2024-01-09,3689
4456,2024-06-05,1360
4456,2024-09-28,3565
4456,2024-10-27,3077
4456,2024-11-28,2448
4456,2025-04-04,1099
4456,2025-05-08,3651
4456,2025-05-18,2273
4457,2024-07-04,3707
4458,2023-09-02,1027
4458,2024-04-24,2947
4458,2024-06-03,2122
4458,2024-09-09,1554
4458,2025-03-16,602
4458,2025-04-13,226
4458,2025-07-19,560
4458,2025-08-16,3875
4458,2025-08-22,304
4459,2023-11-14,1496
4459,2023-12-10,472
4459,2024-05-28,3908
4459,2025-02-14,3042
4459,2025-06-17,1075
4459,2025-06-29,1901
4460,2023-11-25,1299
4460,2024-10-15,1521
4460,2025-04-24,1984
4461,2023-11-28,1813
4461,2024-01-11,1500
4462,2024-03-19,1807
4462,2025-07-08,1749
4463,2024-03-13,2296
4463,2024-06-27,2470
4463,2025-03-24,3265
4463,2025-06-25,3544
4463,2025-06-26,846
4464,2023-09-26,3020
4464,2024-05-18,1467
4464,2024-06-22,3929
4464,2024-07-24,1511
4464,2024-10-02,217
4465,2023-11-15,3916
4465,2023-12-06,987
4465,2024-08-04,486
4465,2024-09-19,2620
4465,2024-11-05,651
4465,2025-03-19,2859
4465,2025-08-14,1796
4466,2024-03-29,2641
4466,2024-06-03,1187
4466,2024-09-23,3356
4466,2024-12-20,821
4466,2025-03-25,311
4466,2025-07-07,2133
4467,2024-01-28,2248
4467,2024-05-01,984
4467,2024-07-06,3947
4467,2024-10-03,2014
4467,2024-11-15,3862
4467,2025-01-03,1344
4467,2025-05-07,3815
4467,2025-05-22,3366
4467,2025-07-14,1129
4467,2025-08-24,2752
4468,2025-04-16,3637
4468,2025-06-25,771
4468,2025-07-13,985
4468,2025-07-27,733
4469,2023-09-09,3686
4469,2024-05-11,3377
4469,2024-08-09,3284
4470,2023-11-17,3637
4470,2025-08-18,1206
4471,2023-12-16,2127
4471,2024-05-04,571
4471,2024-10-20,3147
4472,2024-11-28,591
4472,2025-02-28,229
4473,2023-10-03,2614
4473,2023-10-05,1546
4473,2024-03-23,2725
4473,2024-09-12,3301
4473,2024-12-30,2126
4473,2025-06-29,1669
4474,2023-09-15,3537
4474,2024-01-19,534
4474,2025-03-29,3981
4475,2023-08-29,1974
4475,2025-04-15,973
4475,2025-05-01,2193
4475,2025-05-20,3155
4475,2025-07-05,1261
4475,2025-07-17,2529
4475,2025-08-01,201
4475,2025-08-05,1334
4476,2023-10-17,3076
4476,2023-11-25,1580
4476,2023-11-29,3246
4476,2024-04-05,3586
4476,2024-10-27,2433
4476,2024-12-25,1715
4476,2025-03-17,2592
4476,2025-06-15,2991
4477,2023-09-18,3277
4477,2024-01-10,267
4477,2024-11-15,3122
4477,2025-03-22,2601
4477,2025-07-26,2452
4478,2023-09-24,3973
4478,2023-11-08,2638
4478,2024-05-18,211
4478,2024-05-29,1342
4478,2024-10-13,3737
4478,2024-11-02,1473
4479,2024-08-06,3860
4479,2024-08-26,2817
4479,2025-06-04,1048
4480,2023-09-26,3014
4480,2024-04-14,541
4480,2025-04-23,3671
4481,2024-03-28,2058
4481,2024-08-09,3995
4481,2024-08-11,536
4481,2024-11-02,3457
4481,2024-11-20,464
4481,2025-03-18,3890
4481,2025-05-22,449
4481,2025-07-06,2484
4482,2023-10-26,684
4482,2025-06-21,595
4483,2023-10-17,357
4483,2023-12-04,1746
4483,2024-02-21,3012
4483,2024-04-12,897
4483,2024-06-29,1296
4483,2024-10-25,2751
4483,2024-12-14,3737
4483,2025-03-04,488
4483,2025-03-05,3620
4483,2025-04-27,1391
4484,2023-09-11,2558
4484,2023-12-27,1719
4484,2024-08-11,2053
4484,2025-02-09,816
4484,2025-03-16,1772
4484,2025-03-20,1629
4484,2025-05-02,2969
4484,2025-08-05,3762
4484,2025-08-18,3581
4485,2023-09-23,2409
4485,2024-04-12,206
4485,2024-08-27,916
4485,2024-11-13,3530
4486,2023-09-28,432
4486,2023-12-03,3237
4486,2024-11-10,3106
4486,2025-05-10,809
4486,2025-05-24,1518
4486,2025-08-01,1667
4487,2023-10-02,3362
4487,2024-05-11,567
4487,2024-10-02,2410
4487,2024-11-13,3418
4487,2024-12-11,1196
4487,2025-02-08,3423
4487,2025-04-19,486
4487,2025-05-10,3659
4488,2023-09-01,2254
4488,2023-10-14,2179
4488,2023-12-22,3961
4488,2024-02-08,3166
4488,2024-05-08,2104
4488,2024-07-29,1830
4488,2024-09-22,3450
4488,2025-01-06,3197
4488,2025-01-21,2745
4488,2025-03-19,2681
4489,2023-10-31,1891
4489,2024-01-01,2868
4489,2024-08-10,1453
4489,2024-08-13,3149
4489,2025-01-24,3810
4490,2024-03-12,2600
4491,2023-11-03,1785
4491,2024-04-16,895
4491,2024-07-04,1236
4491,2024-12-02,3830
4491,2025-05-30,3799
4492,2023-12-11,3724
4492,2024-02-23,3703
4492,2024-10-09,1562
4492,2025-03-10,1519
4493,2023-08-26,2104
4493,2023-11-30,767
4493,2024-01-16,2990
4493,2024-03-03,2456
4493,2024-07-30,3671
4493,2024-08-26,491
4493,2024-12-07,726
4493,2024-12-23,921
4493,2025-05-21,971
4493,2025-05-30,711
4494,2023-08-28,218
4494,2023-10-08,2626
4494,2023-10-08,2977
4494,2023-12-27,2096
4494,2024-04-18,2026
4494,2024-07-27,3918
4494,2025-02-08,3257
4494,2025-04-04,1073
4494,2025-07-16,1941
4495,2025-01-02,3892
4496,2023-10-07,2064
4496,2025-05-12,2122
4496,2025-07-12,813
4496,2025-08-23,2155
4497,2023-09-03,3501
4497,2023-09-12,895
4497,2023-10-07,3919
4497,2024-01-30,3698
4497,2024-02-26,1654
4497,2024-04-15,646
4497,2024-06-29,2602
4498,2023-10-25,1447
4498,2024-01-22,1331
4498,2024-04-06,3057
4498,2024-08-16,3240
4498,2024-09-20,1071
4498,2025-01-19,890
4498,2025-04-04,1962
4499,2023-11-30,2837
4499,2024-02-22,3541
4499,2025-06-11,2020
4500,2025-03-18,3675
4501,2024-12-01,3866
4501,2025-04-08,3299
4502,2023-09-22,3000
4502,2023-12-14,2439
4502,2023-12-23,3659
4502,2024-09-05,3348
4502,2024-12-26,3013
4502,2025-08-22,2101
4503,2024-04-02,2065
4503,2024-12-06,451
4503,2025-04-17,2833
4503,2025-08-01,1263
4504,2024-01-06,1059
4504,2024-06-02,3330
4504,2024-06-25,1060
4504,2024-06-28,3781
4504,2024-10-27,1993
4504,2024-11-26,1414
4504,2025-02-28,2246
4504,2025-03-23,3194
4504,2025-04-10,2669
4504,2025-06-17,333
4505,2024-08-07,482
4505,2024-09-05,2503
4505,2024-11-27,3031
4506,2023-09-28,1242
4506,2023-10-19,2299
4506,2023-12-01,3739
4506,2023-12-11,1650
4506,2023-12-16,1421
4506,2024-01-24,3220
4506,2024-02-06,3678
4506,2024-07-23,2111
4506,2025-06-11,3979
4506,2025-07-20,772
4507,2024-04-17,1353
4507,2024-08-30,838
4507,2025-01-01,3448
4507,2025-01-31,1029
4507,2025-04-17,1636
4508,2024-02-28,1785
4508,2025-01-22,1666
4508,2025-02-19,658
4508,2025-05-04,1275
4509,2023-11-16,2867
4509,2024-07-09,2597
4509,2024-09-10,1598
4509,2025-03-10,2899
4509,2025-05-23,3064
4510,2023-11-09,3547
4510,2025-03-04,1744
4510,2025-07-04,371
4511,2024-11-13,824
4511,2025-03-23,3057
4511,2025-04-22,2784
4511,2025-05-12,858
4512,2023-10-07,3637
4512,2024-04-08,2036
4512,2024-09-01,1715
4512,2024-09-04,254
4512,2024-10-06,3522
4512,2025-03-12,2951
4512,2025-07-22,2450
4513,2023-09-25,381
4513,2023-10-05,1495
4513,2024-04-05,2134
4513,2024-07-08,2172
4513,2024-09-30,1190
4513,2024-10-07,3263
4513,2024-10-10,381
4513,2025-02-11,2172
4513,2025-06-10,318
4513,2025-08-06,3327
4514,2023-11-27,3463
4514,2023-12-21,2740
4514,2024-01-10,1534
4514,2024-10-22,486
4514,2025-04-16,3356
4515,2024-10-12,417
4515,2025-07-28,1608
4516,2025-08-22,2804
4517,2023-10-20,2450
4517,2023-12-25,3628
4517,2024-01-29,2811
4517,2024-02-02,796
4517,2024-04-01,2794
4517,2024-04-15,1299
4517,2024-09-26,2151
4517,2025-03-16,2252
4517,2025-07-18,3422
4517,2025-08-15,1310
4518,2023-10-01,1324
4518,2023-10-30,1834
4518,2024-01-14,2311
4518,2024-01-20,1499
4518,2024-05-21,1519
4518,2024-10-19,2752
4518,2025-01-17,557
4518,2025-06-27,989
4519,2023-09-18,1651
4519,2024-01-05,3990
4519,2024-04-10,1883
4519,2024-07-25,733
4519,2024-08-03,2757
4519,2024-10-09,2692
4519,2025-05-31,954
4519,2025-07-15,346
4520,2024-07-04,3877
4520,2025-05-28,3917
4520,2025-07-10,985
4521,2023-09-24,2998
4521,2023-12-01,1945
4521,2024-09-07,3817
4521,2025-02-08,873
4521,2025-04-09,1363
4522,2024-01-06,643
4522,2024-01-31,3172
4522,2024-02-02,789
4522,2024-04-09,1654
4523,2023-12-09,1552
4523,2024-07-06,3167
4523,2025-05-01,349
4523,2025-06-21,1671
4524,2023-09-06,3929
4524,2023-10-21,995
4524,2024-05-01,519
4524,2024-07-28,1195
4524,2024-10-30,1382
4524,2024-12-18,589
4524,2025-05-29,1466
4524,2025-06-03,3348
4524,2025-07-14,305
4525,2024-12-03,1150
4525,2024-12-09,3593
4526,2023-09-12,1410
4526,2024-06-20,1311
4527,2023-12-01,2565
4527,2025-04-04,3951
4528,2024-01-13,724
4528,2024-04-07,3951
4528,2024-08-21,1590
4528,2024-10-08,2597
4528,2025-02-06,2907
4528,2025-07-22,1158
4529,2023-10-19,534
4529,2023-11-30,3933
4529,2023-12-12,1225
4529,2024-02-29,2651
4529,2024-06-18,3519
4529,2024-08-27,3733
4529,2025-02-20,3992
4529,2025-04-17,3615
4530,2024-02-27,3343
4530,2024-03-25,802
4530,2024-05-17,1202
4530,2024-09-24,482
4530,2025-03-09,1070
4531,2023-09-04,1737
4531,2025-06-15,3805
4532,2023-10-04,1224
4532,2024-11-19,2910
4533,2023-10-13,496
4533,2024-01-29,543
4533,2024-05-03,3450
4533,2024-12-02,3876
4533,2025-01-15,1700
4533,2025-05-16,2905
4533,2025-07-10,3393
4534,2024-01-03,1295
4534,2024-02-09,2186
4534,2024-04-13,3331
4534,2024-06-21,3851
4534,2024-07-05,1552
4534,2024-08-19,956
4534,2024-08-27,2392
4534,2025-01-06,344
4534,2025-03-16,1117
4535,2023-11-19,2951
4535,2024-07-11,473
4535,2024-08-12,2610
4535,2024-11-04,2032
4535,2025-01-01,2161
4535,2025-01-02,2237
4535,2025-08-01,2014
4536,2024-03-21,3042
4536,2024-04-10,3086
4536,2024-05-24,3845
4536,2024-06-13,2841
4536,2024-10-24,3000
4536,2024-12-27,2258
4536,2025-03-12,1417
4537,2025-05-28,999
4538,2024-11-26,1262
4538,2025-03-27,3301
4538,2025-06-04,1192
4539,2023-10-15,3252
4539,2024-07-04,2588
4539,2024-08-19,1605
4539,2025-01-12,513
4539,2025-04-02,3014
4540,2024-09-15,687
4540,2025-01-14,988
4541,2024-01-13,3859
4541,2024-03-06,1711
4541,2024-03-29,3408
4541,2024-07-12,3155
4541,2024-07-15,2858
4541,2024-10-30,3852
4541,2024-12-25,880
4541,2025-02-11,209
4541,2025-03-29,3864
4541,2025-04-09,1732
4542,2025-01-12,2162
4543,2024-01-21,2905
4543,2024-01-31,2920
4543,2024-03-15,3158
4543,2024-05-27,2772
4543,2025-06-24,1694
4543,2025-08-23,3485
4544,2023-10-02,2629
4544,2024-07-22,2830
4544,2024-09-21,391
4544,2024-11-29,3535
4544,2024-12-04,3430
4544,2025-02-15,3965
4545,2023-11-10,1062
4545,2024-11-04,2390
4545,2025-08-13,968
4546,2024-10-30,789
4546,2024-12-07,3228
4546,2025-03-02,2627
4547,2024-03-31,3474
4547,2024-12-02,2938
4547,2025-02-23,2871
4548,2023-12-02,1658
4548,2025-03-24,1699
4548,2025-05-22,2288
4549,2023-12-24,1129
4549,2024-01-31,462
4549,2024-02-05,350
4549,2025-08-13,3245
4549,2025-08-18,3956
4550,2024-06-12,3015
4550,2025-01-28,1336
4551,2023-10-11,692
4551,2023-10-30,1216
4551,2023-12-17,2605
4551,2024-02-09,2482
4551,2024-03-27,2993
4551,2024-10-29,2433
4551,2024-12-09,2315
4551,2025-01-24,395
4551,2025-02-15,398
4551,2025-08-22,2109
4552,2023-11-04,3710
4552,2024-01-17,691
4552,2024-03-02,1369
4552,2024-05-05,2417
4552,2024-09-03,1093
4552,2025-07-04,2773
4553,2023-08-31,2407
4553,2023-12-24,2182
4553,2024-03-27,235
4553,2024-05-17,683
4553,2024-06-20,3043
4553,2024-10-31,2043
4553,2025-01-23,3863
4553,2025-06-16,2948
4553,2025-07-27,3669
4554,2024-02-18,1540
4554,2024-10-04,1654
4555,2023-10-18,3411
4555,2023-11-30,3322
4555,2023-12-16,664
4555,2024-01-21,3922
4555,2024-04-01,3458
4555,2024-04-06,2139
4555,2024-06-02,2588
4555,2024-12-18,2198
4555,2025-01-11,1931
4555,2025-01-16,3785
4556,2023-09-10,936
4557,2023-11-15,1552
4557,2024-01-15,3364
4557,2024-02-11,2969
4557,2024-03-28,2465
4557,2024-08-28,2765
4557,2024-11-13,946
4557,2025-03-15,2041
4557,2025-03-23,3203
4557,2025-06-27,3904
4558,2023-09-22,1302
4558,2024-07-26,3322
4559,2024-04-22,384
4559,2024-06-10,1762
4559,2024-06-21,3961
4559,2025-04-14,2333
4559,2025-06-20,564
4559,2025-08-23,3538
4560,2024-02-04,1068
4560,2024-11-22,1249
4560,2024-12-11,1312
4560,2025-03-16,706
4561,2024-04-14,1379
4561,2024-08-16,1603
4561,2024-08-27,2582
4561,2024-09-25,2682
4561,2024-10-23,2869
4561,2025-05-12,3416
4562,2023-08-30,2736
4562,2024-04-07,495
4562,2024-11-06,3335
4562,2024-12-08,376
4563,2023-12-15,1166
4563,2024-03-06,1410
4563,2024-08-06,2039
4563,2024-12-22,3048
4563,2025-01-28,1481
4563,2025-05-23,1676
4564,2024-07-28,3865
4564,2025-02-24,2827
4565,2024-09-02,1325
4566,2023-09-17,2940
4566,2025-02-01,1288
4566,2025-06-13,1812
4567,2024-03-28,1761
4567,2024-05-18,1634
4567,2024-06-24,2019
4567,2024-09-30,1675
4567,2025-02-08,1487
4567,2025-03-22,1837
4567,2025-04-29,1983
4568,2023-09-26,2991
4568,2023-10-05,1536
4568,2025-05-27,469
4569,2024-01-04,381
4569,2024-02-24,2631
4569,2024-03-04,2629
4569,2024-10-11,655
4569,2025-02-23,1726
4569,2025-05-20,263
4569,2025-07-01,727
4569,2025-07-22,1146
4570,2024-04-06,2510
4570,2024-05-09,3906
4571,2023-09-24,3968
4571,2023-11-17,3892
4571,2023-12-18,2789
4571,2024-03-06,2983
4571,2024-04-11,1565
4571,2024-04-15,386
4571,2025-01-24,3430
4571,2025-04-11,656
4571,2025-05-14,378
4571,2025-06-06,3831
4572,2023-12-12,1492
4572,2024-01-07,2231
4573,2024-05-18,1783
4573,2024-07-24,2694
4573,2024-08-11,3273
4573,2024-11-07,2463
4573,2025-02-19,2000
4573,2025-03-10,2839
4573,2025-04-02,1914
4573,2025-05-04,1927
4574,2023-11-04,650
4574,2023-12-06,850
4574,2024-01-11,2390
4574,2024-03-09,2068
4574,2024-05-03,1982
4574,2024-10-25,1473
4574,2025-03-23,277
4574,2025-03-29,3194
4574,2025-04-09,2366
4575,2024-08-27,337
4575,2024-08-31,2527
4575,2024-12-03,3537
4575,2025-06-21,3420
4576,2023-10-07,3929
4576,2024-01-13,2610
4576,2024-06-23,2363
4576,2024-09-17,1783
4576,2024-10-11,1545
4576,2025-05-04,3155
4576,2025-05-12,453
4576,2025-06-26,3439
4576,2025-07-27,2328
4577,2023-09-04,957
4577,2023-11-14,3992
4577,2023-12-06,1108
4577,2024-03-13,3919
4577,2025-04-16,845
4578,2024-03-30,2641
4578,2024-04-09,2878
4578,2024-08-12,2269
4578,2024-08-24,1047
4578,2024-10-05,1469
4578,2025-01-03,3043
4578,2025-06-10,3725
4579,2024-12-12,1508
4579,2025-01-11,1110
4579,2025-04-05,1916
4579,2025-06-17,210
4580,2024-01-01,3007
4580,2024-10-09,395
4580,2025-01-23,1943
4580,2025-07-26,2229
4580,2025-08-03,3079
4581,2023-12-08,955
4581,2024-01-19,2107
4581,2024-05-12,867
4581,2024-08-09,557
4581,2025-07-01,3769
4581,2025-08-01,975
4582,2023-10-02,2009
4582,2024-05-07,3204
4582,2024-06-24,2912
4582,2024-09-30,2979
4583,2023-09-16,1026
4583,2023-09-24,2715
4583,2023-09-24,1040
4583,2023-10-09,473
4583,2023-11-04,2667
4583,2024-01-23,3834
4583,2024-01-25,1489
4584,2023-11-13,273
4584,2024-01-21,1608
4584,2024-12-15,764
4584,2025-01-02,3238
4585,2024-01-15,2644
4585,2024-12-19,2196
4585,2024-12-26,504
4586,2025-05-26,1301
4587,2024-06-26,2936
4588,2023-11-02,567
4588,2025-01-18,3966
4588,2025-06-29,3421
4589,2023-09-21,601
4589,2023-11-30,2614
4589,2023-12-11,958
4589,2024-05-05,352
4589,2024-05-18,2281
4589,2024-07-28,1354
4589,2024-09-05,3933
4589,2024-09-27,663
4589,2025-02-26,1939
4589,2025-07-14,3043
4590,2025-08-05,862
4591,2023-09-28,1234
4591,2024-04-11,3514
4591,2024-08-04,3870
4591,2025-07-28,3649
4591,2025-07-31,1588
4592,2023-08-28,1528
4592,2023-08-29,3618
4592,2023-12-05,1785
4592,2024-04-11,2797
4592,2024-05-21,2170
4592,2024-11-21,1508
4592,2025-04-17,2961
4592,2025-06-07,1639
4592,2025-06-28,2276
4593,2025-07-12,719
4593,2025-08-19,2949
4594,2023-08-26,2568
4594,2023-10-11,1739
4594,2023-10-22,3885
4594,2024-01-22,1192
4594,2024-02-10,1625
4594,2024-07-25,1984
4594,2024-09-30,1491
4594,2024-12-04,777
4594,2025-03-19,1073
4594,2025-04-21,3768
4595,2024-02-27,2950
4596,2024-03-17,3133
4596,2024-04-12,670
4596,2024-11-29,798
4596,2025-01-25,1194
4596,2025-04-21,1728
4597,2024-12-13,2608
4598,2023-10-26,3304
4598,2023-12-01,2693
4598,2023-12-04,413
4598,2024-01-10,492
4598,2024-02-08,2932
4598,2024-05-02,2335
4598,2024-07-20,357
4598,2024-07-21,924
4598,2025-04-20,1812
4599,2023-08-27,2431
4599,2024-07-11,2600
4599,2024-10-01,2434
4599,2024-11-21,2628
4599,2025-07-29,3144
4600,2023-09-06,1569
4600,2023-11-16,232
4600,2024-08-15,399
4601,2023-09-02,2963
4601,2023-12-14,3845
4601,2024-04-05,3300
4601,2024-07-10,1890
4601,2024-11-13,3335
4601,2024-12-31,972
4601,2024-12-31,1316
4601,2025-02-15,3508
4601,2025-07-15,2000
4602,2023-11-30,832
4602,2024-07-13,2395
4602,2024-12-30,2361
4602,2024-12-31,1887
4602,2025-01-01,3922
4602,2025-01-19,904
4602,2025-04-25,354
4602,2025-06-22,996
4602,2025-08-02,1809
4603,2023-12-01,2354
4603,2024-03-10,1022
4604,2023-11-30,2555
4604,2024-03-14,1031
4604,2024-03-17,799
4604,2024-07-11,3328
4604,2024-07-21,1026
4604,2024-12-15,2787
4604,2024-12-26,488
4604,2025-01-31,3130
4604,2025-02-19,230
4604,2025-03-08,1924
4605,2024-04-15,2123
4605,2024-07-02,1095
4605,2024-08-20,3118
4605,2024-09-11,1814
4605,2025-04-26,2439
4605,2025-05-24,2835
4605,2025-07-26,2154
4605,2025-07-30,933
4605,2025-08-08,1413
4606,2023-08-30,2777
4606,2023-09-20,2561
4606,2023-09-22,616
4606,2023-11-07,3747
4606,2023-12-14,2209
4606,2024-01-17,3556
4606,2024-01-18,986
4606,2024-02-07,1865
4606,2024-02-18,856
4606,2024-10-17,869
4607,2023-09-24,1217
4607,2023-11-28,3406
4607,2024-04-23,449
4607,2024-10-24,3990
4608,2023-09-08,3420
4608,2024-12-04,1949
4608,2025-03-30,551
4608,2025-07-19,2523
4608,2025-07-28,2203
4608,2025-08-24,864
4609,2024-08-07,1603
4610,2024-01-06,1420
4610,2024-12-14,2887
4610,2025-01-25,3440
4610,2025-01-26,566
4610,2025-02-07,1496
4611,2023-11-19,1944
4611,2025-02-10,864
4611,2025-04-25,1807
4612,2024-03-06,464
4612,2024-11-02,1419
4612,2024-12-13,2642
4612,2025-03-25,432
4612,2025-04-13,1638
4612,2025-05-06,906
4612,2025-05-27,959
4613,2023-09-18,757
4613,2024-01-13,607
4613,2024-05-23,826
4613,2024-08-06,2891
4613,2024-10-24,812
4613,2024-10-24,1010
4613,2025-01-22,1610
4613,2025-02-14,3629
4613,2025-06-11,680
4613,2025-08-09,222
4614,2023-11-14,1050
4614,2024-02-24,3214
4614,2024-05-17,535
4614,2024-06-13,3526
4614,2024-10-19,1164
4614,2024-12-07,581
4614,2024-12-15,3364
4614,2025-02-10,3064
4614,2025-02-12,236
4614,2025-05-15,1172
4615,2023-09-30,1298
4615,2024-02-17,2774
4615,2024-02-19,537
4615,2024-06-21,3401
4615,2024-06-27,1386
4615,2024-06-30,1476
4615,2024-08-27,3544
4615,2024-12-04,324
4615,2025-05-15,2790
4616,2023-10-13,1166
4616,2023-11-05,953
4616,2024-05-05,279
4616,2024-07-07,890
4616,2024-09-16,1521
4616,2024-11-08,3877
4616,2024-11-26,2459
4616,2024-12-26,3365
4616,2025-01-31,2282
4616,2025-05-18,2031
4617,2024-01-16,1803
4618,2023-09-17,3997
4618,2023-09-27,3785
4618,2023-09-29,2861
4618,2024-05-09,2172
4618,2025-02-07,319
4618,2025-03-01,3522
4618,2025-03-20,3638
4618,2025-05-17,2928
4618,2025-05-17,2875
4619,2023-10-13,1824
4619,2023-10-23,1209
4619,2023-12-23,3067
4619,2024-04-01,2517
4619,2024-09-20,2756
4619,2025-03-02,2307
4619,2025-03-19,1788
4619,2025-04-05,625
4619,2025-06-05,3677
4619,2025-06-26,3799
4620,2023-10-04,1555
4620,2024-06-03,2285
4620,2024-07-08,2244
4620,2024-12-23,2985
4620,2025-03-29,3483
4620,2025-08-16,3845
4621,2023-08-29,2631
4621,2023-12-27,3740
4621,2024-01-31,1939
4621,2024-02-07,481
4621,2024-07-31,3877
4621,2024-09-08,411
4621,2024-09-28,3462
4621,2024-12-06,3331
4621,2024-12-16,3709
4621,2025-03-10,212
4622,2023-08-27,1172
4622,2023-11-11,3851
4622,2023-11-24,994
4622,2024-02-16,684
4622,2024-06-17,3224
4622,2025-05-03,3710
4622,2025-06-09,2690
4622,2025-06-17,1983
4623,2024-06-22,353
4623,2024-10-29,3070
4623,2025-01-18,2394
4623,2025-06-26,2526
4623,2025-08-23,1930
4624,2024-02-07,3314
4624,2024-06-25,1781
4624,2024-07-08,3744
4624,2024-09-30,2078
4624,2024-12-20,3169
4624,2025-02-16,1818
4624,2025-02-21,1338
4624,2025-05-27,2305
4624,2025-06-12,3778
4625,2023-10-31,1776
4625,2023-12-15,1330
4625,2024-03-30,3031
4625,2024-10-06,1177
4625,2024-12-04,852
4625,2025-03-30,1611
4625,2025-04-01,658
4625,2025-05-26,3262
4626,2024-01-30,1682
4626,2024-04-18,2713
4626,2024-05-11,2223
4626,2024-07-16,2832
4626,2025-05-17,3836
4626,2025-08-06,534
4627,2023-12-16,2273
4627,2024-02-12,3973
4627,2024-11-14,614
4628,2023-10-06,493
4628,2024-03-01,2108
4628,2024-05-15,1344
4628,2024-05-30,1144
4628,2024-11-04,259
4628,2024-12-21,2033
4628,2025-07-20,3109
4629,2023-10-05,3175
4629,2023-11-08,905
4629,2024-01-22,3615
4629,2025-01-15,561
4629,2025-05-08,3031
4629,2025-05-29,1646
4630,2024-06-25,211
4630,2024-12-22,666
4631,2023-10-01,2175
4631,2023-12-21,1328
4631,2024-01-12,2254
4631,2024-04-27,2379
4631,2024-05-11,3203
4631,2024-07-03,1601
4631,2024-09-20,3147
4631,2025-05-29,2552
4632,2023-09-21,2378
4632,2023-11-07,859
4632,2024-01-30,341
4632,2024-02-23,1918
4632,2024-08-03,2549
4633,2023-11-14,1592
4633,2023-11-18,248
4633,2024-06-28,1867
4633,2024-12-12,755
4633,2025-06-28,2138
4633,2025-08-18,1953
4634,2024-05-14,1179
4634,2024-05-15,1047
4634,2024-06-28,3965
4634,2025-02-20,3840
4635,2023-10-27,3224
4635,2024-03-11,767
4635,2024-05-05,432
4635,2025-03-24,517
4635,2025-04-01,1223
4635,2025-04-19,457
4635,2025-07-08,3983
4635,2025-07-11,2056
4635,2025-07-16,2119
4636,2023-09-19,3294
4636,2023-10-23,2273
4636,2024-02-23,1773
4636,2024-11-21,2072
4637,2023-08-29,3654
4637,2023-09-23,1989
4637,2024-03-14,489
4637,2025-04-28,1788
4637,2025-07-20,1582
4637,2025-07-21,2913
4638,2023-09-20,1701
4638,2023-09-30,3213
4638,2023-12-13,3687
4638,2023-12-27,812
4638,2024-03-13,3618
4638,2024-10-03,2797
4638,2025-01-18,222
4638,2025-02-21,3905
4638,2025-03-17,2060
4639,2023-11-24,837
4639,2023-12-25,2665
4639,2024-01-01,3808
4639,2025-05-23,2163
4640,2024-05-26,3105
4640,2025-05-12,2173
4640,2025-06-30,2276
4641,2023-09-01,3681
4641,2024-08-06,501
4641,2025-05-18,2400
4641,2025-05-21,3448
4642,2025-01-08,682
4643,2023-12-28,2699
4643,2024-01-28,3595
4643,2024-08-22,2853
4643,2024-12-04,972
4643,2025-04-24,3635
4644,2023-11-13,1150
4644,2024-01-23,2978
4644,2024-03-16,707
4644,2024-10-22,2470
4644,2025-04-12,2582
4644,2025-04-16,225
4645,2023-08-30,1840
4645,2024-02-03,1346
4645,2024-09-25,942
4645,2024-10-19,436
4646,2024-11-16,2621
4647,2023-12-22,3920
4647,2024-02-05,1608
4647,2024-04-23,3906
4647,2024-08-28,1822
4647,2024-09-26,2514
4647,2024-12-13,2318
4647,2025-02-03,3817
4647,2025-07-25,945
4648,2023-09-09,2402
4648,2024-03-26,2226
4648,2024-04-19,3021
4648,2024-06-08,3288
4648,2024-07-11,319
4648,2024-07-19,994
4648,2024-12-19,2301
4648,2025-02-02,2937
4648,2025-07-09,320
4649,2023-11-12,2405
4649,2024-06-03,1634
4650,2023-11-01,1037
4650,2024-01-03,1665
4650,2024-03-15,2255
4650,2024-11-25,2356
4651,2023-11-18,884
4651,2023-12-26,1502
4651,2024-04-22,2268
4651,2024-05-04,3454
4651,2024-09-13,207
4651,2024-12-23,2612
4651,2025-01-23,3845
4651,2025-02-15,1919
4651,2025-04-01,3264
4652,2024-03-18,1719
4652,2024-08-28,449
4652,2024-11-03,1612
4652,2024-12-17,2237
4653,2023-09-11,2161
4653,2023-09-14,3507
4653,2023-12-22,2463
4653,2024-04-11,2028
4653,2024-08-16,2000
4653,2024-11-17,1247
4653,2025-05-29,1976
4653,2025-07-23,3981
4653,2025-07-30,3804
4654,2023-12-05,1958
4654,2024-02-18,3672
4654,2024-05-19,3170
4654,2024-06-13,3208
4654,2024-06-20,3742
4654,2025-04-09,879
4654,2025-06-19,2947
4654,2025-07-22,688
4655,2023-10-15,1651
4655,2024-11-19,2722
4655,2025-04-08,2259
4655,2025-06-17,1689
4655,2025-07-30,3456
4655,2025-08-22,571
4656,2024-01-18,3062
4656,2024-10-06,1802
4656,2025-02-13,3382
4656,2025-08-05,611
4657,2023-11-25,1131
4657,2024-11-21,2373
4657,2025-08-14,3477
4658,2024-01-20,239
4658,2024-03-30,2795
4658,2024-06-01,1204
4658,2024-09-07,1908
4658,2024-10-21,613
4658,2025-01-08,3746
4658,2025-01-21,1634
4658,2025-03-12,2201
4658,2025-04-25,3317
4658,2025-06-05,1546
4659,2023-11-12,1601
4659,2024-01-19,2981
4659,2024-04-13,2779
4659,2024-06-23,1507
4659,2024-07-26,3962
4659,2025-03-15,3458
4659,2025-04-01,817
4659,2025-05-29,3973
4659,2025-07-16,1091
4660,2024-03-06,2514
4660,2024-05-16,722
4660,2024-12-05,3709
4660,2025-01-12,251
4660,2025-03-21,259
4661,2023-09-04,806
4661,2023-09-14,3032
4661,2023-11-02,1728
4661,2024-03-25,1948
4661,2024-06-03,2011
4661,2024-09-07,3621
4661,2025-03-26,2371
4661,2025-07-30,222
4662,2023-10-23,2705
4662,2024-05-28,599
4662,2024-06-30,584
4662,2024-09-26,1584
4662,2025-01-31,265
4662,2025-02-26,2779
4662,2025-06-03,2812
4663,2023-10-26,579
4663,2023-11-30,363
4663,2023-12-04,3528
4663,2024-04-15,3544
4663,2024-04-24,1975
4663,2024-05-13,3514
4663,2024-08-05,289
4663,2024-10-25,2742
4663,2024-11-15,2674
4663,2025-01-19,1333
4664,2024-03-02,498
4664,2024-03-25,3107
4664,2024-12-14,2685
4664,2025-04-08,700
4665,2023-10-25,851
4665,2024-03-07,2099
4665,2024-03-22,2795
4665,2024-03-23,3417
4665,2024-03-31,220
4665,2024-04-24,2526
4665,2024-12-25,664
4665,2025-01-27,3676
4665,2025-08-03,3427
4666,2023-09-28,294
4666,2024-06-27,2689
4666,2024-07-06,2667
4666,2024-12-22,657
4666,2025-07-18,588
4667,2023-12-18,3088
4667,2024-12-30,2887
4667,2025-04-10,1325
4667,2025-05-20,620
4667,2025-08-15,1028
4668,2023-11-10,3505
4668,2024-07-17,3309
4668,2024-10-12,1031
4668,2024-12-03,847
4668,2025-01-12,1845
4668,2025-06-16,2085
4669,2023-10-21,486
4669,2024-06-03,549
4669,2024-07-25,2114
4669,2024-09-28,1985
4669,2025-02-10,206
4669,2025-04-25,732
4670,2024-05-24,2472
4670,2024-10-10,1224
4670,2025-06-15,3485
4671,2024-06-26,1280
4671,2025-06-06,1684
4671,2025-08-22,2496
4672,2023-11-19,265
4672,2024-02-08,296
4672,2024-02-09,3514
4672,2024-06-03,884
4672,2024-06-14,2670
4672,2024-07-19,3700
4672,2024-08-04,1658
4672,2024-10-21,1572
4672,2025-04-26,1609
4672,2025-08-20,3342
4673,2024-05-16,911
4673,2024-09-05,2682
4673,2024-10-17,800
4673,2025-03-08,2507
4673,2025-07-03,1427
4674,2023-10-13,2374
4674,2024-05-01,2005
4674,2024-12-05,3149
4674,2025-04-01,2093
4674,2025-05-01,1468
4674,2025-05-08,3558
4674,2025-06-25,2571
4674,2025-07-16,3361
4674,2025-08-19,2582
4675,2023-09-06,2557
4675,2024-08-20,1095
4675,2025-05-29,2575
4676,2023-11-13,3575
4676,2024-02-18,988
4676,2025-05-23,3657
4677,2023-12-02,3764
4677,2024-03-21,1535
4677,2024-05-24,480
4677,2024-06-09,1262
4677,2024-07-18,319
4677,2024-09-04,785
4677,2025-03-06,3127
4677,2025-05-10,235
4678,2024-03-04,3102
4678,2024-03-12,1473
4678,2024-04-10,984
4678,2024-08-19,902
4678,2024-12-27,3259
4678,2025-03-31,2546
4678,2025-04-28,3976
4678,2025-07-13,1117
4679,2024-08-21,3060
4679,2024-09-19,478
4679,2024-10-09,1395
4680,2023-10-28,699
4680,2024-02-16,3945
4680,2024-12-04,3738
4681,2024-01-05,3343
4681,2025-05-06,1662
4682,2024-01-01,2480
4682,2024-06-12,2682
4682,2024-10-05,3805
4682,2025-06-04,1548
4683,2023-10-15,3294
4683,2024-01-25,3976
4683,2024-02-29,2759
4683,2024-04-09,1443
4683,2024-10-05,2535
4683,2024-12-03,509
4683,2025-08-10,3289
4684,2023-10-16,2055
4684,2024-03-31,2665
4684,2024-11-12,604
4684,2025-01-18,1168
4685,2023-09-26,1842
4685,2023-10-14,488
4685,2023-10-21,3079
4685,2024-07-09,2260
4685,2025-03-05,2021
4685,2025-04-01,3526
4686,2023-10-05,1347
4686,2023-12-18,404
4686,2024-08-15,3493
4686,2025-02-22,1772
4686,2025-06-16,1677
4686,2025-06-17,1940
4686,2025-08-08,983
4687,2023-10-24,553
4687,2024-01-02,3649
4687,2024-03-17,1792
4687,2024-05-04,2058
4687,2024-12-30,1062
4687,2025-08-15,2287
4688,2023-09-27,2033
4688,2023-10-07,628
4688,2024-04-03,2996
4688,2024-06-16,1579
4688,2024-08-06,2921
4688,2024-09-03,1647
4688,2024-11-24,3399
4688,2025-01-07,2157
4689,2023-09-06,3802
4689,2024-09-13,361
4689,2024-10-22,2182
4690,2023-12-25,864
4690,2024-06-21,273
4691,2024-04-01,3189
4691,2024-09-20,2437
4691,2024-12-24,2528
4691,2024-12-24,3865
4691,2025-04-02,2207
4691,2025-04-28,2092
4692,2023-12-12,701
4692,2025-01-30,1543
4693,2023-09-19,2696
4694,2023-12-09,1548
4694,2024-12-05,1273
4694,2025-06-25,3180
4694,2025-07-21,426
4695,2023-12-15,3024
4695,2024-04-16,2332
4695,2024-12-28,3170
4695,2025-01-08,1459
4696,2024-06-17,1430
4696,2024-07-24,445
4696,2024-10-06,447
4696,2025-07-19,1463
4697,2024-03-27,1701
4697,2024-07-24,2666
4697,2024-08-24,1579
4697,2024-10-09,716
4697,2025-01-28,2242
4697,2025-02-26,1711
4697,2025-07-16,2816
4698,2024-02-11,2863
4698,2024-09-10,630
4699,2024-02-11,2826
4699,2024-05-25,383
4699,2024-06-05,978
4699,2025-03-22,739
4699,2025-03-29,2577
4700,2024-10-20,1525
4701,2024-01-07,3433
4701,2024-04-22,2242
4701,2024-11-07,2342
4701,2025-02-22,3976
4701,2025-04-05,275
4702,2024-10-08,3861
4702,2025-01-13,271
4702,2025-04-10,2637
4703,2023-09-29,1502
4703,2024-01-13,1733
4703,2024-08-18,2348
4703,2024-09-12,2369
4703,2025-07-13,1279
4704,2024-07-16,696
4704,2025-02-14,2849
4704,2025-07-18,1946
4704,2025-08-14,1783
4705,2023-11-07,2607
4705,2023-11-11,792
4705,2024-03-12,1660
4705,2024-10-10,3510
4705,2025-02-16,212
4705,2025-03-17,1887
4705,2025-05-10,887
4706,2024-11-02,2230
4706,2025-07-17,3091
4706,2025-08-10,587
4707,2024-01-25,2662
4707,2024-04-25,2146
4707,2024-10-13,2354
4707,2024-10-23,3598
4707,2025-06-21,200
4707,2025-08-09,236
4708,2023-12-08,1702
4708,2024-11-17,1731
4708,2024-12-31,2703
4708,2025-07-10,3621
4709,2025-02-26,2085
4709,2025-07-19,2576
4710,2024-04-17,1758
4710,2024-08-29,3847
4710,2024-09-09,3682
4710,2025-02-10,1515
4710,2025-03-21,2645
4710,2025-04-16,2312
4710,2025-04-29,1451
4710,2025-05-28,2509
4710,2025-05-30,3035
4710,2025-08-11,1558
4711,2024-08-23,1251
4711,2024-09-22,212
4711,2025-03-03,1404
4711,2025-04-30,1977
4711,2025-06-27,1220
4711,2025-07-23,3619
4712,2023-09-17,3198
4712,2024-05-21,2990
4712,2024-11-23,630
4712,2024-12-06,2155
4712,2025-03-22,2443
4713,2023-09-06,3331
4713,2024-12-28,654
4714,2023-09-05,3200
4714,2023-10-11,258
4714,2023-11-16,1743
4714,2023-12-30,2530
4714,2024-03-31,545
4714,2024-05-08,1531
4714,2025-01-10,2877
4714,2025-04-10,1413
4714,2025-06-08,3048
4715,2024-01-06,548
4715,2024-01-24,258
4715,2024-06-06,2406
4715,2024-11-04,2320
4715,2025-02-24,3201
4715,2025-03-14,3708
4715,2025-04-06,2766
4715,2025-07-03,2023
4715,2025-08-05,2677
4716,2024-10-13,1105
4716,2025-08-16,1119
4717,2024-03-18,2703
4717,2024-05-09,2243
4717,2024-07-06,2491
4717,2024-12-06,3726
4717,2025-03-22,1993
4717,2025-06-16,3593
4718,2023-10-15,2178
4718,2024-04-01,1563
4719,2024-08-29,376
4719,2024-10-26,3935
4719,2024-11-14,435
4719,2025-01-05,2996
4719,2025-03-31,3445
4719,2025-07-30,3635
4720,2024-02-03,473
4720,2024-04-22,3799
4720,2024-05-03,857
4720,2024-09-05,1874
4720,2024-09-07,2191
4720,2024-10-04,547
4720,2024-10-10,2950
4720,2025-01-14,2204
4720,2025-03-01,3815
4721,2023-11-08,2694
4721,2024-02-04,1123
4721,2024-02-13,1884
4721,2024-04-01,2564
4721,2024-08-23,3902
4721,2025-05-27,3805
4721,2025-06-30,2463
4721,2025-07-22,1051
4721,2025-07-23,2306
4722,2023-10-01,3004
4722,2023-11-23,3345
4722,2024-01-23,2672
4722,2024-03-29,3651
4722,2024-09-07,2796
4722,2025-04-02,1283
4722,2025-08-10,3247
4723,2023-12-08,2002
4723,2024-07-23,2771
4723,2024-12-07,1193
4724,2023-09-21,2622
4724,2023-10-26,1010
4724,2023-11-30,865
4724,2024-12-06,726
4724,2025-01-02,2318
4725,2024-05-20,2901
4725,2024-08-31,3531
4726,2024-01-15,357
4726,2024-11-13,1501
4726,2024-12-04,600
4726,2025-06-16,2345
4727,2023-09-10,775
4727,2023-12-26,566
4727,2024-02-02,1566
4727,2024-05-29,3121
4727,2024-08-04,1008
4727,2024-11-16,1883
4728,2023-10-01,537
4728,2023-12-27,2703
4728,2024-01-20,1872
4728,2024-01-31,3014
4728,2024-04-21,2348
4728,2024-05-09,1082
4728,2024-10-08,3095
4728,2025-01-06,3277
4728,2025-01-08,1854
4728,2025-06-28,3474
4729,2024-02-15,1227
4729,2024-08-01,1431
4730,2023-09-08,3920
4730,2024-06-08,2260
4730,2024-07-10,1765
4730,2024-07-22,691
4730,2024-08-16,2697
4730,2024-09-22,3327
4730,2024-10-17,1729
4730,2024-12-15,2369
4730,2024-12-30,2857
4730,2025-01-07,2356
4731,2023-09-10,1093
4731,2023-09-22,2715
4731,2024-01-04,3580
4731,2024-05-25,2515
4731,2024-09-06,2083
4731,2024-10-10,2787
4731,2024-11-22,2823
4731,2025-05-07,3789
4731,2025-05-15,2400
4732,2023-08-27,1031
4732,2024-08-01,1105
4732,2024-09-13,927
4732,2025-06-05,1031
4733,2023-09-02,1378
4733,2023-12-21,3439
4733,2023-12-26,1169
4733,2024-07-19,336
4733,2024-08-02,375
4733,2024-08-23,3946
4733,2024-09-30,2661
4733,2025-02-23,1514
4733,2025-04-07,648
4733,2025-08-11,1679
4734,2023-11-06,2824
4734,2024-05-12,499
4734,2024-06-04,844
4734,2024-07-16,2164
4734,2025-04-03,227
4734,2025-04-29,3415
4734,2025-07-14,281
4734,2025-08-14,591
4735,2023-10-01,1448
4735,2024-02-29,1617
4735,2024-11-17,1325
4735,2025-04-10,1785
4735,2025-06-23,1393
4735,2025-07-26,3339
4736,2023-09-28,3972
4736,2023-12-27,1301
4736,2024-06-24,3650
4736,2024-10-14,1924
4736,2024-10-18,3384
4736,2025-02-07,643
4736,2025-08-05,2440
4737,2023-10-10,963
4737,2024-01-07,2734
4737,2024-07-19,3394
4737,2024-07-31,3190
4737,2024-10-21,718
4737,2024-12-18,3541
4737,2025-02-16,1367
4738,2024-02-15,2577
4738,2024-08-18,330
4738,2024-10-18,2356
4738,2025-02-18,376
4738,2025-03-28,1211
4738,2025-05-14,348
4738,2025-05-21,2730
4738,2025-06-18,1030
4739,2023-10-14,2324
4739,2024-02-03,1119
4739,2024-07-05,559
4739,2024-09-13,3755
4739,2024-12-04,213
4739,2025-07-09,2089
4740,2023-11-04,1404
4740,2023-12-24,3978
4740,2024-02-28,782
4740,2025-06-26,1789
4741,2023-10-13,242
4741,2023-11-27,3623
4741,2023-12-25,2761
4741,2024-02-21,2575
4741,2024-03-01,2870
4741,2024-05-01,2823
4741,2024-07-30,3374
4741,2025-01-01,249
4741,2025-01-23,1974
4741,2025-02-23,1606
4742,2023-09-24,1741
4742,2023-10-25,1134
4742,2023-12-03,885
4742,2024-04-16,2049
4742,2024-10-25,455
4742,2024-12-25,1688
4742,2025-01-01,483
4743,2024-01-31,2697
4744,2024-03-08,3701
4744,2024-09-22,3693
4744,2024-09-25,2097
4744,2025-04-01,1064
4745,2023-09-11,1742
4745,2024-01-06,2824
4745,2024-01-30,3546
4745,2025-01-02,3563
4745,2025-02-27,352
4745,2025-03-08,2571
4745,2025-04-05,2945
4745,2025-07-27,614
4746,2023-10-30,1496
4746,2025-04-29,1895
4747,2024-02-01,1027
4747,2024-02-26,1945
4747,2024-07-10,3034
4747,2024-09-03,2882
4747,2024-09-12,805
4747,2025-01-17,1297
4747,2025-07-23,3186
4747,2025-08-06,2018
4748,2023-09-06,3962
4748,2023-09-18,2308
4748,2024-07-09,2738
4748,2024-12-03,3734
4748,2025-05-12,1905
4748,2025-08-02,612
4749,2023-08-31,1166
4749,2024-02-29,2164
4749,2024-07-25,3330
4750,2024-09-12,984
4750,2025-01-17,2715
4750,2025-03-24,1590
4750,2025-06-01,1200
4750,2025-07-19,2706
4750,2025-08-23,2665
4751,2023-11-20,900
4751,2024-10-15,3008
4751,2024-10-19,2317
4751,2024-12-26,3700
4752,2023-10-04,729
4752,2024-04-18,3311
4752,2024-05-03,2071
4752,2024-12-22,3770
4752,2025-02-08,1290
4752,2025-04-07,3249
4752,2025-04-24,3314
4752,2025-05-08,1111
4752,2025-06-26,1650
4753,2023-12-02,3859
4753,2024-01-18,770
4753,2024-02-29,3021
4753,2024-10-10,236
4753,2024-11-13,426
4753,2024-12-21,385
4753,2025-02-21,3188
4753,2025-03-20,3274
4754,2023-09-21,2535
4754,2024-01-17,1285
4754,2025-03-31,3917
4754,2025-06-22,3232
4755,2024-02-23,1643
4755,2024-04-06,2879
4755,2024-08-10,881
4755,2025-01-05,1801
4755,2025-01-13,3826
4755,2025-04-29,2790
4756,2024-01-08,1160
4756,2024-04-19,1131
4756,2024-05-15,3927
4756,2024-10-03,967
4756,2025-04-23,3758
4756,2025-04-23,2112
4756,2025-07-17,2041
4757,2023-12-19,3331
4757,2025-03-27,2888
4758,2023-09-24,3733
4758,2023-10-01,2756
4758,2024-04-15,3351
4758,2024-09-26,2087
4758,2024-09-27,1266
4758,2024-11-23,3538
4759,2024-01-11,711
4759,2024-01-31,917
4759,2024-02-21,1173
4759,2024-04-24,605
4759,2024-07-01,2287
4759,2024-08-12,3566
4759,2024-12-14,3819
4759,2025-01-01,2396
4759,2025-03-27,3807
4760,2023-10-24,208
4760,2023-11-28,3296
4760,2024-03-07,2656
4760,2024-07-15,3536
4760,2024-11-29,1934
4760,2025-01-03,3908
4761,2023-09-12,342
4761,2024-06-29,1876
4761,2024-08-03,1855
4761,2024-08-31,310
4761,2024-09-11,2008
4761,2024-12-30,1335
4761,2025-01-24,1523
4761,2025-02-15,749
4761,2025-03-10,2319
4762,2024-05-23,3574
4762,2024-08-13,2333
4762,2024-10-31,3898
4762,2025-02-21,1054
4763,2023-11-09,367
4763,2024-03-12,733
4763,2024-05-03,3599
4763,2025-06-18,242
4763,2025-08-20,2471
4764,2024-12-11,2199
4765,2024-04-07,2161
4765,2024-10-07,2376
4765,2024-12-26,676
4765,2025-02-10,1842
4765,2025-02-25,826
4765,2025-03-22,2802
4765,2025-03-28,3134
4766,2024-03-12,2819
4766,2024-03-28,3414
4766,2024-06-07,404
4766,2024-08-05,2514
4767,2024-01-09,3936
4767,2024-03-25,277
4767,2024-06-30,492
4767,2025-01-20,1408
4767,2025-01-28,1718
4767,2025-04-01,557
4767,2025-07-05,3505
4768,2023-11-19,3535
4768,2024-04-14,1103
4768,2024-04-27,2146
4768,2024-06-17,797
4768,2024-08-21,2417
4768,2025-03-21,3039
4769,2023-12-23,221
4769,2024-03-12,2261
4769,2024-04-15,3323
4769,2024-09-07,3948
4769,2024-11-07,1530
4769,2025-04-16,3119
4770,2024-02-17,2635
4770,2024-03-14,3486
4770,2024-05-10,3003
4770,2024-05-16,1426
4770,2024-06-03,496
4770,2025-02-08,471
4770,2025-07-20,1844
4771,2024-02-21,2391
4771,2024-05-16,335
4771,2025-01-30,3684
4772,2023-10-06,911
4772,2024-02-18,2010
4772,2024-03-29,372
4772,2024-04-14,2539
4772,2024-04-20,1861
4772,2025-04-08,1641
4773,2023-12-07,1395
4773,2024-05-01,3462
4773,2024-07-03,719
4773,2024-12-19,2640
4773,2025-01-11,3018
4773,2025-05-09,2025
4773,2025-07-17,3793
4773,2025-08-21,2442
4774,2023-11-05,1364
4774,2024-04-03,3777
4774,2024-06-02,816
4774,2024-12-07,1846
4774,2025-03-11,317
4774,2025-03-22,2829
4775,2023-12-07,534
4775,2024-07-05,621
4775,2024-11-02,3295
4775,2025-02-06,259
4775,2025-03-12,2240
4776,2024-10-13,2535
4776,2025-01-22,3126
4776,2025-01-27,1620
4777,2023-10-19,544
4777,2024-12-23,1578
4777,2025-08-11,1886
4778,2023-09-18,3538
4778,2023-09-21,270
4778,2023-09-26,405
4778,2024-04-21,1040
4778,2024-07-04,215
4778,2024-07-05,3470
4778,2024-07-11,1874
4778,2025-06-08,3068
4779,2024-07-19,2097
4779,2024-08-06,1255
4779,2024-08-12,3418
4779,2024-10-13,3376
4779,2024-11-23,3434
4779,2025-01-31,3176
4780,2023-10-17,1576
4780,2023-11-01,2663
4780,2023-11-12,216
4780,2024-03-11,2475
4780,2024-07-03,2249
4780,2024-08-10,2318
4780,2024-11-23,3736
4780,2025-04-19,989
4780,2025-08-14,747
4781,2024-01-20,714
4781,2024-09-16,1533
4781,2025-02-28,2624
4781,2025-04-17,3801
4781,2025-05-17,1412
4781,2025-07-01,2069
4781,2025-08-17,1191
4781,2025-08-23,1365
4782,2024-10-02,1337
4782,2024-11-25,3561
4782,2025-01-07,1532
4783,2023-09-17,1823
4783,2024-02-04,3525
4783,2024-02-13,1097
4783,2024-07-27,3590
4783,2024-07-30,1151
4783,2025-04-14,273
4784,2024-05-26,1412
4785,2024-03-09,2026
4785,2025-08-04,2187
4786,2023-12-26,3027
4786,2024-06-30,316
4786,2025-02-27,2049
4786,2025-03-07,2216
4787,2024-02-06,1530
4787,2024-04-23,3877
4787,2024-05-06,1099
4787,2024-07-19,648
4787,2024-08-16,1964
4787,2024-09-04,3864
4788,2023-10-04,2115
4788,2023-10-08,2728
4788,2023-11-27,1353
4788,2024-04-25,756
4788,2024-05-16,2089
4788,2024-06-28,3414
4788,2024-08-27,1955
4788,2024-10-27,2077
4788,2024-12-03,1084
4788,2025-05-03,1427
4789,2023-12-05,2307
4789,2024-01-23,3280
4789,2024-10-05,3032
4789,2025-02-25,3692
4789,2025-06-01,1683
4790,2023-09-17,1214
4790,2023-12-12,1576
4790,2024-02-01,876
4790,2024-05-03,2782
4790,2024-09-28,2692
4790,2024-11-12,1152
4790,2024-11-30,1577
4790,2024-12-16,2961
4790,2025-03-29,1977
4791,2023-08-27,548
4791,2023-12-03,1086
4791,2023-12-28,3480
4791,2024-02-01,2686
4791,2024-07-18,1350
4791,2024-08-06,1066
4791,2024-10-07,676
4791,2024-11-12,1612
4791,2025-03-10,3225
4791,2025-04-26,1179
4792,2023-11-26,2274
4792,2023-12-31,1079
4792,2024-01-13,1358
4792,2024-01-14,2082
4792,2024-11-20,2026
4792,2025-01-09,466
4792,2025-01-10,3575
4792,2025-04-05,1615
4792,2025-04-17,1282
4792,2025-06-24,1630
4793,2023-08-31,1103
4793,2023-11-05,2065
4793,2023-11-28,2802
4793,2024-01-15,1891
4793,2024-02-02,3995
4793,2024-03-27,836
4793,2024-07-15,3419
4793,2025-02-08,2714
4793,2025-03-02,974
4793,2025-03-11,3888
4794,2024-10-31,3091
4794,2024-12-14,1374
4794,2025-07-26,1918
4794,2025-08-16,2023
4795,2024-04-26,3497
4795,2024-06-11,3470
4795,2024-10-10,2641
4795,2025-01-17,3792
4795,2025-03-22,1410
4796,2023-12-25,2290
4796,2024-03-26,2104
4796,2024-04-22,2869
4796,2024-05-26,3637
4796,2025-05-08,395
4796,2025-07-05,2082
4796,2025-07-23,3303
4797,2023-10-17,1129
4797,2023-12-31,2985
4797,2024-01-15,1502
4797,2024-05-03,3321
4797,2024-07-23,3586
4797,2024-10-30,2066
4797,2025-01-16,3061
4797,2025-02-08,3142
4797,2025-03-18,3013
4798,2024-07-26,2389
4798,2024-10-30,239
4799,2023-11-23,1125
4799,2023-12-16,2185
4799,2024-01-01,1683
4799,2024-01-10,1229
4799,2024-01-20,3146
4799,2024-01-31,480
4799,2024-07-27,3208
4799,2024-09-04,3612
4800,2023-10-16,2626
4800,2023-12-06,1148
4800,2023-12-29,3435
4800,2024-04-29,426
4800,2024-08-30,895
4801,2023-10-03,311
4801,2023-10-07,1041
4801,2023-12-03,1564
4801,2024-03-19,2449
4801,2024-03-27,3240
4801,2024-11-16,788
4801,2024-11-24,2148
4801,2025-01-06,3549
4801,2025-07-20,3011
4801,2025-08-24,3726
4802,2024-01-15,720
4802,2024-07-15,2667
4802,2024-07-18,1201
4802,2024-09-19,1156
4802,2024-10-25,2242
4802,2024-11-01,3199
4802,2024-11-03,1027
4802,2025-04-12,1745
4803,2023-10-10,2660
4803,2025-02-13,3727
4804,2023-10-12,1794
4804,2023-10-23,3156
4804,2023-12-08,1332
4804,2024-05-05,2622
4804,2024-05-09,848
4804,2024-06-25,3804
4804,2024-09-14,1044
4804,2025-01-11,1902
4804,2025-08-04,3736
4805,2024-09-19,1311
4805,2025-02-12,2018
4806,2023-10-07,1735
4806,2023-11-19,2592
4806,2023-12-23,717
4806,2025-03-15,1538
4806,2025-05-31,3649
4807,2023-09-18,259
4807,2024-08-03,3999
4807,2024-09-06,3681
4807,2024-10-27,445
4807,2024-12-21,1498
4807,2025-05-14,927
4808,2023-10-28,1366
4808,2023-11-03,2756
4808,2023-11-13,525
4808,2024-07-22,3168
4808,2024-07-22,2045
4808,2024-10-28,3746
4808,2025-02-26,3923
4809,2023-11-27,314
4809,2023-12-21,3384
4809,2024-03-14,1095
4809,2024-04-02,2142
4809,2024-06-09,685
4809,2024-07-30,3344
4809,2024-10-07,1032
4809,2025-03-12,2682
4809,2025-07-09,3589
4810,2025-05-03,3745
4810,2025-07-28,2358
4811,2023-09-12,3456
4811,2023-12-10,1980
4811,2024-06-11,3472
4811,2024-06-30,316
4811,2024-09-05,1282
4811,2025-02-18,1082
4811,2025-02-22,1906
4812,2023-09-21,2609
4812,2024-01-11,234
4812,2024-01-18,1623
4812,2024-03-02,621
4812,2024-08-11,510
4812,2025-03-19,1815
4813,2024-08-29,1088
4813,2024-12-31,2240
4814,2023-11-30,1836
4814,2024-06-22,2757
4814,2024-07-06,1218
4814,2024-09-28,3026
4814,2024-12-08,531
4814,2025-04-14,2558
4815,2023-09-20,2931
4815,2023-12-17,827
4815,2024-10-31,2280
4815,2024-11-14,3904
4815,2025-02-05,1899
4816,2024-07-04,2120
4816,2025-03-08,773
4816,2025-03-16,1181
4817,2023-08-31,1657
4817,2023-10-21,2616
4817,2023-12-21,2927
4817,2024-07-23,552
4817,2024-08-28,3011
4817,2025-04-26,464
4818,2023-12-12,2171
4818,2023-12-20,749
4818,2024-04-11,2055
4818,2024-04-21,632
4818,2024-05-07,2870
4818,2024-05-15,2647
4818,2025-02-19,3619
4818,2025-04-01,1125
4819,2024-03-15,2746
4819,2024-03-22,3412
4819,2024-09-16,2155
4819,2025-02-27,2968
4819,2025-06-02,1725
4819,2025-07-09,1734
4820,2023-09-05,1455
4820,2024-01-20,736
4820,2024-06-02,1041
4820,2024-07-15,2866
4820,2024-10-29,2420
4820,2024-11-14,1752
4820,2025-03-01,2054
4820,2025-03-05,445
4820,2025-08-25,1965
4821,2024-08-30,585
4821,2024-11-22,1246
4821,2024-12-03,2339
4821,2024-12-23,1576
4821,2025-03-23,2853
4821,2025-06-02,3872
4822,2024-04-16,301
4822,2024-11-24,1275
4822,2025-02-10,3958
4822,2025-04-14,2841
4823,2023-12-08,598
4823,2024-01-03,2805
4823,2024-02-03,2638
4823,2024-02-04,2197
4823,2024-03-16,2665
4823,2024-04-09,2853
4823,2024-08-07,1892
4823,2024-08-17,3292
4823,2024-12-19,1567
4823,2025-06-20,1156
4824,2024-01-27,400
4825,2023-10-28,2076
4825,2024-04-03,2782
4825,2024-05-20,1622
4825,2024-07-10,976
4825,2024-09-05,453
4825,2024-09-19,1189
4825,2025-05-07,1861
4825,2025-06-24,2277
4825,2025-08-21,728
4826,2024-08-22,1542
4827,2023-12-14,1263
4827,2024-10-22,2700
4827,2025-07-29,2179
4828,2024-02-24,3380
4828,2024-06-09,738
4828,2024-09-05,2045
4828,2024-12-05,1890
4828,2025-03-01,1221
4829,2023-09-28,762
4829,2023-11-29,1098
4829,2024-01-22,2358
4829,2024-03-10,759
4829,2025-04-17,309
4829,2025-07-08,1935
4830,2024-03-14,2195
4830,2024-03-19,2503
4830,2024-04-29,3311
4830,2024-11-19,3810
4831,2023-11-28,1327
4831,2025-07-29,2101
4832,2023-10-09,2469
4832,2023-11-24,532
4832,2024-03-06,1634
4832,2024-03-21,449
4832,2024-04-19,981
4832,2024-07-19,1296
4832,2025-04-12,659
4832,2025-06-23,1130
4833,2023-10-19,2703
4833,2024-02-28,2759
4833,2024-05-22,2896
4833,2024-08-27,3165
4833,2024-11-03,2982
4833,2024-12-18,2371
4833,2025-02-28,2235
4833,2025-07-02,3787
4834,2024-06-14,1611
4834,2024-10-29,224
4834,2025-02-23,1702
4835,2023-10-21,311
4835,2024-02-18,2576
4835,2025-05-03,2522
4836,2023-11-27,2732
4836,2024-01-15,2573
4836,2024-04-06,1007
4836,2024-04-22,2994
4836,2024-05-19,283
4836,2024-05-29,480
4836,2024-08-06,324
4836,2025-01-13,368
4836,2025-04-20,1081
4836,2025-08-15,3603
4837,2023-10-01,236
4837,2023-12-01,861
4837,2023-12-16,1250
4837,2024-01-10,2349
4837,2024-07-08,1111
4837,2024-07-20,2474
4837,2024-11-13,3064
4837,2025-01-21,2283
4837,2025-03-08,2279
4837,2025-06-19,1184
4838,2023-09-13,3293
4838,2024-01-03,887
4838,2024-04-14,1157
4838,2024-09-25,1837
4839,2024-01-15,1692
4839,2024-04-13,901
4839,2024-09-06,2786
4839,2024-12-18,3782
4839,2025-01-14,474
4839,2025-03-24,2145
4839,2025-05-29,1748
4839,2025-06-20,2340
4840,2023-11-28,2635
4840,2024-04-21,1020
4840,2024-11-16,2862
4840,2025-03-10,1830
4840,2025-05-08,2282
4841,2023-11-02,3332
4841,2024-02-10,2930
4841,2024-11-08,809
4841,2025-06-16,3379
4842,2023-08-26,2983
4842,2023-09-29,3102
4842,2023-10-30,3755
4842,2024-03-30,241
4842,2024-04-01,3780
4842,2024-08-27,3430
4842,2025-02-10,2725
4842,2025-04-30,2604
4842,2025-06-19,1946
4843,2024-01-03,2011
4843,2024-01-08,3461
4843,2024-11-23,2891
4843,2025-01-28,643
4843,2025-02-07,2976
4843,2025-04-07,3959
4844,2023-12-05,1924
4845,2023-10-20,1871
4845,2024-02-21,3219
4845,2024-03-15,3688
4846,2023-09-01,2001
4846,2024-01-29,2359
4846,2025-02-27,3527
4846,2025-05-20,250
4846,2025-05-29,3042
4846,2025-06-27,3376
4847,2023-10-29,3837
4847,2023-12-11,3543
4847,2023-12-22,2579
4847,2024-05-07,606
4847,2025-04-09,2669
4848,2024-12-13,3518
4849,2023-10-24,1743
4849,2023-11-07,211
4849,2024-03-08,2200
4849,2024-06-15,1992
4849,2024-07-03,1980
4849,2024-11-17,3177
4850,2024-01-07,1934
4850,2024-04-26,2887
4850,2024-08-12,2845
4850,2025-02-10,1980
4850,2025-03-07,2541
4850,2025-04-10,1204
4851,2023-09-22,3516
4851,2023-12-20,2120
4851,2024-01-08,229
4851,2024-03-10,2608
4851,2024-05-08,3657
4851,2024-09-24,1824
4851,2024-10-19,850
4851,2024-11-22,1040
4851,2024-11-24,2971
4852,2023-08-27,2865
4852,2023-10-12,2870
4852,2023-12-03,3569
4852,2023-12-23,2914
4852,2024-08-14,328
4852,2025-05-16,3657
4853,2024-05-25,337
4853,2025-06-14,1696
4854,2024-01-06,3198
4854,2024-07-21,2670
4854,2024-11-24,216
4854,2025-01-23,1727
4854,2025-05-15,2524
4855,2024-08-10,3592
4855,2024-08-27,461
4855,2024-11-03,2783
4855,2024-11-08,2863
4855,2025-02-09,1333
4855,2025-06-29,567
4856,2024-05-23,3287
4856,2024-08-08,2148
4856,2024-09-23,3945
4857,2023-09-12,1081
4857,2024-01-29,498
4857,2024-04-03,2878
4857,2024-04-29,1587
4857,2024-06-29,2043
4857,2024-08-31,2124
4857,2024-10-02,3538
4857,2024-10-15,3988
4857,2024-11-30,513
4857,2025-06-11,3735
4858,2024-10-12,655
4858,2025-06-15,248
4858,2025-06-25,2263
4859,2024-09-20,3372
4859,2024-10-11,3285
4859,2024-10-21,1471
4859,2024-10-31,3609
4859,2024-12-02,1900
4859,2025-01-20,988
4860,2024-06-21,3797
4861,2023-08-26,3947
4861,2024-09-02,3974
4861,2024-12-21,200
4861,2025-03-06,3371
4861,2025-05-28,2651
4861,2025-06-08,2391
4862,2023-11-25,3240
4862,2023-12-21,536
4862,2024-04-13,3100
4862,2024-11-22,2435
4862,2024-12-20,1725
4862,2025-01-23,590
4862,2025-05-05,949
4862,2025-06-18,1717
4862,2025-07-13,576
4863,2024-03-19,320
4864,2024-08-13,2463
4864,2024-10-15,3024
4865,2023-09-02,2185
4865,2024-12-29,631
4865,2025-03-06,3594
4865,2025-04-12,1416
4865,2025-06-18,2548
4866,2024-01-22,2845
4866,2024-12-08,3414
4867,2024-10-15,1298
4867,2025-01-09,635
4867,2025-02-12,2648
4867,2025-07-09,1486
4867,2025-07-14,3993
4868,2025-05-17,621
4868,2025-06-09,1424
4868,2025-06-13,1457
4869,2024-05-03,1017
4869,2024-06-16,3596
4869,2024-08-22,2183
4869,2024-10-22,3903
4869,2024-11-14,343
4869,2024-12-22,1149
4869,2025-03-27,3035
4869,2025-03-30,3251
4869,2025-07-14,1780
4870,2023-08-30,3322
4870,2024-04-12,873
4870,2024-05-18,1097
4870,2024-07-06,426
4870,2024-11-13,3197
4870,2025-01-27,2074
4871,2023-10-06,2860
4871,2024-03-08,2777
4871,2024-04-15,914
4871,2024-05-01,3353
4871,2024-05-03,1893
4871,2024-08-02,534
4871,2024-10-10,870
4871,2025-05-21,1784
4872,2023-09-02,3115
4872,2024-01-25,331
4872,2024-03-05,955
4872,2024-05-22,3430
4872,2024-06-18,2432
4872,2024-12-10,1967
4872,2024-12-31,2267
4872,2025-08-13,2159
4873,2023-09-27,2416
4873,2023-09-29,3632
4873,2023-10-29,3171
4873,2023-11-12,2102
4873,2024-05-10,3017
4873,2024-12-01,3320
4873,2024-12-07,982
4873,2025-04-21,287
4874,2024-01-28,1470
4874,2024-10-06,1979
4874,2025-04-02,2740
4874,2025-04-10,2516
4874,2025-04-19,2295
4874,2025-08-13,2989
4875,2024-01-12,1479
4875,2024-04-01,3746
4875,2024-05-15,3198
4875,2024-09-24,982
4875,2024-12-30,736
4875,2025-07-06,1965
4876,2023-08-26,836
4876,2023-11-12,797
4876,2025-06-12,1620
4876,2025-08-02,302
4876,2025-08-17,474
4877,2023-11-09,2353
4877,2024-03-31,690
4877,2024-10-13,1580
4877,2025-05-16,3855
4878,2023-09-04,3150
4878,2023-10-24,2319
4878,2023-11-01,992
4878,2024-06-02,424
4878,2024-08-20,2888
4878,2024-12-01,1066
4878,2024-12-15,466
4878,2025-02-08,3501
4879,2024-01-27,3480
4879,2024-04-25,3009
4879,2024-06-26,2060
4879,2024-12-25,2843
4879,2025-03-12,1345
4880,2024-02-16,302
4880,2024-02-27,2422
4880,2024-06-01,1100
4880,2024-07-10,1249
4880,2024-08-03,2584
4880,2024-08-28,2001
4880,2024-11-15,3413
4880,2024-11-29,3698
4880,2025-06-17,300
4881,2023-09-18,2014
4881,2023-11-20,2396
4881,2024-01-30,3830
4881,2024-03-30,2796
4881,2024-04-13,3237
4881,2024-12-21,945
4881,2024-12-30,3131
4881,2025-02-19,3647
4881,2025-07-16,3495
4882,2023-12-21,3756
4882,2024-01-02,2559
4882,2024-04-25,3648
4882,2024-08-10,1989
4882,2024-08-11,2107
4882,2024-09-11,1914
4882,2025-01-09,1956
4883,2025-07-05,833
4883,2025-07-12,2508
4884,2023-11-04,330
4884,2023-11-11,1990
4884,2024-07-23,2128
4884,2024-11-09,687
4884,2024-12-30,3142
4884,2025-07-03,1124
4884,2025-08-25,1637
4885,2023-10-18,1899
4885,2023-11-21,2048
4885,2023-12-06,2718
4885,2024-01-10,3143
4885,2024-03-31,907
4885,2024-04-28,1769
4885,2025-03-04,3306
4885,2025-03-25,1647
4885,2025-08-12,1684
4885,2025-08-17,3526
4886,2023-10-09,2893
4886,2023-10-15,3298
4886,2024-02-11,2662
4886,2024-12-22,1922
4886,2025-06-09,3499
4887,2023-09-28,3452
4887,2024-07-30,3549
4887,2024-12-17,865
4887,2025-02-15,603
4887,2025-05-29,669
4887,2025-08-21,506
4888,2025-04-05,3660
4889,2024-01-18,2361
4890,2023-12-19,3083
4890,2024-08-07,3677
4891,2023-09-08,959
4891,2023-12-10,2503
4891,2023-12-21,3190
4891,2024-02-29,3248
4891,2024-06-05,511
4891,2024-08-02,1236
4891,2024-09-20,2829
4891,2024-11-23,3448
4891,2025-01-07,1243
4891,2025-02-27,1020
4892,2024-02-19,1946
4892,2024-02-25,3179
4892,2025-01-08,2944
4892,2025-01-21,2048
4892,2025-04-25,2698
4892,2025-06-07,2524
4892,2025-08-22,816
4893,2024-11-27,1765
4894,2024-01-12,2498
4894,2024-07-19,3623
4894,2024-11-28,3479
4895,2024-03-07,394
4895,2024-04-08,1513
4895,2024-07-30,2362
4895,2024-10-23,3854
4895,2025-02-01,1586
4896,2024-04-23,1279
4896,2024-05-18,3629
4896,2024-11-30,3197
4896,2025-01-02,3891
4896,2025-05-24,3262
4897,2024-03-30,3818
4897,2025-01-27,1952
4898,2024-03-15,3112
4898,2024-04-25,3578
4898,2025-06-22,482
4898,2025-06-29,2505
4899,2024-10-29,245
4899,2025-07-21,921
4900,2023-12-04,2972
4900,2024-04-18,1672
4900,2025-04-30,2159
4901,2023-08-29,3351
4901,2024-04-07,3872
4901,2024-06-18,2195
4901,2024-10-12,1750
4901,2024-12-10,1271
4901,2025-04-24,2074
4901,2025-07-06,506
4901,2025-07-28,3361
4902,2024-01-21,3353
4902,2024-01-28,320
4902,2024-02-11,946
4902,2024-03-18,2548
4902,2024-09-13,1151
4902,2025-05-08,3825
4902,2025-05-24,448
4903,2023-09-18,465
4903,2024-04-25,2394
4903,2024-06-11,3973
4903,2024-07-26,3253
4903,2024-10-20,2725
4903,2025-07-11,3952
4904,2023-11-30,2600
4904,2024-02-02,1554
4904,2024-04-10,270
4904,2024-05-25,3229
4904,2024-11-05,597
4904,2025-08-03,3263
4905,2023-09-20,428
4905,2024-02-16,2127
4905,2024-08-13,2405
4905,2025-01-18,1186
4905,2025-05-24,3013
4906,2023-09-25,868
4906,2023-10-17,2811
4906,2024-03-20,1698
4906,2024-04-20,2376
4906,2024-11-17,664
4906,2024-12-09,1301
4906,2025-04-30,3345
4907,2023-09-28,1308
4907,2024-03-14,2782
4907,2024-03-15,2462
4907,2024-05-16,1660
4907,2025-04-02,689
4908,2024-09-29,1232
4908,2024-11-29,1933
4908,2025-04-19,1528
4908,2025-05-26,264
4908,2025-08-05,646
4909,2023-10-19,534
4909,2024-03-24,623
4909,2024-09-16,3701
4909,2024-10-03,1164
4909,2025-02-19,3187
4909,2025-03-31,3202
4909,2025-07-16,3003
4910,2023-09-28,296
4910,2023-12-09,245
4910,2025-01-10,473
4910,2025-01-23,2908
4910,2025-02-27,495
4910,2025-05-09,3225
4911,2023-12-28,401
4911,2025-08-01,3670
4912,2023-09-03,2680
4912,2023-10-06,2669
4912,2024-02-05,3316
4912,2024-02-19,3994
4912,2024-03-28,3958
4912,2024-06-25,2090
4912,2025-03-15,2661
4912,2025-06-25,1819
4913,2023-09-12,2675
4913,2023-09-23,1473
4913,2024-03-24,2742
4913,2024-05-01,871
4913,2025-03-22,1444
4914,2024-08-31,2550
4914,2024-12-12,3775
4914,2025-04-04,3739
4914,2025-04-29,1238
4915,2023-10-02,829
4915,2024-04-29,794
4915,2024-06-11,840
4915,2024-10-28,3807
4915,2025-02-16,3229
4915,2025-04-11,2657
4915,2025-04-19,1892
4916,2023-10-01,2117
4916,2023-11-25,2326
4916,2023-12-16,3082
4916,2024-01-04,1805
4916,2024-03-18,3693
4916,2024-04-30,272
4916,2024-07-05,952
4916,2024-12-17,2849
4916,2025-05-19,771
4917,2023-12-19,1495
4917,2024-03-10,501
4917,2024-06-07,3746
4917,2024-07-04,1923
4917,2024-09-10,3963
4917,2024-10-08,1901
4917,2025-01-26,1148
4917,2025-02-16,822
4917,2025-06-01,497
4918,2024-05-12,3338
4918,2024-08-03,3791
4919,2023-10-04,975
4919,2024-08-21,1167
4919,2025-06-19,1915
4919,2025-08-05,3608
4920,2023-10-19,2200
4920,2024-03-12,3792
4920,2024-03-21,3443
4920,2024-06-23,3022
4920,2024-11-09,2508
4921,2023-12-17,1665
4921,2024-10-16,1286
4921,2024-11-08,3317
4921,2024-11-18,1734
4921,2025-01-13,2139
4922,2023-09-07,2024
4922,2023-09-17,1181
4922,2023-12-07,2439
4922,2024-06-28,1212
4922,2024-10-19,2460
4923,2024-03-04,863
4923,2024-04-05,1337
4924,2023-10-31,975
4924,2023-11-06,3500
4924,2023-12-13,763
4924,2024-02-29,2788
4924,2024-03-23,2055
4924,2024-04-01,2620
4924,2024-04-08,3690
4924,2024-10-20,3362
4924,2025-01-23,334
4924,2025-05-14,1241
4925,2023-12-22,1981
4925,2024-11-08,3869
4926,2024-06-21,3326
4926,2024-08-03,3794
4926,2024-09-12,1526
4926,2025-04-08,3192
4926,2025-06-11,3621
4927,2024-09-02,1029
4928,2024-06-29,3201
4929,2024-04-24,3373
4929,2024-12-15,618
4929,2025-01-26,2814
4930,2023-09-25,3048
4930,2023-10-18,1954
4930,2023-10-21,2175
4930,2024-06-02,2854
4930,2024-06-17,1029
4930,2024-08-02,901
4930,2024-10-14,600
4930,2024-11-09,1804
4930,2025-03-24,398
4931,2024-01-16,3720
4931,2024-02-15,2636
4931,2024-10-05,3420
4931,2025-04-04,2483
4931,2025-06-08,834
4931,2025-07-20,877
4932,2024-01-11,2902
4932,2024-03-24,3024
4932,2024-05-21,233
4932,2025-01-24,2965
4932,2025-02-01,3787
4932,2025-04-20,1882
4932,2025-06-26,2245
4932,2025-08-19,3366
4933,2023-10-02,1662
4933,2024-03-11,211
4933,2024-03-15,3106
4933,2024-04-04,1055
4933,2025-01-23,2239
4933,2025-02-07,963
4933,2025-03-15,3847
4934,2023-10-18,2428
4934,2023-11-05,3839
4934,2023-12-12,679
4934,2024-07-23,1855
4934,2025-06-30,3495
4935,2023-10-09,2524
4935,2024-04-01,3944
4935,2024-07-25,2951
4935,2024-10-06,2201
4935,2025-06-22,272
4936,2024-02-13,2557
4936,2024-05-26,3130
4936,2024-06-11,3200
4936,2025-05-12,2991
4937,2023-10-15,3461
4937,2024-02-08,3420
4937,2024-09-03,1302
4937,2025-01-22,252
4937,2025-03-14,3557
4937,2025-07-20,1774
4938,2023-09-07,3629
4938,2024-10-09,631
4938,2025-06-13,1683
4938,2025-08-24,2261
4939,2023-09-02,3878
4939,2024-02-28,2823
4939,2024-08-07,660
4939,2024-08-14,1048
4939,2024-09-12,1913
4939,2024-10-26,3059
4939,2025-03-03,1978
4939,2025-07-12,3755
4939,2025-07-19,1002
4940,2024-03-13,3203
4941,2023-12-06,1233
4941,2024-02-06,3064
4941,2024-02-15,3124
4941,2024-02-25,1502
4941,2024-04-06,3163
4941,2025-02-25,2480
4941,2025-04-22,1317
4942,2023-11-10,494
4942,2024-05-29,1732
4942,2024-06-11,926
4942,2024-06-28,3432
4942,2025-01-12,802
4942,2025-02-05,317
4942,2025-07-07,3100
4942,2025-08-19,3441
4943,2023-09-02,2040
4943,2023-12-19,592
4943,2024-05-15,2956
4944,2023-11-01,3358
4944,2024-02-26,3526
4944,2024-03-13,1953
4944,2024-04-24,1131
4944,2024-05-06,1536
4944,2024-06-01,1339
4944,2024-10-30,1051
4945,2023-10-18,1927
4945,2023-11-04,3102
4945,2024-02-08,2592
4945,2024-02-13,2209
4945,2024-03-01,3116
4945,2024-09-14,1149
4945,2024-10-24,1259
4945,2024-10-25,2295
4945,2025-01-07,1729
4945,2025-07-31,3507
4946,2023-10-28,2888
4946,2024-02-13,1575
4946,2024-12-15,3150
4946,2025-01-27,2498
4946,2025-02-07,3141
4946,2025-04-15,3816
4946,2025-07-21,646
4947,2023-09-14,3388
4947,2024-01-15,910
4947,2024-01-25,3166
4947,2024-10-15,1313
4947,2024-10-20,1201
4947,2025-04-05,1696
4947,2025-08-15,794
4948,2024-01-03,3322
4948,2024-05-31,402
4948,2024-10-21,2995
4948,2025-08-12,1845
4949,2023-11-09,1679
4949,2024-10-03,3590
4949,2025-01-11,2971
4949,2025-05-12,1981
4950,2023-09-29,2744
4950,2024-12-18,2762
4950,2025-01-26,643
4951,2023-08-31,966
4951,2024-07-17,3395
4951,2024-08-08,1814
4951,2024-12-21,828
4951,2025-03-29,3237
4951,2025-05-14,1400
4952,2023-11-14,2902
4952,2024-07-11,1514
4952,2024-08-29,1922
4953,2023-09-03,1052
4953,2024-07-12,1692
4953,2025-02-05,2172
4953,2025-02-24,524
4953,2025-04-07,1953
4953,2025-06-30,3540
4954,2023-09-20,688
4954,2024-02-24,3091
4954,2024-04-17,265
4954,2024-04-23,3107
4954,2024-07-15,3882
4954,2024-08-01,1021
4954,2024-08-30,3377
4954,2024-11-03,2401
4954,2025-06-13,1554
4954,2025-07-11,2664
4955,2023-09-20,3333
4955,2024-09-11,3038
4956,2023-08-27,3161
4956,2023-10-16,3675
4956,2023-10-21,2950
4956,2024-05-28,3999
4956,2024-06-08,928
4956,2024-06-23,1560
4956,2025-03-15,2911
4956,2025-04-23,2389
4956,2025-08-04,3620
4957,2023-09-02,2954
4957,2023-11-29,2579
4957,2024-03-02,2319
4957,2024-09-21,2676
4957,2025-01-23,2883
4957,2025-02-18,1161
4958,2023-09-21,2673
4958,2023-11-15,1007
4958,2024-09-15,1461
4958,2025-06-04,1240
4959,2024-04-24,2113
4959,2024-05-28,1425
4959,2024-06-21,1026
4959,2024-07-17,2353
4959,2025-01-30,3959
4960,2023-10-18,3260
4960,2023-10-23,238
4960,2024-10-10,1048
4961,2023-12-19,640
4961,2024-03-01,2212
4961,2024-09-09,2725
4961,2024-10-08,255
4961,2024-10-15,1053
4961,2024-12-05,423
4961,2025-02-27,1722
4961,2025-03-30,3767
4961,2025-07-29,259
4962,2025-08-19,315
4963,2024-02-26,1058
4963,2024-07-08,1358
4963,2024-07-19,1249
4963,2024-07-19,3410
4963,2025-01-22,3343
4963,2025-03-23,3056
4963,2025-08-05,1062
4964,2023-09-08,418
4964,2023-09-21,701
4964,2024-03-12,1396
4964,2025-02-01,1695
4964,2025-06-12,407
4965,2023-08-31,1735
4966,2024-05-11,3105
4966,2024-07-21,3678
4966,2025-02-05,248
4966,2025-02-13,3170
4966,2025-03-17,2226
4967,2024-02-07,1556
4967,2024-03-07,1089
4967,2025-05-09,423
4967,2025-06-12,1248
4967,2025-08-15,799
4968,2024-02-16,2273
4968,2024-07-03,1112
4968,2024-08-09,1161
4968,2024-10-14,1589
4968,2024-12-11,1736
4968,2025-01-29,1849
4968,2025-06-03,2252
4969,2025-08-08,752
4970,2024-07-02,544
4970,2025-03-16,3666
4970,2025-08-12,2759
4971,2023-11-26,1959
4971,2024-02-14,2316
4971,2024-06-30,595
4971,2024-11-09,986
4971,2025-04-06,3652
4971,2025-05-19,1474
4971,2025-06-29,2746
4971,2025-08-15,3870
4972,2023-09-20,518
4972,2023-11-10,3819
4972,2024-07-23,3941
4972,2024-08-16,3992
4972,2025-02-15,3274
4972,2025-08-02,1536
4973,2023-09-18,2007
4973,2023-10-21,780
4973,2024-04-04,2419
4973,2024-07-08,1765
4973,2024-10-14,1942
4973,2024-11-01,3536
4973,2024-12-29,913
4973,2025-01-03,3073
4973,2025-07-20,3888
4974,2025-08-25,3120
4975,2024-01-17,772
4975,2024-01-19,2592
4975,2024-10-05,1777
4975,2024-10-23,3335
4975,2025-05-23,319
4975,2025-05-23,2423
4976,2023-11-04,243
4976,2024-01-26,410
4976,2024-10-05,1304
4976,2024-10-21,2644
4976,2025-02-10,3336
4976,2025-03-11,1982
4976,2025-07-24,1888
4977,2023-11-26,1701
4977,2023-12-21,2761
4977,2024-02-11,2790
4977,2024-04-25,715
4977,2024-06-04,216
4977,2025-08-06,736
4978,2023-09-03,1338
4978,2023-09-23,394
4978,2024-03-20,1574
4978,2024-03-29,970
4978,2024-08-18,2662
4978,2024-10-24,1946
4978,2024-12-18,668
4978,2024-12-24,3778
4979,2024-02-20,1131
4979,2024-04-24,1493
4979,2024-06-18,3747
4979,2024-08-20,1909
4979,2024-11-02,666
4979,2024-11-05,1783
4979,2024-11-08,3562
4979,2024-12-25,2594
4979,2025-04-13,2972
4979,2025-08-14,768
4980,2023-08-26,3764
4980,2023-09-26,2707
4980,2023-12-24,3002
4980,2024-04-10,3682
4980,2024-04-19,2926
4980,2024-06-01,1760
4980,2025-03-12,613
4980,2025-04-19,2149
4980,2025-07-04,1851
4980,2025-07-15,490
4981,2024-07-04,3949
4982,2024-05-29,3721
4982,2024-09-14,3568
4982,2024-10-03,434
4983,2023-10-03,1939
4983,2024-03-02,1260
4984,2023-09-19,1711
4984,2024-04-28,1397
4984,2024-06-16,3962
4984,2024-08-09,748
4984,2025-07-27,3030
4985,2023-10-02,3408
4985,2023-12-11,2691
4985,2024-03-02,1087
4985,2024-04-15,1106
4985,2024-06-18,2059
4985,2024-10-24,1385
4985,2024-11-03,207
4985,2025-02-26,3887
4986,2023-10-04,1167
4986,2023-10-30,1158
4986,2023-12-03,1359
4986,2024-01-07,2011
4986,2024-01-21,2517
4986,2024-06-22,3532
4986,2024-09-20,2578
4986,2024-11-15,2343
4986,2024-12-04,2415
4986,2024-12-26,1463
4987,2023-09-14,767
4987,2023-10-08,1731
4987,2023-12-14,3494
4987,2025-02-16,1215
4987,2025-05-11,3630
4987,2025-06-16,3711
4988,2023-11-16,2531
4989,2023-09-06,3310
4989,2023-11-29,1288
4989,2024-01-20,3810
4989,2024-03-01,3721
4989,2024-10-05,788
4989,2024-11-04,1363
4989,2025-04-16,2239
4989,2025-05-03,1675
4989,2025-06-16,1968
4990,2023-11-02,3715
4990,2023-11-04,1846
4990,2023-11-27,2129
4990,2024-04-03,578
4990,2024-09-02,2922
4990,2024-09-07,344
4990,2024-09-08,2333
4990,2024-09-08,1504
4990,2025-01-24,2244
4990,2025-02-25,1317
4991,2023-09-21,1332
4991,2023-10-31,2078
4991,2024-02-08,277
4991,2024-11-08,1097
4991,2024-12-27,3979
4991,2025-01-17,2331
4991,2025-03-19,3035
4991,2025-07-16,212
4992,2023-10-11,2257
4993,2023-08-28,3113
4993,2023-10-07,1036
4993,2024-04-21,1737
4993,2024-10-05,3343
4993,2025-02-26,2122
4993,2025-05-05,2997
4994,2023-10-21,1547
4994,2023-11-06,2933
4994,2024-06-11,301
4994,2024-10-08,2516
4994,2024-10-20,1524
4994,2024-12-16,2232
4994,2025-03-24,2757
4994,2025-06-09,802
4994,2025-07-24,3646
4995,2023-10-10,2310
4995,2024-05-27,940
4995,2024-08-21,3153
4995,2025-02-11,793
4996,2023-11-11,993
4996,2023-12-09,2852
4997,2023-09-07,947
4997,2025-02-01,2896
4997,2025-03-17,3280
4997,2025-06-06,3055
4998,2024-01-02,1963
4998,2024-01-22,374
4998,2024-03-28,2620
4998,2024-04-08,279
4998,2024-06-23,3592
4998,2024-10-17,3817
4998,2024-11-12,581
4998,2025-01-17,813
4998,2025-04-20,1850
4998,2025-04-22,2919
4999,2023-09-18,2902
4999,2024-02-20,2922
4999,2024-10-04,2920
5000,2024-01-15,3730
5000,2024-03-22,2463
5000,2024-07-10,701
5000,2025-08-20,925
